chain,contract_address,hardcoded_manager,campaign,notes
avalanche,0x0001d4bc7fba57b8526262a9a67c065bcacbb4c2,0xce54c175880ff4edaa5d80b2dc66dda0e34a36ac,campaign_1,blacklist target of hardcoded manager (Execute call) Jul-Oct 2025
avalanche,0x00067736788f7cdf68c3ad0312d531ab8afc8bd4,0xce54c175880ff4edaa5d80b2dc66dda0e34a36ac,campaign_1,blacklist target of hardcoded manager (Execute call) Jul-Oct 2025
avalanche,0x000c2bda3b17166ea298ac9d2931238ba19e58f0,0xce54c175880ff4edaa5d80b2dc66dda0e34a36ac,campaign_1,blacklist target of hardcoded manager (Execute call) Jul-Oct 2025
avalanche,0x000cc1bfe75df514ec1cfed292ef9e1184043387,0xce54c175880ff4edaa5d80b2dc66dda0e34a36ac,campaign_1,blacklist target of hardcoded manager (Execute call) Jul-Oct 2025
avalanche,0x000e99a933822820c00b09936d6b5faacc062bd2,0xce54c175880ff4edaa5d80b2dc66dda0e34a36ac,campaign_1,blacklist target of hardcoded manager (Execute call) Jul-Oct 2025
avalanche,0x0018d62b040caf2814b1bb0a02a1fd3612937f69,0xce54c175880ff4edaa5d80b2dc66dda0e34a36ac,campaign_1,blacklist target of hardcoded manager (Execute call) Jul-Oct 2025
avalanche,0x0019fc5ad261bac7501d13eca3ab3702216d6b3b,0xce54c175880ff4edaa5d80b2dc66dda0e34a36ac,campaign_1,blacklist target of hardcoded manager (Execute call) Jul-Oct 2025
avalanche,0x0026819fe3c9e59f10f92af81cede808df7c79cb,0xce54c175880ff4edaa5d80b2dc66dda0e34a36ac,campaign_1,blacklist target of hardcoded manager (Execute call) Jul-Oct 2025
avalanche,0x003aa6c2617649455c38b4b8e42c260479dbb109,0xce54c175880ff4edaa5d80b2dc66dda0e34a36ac,campaign_1,blacklist target of hardcoded manager (Execute call) Jul-Oct 2025
avalanche,0x004d8e963e313f99c9df0d9c68549a2c0b6b954a,0xce54c175880ff4edaa5d80b2dc66dda0e34a36ac,campaign_1,blacklist target of hardcoded manager (Execute call) Jul-Oct 2025
avalanche,0x00640eeb6c1d6e3f3137f977cefe58beb76a36c3,0xce54c175880ff4edaa5d80b2dc66dda0e34a36ac,campaign_1,blacklist target of hardcoded manager (Execute call) Jul-Oct 2025
avalanche,0x00643385d1c4382b3f3161ab1f67f6b946c739ea,0xce54c175880ff4edaa5d80b2dc66dda0e34a36ac,campaign_1,blacklist target of hardcoded manager (Execute call) Jul-Oct 2025
avalanche,0x008feb6552fb4a838d32d3ebc31b86c4edc63d2d,0xce54c175880ff4edaa5d80b2dc66dda0e34a36ac,campaign_1,blacklist target of hardcoded manager (Execute call) Jul-Oct 2025
avalanche,0x009c4a8d09289d4d427a5b52554ee50e9e1101ba,0xce54c175880ff4edaa5d80b2dc66dda0e34a36ac,campaign_1,blacklist target of hardcoded manager (Execute call) Jul-Oct 2025
avalanche,0x009c8cf17989f73e6448838fc6aed440323a7ec9,0xce54c175880ff4edaa5d80b2dc66dda0e34a36ac,campaign_1,blacklist target of hardcoded manager (Execute call) Jul-Oct 2025
avalanche,0x00c02dc2784646b233598d3ab8c8bff13675f19b,0xce54c175880ff4edaa5d80b2dc66dda0e34a36ac,campaign_1,blacklist target of hardcoded manager (Execute call) Jul-Oct 2025
avalanche,0x00c69b2ffda628be9981107b42e88e7be6e5369b,0xce54c175880ff4edaa5d80b2dc66dda0e34a36ac,campaign_1,blacklist target of hardcoded manager (Execute call) Jul-Oct 2025
avalanche,0x00d250d92ce14909359d8dbf66c4ed9a743d3eff,0xce54c175880ff4edaa5d80b2dc66dda0e34a36ac,campaign_1,blacklist target of hardcoded manager (Execute call) Jul-Oct 2025
avalanche,0x0102d08d1748804b38db0e7d90969f2d012e89c2,0xce54c175880ff4edaa5d80b2dc66dda0e34a36ac,campaign_1,blacklist target of hardcoded manager (Execute call) Jul-Oct 2025
avalanche,0x012b0b047bf2f2ab0b07e2b2408f9d3e05f273f8,0xce54c175880ff4edaa5d80b2dc66dda0e34a36ac,campaign_1,blacklist target of hardcoded manager (Execute call) Jul-Oct 2025
avalanche,0x013e0da2135d8933f0a16639a7042e8041b78e51,0xce54c175880ff4edaa5d80b2dc66dda0e34a36ac,campaign_1,blacklist target of hardcoded manager (Execute call) Jul-Oct 2025
avalanche,0x01499aa783a3a984c02a4b9758c2b39346190983,0xce54c175880ff4edaa5d80b2dc66dda0e34a36ac,campaign_1,blacklist target of hardcoded manager (Execute call) Jul-Oct 2025
avalanche,0x01505792f1201e99609c2f6b066cc36421f8ee5b,0xce54c175880ff4edaa5d80b2dc66dda0e34a36ac,campaign_1,blacklist target of hardcoded manager (Execute call) Jul-Oct 2025
avalanche,0x015f870bc90ad84815db96bb04174702a38571d8,0xce54c175880ff4edaa5d80b2dc66dda0e34a36ac,campaign_1,blacklist target of hardcoded manager (Execute call) Jul-Oct 2025
avalanche,0x01657216b713f4334030ad4c21c394a9d32fd13b,0xce54c175880ff4edaa5d80b2dc66dda0e34a36ac,campaign_1,blacklist target of hardcoded manager (Execute call) Jul-Oct 2025
avalanche,0x016dcb7e13108ba5b23001fb5bab5a8443c25d95,0xce54c175880ff4edaa5d80b2dc66dda0e34a36ac,campaign_1,blacklist target of hardcoded manager (Execute call) Jul-Oct 2025
avalanche,0x01733f996d5d1719d38eddbedb5f2a421587d5e9,0xce54c175880ff4edaa5d80b2dc66dda0e34a36ac,campaign_1,blacklist target of hardcoded manager (Execute call) Jul-Oct 2025
avalanche,0x0174868a576e7a4280df5d35918e54c5aea35591,0xce54c175880ff4edaa5d80b2dc66dda0e34a36ac,campaign_1,blacklist target of hardcoded manager (Execute call) Jul-Oct 2025
avalanche,0x0175b1f1ef6e9cc73ed1d861c6e8f6bfc1c25798,0xce54c175880ff4edaa5d80b2dc66dda0e34a36ac,campaign_1,blacklist target of hardcoded manager (Execute call) Jul-Oct 2025
avalanche,0x017a13689134e4d08b619a61048a7d40a390ccb4,0xce54c175880ff4edaa5d80b2dc66dda0e34a36ac,campaign_1,blacklist target of hardcoded manager (Execute call) Jul-Oct 2025
avalanche,0x01880f1b956dce44ca8f2393912e17dbbea64fee,0xce54c175880ff4edaa5d80b2dc66dda0e34a36ac,campaign_1,blacklist target of hardcoded manager (Execute call) Jul-Oct 2025
avalanche,0x01b2f7147c2e708d34c8d4b113752e5622dfb40f,0xce54c175880ff4edaa5d80b2dc66dda0e34a36ac,campaign_1,blacklist target of hardcoded manager (Execute call) Jul-Oct 2025
avalanche,0x01beea519eb1413da5e77f85e4f323a45b797cbd,0xce54c175880ff4edaa5d80b2dc66dda0e34a36ac,campaign_1,blacklist target of hardcoded manager (Execute call) Jul-Oct 2025
avalanche,0x01cde49e8eb7958720b5b39d45693b937878f89d,0xce54c175880ff4edaa5d80b2dc66dda0e34a36ac,campaign_1,blacklist target of hardcoded manager (Execute call) Jul-Oct 2025
avalanche,0x01cf42443a602e5eca73aee9c4dc16b87424818c,0xce54c175880ff4edaa5d80b2dc66dda0e34a36ac,campaign_1,blacklist target of hardcoded manager (Execute call) Jul-Oct 2025
avalanche,0x01d52ee7d309eebb81192bccb4a93185886ebc24,0xce54c175880ff4edaa5d80b2dc66dda0e34a36ac,campaign_1,blacklist target of hardcoded manager (Execute call) Jul-Oct 2025
avalanche,0x01da350a40dc0e8203b1a6843f0937c642107fb1,0xce54c175880ff4edaa5d80b2dc66dda0e34a36ac,campaign_1,blacklist target of hardcoded manager (Execute call) Jul-Oct 2025
avalanche,0x01e4f084897f7141b0e5a2ff85f23d48f4058a88,0xce54c175880ff4edaa5d80b2dc66dda0e34a36ac,campaign_1,blacklist target of hardcoded manager (Execute call) Jul-Oct 2025
avalanche,0x01e670a3431a3944e89e1b962c810f557a1a6eea,0xce54c175880ff4edaa5d80b2dc66dda0e34a36ac,campaign_1,blacklist target of hardcoded manager (Execute call) Jul-Oct 2025
avalanche,0x01ea726989ba13bf11afd79b2e9a3ce2e70eb43b,0xce54c175880ff4edaa5d80b2dc66dda0e34a36ac,campaign_1,blacklist target of hardcoded manager (Execute call) Jul-Oct 2025
avalanche,0x01ec9a7945eca4a994ae8bf5c34cc8366600fb0c,0xce54c175880ff4edaa5d80b2dc66dda0e34a36ac,campaign_1,blacklist target of hardcoded manager (Execute call) Jul-Oct 2025
avalanche,0x01eccbf6bc4faa91006b3c49936bf75e7b1c3521,0xce54c175880ff4edaa5d80b2dc66dda0e34a36ac,campaign_1,blacklist target of hardcoded manager (Execute call) Jul-Oct 2025
avalanche,0x020caa5fa3d7ba709cc7aed598a116b63b234c37,0xce54c175880ff4edaa5d80b2dc66dda0e34a36ac,campaign_1,blacklist target of hardcoded manager (Execute call) Jul-Oct 2025
avalanche,0x021dd58c7c5123c7349133bbb5f7bdee6a5255d3,0xce54c175880ff4edaa5d80b2dc66dda0e34a36ac,campaign_1,blacklist target of hardcoded manager (Execute call) Jul-Oct 2025
avalanche,0x021e4c813618f96dcedacf23aeba895f5e0166f0,0xce54c175880ff4edaa5d80b2dc66dda0e34a36ac,campaign_1,blacklist target of hardcoded manager (Execute call) Jul-Oct 2025
avalanche,0x0221e4fd4a98dcec6c32584541af1e6211860a65,0xce54c175880ff4edaa5d80b2dc66dda0e34a36ac,campaign_1,blacklist target of hardcoded manager (Execute call) Jul-Oct 2025
avalanche,0x0225e01cec56292393fe0cb3d3e5eb0e22ae6622,0xce54c175880ff4edaa5d80b2dc66dda0e34a36ac,campaign_1,blacklist target of hardcoded manager (Execute call) Jul-Oct 2025
avalanche,0x02274d07c97d012450936a4c2f8deed06f38606f,0xce54c175880ff4edaa5d80b2dc66dda0e34a36ac,campaign_1,blacklist target of hardcoded manager (Execute call) Jul-Oct 2025
avalanche,0x022dc6e54c43053d9a67208fb3d0bf166254999f,0xce54c175880ff4edaa5d80b2dc66dda0e34a36ac,campaign_1,blacklist target of hardcoded manager (Execute call) Jul-Oct 2025
avalanche,0x0240d085fa89fe9dbe5e3dbe950c0dd757e39127,0xce54c175880ff4edaa5d80b2dc66dda0e34a36ac,campaign_1,blacklist target of hardcoded manager (Execute call) Jul-Oct 2025
avalanche,0x0260e4472f89c49b2138d3c49cafaaca6e74a3fa,0xce54c175880ff4edaa5d80b2dc66dda0e34a36ac,campaign_1,blacklist target of hardcoded manager (Execute call) Jul-Oct 2025
avalanche,0x0261583408dc9b6ad3b35795ef4edfbe78479fcd,0xce54c175880ff4edaa5d80b2dc66dda0e34a36ac,campaign_1,blacklist target of hardcoded manager (Execute call) Jul-Oct 2025
avalanche,0x0279b955a169bd3e9694bd05215a80bec1c4d0ff,0xce54c175880ff4edaa5d80b2dc66dda0e34a36ac,campaign_1,blacklist target of hardcoded manager (Execute call) Jul-Oct 2025
avalanche,0x028c6804269e39311451dd8c2f96e3101976c5a0,0xce54c175880ff4edaa5d80b2dc66dda0e34a36ac,campaign_1,blacklist target of hardcoded manager (Execute call) Jul-Oct 2025
avalanche,0x028da9e0a6d6322dd0cb485ef0c74cdc65a06e51,0xce54c175880ff4edaa5d80b2dc66dda0e34a36ac,campaign_1,blacklist target of hardcoded manager (Execute call) Jul-Oct 2025
avalanche,0x028dbe63d02e2b9fac914c448fbdfbfd9dd53058,0xce54c175880ff4edaa5d80b2dc66dda0e34a36ac,campaign_1,blacklist target of hardcoded manager (Execute call) Jul-Oct 2025
avalanche,0x02a6fb69f8b68a06d34ef700d67a5d505b950733,0xce54c175880ff4edaa5d80b2dc66dda0e34a36ac,campaign_1,blacklist target of hardcoded manager (Execute call) Jul-Oct 2025
avalanche,0x02b766bcd9254d2b0194e0cff6ae0ed2d0ae2cd4,0xce54c175880ff4edaa5d80b2dc66dda0e34a36ac,campaign_1,blacklist target of hardcoded manager (Execute call) Jul-Oct 2025
avalanche,0x02c5edf854142588cffaeee3b9192b3cded62f55,0xce54c175880ff4edaa5d80b2dc66dda0e34a36ac,campaign_1,blacklist target of hardcoded manager (Execute call) Jul-Oct 2025
avalanche,0x02eaf74ecaa4d9b4fe3c8698f6fc37305107b041,0xce54c175880ff4edaa5d80b2dc66dda0e34a36ac,campaign_1,blacklist target of hardcoded manager (Execute call) Jul-Oct 2025
avalanche,0x02f1481779c01e7578e9949ad200b9f40fd08614,0xce54c175880ff4edaa5d80b2dc66dda0e34a36ac,campaign_1,blacklist target of hardcoded manager (Execute call) Jul-Oct 2025
avalanche,0x030436432ce756a40a569a784b4ac73e012463c4,0xce54c175880ff4edaa5d80b2dc66dda0e34a36ac,campaign_1,blacklist target of hardcoded manager (Execute call) Jul-Oct 2025
avalanche,0x030439df6549fc7ab0548094b739debdb8d9b6fb,0xce54c175880ff4edaa5d80b2dc66dda0e34a36ac,campaign_1,blacklist target of hardcoded manager (Execute call) Jul-Oct 2025
avalanche,0x0313303d4779e77c0caec35615c6dc6a410794f8,0xce54c175880ff4edaa5d80b2dc66dda0e34a36ac,campaign_1,blacklist target of hardcoded manager (Execute call) Jul-Oct 2025
avalanche,0x032b5544991cff48222ac25c9e94c90d8b3e8cb8,0xce54c175880ff4edaa5d80b2dc66dda0e34a36ac,campaign_1,blacklist target of hardcoded manager (Execute call) Jul-Oct 2025
avalanche,0x033a7ec0c5ad05652181618f1e98cbc19cb5446c,0xce54c175880ff4edaa5d80b2dc66dda0e34a36ac,campaign_1,blacklist target of hardcoded manager (Execute call) Jul-Oct 2025
avalanche,0x03480491f39257c72b43f830d42d3a034a699007,0xce54c175880ff4edaa5d80b2dc66dda0e34a36ac,campaign_1,blacklist target of hardcoded manager (Execute call) Jul-Oct 2025
avalanche,0x034f5b8348429bad16e3f7b64214daa562aad263,0xce54c175880ff4edaa5d80b2dc66dda0e34a36ac,campaign_1,blacklist target of hardcoded manager (Execute call) Jul-Oct 2025
avalanche,0x036e3efd5c828c297fefc50da8577aab14c3f70a,0xce54c175880ff4edaa5d80b2dc66dda0e34a36ac,campaign_1,blacklist target of hardcoded manager (Execute call) Jul-Oct 2025
avalanche,0x036e4c7abc90c8dd26d19ef093fffeffdbe9513f,0xce54c175880ff4edaa5d80b2dc66dda0e34a36ac,campaign_1,blacklist target of hardcoded manager (Execute call) Jul-Oct 2025
avalanche,0x037715bceb21104c9cf8dc607ea04cdf29b4b241,0xce54c175880ff4edaa5d80b2dc66dda0e34a36ac,campaign_1,blacklist target of hardcoded manager (Execute call) Jul-Oct 2025
avalanche,0x0386443328a450dc36f237ec8e261e327e654e37,0xce54c175880ff4edaa5d80b2dc66dda0e34a36ac,campaign_1,blacklist target of hardcoded manager (Execute call) Jul-Oct 2025
avalanche,0x0386a3e004752279350c188cea4e39a9b6ac3b8e,0xce54c175880ff4edaa5d80b2dc66dda0e34a36ac,campaign_1,blacklist target of hardcoded manager (Execute call) Jul-Oct 2025
avalanche,0x038b28f865987de311b565bc5fdd49147883f8c3,0xce54c175880ff4edaa5d80b2dc66dda0e34a36ac,campaign_1,blacklist target of hardcoded manager (Execute call) Jul-Oct 2025
avalanche,0x039a45622392d0e3477a4452dc08a6d35156d702,0xce54c175880ff4edaa5d80b2dc66dda0e34a36ac,campaign_1,blacklist target of hardcoded manager (Execute call) Jul-Oct 2025
avalanche,0x039a99feb01ea1b30aa626cc91a5859692c82eec,0xce54c175880ff4edaa5d80b2dc66dda0e34a36ac,campaign_1,blacklist target of hardcoded manager (Execute call) Jul-Oct 2025
avalanche,0x03a6d06ae4c07e545fe25f3116a5835b56bee6d7,0xce54c175880ff4edaa5d80b2dc66dda0e34a36ac,campaign_1,blacklist target of hardcoded manager (Execute call) Jul-Oct 2025
avalanche,0x03a84ee894e9a99441b653dee159440775ef8c08,0xce54c175880ff4edaa5d80b2dc66dda0e34a36ac,campaign_1,blacklist target of hardcoded manager (Execute call) Jul-Oct 2025
avalanche,0x03c1202f02fd393194df6f939f98e147e5f263b9,0xce54c175880ff4edaa5d80b2dc66dda0e34a36ac,campaign_1,blacklist target of hardcoded manager (Execute call) Jul-Oct 2025
avalanche,0x03e27effac560f73ad10710b53de46f1b9b0b136,0xce54c175880ff4edaa5d80b2dc66dda0e34a36ac,campaign_1,blacklist target of hardcoded manager (Execute call) Jul-Oct 2025
avalanche,0x03f73e301a607cb84f6977c59c225e60f9d2a170,0xce54c175880ff4edaa5d80b2dc66dda0e34a36ac,campaign_1,blacklist target of hardcoded manager (Execute call) Jul-Oct 2025
avalanche,0x041aa64173172a2034d00c6da8e850abd4066c2b,0xce54c175880ff4edaa5d80b2dc66dda0e34a36ac,campaign_1,blacklist target of hardcoded manager (Execute call) Jul-Oct 2025
avalanche,0x042162b1c46d4b3c2ab16c190dbbcf8d18a1c3a6,0xce54c175880ff4edaa5d80b2dc66dda0e34a36ac,campaign_1,blacklist target of hardcoded manager (Execute call) Jul-Oct 2025
avalanche,0x0451d981930437a28d5649a687e9b70a6d17e502,0xce54c175880ff4edaa5d80b2dc66dda0e34a36ac,campaign_1,blacklist target of hardcoded manager (Execute call) Jul-Oct 2025
avalanche,0x045d2274484923b4c4a7b12062e903510a63ed5c,0xce54c175880ff4edaa5d80b2dc66dda0e34a36ac,campaign_1,blacklist target of hardcoded manager (Execute call) Jul-Oct 2025
avalanche,0x046fd8ade87d0b137024ed17978cd4fc4c413efd,0xce54c175880ff4edaa5d80b2dc66dda0e34a36ac,campaign_1,blacklist target of hardcoded manager (Execute call) Jul-Oct 2025
avalanche,0x048bb12159ce40fed47b25229e181f5065eb8229,0xce54c175880ff4edaa5d80b2dc66dda0e34a36ac,campaign_1,blacklist target of hardcoded manager (Execute call) Jul-Oct 2025
avalanche,0x04be0d4c404924594a82ffc77448a554fb5d3134,0xce54c175880ff4edaa5d80b2dc66dda0e34a36ac,campaign_1,blacklist target of hardcoded manager (Execute call) Jul-Oct 2025
avalanche,0x04c02d5cce1a5564028c8c384178284726029e52,0xce54c175880ff4edaa5d80b2dc66dda0e34a36ac,campaign_1,blacklist target of hardcoded manager (Execute call) Jul-Oct 2025
avalanche,0x04c0f5753e51c10860f17f6892580c1c55a4c66c,0xce54c175880ff4edaa5d80b2dc66dda0e34a36ac,campaign_1,blacklist target of hardcoded manager (Execute call) Jul-Oct 2025
avalanche,0x04d9e7e7e1909e111abc62c07aaf2f64efd1a559,0xce54c175880ff4edaa5d80b2dc66dda0e34a36ac,campaign_1,blacklist target of hardcoded manager (Execute call) Jul-Oct 2025
avalanche,0x04dc2ae781da96c7149f0a26fd74a174d612c20c,0xce54c175880ff4edaa5d80b2dc66dda0e34a36ac,campaign_1,blacklist target of hardcoded manager (Execute call) Jul-Oct 2025
avalanche,0x04dca820b742495f5957a35e3824f12160f0c62c,0xce54c175880ff4edaa5d80b2dc66dda0e34a36ac,campaign_1,blacklist target of hardcoded manager (Execute call) Jul-Oct 2025
avalanche,0x050728231e1a8bdca6752f032347abd67d059521,0xce54c175880ff4edaa5d80b2dc66dda0e34a36ac,campaign_1,blacklist target of hardcoded manager (Execute call) Jul-Oct 2025
avalanche,0x05340fff840d99b12ec8ad918233607d00471fb2,0xce54c175880ff4edaa5d80b2dc66dda0e34a36ac,campaign_1,blacklist target of hardcoded manager (Execute call) Jul-Oct 2025
avalanche,0x0538a81a2ff348a8277529cedb2c7fc0f0e1d758,0xce54c175880ff4edaa5d80b2dc66dda0e34a36ac,campaign_1,blacklist target of hardcoded manager (Execute call) Jul-Oct 2025
avalanche,0x0558d04b94bb232f11f275a9fa4b971d291c5635,0xce54c175880ff4edaa5d80b2dc66dda0e34a36ac,campaign_1,blacklist target of hardcoded manager (Execute call) Jul-Oct 2025
avalanche,0x0571f3b38d4408430510f1639a4ad35981e0dbe8,0xce54c175880ff4edaa5d80b2dc66dda0e34a36ac,campaign_1,blacklist target of hardcoded manager (Execute call) Jul-Oct 2025
avalanche,0x0573688fa93d14946377faa6fd8874eb44e65c46,0xce54c175880ff4edaa5d80b2dc66dda0e34a36ac,campaign_1,blacklist target of hardcoded manager (Execute call) Jul-Oct 2025
avalanche,0x058838a1667f80c5be1a21bb16df0b36cfe57dda,0xce54c175880ff4edaa5d80b2dc66dda0e34a36ac,campaign_1,blacklist target of hardcoded manager (Execute call) Jul-Oct 2025
avalanche,0x058c341d9c2c809e7b557a84af03f875669eab7b,0xce54c175880ff4edaa5d80b2dc66dda0e34a36ac,campaign_1,blacklist target of hardcoded manager (Execute call) Jul-Oct 2025
avalanche,0x059794f56e9dc4a23c0ef3d6a3858aede4b61c65,0xce54c175880ff4edaa5d80b2dc66dda0e34a36ac,campaign_1,blacklist target of hardcoded manager (Execute call) Jul-Oct 2025
avalanche,0x05a81c95a507f9e2b4bd4181a3e2d1c945db53bb,0xce54c175880ff4edaa5d80b2dc66dda0e34a36ac,campaign_1,blacklist target of hardcoded manager (Execute call) Jul-Oct 2025
avalanche,0x05c01aaa41078065e043f55d26da2025c6c9f1e0,0xce54c175880ff4edaa5d80b2dc66dda0e34a36ac,campaign_1,blacklist target of hardcoded manager (Execute call) Jul-Oct 2025
avalanche,0x05da2d926160becace4cf042eeff235b2acb76ff,0xce54c175880ff4edaa5d80b2dc66dda0e34a36ac,campaign_1,blacklist target of hardcoded manager (Execute call) Jul-Oct 2025
avalanche,0x05e4abd47099777607c484febcaf04f353fe11a4,0xce54c175880ff4edaa5d80b2dc66dda0e34a36ac,campaign_1,blacklist target of hardcoded manager (Execute call) Jul-Oct 2025
avalanche,0x05ec458277843bd9f55ef357bdeb2cd6bf745f73,0xce54c175880ff4edaa5d80b2dc66dda0e34a36ac,campaign_1,blacklist target of hardcoded manager (Execute call) Jul-Oct 2025
avalanche,0x05fca5d445fdc7dbcf3b38e53b7faf9f2f8a0cc1,0xce54c175880ff4edaa5d80b2dc66dda0e34a36ac,campaign_1,blacklist target of hardcoded manager (Execute call) Jul-Oct 2025
avalanche,0x0603d1d416a07e85765dc00420242c62b76f94f1,0xce54c175880ff4edaa5d80b2dc66dda0e34a36ac,campaign_1,blacklist target of hardcoded manager (Execute call) Jul-Oct 2025
avalanche,0x061633f7c6ce5a9033eb97d475d54bbb8af62e3a,0xce54c175880ff4edaa5d80b2dc66dda0e34a36ac,campaign_1,blacklist target of hardcoded manager (Execute call) Jul-Oct 2025
avalanche,0x062a6332b6222fe6364263867a514b7e11a117dc,0xce54c175880ff4edaa5d80b2dc66dda0e34a36ac,campaign_1,blacklist target of hardcoded manager (Execute call) Jul-Oct 2025
avalanche,0x06471264e4f97259e5f82bb8cc27e1ed8a5ce39c,0xce54c175880ff4edaa5d80b2dc66dda0e34a36ac,campaign_1,blacklist target of hardcoded manager (Execute call) Jul-Oct 2025
avalanche,0x0658c06b4a427d3ffeda2bc745861f51deb5d589,0xce54c175880ff4edaa5d80b2dc66dda0e34a36ac,campaign_1,blacklist target of hardcoded manager (Execute call) Jul-Oct 2025
avalanche,0x065fb07c0b61953b9e6d7b92889279aa01cf8fdf,0xce54c175880ff4edaa5d80b2dc66dda0e34a36ac,campaign_1,blacklist target of hardcoded manager (Execute call) Jul-Oct 2025
avalanche,0x065feff499d766a6c98c29c208aec5e3184ef52f,0xce54c175880ff4edaa5d80b2dc66dda0e34a36ac,campaign_1,blacklist target of hardcoded manager (Execute call) Jul-Oct 2025
avalanche,0x066b337c6099040f7c3cac35e1bdaa891f61e3bf,0xce54c175880ff4edaa5d80b2dc66dda0e34a36ac,campaign_1,blacklist target of hardcoded manager (Execute call) Jul-Oct 2025
avalanche,0x0673f7d273e0a1762e5cabaf0cfcbc4e9630c96a,0xce54c175880ff4edaa5d80b2dc66dda0e34a36ac,campaign_1,blacklist target of hardcoded manager (Execute call) Jul-Oct 2025
avalanche,0x06744fc24dc8139cfadb8d22f037470f808228be,0xce54c175880ff4edaa5d80b2dc66dda0e34a36ac,campaign_1,blacklist target of hardcoded manager (Execute call) Jul-Oct 2025
avalanche,0x068dc279ce6251e1b6479e794d39aee266861984,0xce54c175880ff4edaa5d80b2dc66dda0e34a36ac,campaign_1,blacklist target of hardcoded manager (Execute call) Jul-Oct 2025
avalanche,0x06940101e08605a1f9fed23dc00de33b67c73ee8,0xce54c175880ff4edaa5d80b2dc66dda0e34a36ac,campaign_1,blacklist target of hardcoded manager (Execute call) Jul-Oct 2025
avalanche,0x0699e79205281257bca68b762a9a43f7d23c96b0,0xce54c175880ff4edaa5d80b2dc66dda0e34a36ac,campaign_1,blacklist target of hardcoded manager (Execute call) Jul-Oct 2025
avalanche,0x06a1f98330b0f0781d4b2dd8d9e9fe6ff11e1eca,0xce54c175880ff4edaa5d80b2dc66dda0e34a36ac,campaign_1,blacklist target of hardcoded manager (Execute call) Jul-Oct 2025
avalanche,0x06bcbd846ae710a72c5a58bfc4945018b39339c7,0xce54c175880ff4edaa5d80b2dc66dda0e34a36ac,campaign_1,blacklist target of hardcoded manager (Execute call) Jul-Oct 2025
avalanche,0x06d832e5c731850047194ebe184ed829b627b171,0xce54c175880ff4edaa5d80b2dc66dda0e34a36ac,campaign_1,blacklist target of hardcoded manager (Execute call) Jul-Oct 2025
avalanche,0x06da44ea1d999df5c78ef24eb0947c763e846b3b,0xce54c175880ff4edaa5d80b2dc66dda0e34a36ac,campaign_1,blacklist target of hardcoded manager (Execute call) Jul-Oct 2025
avalanche,0x070bc9f7acbcb73c5dfa4e0697886e99385e54a3,0xce54c175880ff4edaa5d80b2dc66dda0e34a36ac,campaign_1,blacklist target of hardcoded manager (Execute call) Jul-Oct 2025
avalanche,0x070c767bfb175b12567f0aabe3c4077b630d4761,0xce54c175880ff4edaa5d80b2dc66dda0e34a36ac,campaign_1,blacklist target of hardcoded manager (Execute call) Jul-Oct 2025
avalanche,0x0718a7ad312ac7d824df5152e3dc2aa055d16f8b,0xce54c175880ff4edaa5d80b2dc66dda0e34a36ac,campaign_1,blacklist target of hardcoded manager (Execute call) Jul-Oct 2025
avalanche,0x0720f572668d61ffd622f2a4a093f0ea58105bad,0xce54c175880ff4edaa5d80b2dc66dda0e34a36ac,campaign_1,blacklist target of hardcoded manager (Execute call) Jul-Oct 2025
avalanche,0x0721d9ed0228894411c4a6e78c7fbd2d4b582900,0xce54c175880ff4edaa5d80b2dc66dda0e34a36ac,campaign_1,blacklist target of hardcoded manager (Execute call) Jul-Oct 2025
avalanche,0x0732985267ef2861d8c09678c27d3aa615e3b5f3,0xce54c175880ff4edaa5d80b2dc66dda0e34a36ac,campaign_1,blacklist target of hardcoded manager (Execute call) Jul-Oct 2025
avalanche,0x073e94a57ca67acabb2146fb9a172b108dd2ef77,0xce54c175880ff4edaa5d80b2dc66dda0e34a36ac,campaign_1,blacklist target of hardcoded manager (Execute call) Jul-Oct 2025
avalanche,0x074f15b0903e6b94cf675889ca0f3b1d81b6123b,0xce54c175880ff4edaa5d80b2dc66dda0e34a36ac,campaign_1,blacklist target of hardcoded manager (Execute call) Jul-Oct 2025
avalanche,0x0754af507f65f760dda54a95496268d77f590859,0xce54c175880ff4edaa5d80b2dc66dda0e34a36ac,campaign_1,blacklist target of hardcoded manager (Execute call) Jul-Oct 2025
avalanche,0x075a6cf56109aec8e38d2571f00f372181011e9a,0xce54c175880ff4edaa5d80b2dc66dda0e34a36ac,campaign_1,blacklist target of hardcoded manager (Execute call) Jul-Oct 2025
avalanche,0x076c5513593301ed3e918862d3e7417eab15852d,0xce54c175880ff4edaa5d80b2dc66dda0e34a36ac,campaign_1,blacklist target of hardcoded manager (Execute call) Jul-Oct 2025
avalanche,0x0770bb5e76d605de3cfe5e5b0b30d3ff160ff8e1,0xce54c175880ff4edaa5d80b2dc66dda0e34a36ac,campaign_1,blacklist target of hardcoded manager (Execute call) Jul-Oct 2025
avalanche,0x0772bd9d5b81619c3208d640e944dc1313b4f3d2,0xce54c175880ff4edaa5d80b2dc66dda0e34a36ac,campaign_1,blacklist target of hardcoded manager (Execute call) Jul-Oct 2025
avalanche,0x077591ba2a9055a9cd2fb3fced73145e526ceeed,0xce54c175880ff4edaa5d80b2dc66dda0e34a36ac,campaign_1,blacklist target of hardcoded manager (Execute call) Jul-Oct 2025
avalanche,0x0798e54e075ae16330ffaa133eac49bb55890911,0xce54c175880ff4edaa5d80b2dc66dda0e34a36ac,campaign_1,blacklist target of hardcoded manager (Execute call) Jul-Oct 2025
avalanche,0x07cc168d092de74b47b05eefa5075f1eb8e77c34,0xce54c175880ff4edaa5d80b2dc66dda0e34a36ac,campaign_1,blacklist target of hardcoded manager (Execute call) Jul-Oct 2025
avalanche,0x07d47ab74dbf6f71f253e828b94e09366f9941ae,0xce54c175880ff4edaa5d80b2dc66dda0e34a36ac,campaign_1,blacklist target of hardcoded manager (Execute call) Jul-Oct 2025
avalanche,0x07f1893ad9b746a1d3c8e5591111bd3fe32538a9,0xce54c175880ff4edaa5d80b2dc66dda0e34a36ac,campaign_1,blacklist target of hardcoded manager (Execute call) Jul-Oct 2025
avalanche,0x07fa59db86e51988be4afb6d84e55dfe7303659f,0xce54c175880ff4edaa5d80b2dc66dda0e34a36ac,campaign_1,blacklist target of hardcoded manager (Execute call) Jul-Oct 2025
avalanche,0x0800f8e50d4e3c6709b61bbc889ef2e45e4a78f9,0xce54c175880ff4edaa5d80b2dc66dda0e34a36ac,campaign_1,blacklist target of hardcoded manager (Execute call) Jul-Oct 2025
avalanche,0x080bd3ece1256b8f8bec9d750e8930843d497354,0xce54c175880ff4edaa5d80b2dc66dda0e34a36ac,campaign_1,blacklist target of hardcoded manager (Execute call) Jul-Oct 2025
avalanche,0x080cd1c831ace85906ebd4000cd04a971945a0a0,0xce54c175880ff4edaa5d80b2dc66dda0e34a36ac,campaign_1,blacklist target of hardcoded manager (Execute call) Jul-Oct 2025
avalanche,0x0811f8e8d42262521ab13e0382d6fb2dcbedb5e1,0xce54c175880ff4edaa5d80b2dc66dda0e34a36ac,campaign_1,blacklist target of hardcoded manager (Execute call) Jul-Oct 2025
avalanche,0x0817a24452de32ab63eb5f9274c97988a373e325,0xce54c175880ff4edaa5d80b2dc66dda0e34a36ac,campaign_1,blacklist target of hardcoded manager (Execute call) Jul-Oct 2025
avalanche,0x081d0e27636d81c2fa5689547fd66ad274fb5d1d,0xce54c175880ff4edaa5d80b2dc66dda0e34a36ac,campaign_1,blacklist target of hardcoded manager (Execute call) Jul-Oct 2025
avalanche,0x082dfecd8b4b5209a261937043c0975b50f41ed1,0xce54c175880ff4edaa5d80b2dc66dda0e34a36ac,campaign_1,blacklist target of hardcoded manager (Execute call) Jul-Oct 2025
avalanche,0x0832333f67975a4502ce331eddd688ebda11e87f,0xce54c175880ff4edaa5d80b2dc66dda0e34a36ac,campaign_1,blacklist target of hardcoded manager (Execute call) Jul-Oct 2025
avalanche,0x0835387b83a5d8b0e698a52dc06ac21214da3727,0xce54c175880ff4edaa5d80b2dc66dda0e34a36ac,campaign_1,blacklist target of hardcoded manager (Execute call) Jul-Oct 2025
avalanche,0x08529bb72dfa951adecfdbdbd6b62e170e1700b8,0xce54c175880ff4edaa5d80b2dc66dda0e34a36ac,campaign_1,blacklist target of hardcoded manager (Execute call) Jul-Oct 2025
avalanche,0x0862c13295f58fba3b0ae94127e7462014c99bbf,0xce54c175880ff4edaa5d80b2dc66dda0e34a36ac,campaign_1,blacklist target of hardcoded manager (Execute call) Jul-Oct 2025
avalanche,0x0866913321770cee3faec3c9f44275e91671d155,0xce54c175880ff4edaa5d80b2dc66dda0e34a36ac,campaign_1,blacklist target of hardcoded manager (Execute call) Jul-Oct 2025
avalanche,0x0871042bf4e5d77ab249fa3bc3939c25da58a6f1,0xce54c175880ff4edaa5d80b2dc66dda0e34a36ac,campaign_1,blacklist target of hardcoded manager (Execute call) Jul-Oct 2025
avalanche,0x088ba7ed3f4b2a7d81c8664f7c02d68455497d82,0xce54c175880ff4edaa5d80b2dc66dda0e34a36ac,campaign_1,blacklist target of hardcoded manager (Execute call) Jul-Oct 2025
avalanche,0x089af158c6d04131b88abace07197ed03d2fbb65,0xce54c175880ff4edaa5d80b2dc66dda0e34a36ac,campaign_1,blacklist target of hardcoded manager (Execute call) Jul-Oct 2025
avalanche,0x089f635810366edb70daff1dff5f25425204f2bf,0xce54c175880ff4edaa5d80b2dc66dda0e34a36ac,campaign_1,blacklist target of hardcoded manager (Execute call) Jul-Oct 2025
avalanche,0x08a51f5a6f91eded5abbfb35f0dbe918c8e38de8,0xce54c175880ff4edaa5d80b2dc66dda0e34a36ac,campaign_1,blacklist target of hardcoded manager (Execute call) Jul-Oct 2025
avalanche,0x0914151ef68dae97222c01e639dc7717edad117c,0xce54c175880ff4edaa5d80b2dc66dda0e34a36ac,campaign_1,blacklist target of hardcoded manager (Execute call) Jul-Oct 2025
avalanche,0x091bd00ba557346b058316f4f384bd98154ff574,0xce54c175880ff4edaa5d80b2dc66dda0e34a36ac,campaign_1,blacklist target of hardcoded manager (Execute call) Jul-Oct 2025
avalanche,0x0921107c9eb5ed066c9ae9747291ab78ba7c49f0,0xce54c175880ff4edaa5d80b2dc66dda0e34a36ac,campaign_1,blacklist target of hardcoded manager (Execute call) Jul-Oct 2025
avalanche,0x092623a88a324a487701d6365997b4a20d55f881,0xce54c175880ff4edaa5d80b2dc66dda0e34a36ac,campaign_1,blacklist target of hardcoded manager (Execute call) Jul-Oct 2025
avalanche,0x093f567e27a7d0138478e638301d710d9d813b2a,0xce54c175880ff4edaa5d80b2dc66dda0e34a36ac,campaign_1,blacklist target of hardcoded manager (Execute call) Jul-Oct 2025
avalanche,0x093fbf2af303321a7a9bea885436faad28959e0c,0xce54c175880ff4edaa5d80b2dc66dda0e34a36ac,campaign_1,blacklist target of hardcoded manager (Execute call) Jul-Oct 2025
avalanche,0x095276a34baee851b3b4f0614b8cf76cb6a01af9,0xce54c175880ff4edaa5d80b2dc66dda0e34a36ac,campaign_1,blacklist target of hardcoded manager (Execute call) Jul-Oct 2025
avalanche,0x0965566c9ad3faa031988a297728f7060910e9ad,0xce54c175880ff4edaa5d80b2dc66dda0e34a36ac,campaign_1,blacklist target of hardcoded manager (Execute call) Jul-Oct 2025
avalanche,0x096a87dc3275b4eaf9b71e47ef7e5bbe660fc802,0xce54c175880ff4edaa5d80b2dc66dda0e34a36ac,campaign_1,blacklist target of hardcoded manager (Execute call) Jul-Oct 2025
avalanche,0x097270916dab1dee885018f8210f3167da46dbe0,0xce54c175880ff4edaa5d80b2dc66dda0e34a36ac,campaign_1,blacklist target of hardcoded manager (Execute call) Jul-Oct 2025
avalanche,0x0979d7ff7723951ec2d714408edbfc5b80cc7272,0xce54c175880ff4edaa5d80b2dc66dda0e34a36ac,campaign_1,blacklist target of hardcoded manager (Execute call) Jul-Oct 2025
avalanche,0x097eab9d72d4f73cca0de4da9bc71524cb034d71,0xce54c175880ff4edaa5d80b2dc66dda0e34a36ac,campaign_1,blacklist target of hardcoded manager (Execute call) Jul-Oct 2025
avalanche,0x0982b237b3221fc9f144df53fdbb369216c95e76,0xce54c175880ff4edaa5d80b2dc66dda0e34a36ac,campaign_1,blacklist target of hardcoded manager (Execute call) Jul-Oct 2025
avalanche,0x0988135547db7d6f956f053fcde6e4019c256428,0xce54c175880ff4edaa5d80b2dc66dda0e34a36ac,campaign_1,blacklist target of hardcoded manager (Execute call) Jul-Oct 2025
avalanche,0x098ef8984d00f10c7cdd6916ff82bc0a43433ef6,0xce54c175880ff4edaa5d80b2dc66dda0e34a36ac,campaign_1,blacklist target of hardcoded manager (Execute call) Jul-Oct 2025
avalanche,0x09ac35ef331352774d0ac01ed8d46e47c559f2da,0xce54c175880ff4edaa5d80b2dc66dda0e34a36ac,campaign_1,blacklist target of hardcoded manager (Execute call) Jul-Oct 2025
avalanche,0x09c2dc290e8a12acd483536cb61f4b5f37d1a064,0xce54c175880ff4edaa5d80b2dc66dda0e34a36ac,campaign_1,blacklist target of hardcoded manager (Execute call) Jul-Oct 2025
avalanche,0x09c47bdfa68a0e3810157c41f08c7638dc8c5d9b,0xce54c175880ff4edaa5d80b2dc66dda0e34a36ac,campaign_1,blacklist target of hardcoded manager (Execute call) Jul-Oct 2025
avalanche,0x09d8fb7155ed7fe153553889bab5be9a92841260,0xce54c175880ff4edaa5d80b2dc66dda0e34a36ac,campaign_1,blacklist target of hardcoded manager (Execute call) Jul-Oct 2025
avalanche,0x09e77645956141408af7f6baf095b3d6d1d65ae1,0xce54c175880ff4edaa5d80b2dc66dda0e34a36ac,campaign_1,blacklist target of hardcoded manager (Execute call) Jul-Oct 2025
avalanche,0x0a0db9167071c7a8c10a3940233331951059750d,0xce54c175880ff4edaa5d80b2dc66dda0e34a36ac,campaign_1,blacklist target of hardcoded manager (Execute call) Jul-Oct 2025
avalanche,0x0a1066f7d8c850b02f0e1edca60119828dd2949a,0xce54c175880ff4edaa5d80b2dc66dda0e34a36ac,campaign_1,blacklist target of hardcoded manager (Execute call) Jul-Oct 2025
avalanche,0x0a1be97409f3635a0ac2b3fafafcb72258bc956e,0xce54c175880ff4edaa5d80b2dc66dda0e34a36ac,campaign_1,blacklist target of hardcoded manager (Execute call) Jul-Oct 2025
avalanche,0x0a1e91ab5bda911bc66f562af5f21371dbe4ecba,0xce54c175880ff4edaa5d80b2dc66dda0e34a36ac,campaign_1,blacklist target of hardcoded manager (Execute call) Jul-Oct 2025
avalanche,0x0a24d5b6fc3fcee741955db110a3c241f408a831,0xce54c175880ff4edaa5d80b2dc66dda0e34a36ac,campaign_1,blacklist target of hardcoded manager (Execute call) Jul-Oct 2025
avalanche,0x0a2a38205a6b60d22b486826193a84cbf4f7a3a1,0xce54c175880ff4edaa5d80b2dc66dda0e34a36ac,campaign_1,blacklist target of hardcoded manager (Execute call) Jul-Oct 2025
avalanche,0x0a2dd694fe4de2653f8ee5ae2ced6b5a8d93579a,0xce54c175880ff4edaa5d80b2dc66dda0e34a36ac,campaign_1,blacklist target of hardcoded manager (Execute call) Jul-Oct 2025
avalanche,0x0a34b4cc802e04ce85e28428d1528936091b25c2,0xce54c175880ff4edaa5d80b2dc66dda0e34a36ac,campaign_1,blacklist target of hardcoded manager (Execute call) Jul-Oct 2025
avalanche,0x0a3e70f4407a10dc84fe9d91fd99fd7e286d6444,0xce54c175880ff4edaa5d80b2dc66dda0e34a36ac,campaign_1,blacklist target of hardcoded manager (Execute call) Jul-Oct 2025
avalanche,0x0a413ef9876be6321984f868d672cbf7aae71c3b,0xce54c175880ff4edaa5d80b2dc66dda0e34a36ac,campaign_1,blacklist target of hardcoded manager (Execute call) Jul-Oct 2025
avalanche,0x0a4c87227e4fbb7dbefd4325ee74bd63f374bd38,0xce54c175880ff4edaa5d80b2dc66dda0e34a36ac,campaign_1,blacklist target of hardcoded manager (Execute call) Jul-Oct 2025
avalanche,0x0a612ff2ec56ac8e0c8768d2dc3d5954148243df,0xce54c175880ff4edaa5d80b2dc66dda0e34a36ac,campaign_1,blacklist target of hardcoded manager (Execute call) Jul-Oct 2025
avalanche,0x0a80052b057c00d80f6a89425d588ac7fe754271,0xce54c175880ff4edaa5d80b2dc66dda0e34a36ac,campaign_1,blacklist target of hardcoded manager (Execute call) Jul-Oct 2025
avalanche,0x0a8c447369f7bbb7b2b22927a151f08fe9c8fa42,0xce54c175880ff4edaa5d80b2dc66dda0e34a36ac,campaign_1,blacklist target of hardcoded manager (Execute call) Jul-Oct 2025
avalanche,0x0a90ad959efe8ed1e514b449647e21f82cb476e0,0xce54c175880ff4edaa5d80b2dc66dda0e34a36ac,campaign_1,blacklist target of hardcoded manager (Execute call) Jul-Oct 2025
avalanche,0x0a9ba82e6c17bb5d20ce1a284e2c0455789ae253,0xce54c175880ff4edaa5d80b2dc66dda0e34a36ac,campaign_1,blacklist target of hardcoded manager (Execute call) Jul-Oct 2025
avalanche,0x0aa055139d24c2a0f1f34de412689ab23bc27652,0xce54c175880ff4edaa5d80b2dc66dda0e34a36ac,campaign_1,blacklist target of hardcoded manager (Execute call) Jul-Oct 2025
avalanche,0x0aaa59007403693f03bcc7f1eb2b09171957fd6c,0xce54c175880ff4edaa5d80b2dc66dda0e34a36ac,campaign_1,blacklist target of hardcoded manager (Execute call) Jul-Oct 2025
avalanche,0x0aba33d3d71b1307b2c1cb73cffd265994fd8a6c,0xce54c175880ff4edaa5d80b2dc66dda0e34a36ac,campaign_1,blacklist target of hardcoded manager (Execute call) Jul-Oct 2025
avalanche,0x0ae7af33bb2fa7fbd5937704da08ce1c6d0b021c,0xce54c175880ff4edaa5d80b2dc66dda0e34a36ac,campaign_1,blacklist target of hardcoded manager (Execute call) Jul-Oct 2025
avalanche,0x0aeb1ba7ace0dd1854cc3b93cfaba766526abe91,0xce54c175880ff4edaa5d80b2dc66dda0e34a36ac,campaign_1,blacklist target of hardcoded manager (Execute call) Jul-Oct 2025
avalanche,0x0aeb7a20c7e66d30960849b179cc5a20d3252607,0xce54c175880ff4edaa5d80b2dc66dda0e34a36ac,campaign_1,blacklist target of hardcoded manager (Execute call) Jul-Oct 2025
avalanche,0x0aeb9f48ba117a7ff595b4a7602b902afc8fd72d,0xce54c175880ff4edaa5d80b2dc66dda0e34a36ac,campaign_1,blacklist target of hardcoded manager (Execute call) Jul-Oct 2025
avalanche,0x0b1170d7a79c860cb7d27a36384893b498f411fc,0xce54c175880ff4edaa5d80b2dc66dda0e34a36ac,campaign_1,blacklist target of hardcoded manager (Execute call) Jul-Oct 2025
avalanche,0x0b1507e53803dd7ac55b5e5d162b757621f50bc5,0xce54c175880ff4edaa5d80b2dc66dda0e34a36ac,campaign_1,blacklist target of hardcoded manager (Execute call) Jul-Oct 2025
avalanche,0x0b193b9ef1f07cc653f706125e63e3eb4d246a4e,0xce54c175880ff4edaa5d80b2dc66dda0e34a36ac,campaign_1,blacklist target of hardcoded manager (Execute call) Jul-Oct 2025
avalanche,0x0b31be3a564dff273a78e789316033e53ffea2da,0xce54c175880ff4edaa5d80b2dc66dda0e34a36ac,campaign_1,blacklist target of hardcoded manager (Execute call) Jul-Oct 2025
avalanche,0x0b464b2657986a1aa47166405282e712c8a18099,0xce54c175880ff4edaa5d80b2dc66dda0e34a36ac,campaign_1,blacklist target of hardcoded manager (Execute call) Jul-Oct 2025
avalanche,0x0b47cf05a80a18fb53df0d7ed66ab4cda828c1a6,0xce54c175880ff4edaa5d80b2dc66dda0e34a36ac,campaign_1,blacklist target of hardcoded manager (Execute call) Jul-Oct 2025
avalanche,0x0b4c753db7f3e40ffc16e21d85013a19363082a4,0xce54c175880ff4edaa5d80b2dc66dda0e34a36ac,campaign_1,blacklist target of hardcoded manager (Execute call) Jul-Oct 2025
avalanche,0x0b57440d336315857cf61df376f8f0f60cc08115,0xce54c175880ff4edaa5d80b2dc66dda0e34a36ac,campaign_1,blacklist target of hardcoded manager (Execute call) Jul-Oct 2025
avalanche,0x0b5db690c3d99dc543111efcc5ec1ebf72bbcea8,0xce54c175880ff4edaa5d80b2dc66dda0e34a36ac,campaign_1,blacklist target of hardcoded manager (Execute call) Jul-Oct 2025
avalanche,0x0b5e1c39add17baf07ddb3c0c4c34f7799cbee10,0xce54c175880ff4edaa5d80b2dc66dda0e34a36ac,campaign_1,blacklist target of hardcoded manager (Execute call) Jul-Oct 2025
avalanche,0x0b6111a77c52398500a9256da92c9b11f27997a8,0xce54c175880ff4edaa5d80b2dc66dda0e34a36ac,campaign_1,blacklist target of hardcoded manager (Execute call) Jul-Oct 2025
avalanche,0x0b6dd0c6f1a5979f199c8d6c1dcc2dd42b158e98,0xce54c175880ff4edaa5d80b2dc66dda0e34a36ac,campaign_1,blacklist target of hardcoded manager (Execute call) Jul-Oct 2025
avalanche,0x0b72e3f945a6f75c536574db36bc298acf158fce,0xce54c175880ff4edaa5d80b2dc66dda0e34a36ac,campaign_1,blacklist target of hardcoded manager (Execute call) Jul-Oct 2025
avalanche,0x0b77d2c9abc3a5602d94b2e22bb5e0ed82ef742c,0xce54c175880ff4edaa5d80b2dc66dda0e34a36ac,campaign_1,blacklist target of hardcoded manager (Execute call) Jul-Oct 2025
avalanche,0x0b8dcdd8e428ccd8cda9813e4b013cf5c6ed52a4,0xce54c175880ff4edaa5d80b2dc66dda0e34a36ac,campaign_1,blacklist target of hardcoded manager (Execute call) Jul-Oct 2025
avalanche,0x0b9ae9c4e2c69450159c5905ca641bc7cf9d8082,0xce54c175880ff4edaa5d80b2dc66dda0e34a36ac,campaign_1,blacklist target of hardcoded manager (Execute call) Jul-Oct 2025
avalanche,0x0b9fce5a7cae911d084041978a8f50ac949eed37,0xce54c175880ff4edaa5d80b2dc66dda0e34a36ac,campaign_1,blacklist target of hardcoded manager (Execute call) Jul-Oct 2025
avalanche,0x0ba3d88023e2b8a46ec22781a6d52673e6cb2711,0xce54c175880ff4edaa5d80b2dc66dda0e34a36ac,campaign_1,blacklist target of hardcoded manager (Execute call) Jul-Oct 2025
avalanche,0x0bc277c2a7bd5dd3c72b5614d6f3491ca82ab2e4,0xce54c175880ff4edaa5d80b2dc66dda0e34a36ac,campaign_1,blacklist target of hardcoded manager (Execute call) Jul-Oct 2025
avalanche,0x0be0809a96bf0697a566edd8354c2667b4e11143,0xce54c175880ff4edaa5d80b2dc66dda0e34a36ac,campaign_1,blacklist target of hardcoded manager (Execute call) Jul-Oct 2025
avalanche,0x0be13d929839405560838dc81f30be48c90b5772,0xce54c175880ff4edaa5d80b2dc66dda0e34a36ac,campaign_1,blacklist target of hardcoded manager (Execute call) Jul-Oct 2025
avalanche,0x0be20f3e2e5b5a4815c1e294c47a80a49a3ba278,0xce54c175880ff4edaa5d80b2dc66dda0e34a36ac,campaign_1,blacklist target of hardcoded manager (Execute call) Jul-Oct 2025
avalanche,0x0beaff4174b65e802e2d5005157aa42598c75ecd,0xce54c175880ff4edaa5d80b2dc66dda0e34a36ac,campaign_1,blacklist target of hardcoded manager (Execute call) Jul-Oct 2025
avalanche,0x0bfa474619b690e6668541fc2b78407ba5003282,0xce54c175880ff4edaa5d80b2dc66dda0e34a36ac,campaign_1,blacklist target of hardcoded manager (Execute call) Jul-Oct 2025
avalanche,0x0c0bbb4256ceeb648a1ebe7d6dd87af695cf2efe,0xce54c175880ff4edaa5d80b2dc66dda0e34a36ac,campaign_1,blacklist target of hardcoded manager (Execute call) Jul-Oct 2025
avalanche,0x0c13d9dbb40e033800e3301b16f374eb377302e3,0xce54c175880ff4edaa5d80b2dc66dda0e34a36ac,campaign_1,blacklist target of hardcoded manager (Execute call) Jul-Oct 2025
avalanche,0x0c157e44c35818dd9e839e8250d40f70f9082275,0xce54c175880ff4edaa5d80b2dc66dda0e34a36ac,campaign_1,blacklist target of hardcoded manager (Execute call) Jul-Oct 2025
avalanche,0x0c1848c6933410984e1a9ae9e009453754d7319b,0xce54c175880ff4edaa5d80b2dc66dda0e34a36ac,campaign_1,blacklist target of hardcoded manager (Execute call) Jul-Oct 2025
avalanche,0x0c18c10215cc46d489ec58a42120a24d1c1c7055,0xce54c175880ff4edaa5d80b2dc66dda0e34a36ac,campaign_1,blacklist target of hardcoded manager (Execute call) Jul-Oct 2025
avalanche,0x0c1a36e11d246f782f215396daba8657bdc06230,0xce54c175880ff4edaa5d80b2dc66dda0e34a36ac,campaign_1,blacklist target of hardcoded manager (Execute call) Jul-Oct 2025
avalanche,0x0c2ddf804e0b5d0a48dbf9a986b0adce4d5e787e,0xce54c175880ff4edaa5d80b2dc66dda0e34a36ac,campaign_1,blacklist target of hardcoded manager (Execute call) Jul-Oct 2025
avalanche,0x0c3704f14d161d3641795be5016a178f56243da9,0xce54c175880ff4edaa5d80b2dc66dda0e34a36ac,campaign_1,blacklist target of hardcoded manager (Execute call) Jul-Oct 2025
avalanche,0x0c3f3d6a20dbbaf3d9d433561162f8ae8cc6d690,0xce54c175880ff4edaa5d80b2dc66dda0e34a36ac,campaign_1,blacklist target of hardcoded manager (Execute call) Jul-Oct 2025
avalanche,0x0c41b15581f8ddbf9ba9652bc4b93a7cf3e081bc,0xce54c175880ff4edaa5d80b2dc66dda0e34a36ac,campaign_1,blacklist target of hardcoded manager (Execute call) Jul-Oct 2025
avalanche,0x0c4558fdc3db88e261e1fecf841a31e017221086,0xce54c175880ff4edaa5d80b2dc66dda0e34a36ac,campaign_1,blacklist target of hardcoded manager (Execute call) Jul-Oct 2025
avalanche,0x0c48295cfc92025e701b976870b14224278829a8,0xce54c175880ff4edaa5d80b2dc66dda0e34a36ac,campaign_1,blacklist target of hardcoded manager (Execute call) Jul-Oct 2025
avalanche,0x0c5048f926f4310722f2e2d16c08525bc79e8680,0xce54c175880ff4edaa5d80b2dc66dda0e34a36ac,campaign_1,blacklist target of hardcoded manager (Execute call) Jul-Oct 2025
avalanche,0x0c51d72829912e6a786f1bafaf3473051b20851b,0xce54c175880ff4edaa5d80b2dc66dda0e34a36ac,campaign_1,blacklist target of hardcoded manager (Execute call) Jul-Oct 2025
avalanche,0x0c55c09be1ecba9f9831a8cf538cad8fa715563b,0xce54c175880ff4edaa5d80b2dc66dda0e34a36ac,campaign_1,blacklist target of hardcoded manager (Execute call) Jul-Oct 2025
avalanche,0x0c6fb61672c4ecc9932a21790348edd69fa6eb5f,0xce54c175880ff4edaa5d80b2dc66dda0e34a36ac,campaign_1,blacklist target of hardcoded manager (Execute call) Jul-Oct 2025
avalanche,0x0c717e6cbcc9928f17eb08db6174ed0b3656b77f,0xce54c175880ff4edaa5d80b2dc66dda0e34a36ac,campaign_1,blacklist target of hardcoded manager (Execute call) Jul-Oct 2025
avalanche,0x0c78a9ff4fa323f2e9dadcdb7ad63cea84bee8b8,0xce54c175880ff4edaa5d80b2dc66dda0e34a36ac,campaign_1,blacklist target of hardcoded manager (Execute call) Jul-Oct 2025
avalanche,0x0c986ca9acc8002d41018ec0c77cfac42a59e978,0xce54c175880ff4edaa5d80b2dc66dda0e34a36ac,campaign_1,blacklist target of hardcoded manager (Execute call) Jul-Oct 2025
avalanche,0x0c9abd9af500072320a5e36e13620b5ec40ea141,0xce54c175880ff4edaa5d80b2dc66dda0e34a36ac,campaign_1,blacklist target of hardcoded manager (Execute call) Jul-Oct 2025
avalanche,0x0c9eb8e0ef46ad08e12d7e3579f85936fe98ab26,0xce54c175880ff4edaa5d80b2dc66dda0e34a36ac,campaign_1,blacklist target of hardcoded manager (Execute call) Jul-Oct 2025
avalanche,0x0ca5939a6eea6f01fa49d4a29220716689a67aba,0xce54c175880ff4edaa5d80b2dc66dda0e34a36ac,campaign_1,blacklist target of hardcoded manager (Execute call) Jul-Oct 2025
avalanche,0x0cb74997ea20b50311ed06c729309fbfc7084fa8,0xce54c175880ff4edaa5d80b2dc66dda0e34a36ac,campaign_1,blacklist target of hardcoded manager (Execute call) Jul-Oct 2025
avalanche,0x0cb8da338888559eafe5186823a90d684430ec76,0xce54c175880ff4edaa5d80b2dc66dda0e34a36ac,campaign_1,blacklist target of hardcoded manager (Execute call) Jul-Oct 2025
avalanche,0x0cc17b5a715a21f6b4f60ad8fd9fef3b53ea6df0,0xce54c175880ff4edaa5d80b2dc66dda0e34a36ac,campaign_1,blacklist target of hardcoded manager (Execute call) Jul-Oct 2025
avalanche,0x0ccfdf8eee08e92f6e77f284dfbca4d8a382c51b,0xce54c175880ff4edaa5d80b2dc66dda0e34a36ac,campaign_1,blacklist target of hardcoded manager (Execute call) Jul-Oct 2025
avalanche,0x0cd48f07d287ee8965fa7c8b0576a5fae5b4bfc6,0xce54c175880ff4edaa5d80b2dc66dda0e34a36ac,campaign_1,blacklist target of hardcoded manager (Execute call) Jul-Oct 2025
avalanche,0x0cdff751ab4f62b170fb84d53c49da7a32c10435,0xce54c175880ff4edaa5d80b2dc66dda0e34a36ac,campaign_1,blacklist target of hardcoded manager (Execute call) Jul-Oct 2025
avalanche,0x0d029fe26c6d00adb8d1da09268fff3587d8b161,0xce54c175880ff4edaa5d80b2dc66dda0e34a36ac,campaign_1,blacklist target of hardcoded manager (Execute call) Jul-Oct 2025
avalanche,0x0d0c089c62c7d47188246cd15e6df9a99dd1a35f,0xce54c175880ff4edaa5d80b2dc66dda0e34a36ac,campaign_1,blacklist target of hardcoded manager (Execute call) Jul-Oct 2025
avalanche,0x0d4c668ed707d05cf988864f1d47bef3a563eba2,0xce54c175880ff4edaa5d80b2dc66dda0e34a36ac,campaign_1,blacklist target of hardcoded manager (Execute call) Jul-Oct 2025
avalanche,0x0d4d6e065c052271d58239fff0a8a3d488160791,0xce54c175880ff4edaa5d80b2dc66dda0e34a36ac,campaign_1,blacklist target of hardcoded manager (Execute call) Jul-Oct 2025
avalanche,0x0d56c29c542ce01b7da2f7b375d1f0cd5cefa3a1,0xce54c175880ff4edaa5d80b2dc66dda0e34a36ac,campaign_1,blacklist target of hardcoded manager (Execute call) Jul-Oct 2025
avalanche,0x0d60659aa9517f03d8d1fcd261e909612ccd90dd,0xce54c175880ff4edaa5d80b2dc66dda0e34a36ac,campaign_1,blacklist target of hardcoded manager (Execute call) Jul-Oct 2025
avalanche,0x0d6b682bcad02a40a13e803bf49483cbab03ad61,0xce54c175880ff4edaa5d80b2dc66dda0e34a36ac,campaign_1,blacklist target of hardcoded manager (Execute call) Jul-Oct 2025
avalanche,0x0d718dda71beac43ecdf5583d5b773981bd7cf0f,0xce54c175880ff4edaa5d80b2dc66dda0e34a36ac,campaign_1,blacklist target of hardcoded manager (Execute call) Jul-Oct 2025
avalanche,0x0d772b530422299c64178fd56586180ec12b82e3,0xce54c175880ff4edaa5d80b2dc66dda0e34a36ac,campaign_1,blacklist target of hardcoded manager (Execute call) Jul-Oct 2025
avalanche,0x0d7ac4125a9c55d37647d3f7231544766ef3de22,0xce54c175880ff4edaa5d80b2dc66dda0e34a36ac,campaign_1,blacklist target of hardcoded manager (Execute call) Jul-Oct 2025
avalanche,0x0d83d2e79ceef638a4f5034a06a5e021a99a4044,0xce54c175880ff4edaa5d80b2dc66dda0e34a36ac,campaign_1,blacklist target of hardcoded manager (Execute call) Jul-Oct 2025
avalanche,0x0d9b91e0d86d7c4a357e1457e64827234a3b7b66,0xce54c175880ff4edaa5d80b2dc66dda0e34a36ac,campaign_1,blacklist target of hardcoded manager (Execute call) Jul-Oct 2025
avalanche,0x0da397f12c3d9bb6d9fe23d9f0d9f1f98b97b987,0xce54c175880ff4edaa5d80b2dc66dda0e34a36ac,campaign_1,blacklist target of hardcoded manager (Execute call) Jul-Oct 2025
avalanche,0x0dac4f439f84bdedf299d968a9cc338289d576c5,0xce54c175880ff4edaa5d80b2dc66dda0e34a36ac,campaign_1,blacklist target of hardcoded manager (Execute call) Jul-Oct 2025
avalanche,0x0dbd26ca1371db316fa2152c372b9b2f476884e4,0xce54c175880ff4edaa5d80b2dc66dda0e34a36ac,campaign_1,blacklist target of hardcoded manager (Execute call) Jul-Oct 2025
avalanche,0x0dc323dee9901d87fb8a601c22fb34abefc5a9fd,0xce54c175880ff4edaa5d80b2dc66dda0e34a36ac,campaign_1,blacklist target of hardcoded manager (Execute call) Jul-Oct 2025
avalanche,0x0dca8b4e233d8cf92d098caeb985e499d50579fa,0xce54c175880ff4edaa5d80b2dc66dda0e34a36ac,campaign_1,blacklist target of hardcoded manager (Execute call) Jul-Oct 2025
avalanche,0x0dd7676422d75f551559074bdce655c97460819e,0xce54c175880ff4edaa5d80b2dc66dda0e34a36ac,campaign_1,blacklist target of hardcoded manager (Execute call) Jul-Oct 2025
avalanche,0x0dd772e37cfa79c46edc9a1a3e9e8a1e07dea369,0xce54c175880ff4edaa5d80b2dc66dda0e34a36ac,campaign_1,blacklist target of hardcoded manager (Execute call) Jul-Oct 2025
avalanche,0x0de3c164fc568e55c16160fdaf7529f736c6457d,0xce54c175880ff4edaa5d80b2dc66dda0e34a36ac,campaign_1,blacklist target of hardcoded manager (Execute call) Jul-Oct 2025
avalanche,0x0df284fa7083f7afd4bb101a97fc2441a536dff1,0xce54c175880ff4edaa5d80b2dc66dda0e34a36ac,campaign_1,blacklist target of hardcoded manager (Execute call) Jul-Oct 2025
avalanche,0x0df720c551016dbb3a20f44eede8279acb746859,0xce54c175880ff4edaa5d80b2dc66dda0e34a36ac,campaign_1,blacklist target of hardcoded manager (Execute call) Jul-Oct 2025
avalanche,0x0df8ba378795582f81b38dc1630062cfdb761008,0xce54c175880ff4edaa5d80b2dc66dda0e34a36ac,campaign_1,blacklist target of hardcoded manager (Execute call) Jul-Oct 2025
avalanche,0x0e07fb68668dbbf6312bb38d36feb023d35fc898,0xce54c175880ff4edaa5d80b2dc66dda0e34a36ac,campaign_1,blacklist target of hardcoded manager (Execute call) Jul-Oct 2025
avalanche,0x0e22ba34eb14d7421a500614a4113256496ba825,0xce54c175880ff4edaa5d80b2dc66dda0e34a36ac,campaign_1,blacklist target of hardcoded manager (Execute call) Jul-Oct 2025
avalanche,0x0e2f1fb5e371360da70baa939f3edc6fbfd92f4a,0xce54c175880ff4edaa5d80b2dc66dda0e34a36ac,campaign_1,blacklist target of hardcoded manager (Execute call) Jul-Oct 2025
avalanche,0x0e327d2838add6724d288721ee4c2b04d51a2f53,0xce54c175880ff4edaa5d80b2dc66dda0e34a36ac,campaign_1,blacklist target of hardcoded manager (Execute call) Jul-Oct 2025
avalanche,0x0e399e2f687f398e2d9b86413d589740a44a7ddb,0xce54c175880ff4edaa5d80b2dc66dda0e34a36ac,campaign_1,blacklist target of hardcoded manager (Execute call) Jul-Oct 2025
avalanche,0x0e406425d445efe0ce20d6f495b3cec09f8eadca,0xce54c175880ff4edaa5d80b2dc66dda0e34a36ac,campaign_1,blacklist target of hardcoded manager (Execute call) Jul-Oct 2025
avalanche,0x0e4270a955c9182e74354efac88802742d9c3cfd,0xce54c175880ff4edaa5d80b2dc66dda0e34a36ac,campaign_1,blacklist target of hardcoded manager (Execute call) Jul-Oct 2025
avalanche,0x0e484f46978969b94912824447d2c7b2458e9472,0xce54c175880ff4edaa5d80b2dc66dda0e34a36ac,campaign_1,blacklist target of hardcoded manager (Execute call) Jul-Oct 2025
avalanche,0x0e556c7704ab3df39cfdb7a37746c967e515559e,0xce54c175880ff4edaa5d80b2dc66dda0e34a36ac,campaign_1,blacklist target of hardcoded manager (Execute call) Jul-Oct 2025
avalanche,0x0e57a69d961985e02eea914626532920a9c0ae46,0xce54c175880ff4edaa5d80b2dc66dda0e34a36ac,campaign_1,blacklist target of hardcoded manager (Execute call) Jul-Oct 2025
avalanche,0x0e648727ebfb632eaaaf4fba3016b13c7afe4479,0xce54c175880ff4edaa5d80b2dc66dda0e34a36ac,campaign_1,blacklist target of hardcoded manager (Execute call) Jul-Oct 2025
avalanche,0x0e6aaeec3e05ea781c7eca886c4f89000749bdb2,0xce54c175880ff4edaa5d80b2dc66dda0e34a36ac,campaign_1,blacklist target of hardcoded manager (Execute call) Jul-Oct 2025
avalanche,0x0e6b7f09680e23c16826262b9787fa69ad52d38f,0xce54c175880ff4edaa5d80b2dc66dda0e34a36ac,campaign_1,blacklist target of hardcoded manager (Execute call) Jul-Oct 2025
avalanche,0x0e6f64d59a7cf5ee8284563e5dc6b302d2c221ea,0xce54c175880ff4edaa5d80b2dc66dda0e34a36ac,campaign_1,blacklist target of hardcoded manager (Execute call) Jul-Oct 2025
avalanche,0x0e74504977c28f0142d95392df44cefe8aecaeb7,0xce54c175880ff4edaa5d80b2dc66dda0e34a36ac,campaign_1,blacklist target of hardcoded manager (Execute call) Jul-Oct 2025
avalanche,0x0e7ef2f0f9be4dc20208629f1161013d3daa17ad,0xce54c175880ff4edaa5d80b2dc66dda0e34a36ac,campaign_1,blacklist target of hardcoded manager (Execute call) Jul-Oct 2025
avalanche,0x0e826fd3cab301aceb5b8c83b0b48db1eb29d8b9,0xce54c175880ff4edaa5d80b2dc66dda0e34a36ac,campaign_1,blacklist target of hardcoded manager (Execute call) Jul-Oct 2025
avalanche,0x0e8316a99c28939469a0ee01f9d9d7b6df7c567d,0xce54c175880ff4edaa5d80b2dc66dda0e34a36ac,campaign_1,blacklist target of hardcoded manager (Execute call) Jul-Oct 2025
avalanche,0x0e888cd5ad169d602f54dd06848e49e5ce3384da,0xce54c175880ff4edaa5d80b2dc66dda0e34a36ac,campaign_1,blacklist target of hardcoded manager (Execute call) Jul-Oct 2025
avalanche,0x0e96b079b93a88fe735833b5c4cfe6d19024b093,0xce54c175880ff4edaa5d80b2dc66dda0e34a36ac,campaign_1,blacklist target of hardcoded manager (Execute call) Jul-Oct 2025
avalanche,0x0e9751cb3a648ee8e210701ae36ea06ce7e31424,0xce54c175880ff4edaa5d80b2dc66dda0e34a36ac,campaign_1,blacklist target of hardcoded manager (Execute call) Jul-Oct 2025
avalanche,0x0eac96f56652c4168eef50a84e65200fe9e05c99,0xce54c175880ff4edaa5d80b2dc66dda0e34a36ac,campaign_1,blacklist target of hardcoded manager (Execute call) Jul-Oct 2025
avalanche,0x0eb1ec9d23674ae4eda4cf9f02a5c87585efffb5,0xce54c175880ff4edaa5d80b2dc66dda0e34a36ac,campaign_1,blacklist target of hardcoded manager (Execute call) Jul-Oct 2025
avalanche,0x0eb7a03b8b0def940e6d831cbf94e30e6f20a389,0xce54c175880ff4edaa5d80b2dc66dda0e34a36ac,campaign_1,blacklist target of hardcoded manager (Execute call) Jul-Oct 2025
avalanche,0x0ec4fc47a7bbae0cf78079723b650f15ad58c691,0xce54c175880ff4edaa5d80b2dc66dda0e34a36ac,campaign_1,blacklist target of hardcoded manager (Execute call) Jul-Oct 2025
avalanche,0x0ecf329600482020096c335482d1b3fcd1da577c,0xce54c175880ff4edaa5d80b2dc66dda0e34a36ac,campaign_1,blacklist target of hardcoded manager (Execute call) Jul-Oct 2025
avalanche,0x0ed1088c7bf71d5034589040b43f74818ffb4c33,0xce54c175880ff4edaa5d80b2dc66dda0e34a36ac,campaign_1,blacklist target of hardcoded manager (Execute call) Jul-Oct 2025
avalanche,0x0edb7f7bef14b34f27fe8af9f1de7f781462f9cd,0xce54c175880ff4edaa5d80b2dc66dda0e34a36ac,campaign_1,blacklist target of hardcoded manager (Execute call) Jul-Oct 2025
avalanche,0x0ef13cb2f878638290e06aeb816383402910ba35,0xce54c175880ff4edaa5d80b2dc66dda0e34a36ac,campaign_1,blacklist target of hardcoded manager (Execute call) Jul-Oct 2025
avalanche,0x0ef1580a6b8c62ad2a454f4d0496a3009b7b1956,0xce54c175880ff4edaa5d80b2dc66dda0e34a36ac,campaign_1,blacklist target of hardcoded manager (Execute call) Jul-Oct 2025
avalanche,0x0ef425b4f4f11c1694e612c25e4a46d8dcf828b3,0xce54c175880ff4edaa5d80b2dc66dda0e34a36ac,campaign_1,blacklist target of hardcoded manager (Execute call) Jul-Oct 2025
avalanche,0x0ef6e9041c75da66e2ea4cab7c91d2db2eab1148,0xce54c175880ff4edaa5d80b2dc66dda0e34a36ac,campaign_1,blacklist target of hardcoded manager (Execute call) Jul-Oct 2025
avalanche,0x0eff45c1593192c4f76222d189bc4ef04cd63da7,0xce54c175880ff4edaa5d80b2dc66dda0e34a36ac,campaign_1,blacklist target of hardcoded manager (Execute call) Jul-Oct 2025
avalanche,0x0f14627756698e293bb6592a6d44f49b3a215999,0xce54c175880ff4edaa5d80b2dc66dda0e34a36ac,campaign_1,blacklist target of hardcoded manager (Execute call) Jul-Oct 2025
avalanche,0x0f22d107c38f09c880c2adccdbb80e8de0cf405f,0xce54c175880ff4edaa5d80b2dc66dda0e34a36ac,campaign_1,blacklist target of hardcoded manager (Execute call) Jul-Oct 2025
avalanche,0x0f2a93bf88109f44336628185acba1a550a57f51,0xce54c175880ff4edaa5d80b2dc66dda0e34a36ac,campaign_1,blacklist target of hardcoded manager (Execute call) Jul-Oct 2025
avalanche,0x0f43adb2a8fa1d8ce11fcd6223e5057cd99b4abb,0xce54c175880ff4edaa5d80b2dc66dda0e34a36ac,campaign_1,blacklist target of hardcoded manager (Execute call) Jul-Oct 2025
avalanche,0x0f4cfc23846417d1021823755552e9674ae4ab7c,0xce54c175880ff4edaa5d80b2dc66dda0e34a36ac,campaign_1,blacklist target of hardcoded manager (Execute call) Jul-Oct 2025
avalanche,0x0f5e9533ccdb0a4eb4f0780e9a4508cc07d7cecc,0xce54c175880ff4edaa5d80b2dc66dda0e34a36ac,campaign_1,blacklist target of hardcoded manager (Execute call) Jul-Oct 2025
avalanche,0x0f68ab36d2f4ac5dbe48353d49cf6e19ac42927e,0xce54c175880ff4edaa5d80b2dc66dda0e34a36ac,campaign_1,blacklist target of hardcoded manager (Execute call) Jul-Oct 2025
avalanche,0x0f693e18e2cf88bffceb7f4634e910bfc8c68c4a,0xce54c175880ff4edaa5d80b2dc66dda0e34a36ac,campaign_1,blacklist target of hardcoded manager (Execute call) Jul-Oct 2025
avalanche,0x0f6da7439143b06e8d1e29ead0fd161726fd758f,0xce54c175880ff4edaa5d80b2dc66dda0e34a36ac,campaign_1,blacklist target of hardcoded manager (Execute call) Jul-Oct 2025
avalanche,0x0f6eae13809dc5e46a03df28be9834584ce3251a,0xce54c175880ff4edaa5d80b2dc66dda0e34a36ac,campaign_1,blacklist target of hardcoded manager (Execute call) Jul-Oct 2025
avalanche,0x0f7a469521adfa71053675526ece36d512584a0b,0xce54c175880ff4edaa5d80b2dc66dda0e34a36ac,campaign_1,blacklist target of hardcoded manager (Execute call) Jul-Oct 2025
avalanche,0x0f86f7bef2543eb40a21d6143c68e08df21e1c02,0xce54c175880ff4edaa5d80b2dc66dda0e34a36ac,campaign_1,blacklist target of hardcoded manager (Execute call) Jul-Oct 2025
avalanche,0x0f8dd0d49ffff118dfa670ec45887fb0b54c9a83,0xce54c175880ff4edaa5d80b2dc66dda0e34a36ac,campaign_1,blacklist target of hardcoded manager (Execute call) Jul-Oct 2025
avalanche,0x0f9780c1e7a7cbd45afd81523e52fe2fb83fa444,0xce54c175880ff4edaa5d80b2dc66dda0e34a36ac,campaign_1,blacklist target of hardcoded manager (Execute call) Jul-Oct 2025
avalanche,0x0fbdacd6651d40da5203741234719af70aaeef76,0xce54c175880ff4edaa5d80b2dc66dda0e34a36ac,campaign_1,blacklist target of hardcoded manager (Execute call) Jul-Oct 2025
avalanche,0x0fc2416306bcbe96fe2ff7f0ff0c1ca12ee3b790,0xce54c175880ff4edaa5d80b2dc66dda0e34a36ac,campaign_1,blacklist target of hardcoded manager (Execute call) Jul-Oct 2025
avalanche,0x10103e8dd83f33a607a8f8d8f11d9eff029c2cc9,0xce54c175880ff4edaa5d80b2dc66dda0e34a36ac,campaign_1,blacklist target of hardcoded manager (Execute call) Jul-Oct 2025
avalanche,0x1012dfb8342168069573609f9108250549937bbd,0xce54c175880ff4edaa5d80b2dc66dda0e34a36ac,campaign_1,blacklist target of hardcoded manager (Execute call) Jul-Oct 2025
avalanche,0x10282cdd534db13b230b35b5ba3ae82734aef70b,0xce54c175880ff4edaa5d80b2dc66dda0e34a36ac,campaign_1,blacklist target of hardcoded manager (Execute call) Jul-Oct 2025
avalanche,0x102e8cec7dafbcca1d376134bb7f58e194940ffe,0xce54c175880ff4edaa5d80b2dc66dda0e34a36ac,campaign_1,blacklist target of hardcoded manager (Execute call) Jul-Oct 2025
avalanche,0x1040bf8a9e068eaf67520a594b9fead008521f88,0xce54c175880ff4edaa5d80b2dc66dda0e34a36ac,campaign_1,blacklist target of hardcoded manager (Execute call) Jul-Oct 2025
avalanche,0x1041e324eace4643e6fbbfa495123d80948444d2,0xce54c175880ff4edaa5d80b2dc66dda0e34a36ac,campaign_1,blacklist target of hardcoded manager (Execute call) Jul-Oct 2025
avalanche,0x1049c12fdf0f606f3b2851699fdefa57dfe8c737,0xce54c175880ff4edaa5d80b2dc66dda0e34a36ac,campaign_1,blacklist target of hardcoded manager (Execute call) Jul-Oct 2025
avalanche,0x10516a85b16b08f8aebf23dc5fc45c4f965b1d6d,0xce54c175880ff4edaa5d80b2dc66dda0e34a36ac,campaign_1,blacklist target of hardcoded manager (Execute call) Jul-Oct 2025
avalanche,0x1051a2fe2b02c5cbd80d02b5baac423c65cba5d9,0xce54c175880ff4edaa5d80b2dc66dda0e34a36ac,campaign_1,blacklist target of hardcoded manager (Execute call) Jul-Oct 2025
avalanche,0x1061ac73ff6ea161b440aa9a4ee28ff8c7c3aca8,0xce54c175880ff4edaa5d80b2dc66dda0e34a36ac,campaign_1,blacklist target of hardcoded manager (Execute call) Jul-Oct 2025
avalanche,0x1083a82e6a6ae1d297a024a7c80d97368c5589b4,0xce54c175880ff4edaa5d80b2dc66dda0e34a36ac,campaign_1,blacklist target of hardcoded manager (Execute call) Jul-Oct 2025
avalanche,0x109721e372592c0646c4bb4928edfc2988eca90e,0xce54c175880ff4edaa5d80b2dc66dda0e34a36ac,campaign_1,blacklist target of hardcoded manager (Execute call) Jul-Oct 2025
avalanche,0x109e09e0c223ddc63f804ee71ac6b232cf089817,0xce54c175880ff4edaa5d80b2dc66dda0e34a36ac,campaign_1,blacklist target of hardcoded manager (Execute call) Jul-Oct 2025
avalanche,0x10ba379a5febd287b3fd72b6a6d8bce7ae10ccfb,0xce54c175880ff4edaa5d80b2dc66dda0e34a36ac,campaign_1,blacklist target of hardcoded manager (Execute call) Jul-Oct 2025
avalanche,0x10bdab3805ad4873da931dfdb73b4123c4d4ca40,0xce54c175880ff4edaa5d80b2dc66dda0e34a36ac,campaign_1,blacklist target of hardcoded manager (Execute call) Jul-Oct 2025
avalanche,0x10c1f294078568ad3b1e3fe16c8089b12339db95,0xce54c175880ff4edaa5d80b2dc66dda0e34a36ac,campaign_1,blacklist target of hardcoded manager (Execute call) Jul-Oct 2025
avalanche,0x10cef62cef758f2eaaff8b47ae6859d2f1f01c4e,0xce54c175880ff4edaa5d80b2dc66dda0e34a36ac,campaign_1,blacklist target of hardcoded manager (Execute call) Jul-Oct 2025
avalanche,0x10e065ef38f57e550b3b660f61041575f8bc3be6,0xce54c175880ff4edaa5d80b2dc66dda0e34a36ac,campaign_1,blacklist target of hardcoded manager (Execute call) Jul-Oct 2025
avalanche,0x10e26b0c66b259bfe6efac219ab61d6c12ceb0ee,0xce54c175880ff4edaa5d80b2dc66dda0e34a36ac,campaign_1,blacklist target of hardcoded manager (Execute call) Jul-Oct 2025
avalanche,0x10f44cb03aa0a91a967c9a0836c2ddb02ec3b202,0xce54c175880ff4edaa5d80b2dc66dda0e34a36ac,campaign_1,blacklist target of hardcoded manager (Execute call) Jul-Oct 2025
avalanche,0x1103139fb82bc30c21b073a0557245bd66f09e52,0xce54c175880ff4edaa5d80b2dc66dda0e34a36ac,campaign_1,blacklist target of hardcoded manager (Execute call) Jul-Oct 2025
avalanche,0x1147612cbed2bcedf1f5a9d67db2554e5247d314,0xce54c175880ff4edaa5d80b2dc66dda0e34a36ac,campaign_1,blacklist target of hardcoded manager (Execute call) Jul-Oct 2025
avalanche,0x114aeb2cf384fa6a5821a785c9e40c4f9b6421a1,0xce54c175880ff4edaa5d80b2dc66dda0e34a36ac,campaign_1,blacklist target of hardcoded manager (Execute call) Jul-Oct 2025
avalanche,0x115332b7be521aea0bf50b855f1891e52b27aca7,0xce54c175880ff4edaa5d80b2dc66dda0e34a36ac,campaign_1,blacklist target of hardcoded manager (Execute call) Jul-Oct 2025
avalanche,0x1166e4877c5954e01fe347e528bd54efe2f200fb,0xce54c175880ff4edaa5d80b2dc66dda0e34a36ac,campaign_1,blacklist target of hardcoded manager (Execute call) Jul-Oct 2025
avalanche,0x11c1f7184ba22aef6e2eafdb60910689eaf51fbe,0xce54c175880ff4edaa5d80b2dc66dda0e34a36ac,campaign_1,blacklist target of hardcoded manager (Execute call) Jul-Oct 2025
avalanche,0x11c5535d8b8bf9091756049cad6703bfaa0ef61d,0xce54c175880ff4edaa5d80b2dc66dda0e34a36ac,campaign_1,blacklist target of hardcoded manager (Execute call) Jul-Oct 2025
avalanche,0x11f949c336673e31d923ab8da139206edcc92da0,0xce54c175880ff4edaa5d80b2dc66dda0e34a36ac,campaign_1,blacklist target of hardcoded manager (Execute call) Jul-Oct 2025
avalanche,0x11fb1bfe645b26457a1b73d9bf4d857adc4bdc00,0xce54c175880ff4edaa5d80b2dc66dda0e34a36ac,campaign_1,blacklist target of hardcoded manager (Execute call) Jul-Oct 2025
avalanche,0x121911155a46f6fdfa354198cba4ff84bba7bddc,0xce54c175880ff4edaa5d80b2dc66dda0e34a36ac,campaign_1,blacklist target of hardcoded manager (Execute call) Jul-Oct 2025
avalanche,0x121a4268f28e36dfd7570c53a2b11a058a7069b8,0xce54c175880ff4edaa5d80b2dc66dda0e34a36ac,campaign_1,blacklist target of hardcoded manager (Execute call) Jul-Oct 2025
avalanche,0x121fe41220ff7f06b1adf222a25a28e1d842eb66,0xce54c175880ff4edaa5d80b2dc66dda0e34a36ac,campaign_1,blacklist target of hardcoded manager (Execute call) Jul-Oct 2025
avalanche,0x1254b3a4f1badc7d696fe3254eb4ff1e50623bd8,0xce54c175880ff4edaa5d80b2dc66dda0e34a36ac,campaign_1,blacklist target of hardcoded manager (Execute call) Jul-Oct 2025
avalanche,0x1254f8e4c828895d5de036c40d1f0e2b926d5d5e,0xce54c175880ff4edaa5d80b2dc66dda0e34a36ac,campaign_1,blacklist target of hardcoded manager (Execute call) Jul-Oct 2025
avalanche,0x127313e316b93021e4d5336ec974e7acde304684,0xce54c175880ff4edaa5d80b2dc66dda0e34a36ac,campaign_1,blacklist target of hardcoded manager (Execute call) Jul-Oct 2025
avalanche,0x1277534d281f29edf04e5d478a78f6d86caf355b,0xce54c175880ff4edaa5d80b2dc66dda0e34a36ac,campaign_1,blacklist target of hardcoded manager (Execute call) Jul-Oct 2025
avalanche,0x1280e530ebe5fb7a1fea20a5ab23dca67049c197,0xce54c175880ff4edaa5d80b2dc66dda0e34a36ac,campaign_1,blacklist target of hardcoded manager (Execute call) Jul-Oct 2025
avalanche,0x128b0c87628a81b7f4fdad498cd955141a396f82,0xce54c175880ff4edaa5d80b2dc66dda0e34a36ac,campaign_1,blacklist target of hardcoded manager (Execute call) Jul-Oct 2025
avalanche,0x128fdf9140401729e7ee98b077d79b64ff1fe4b1,0xce54c175880ff4edaa5d80b2dc66dda0e34a36ac,campaign_1,blacklist target of hardcoded manager (Execute call) Jul-Oct 2025
avalanche,0x1290090026a03e53c8499b3e028c084aad7b6e33,0xce54c175880ff4edaa5d80b2dc66dda0e34a36ac,campaign_1,blacklist target of hardcoded manager (Execute call) Jul-Oct 2025
avalanche,0x12991841bd16790e38841c228a28dfac3ee2ad49,0xce54c175880ff4edaa5d80b2dc66dda0e34a36ac,campaign_1,blacklist target of hardcoded manager (Execute call) Jul-Oct 2025
avalanche,0x12a7bdd5b3336d7ea5e9322d5186353101954e18,0xce54c175880ff4edaa5d80b2dc66dda0e34a36ac,campaign_1,blacklist target of hardcoded manager (Execute call) Jul-Oct 2025
avalanche,0x12ae286cc0917357d6f5da4c7ae7f2f080ca28df,0xce54c175880ff4edaa5d80b2dc66dda0e34a36ac,campaign_1,blacklist target of hardcoded manager (Execute call) Jul-Oct 2025
avalanche,0x12b00f43004d624fc514d9c752f0f1de12e08155,0xce54c175880ff4edaa5d80b2dc66dda0e34a36ac,campaign_1,blacklist target of hardcoded manager (Execute call) Jul-Oct 2025
avalanche,0x12c6cdc78cc9d1b7a1d14f3d36ddf4030e9a4e33,0xce54c175880ff4edaa5d80b2dc66dda0e34a36ac,campaign_1,blacklist target of hardcoded manager (Execute call) Jul-Oct 2025
avalanche,0x12cb00e81ec1db2a56ef001832bfeef309cd7afa,0xce54c175880ff4edaa5d80b2dc66dda0e34a36ac,campaign_1,blacklist target of hardcoded manager (Execute call) Jul-Oct 2025
avalanche,0x12dcfa0acd4cd7eee2a4185cab33d1aa3f66beeb,0xce54c175880ff4edaa5d80b2dc66dda0e34a36ac,campaign_1,blacklist target of hardcoded manager (Execute call) Jul-Oct 2025
avalanche,0x12f370b56f0fc1dcf63179481bb774109f2bdd6c,0xce54c175880ff4edaa5d80b2dc66dda0e34a36ac,campaign_1,blacklist target of hardcoded manager (Execute call) Jul-Oct 2025
avalanche,0x12f41c8bf3f6647aba1e0eecf9e7fa60203fef63,0xce54c175880ff4edaa5d80b2dc66dda0e34a36ac,campaign_1,blacklist target of hardcoded manager (Execute call) Jul-Oct 2025
avalanche,0x12fab4c6935105f7ecf01d3b8d1f3b1fc41eaeb1,0xce54c175880ff4edaa5d80b2dc66dda0e34a36ac,campaign_1,blacklist target of hardcoded manager (Execute call) Jul-Oct 2025
avalanche,0x1310126752fb6caf8a8b9126dbaf5388a2f2c8f8,0xce54c175880ff4edaa5d80b2dc66dda0e34a36ac,campaign_1,blacklist target of hardcoded manager (Execute call) Jul-Oct 2025
avalanche,0x131efb6673d1451bd96647f68e33b3fcbf0ffb00,0xce54c175880ff4edaa5d80b2dc66dda0e34a36ac,campaign_1,blacklist target of hardcoded manager (Execute call) Jul-Oct 2025
avalanche,0x1325fe3ddf358a513e60538e171268ef92e93326,0xce54c175880ff4edaa5d80b2dc66dda0e34a36ac,campaign_1,blacklist target of hardcoded manager (Execute call) Jul-Oct 2025
avalanche,0x1326830f33de033cbafbb2efda739dbde8dcaecb,0xce54c175880ff4edaa5d80b2dc66dda0e34a36ac,campaign_1,blacklist target of hardcoded manager (Execute call) Jul-Oct 2025
avalanche,0x13305c0f987b56a7889aaf368838950ac3bbb4b3,0xce54c175880ff4edaa5d80b2dc66dda0e34a36ac,campaign_1,blacklist target of hardcoded manager (Execute call) Jul-Oct 2025
avalanche,0x134010134790f8e579d19da180cd2ea6efac7308,0xce54c175880ff4edaa5d80b2dc66dda0e34a36ac,campaign_1,blacklist target of hardcoded manager (Execute call) Jul-Oct 2025
avalanche,0x136013437db8b5d591900bc1f294095672b8caa5,0xce54c175880ff4edaa5d80b2dc66dda0e34a36ac,campaign_1,blacklist target of hardcoded manager (Execute call) Jul-Oct 2025
avalanche,0x1360a2b89bafc894e299f5e3c4eb12c87c3c60b4,0xce54c175880ff4edaa5d80b2dc66dda0e34a36ac,campaign_1,blacklist target of hardcoded manager (Execute call) Jul-Oct 2025
avalanche,0x13697d015d621f19e98d9ae1f7a4032cfb0b3287,0xce54c175880ff4edaa5d80b2dc66dda0e34a36ac,campaign_1,blacklist target of hardcoded manager (Execute call) Jul-Oct 2025
avalanche,0x13828e263273257264fc68b1805caa333f04964a,0xce54c175880ff4edaa5d80b2dc66dda0e34a36ac,campaign_1,blacklist target of hardcoded manager (Execute call) Jul-Oct 2025
avalanche,0x13865a95e7c35742c952d46badec6e30b4c028ab,0xce54c175880ff4edaa5d80b2dc66dda0e34a36ac,campaign_1,blacklist target of hardcoded manager (Execute call) Jul-Oct 2025
avalanche,0x138ac4d279e4888e0a0e2ea63e8350179eb76108,0xce54c175880ff4edaa5d80b2dc66dda0e34a36ac,campaign_1,blacklist target of hardcoded manager (Execute call) Jul-Oct 2025
avalanche,0x138ef516338896a002fc6e3ae2759f49f33e21ed,0xce54c175880ff4edaa5d80b2dc66dda0e34a36ac,campaign_1,blacklist target of hardcoded manager (Execute call) Jul-Oct 2025
avalanche,0x139464411745a0bf13d1e6cd447736642504f32a,0xce54c175880ff4edaa5d80b2dc66dda0e34a36ac,campaign_1,blacklist target of hardcoded manager (Execute call) Jul-Oct 2025
avalanche,0x13a5a0431a3e338a08d6eb69e625c9d935b07982,0xce54c175880ff4edaa5d80b2dc66dda0e34a36ac,campaign_1,blacklist target of hardcoded manager (Execute call) Jul-Oct 2025
avalanche,0x13adfa4816718bb02e98129b69b3c8de0c628881,0xce54c175880ff4edaa5d80b2dc66dda0e34a36ac,campaign_1,blacklist target of hardcoded manager (Execute call) Jul-Oct 2025
avalanche,0x13b916a709f285e44f3ffc1cd404f903f3b7f3de,0xce54c175880ff4edaa5d80b2dc66dda0e34a36ac,campaign_1,blacklist target of hardcoded manager (Execute call) Jul-Oct 2025
avalanche,0x13be354f06837a727cda0bfc145edb22665a46e4,0xce54c175880ff4edaa5d80b2dc66dda0e34a36ac,campaign_1,blacklist target of hardcoded manager (Execute call) Jul-Oct 2025
avalanche,0x13d8e7b3e7c20d6db803764ef756b7d785ae84a7,0xce54c175880ff4edaa5d80b2dc66dda0e34a36ac,campaign_1,blacklist target of hardcoded manager (Execute call) Jul-Oct 2025
avalanche,0x13ebd8567a83e8f92d71cac20899f07b274472ed,0xce54c175880ff4edaa5d80b2dc66dda0e34a36ac,campaign_1,blacklist target of hardcoded manager (Execute call) Jul-Oct 2025
avalanche,0x140c2f76618a65e75da30d968621d2c6f4e197d6,0xce54c175880ff4edaa5d80b2dc66dda0e34a36ac,campaign_1,blacklist target of hardcoded manager (Execute call) Jul-Oct 2025
avalanche,0x140e8b7866fe2fc63315080b3f0b68dd2a82e877,0xce54c175880ff4edaa5d80b2dc66dda0e34a36ac,campaign_1,blacklist target of hardcoded manager (Execute call) Jul-Oct 2025
avalanche,0x14157482e74fee895a9c13674086465c9cda0600,0xce54c175880ff4edaa5d80b2dc66dda0e34a36ac,campaign_1,blacklist target of hardcoded manager (Execute call) Jul-Oct 2025
avalanche,0x142579e4521166a049febcd3bc37b1afab54173f,0xce54c175880ff4edaa5d80b2dc66dda0e34a36ac,campaign_1,blacklist target of hardcoded manager (Execute call) Jul-Oct 2025
avalanche,0x14345acbfad9423dac87b893ec50bc99f2a11995,0xce54c175880ff4edaa5d80b2dc66dda0e34a36ac,campaign_1,blacklist target of hardcoded manager (Execute call) Jul-Oct 2025
avalanche,0x1435d518c8b3ba7fa365d8670aec2b0c6aa04c09,0xce54c175880ff4edaa5d80b2dc66dda0e34a36ac,campaign_1,blacklist target of hardcoded manager (Execute call) Jul-Oct 2025
avalanche,0x143a929e67ac124b3d6b0aa935a9d3191f7b8828,0xce54c175880ff4edaa5d80b2dc66dda0e34a36ac,campaign_1,blacklist target of hardcoded manager (Execute call) Jul-Oct 2025
avalanche,0x144edcd0a3b852cd457baf8456f4b7e54c76a779,0xce54c175880ff4edaa5d80b2dc66dda0e34a36ac,campaign_1,blacklist target of hardcoded manager (Execute call) Jul-Oct 2025
avalanche,0x14802115a2fffeae0e1c2b33dcbe19acc654a912,0xce54c175880ff4edaa5d80b2dc66dda0e34a36ac,campaign_1,blacklist target of hardcoded manager (Execute call) Jul-Oct 2025
avalanche,0x149cfb3eeda42b8339c1f4afd62aff1ce7e33b96,0xce54c175880ff4edaa5d80b2dc66dda0e34a36ac,campaign_1,blacklist target of hardcoded manager (Execute call) Jul-Oct 2025
avalanche,0x14b29720fc669640579672af0c6d63779c31f69a,0xce54c175880ff4edaa5d80b2dc66dda0e34a36ac,campaign_1,blacklist target of hardcoded manager (Execute call) Jul-Oct 2025
avalanche,0x14b3e799c414e05b2c2e3860c05d52e90ffdcd2f,0xce54c175880ff4edaa5d80b2dc66dda0e34a36ac,campaign_1,blacklist target of hardcoded manager (Execute call) Jul-Oct 2025
avalanche,0x14ba31a8280e4c7c3459e61c52306d1b125b9c77,0xce54c175880ff4edaa5d80b2dc66dda0e34a36ac,campaign_1,blacklist target of hardcoded manager (Execute call) Jul-Oct 2025
avalanche,0x14d79513cd7fbd76bf6d09941ef719e8b0b49c29,0xce54c175880ff4edaa5d80b2dc66dda0e34a36ac,campaign_1,blacklist target of hardcoded manager (Execute call) Jul-Oct 2025
avalanche,0x14d7e3b9a4fd33788fa10658607b22e61cfc9fc8,0xce54c175880ff4edaa5d80b2dc66dda0e34a36ac,campaign_1,blacklist target of hardcoded manager (Execute call) Jul-Oct 2025
avalanche,0x14e333269c76e9776408a5d61e4fe5f492c25c2f,0xce54c175880ff4edaa5d80b2dc66dda0e34a36ac,campaign_1,blacklist target of hardcoded manager (Execute call) Jul-Oct 2025
avalanche,0x14ffe115ade1836327e0bb5c95c48bc2e2fcad20,0xce54c175880ff4edaa5d80b2dc66dda0e34a36ac,campaign_1,blacklist target of hardcoded manager (Execute call) Jul-Oct 2025
avalanche,0x1505f219eed0801477eb1a006c71ebc9dc27a9a1,0xce54c175880ff4edaa5d80b2dc66dda0e34a36ac,campaign_1,blacklist target of hardcoded manager (Execute call) Jul-Oct 2025
avalanche,0x15087bd9db8b8a06d7e55e1675ff71bc0e5f058f,0xce54c175880ff4edaa5d80b2dc66dda0e34a36ac,campaign_1,blacklist target of hardcoded manager (Execute call) Jul-Oct 2025
avalanche,0x150f8dcdd55e222889d89aa078836bb50ace0553,0xce54c175880ff4edaa5d80b2dc66dda0e34a36ac,campaign_1,blacklist target of hardcoded manager (Execute call) Jul-Oct 2025
avalanche,0x1510e12ae66320879162b4b14c7b58414249a089,0xce54c175880ff4edaa5d80b2dc66dda0e34a36ac,campaign_1,blacklist target of hardcoded manager (Execute call) Jul-Oct 2025
avalanche,0x151b6d6677fc62c6f73380e3cb18ca9b03567d7a,0xce54c175880ff4edaa5d80b2dc66dda0e34a36ac,campaign_1,blacklist target of hardcoded manager (Execute call) Jul-Oct 2025
avalanche,0x151c85a993bb1eba5f2bf50978748c0b3d8b0fe4,0xce54c175880ff4edaa5d80b2dc66dda0e34a36ac,campaign_1,blacklist target of hardcoded manager (Execute call) Jul-Oct 2025
avalanche,0x1523f760a37a37993889db17b8b125284e730c36,0xce54c175880ff4edaa5d80b2dc66dda0e34a36ac,campaign_1,blacklist target of hardcoded manager (Execute call) Jul-Oct 2025
avalanche,0x1534693dc437a7a1aa55e54bf6de195e972f6fb0,0xce54c175880ff4edaa5d80b2dc66dda0e34a36ac,campaign_1,blacklist target of hardcoded manager (Execute call) Jul-Oct 2025
avalanche,0x154115529b8b5c956d59ed002fad7e1f5d9ea545,0xce54c175880ff4edaa5d80b2dc66dda0e34a36ac,campaign_1,blacklist target of hardcoded manager (Execute call) Jul-Oct 2025
avalanche,0x1543264806259927ef3ca4c9afd9a4859e93ae20,0xce54c175880ff4edaa5d80b2dc66dda0e34a36ac,campaign_1,blacklist target of hardcoded manager (Execute call) Jul-Oct 2025
avalanche,0x154cab20e2f97479b106ed7181116c00a2be5a5b,0xce54c175880ff4edaa5d80b2dc66dda0e34a36ac,campaign_1,blacklist target of hardcoded manager (Execute call) Jul-Oct 2025
avalanche,0x15610964110c92e8a8540af7ed3f477ade195e31,0xce54c175880ff4edaa5d80b2dc66dda0e34a36ac,campaign_1,blacklist target of hardcoded manager (Execute call) Jul-Oct 2025
avalanche,0x15733ebef47b23921a310861557720f08a0fb3e2,0xce54c175880ff4edaa5d80b2dc66dda0e34a36ac,campaign_1,blacklist target of hardcoded manager (Execute call) Jul-Oct 2025
avalanche,0x157bad4471a83b233b2fb86b3a923455fbb539ac,0xce54c175880ff4edaa5d80b2dc66dda0e34a36ac,campaign_1,blacklist target of hardcoded manager (Execute call) Jul-Oct 2025
avalanche,0x157d0ee2e75608d4ddc8f6b9ab6b6dc26990ef04,0xce54c175880ff4edaa5d80b2dc66dda0e34a36ac,campaign_1,blacklist target of hardcoded manager (Execute call) Jul-Oct 2025
avalanche,0x15ae4de09212524c2dbdb2661b5346730e127c9d,0xce54c175880ff4edaa5d80b2dc66dda0e34a36ac,campaign_1,blacklist target of hardcoded manager (Execute call) Jul-Oct 2025
avalanche,0x15b9efe42521beac2b5c4db66312a9f3741a99e8,0xce54c175880ff4edaa5d80b2dc66dda0e34a36ac,campaign_1,blacklist target of hardcoded manager (Execute call) Jul-Oct 2025
avalanche,0x15bb9b9ba3f0ddae68244de03b72227a2a8b6229,0xce54c175880ff4edaa5d80b2dc66dda0e34a36ac,campaign_1,blacklist target of hardcoded manager (Execute call) Jul-Oct 2025
avalanche,0x15c67d62c0b8a5becf2e2a15d88edc9cc1eb0b41,0xce54c175880ff4edaa5d80b2dc66dda0e34a36ac,campaign_1,blacklist target of hardcoded manager (Execute call) Jul-Oct 2025
avalanche,0x15cad0a1bec011cd151fece3cb1a03eaffb4fa6f,0xce54c175880ff4edaa5d80b2dc66dda0e34a36ac,campaign_1,blacklist target of hardcoded manager (Execute call) Jul-Oct 2025
avalanche,0x15cf698d2fc185b23f5a06658e94493c90108696,0xce54c175880ff4edaa5d80b2dc66dda0e34a36ac,campaign_1,blacklist target of hardcoded manager (Execute call) Jul-Oct 2025
avalanche,0x15d05201bfad31dafa1e534009d9823bf9f8dd1f,0xce54c175880ff4edaa5d80b2dc66dda0e34a36ac,campaign_1,blacklist target of hardcoded manager (Execute call) Jul-Oct 2025
avalanche,0x15d0efd227e5e81a43a32aeda96ec2a7fd4a1a62,0xce54c175880ff4edaa5d80b2dc66dda0e34a36ac,campaign_1,blacklist target of hardcoded manager (Execute call) Jul-Oct 2025
avalanche,0x15d926acd1707620439ce2d7658e83a75081aa0e,0xce54c175880ff4edaa5d80b2dc66dda0e34a36ac,campaign_1,blacklist target of hardcoded manager (Execute call) Jul-Oct 2025
avalanche,0x15e8c16771d452bf785df92509c850351525b4b3,0xce54c175880ff4edaa5d80b2dc66dda0e34a36ac,campaign_1,blacklist target of hardcoded manager (Execute call) Jul-Oct 2025
avalanche,0x15ef91e609542d84368a8e75a6e2ddc08e86da56,0xce54c175880ff4edaa5d80b2dc66dda0e34a36ac,campaign_1,blacklist target of hardcoded manager (Execute call) Jul-Oct 2025
avalanche,0x15f4379b5942c994013bbc8ad14b18302abbab8d,0xce54c175880ff4edaa5d80b2dc66dda0e34a36ac,campaign_1,blacklist target of hardcoded manager (Execute call) Jul-Oct 2025
avalanche,0x15f44fb995487dead1d5a208c72959a1206beffc,0xce54c175880ff4edaa5d80b2dc66dda0e34a36ac,campaign_1,blacklist target of hardcoded manager (Execute call) Jul-Oct 2025
avalanche,0x15f837d8f799e0269cfc71b9d22e06de84b19039,0xce54c175880ff4edaa5d80b2dc66dda0e34a36ac,campaign_1,blacklist target of hardcoded manager (Execute call) Jul-Oct 2025
avalanche,0x15f941720fb7b9cd2752ae005eedb7e1e8e7b0f9,0xce54c175880ff4edaa5d80b2dc66dda0e34a36ac,campaign_1,blacklist target of hardcoded manager (Execute call) Jul-Oct 2025
avalanche,0x1604b11029d56baed09ad22e783e27ef458ee0be,0xce54c175880ff4edaa5d80b2dc66dda0e34a36ac,campaign_1,blacklist target of hardcoded manager (Execute call) Jul-Oct 2025
avalanche,0x16138cec97fc59869452b973a8fc7235820dc4aa,0xce54c175880ff4edaa5d80b2dc66dda0e34a36ac,campaign_1,blacklist target of hardcoded manager (Execute call) Jul-Oct 2025
avalanche,0x1627ec8eaaa7da2da1adf47e5048e44ddf50eb9c,0xce54c175880ff4edaa5d80b2dc66dda0e34a36ac,campaign_1,blacklist target of hardcoded manager (Execute call) Jul-Oct 2025
avalanche,0x1627f805ab53558af06846b5f62b25fd406999e2,0xce54c175880ff4edaa5d80b2dc66dda0e34a36ac,campaign_1,blacklist target of hardcoded manager (Execute call) Jul-Oct 2025
avalanche,0x1637c8041151646cbc12eb02b33625f1db387db8,0xce54c175880ff4edaa5d80b2dc66dda0e34a36ac,campaign_1,blacklist target of hardcoded manager (Execute call) Jul-Oct 2025
avalanche,0x1638a04cd31a059b34afb459ba8278276a20b37f,0xce54c175880ff4edaa5d80b2dc66dda0e34a36ac,campaign_1,blacklist target of hardcoded manager (Execute call) Jul-Oct 2025
avalanche,0x165618e7e7faab881b863af534e7b3586d641b47,0xce54c175880ff4edaa5d80b2dc66dda0e34a36ac,campaign_1,blacklist target of hardcoded manager (Execute call) Jul-Oct 2025
avalanche,0x1666a7c7fff4b05b9db868f64aeac7278d1701d9,0xce54c175880ff4edaa5d80b2dc66dda0e34a36ac,campaign_1,blacklist target of hardcoded manager (Execute call) Jul-Oct 2025
avalanche,0x1673ef314734716fea327cbf2bc373c5dab3a4a6,0xce54c175880ff4edaa5d80b2dc66dda0e34a36ac,campaign_1,blacklist target of hardcoded manager (Execute call) Jul-Oct 2025
avalanche,0x1686fb2de6a4a77205533d08239fc38c1ad1c2d5,0xce54c175880ff4edaa5d80b2dc66dda0e34a36ac,campaign_1,blacklist target of hardcoded manager (Execute call) Jul-Oct 2025
avalanche,0x16874e8a8a02145d5cc1df09eab2d1826f0ce848,0xce54c175880ff4edaa5d80b2dc66dda0e34a36ac,campaign_1,blacklist target of hardcoded manager (Execute call) Jul-Oct 2025
avalanche,0x168edc8bda50fbaa9873871d55e05bc9cdf8bb53,0xce54c175880ff4edaa5d80b2dc66dda0e34a36ac,campaign_1,blacklist target of hardcoded manager (Execute call) Jul-Oct 2025
avalanche,0x168fb3f6cd5e4130e045047756f73b2d52ca1792,0xce54c175880ff4edaa5d80b2dc66dda0e34a36ac,campaign_1,blacklist target of hardcoded manager (Execute call) Jul-Oct 2025
avalanche,0x169648bc74e27f6fd7f9cb31d5b8466da042e7ae,0xce54c175880ff4edaa5d80b2dc66dda0e34a36ac,campaign_1,blacklist target of hardcoded manager (Execute call) Jul-Oct 2025
avalanche,0x16bc89732e3a9033685421dde0232810351e7783,0xce54c175880ff4edaa5d80b2dc66dda0e34a36ac,campaign_1,blacklist target of hardcoded manager (Execute call) Jul-Oct 2025
avalanche,0x16c223bee8d5d9b25e9a6d89b556b56bf7eff783,0xce54c175880ff4edaa5d80b2dc66dda0e34a36ac,campaign_1,blacklist target of hardcoded manager (Execute call) Jul-Oct 2025
avalanche,0x16c2c9d6703c4b5f5fc0470a917a7d7f01b3f405,0xce54c175880ff4edaa5d80b2dc66dda0e34a36ac,campaign_1,blacklist target of hardcoded manager (Execute call) Jul-Oct 2025
avalanche,0x16d55b1c7155948b2d8f606979cf8be0e7f2e91a,0xce54c175880ff4edaa5d80b2dc66dda0e34a36ac,campaign_1,blacklist target of hardcoded manager (Execute call) Jul-Oct 2025
avalanche,0x16dd9c95cd67ec87ae5e18372e7b4f78e9eed732,0xce54c175880ff4edaa5d80b2dc66dda0e34a36ac,campaign_1,blacklist target of hardcoded manager (Execute call) Jul-Oct 2025
avalanche,0x16ddecfa2d9897d8e98de5a299d5a0bfd4465a77,0xce54c175880ff4edaa5d80b2dc66dda0e34a36ac,campaign_1,blacklist target of hardcoded manager (Execute call) Jul-Oct 2025
avalanche,0x16dea6753d8a2ffb7b56b80d9f6dba77e3c3d62c,0xce54c175880ff4edaa5d80b2dc66dda0e34a36ac,campaign_1,blacklist target of hardcoded manager (Execute call) Jul-Oct 2025
avalanche,0x16e3e0459da5f38baf6ec28cd01706d9e602955b,0xce54c175880ff4edaa5d80b2dc66dda0e34a36ac,campaign_1,blacklist target of hardcoded manager (Execute call) Jul-Oct 2025
avalanche,0x16e5b19785808f89d010cf4b103d6695e055e6af,0xce54c175880ff4edaa5d80b2dc66dda0e34a36ac,campaign_1,blacklist target of hardcoded manager (Execute call) Jul-Oct 2025
avalanche,0x1718375d50f57cf99d14fa6db7c268ad163ed909,0xce54c175880ff4edaa5d80b2dc66dda0e34a36ac,campaign_1,blacklist target of hardcoded manager (Execute call) Jul-Oct 2025
avalanche,0x171d66880ea6f5fc5588b03158996321a4d4d02c,0xce54c175880ff4edaa5d80b2dc66dda0e34a36ac,campaign_1,blacklist target of hardcoded manager (Execute call) Jul-Oct 2025
avalanche,0x172253c2379e806dc0208efa2e03e5a898a006db,0xce54c175880ff4edaa5d80b2dc66dda0e34a36ac,campaign_1,blacklist target of hardcoded manager (Execute call) Jul-Oct 2025
avalanche,0x17256ebc333dbf16aa8545678cc60a8ce5b00e08,0xce54c175880ff4edaa5d80b2dc66dda0e34a36ac,campaign_1,blacklist target of hardcoded manager (Execute call) Jul-Oct 2025
avalanche,0x1735b66341b94e09192c6cb1d2cf3e4a7fedf7ac,0xce54c175880ff4edaa5d80b2dc66dda0e34a36ac,campaign_1,blacklist target of hardcoded manager (Execute call) Jul-Oct 2025
avalanche,0x1741d8730dcd9ee33f1e00a900b61aeb5d5ecb69,0xce54c175880ff4edaa5d80b2dc66dda0e34a36ac,campaign_1,blacklist target of hardcoded manager (Execute call) Jul-Oct 2025
avalanche,0x1768719eed89ffe8d25c1f1a57f3c5680c10be1e,0xce54c175880ff4edaa5d80b2dc66dda0e34a36ac,campaign_1,blacklist target of hardcoded manager (Execute call) Jul-Oct 2025
avalanche,0x176c32d46f6bfc7ca943b55c7d9bd86b524530b0,0xce54c175880ff4edaa5d80b2dc66dda0e34a36ac,campaign_1,blacklist target of hardcoded manager (Execute call) Jul-Oct 2025
avalanche,0x176d587a051a3be38649bcb544ce012e7a19f0d6,0xce54c175880ff4edaa5d80b2dc66dda0e34a36ac,campaign_1,blacklist target of hardcoded manager (Execute call) Jul-Oct 2025
avalanche,0x1770a7ecd8a023f3b8a63445282979b5ecc86b10,0xce54c175880ff4edaa5d80b2dc66dda0e34a36ac,campaign_1,blacklist target of hardcoded manager (Execute call) Jul-Oct 2025
avalanche,0x17a214792ae78fb6687b9e17921803eabd183e2b,0xce54c175880ff4edaa5d80b2dc66dda0e34a36ac,campaign_1,blacklist target of hardcoded manager (Execute call) Jul-Oct 2025
avalanche,0x17d18cb17dac581c16b959f6ca7cc978c4e00f89,0xce54c175880ff4edaa5d80b2dc66dda0e34a36ac,campaign_1,blacklist target of hardcoded manager (Execute call) Jul-Oct 2025
avalanche,0x1824eb506fa92e5264b147c81743548a7f334d7a,0xce54c175880ff4edaa5d80b2dc66dda0e34a36ac,campaign_1,blacklist target of hardcoded manager (Execute call) Jul-Oct 2025
avalanche,0x182dedb209b85708d3780c2896e2cb670b20ffa5,0xce54c175880ff4edaa5d80b2dc66dda0e34a36ac,campaign_1,blacklist target of hardcoded manager (Execute call) Jul-Oct 2025
avalanche,0x18398a00bf184b8786012351f9c37035246e1aed,0xce54c175880ff4edaa5d80b2dc66dda0e34a36ac,campaign_1,blacklist target of hardcoded manager (Execute call) Jul-Oct 2025
avalanche,0x185ac1417b84dd0692df21955993b20d7cbc96c8,0xce54c175880ff4edaa5d80b2dc66dda0e34a36ac,campaign_1,blacklist target of hardcoded manager (Execute call) Jul-Oct 2025
avalanche,0x186150b0706e71d58f2f26287a2a54fdab2cf606,0xce54c175880ff4edaa5d80b2dc66dda0e34a36ac,campaign_1,blacklist target of hardcoded manager (Execute call) Jul-Oct 2025
avalanche,0x1864f017cffb96602e86eddd041e1f1f23a2aa56,0xce54c175880ff4edaa5d80b2dc66dda0e34a36ac,campaign_1,blacklist target of hardcoded manager (Execute call) Jul-Oct 2025
avalanche,0x1869bfef47739b763be2fa199060f7a3ec278996,0xce54c175880ff4edaa5d80b2dc66dda0e34a36ac,campaign_1,blacklist target of hardcoded manager (Execute call) Jul-Oct 2025
avalanche,0x1875fdaaa066387a53e595658f607ca4667528f1,0xce54c175880ff4edaa5d80b2dc66dda0e34a36ac,campaign_1,blacklist target of hardcoded manager (Execute call) Jul-Oct 2025
avalanche,0x187d6abbf513ab3fb2ad034c5f777efdc823986f,0xce54c175880ff4edaa5d80b2dc66dda0e34a36ac,campaign_1,blacklist target of hardcoded manager (Execute call) Jul-Oct 2025
avalanche,0x1887a1189a8fd2251ac640d73be0d9c2d17fb0ef,0xce54c175880ff4edaa5d80b2dc66dda0e34a36ac,campaign_1,blacklist target of hardcoded manager (Execute call) Jul-Oct 2025
avalanche,0x189062054858c66a622c522df3aa6ab1255bc1b6,0xce54c175880ff4edaa5d80b2dc66dda0e34a36ac,campaign_1,blacklist target of hardcoded manager (Execute call) Jul-Oct 2025
avalanche,0x18945ce25b7a71162ce817756cb82638c7c30d01,0xce54c175880ff4edaa5d80b2dc66dda0e34a36ac,campaign_1,blacklist target of hardcoded manager (Execute call) Jul-Oct 2025
avalanche,0x18b7ab396a01546ab21e09c5a7cd22d5bb4fa915,0xce54c175880ff4edaa5d80b2dc66dda0e34a36ac,campaign_1,blacklist target of hardcoded manager (Execute call) Jul-Oct 2025
avalanche,0x18bf64db5f5e5770d3932289bcc3c54a33ecb996,0xce54c175880ff4edaa5d80b2dc66dda0e34a36ac,campaign_1,blacklist target of hardcoded manager (Execute call) Jul-Oct 2025
avalanche,0x18c0567cd5595829e14fc403381dce9c949fa960,0xce54c175880ff4edaa5d80b2dc66dda0e34a36ac,campaign_1,blacklist target of hardcoded manager (Execute call) Jul-Oct 2025
avalanche,0x18c8d602d43cb93356e83b54f58e22658c6dd7db,0xce54c175880ff4edaa5d80b2dc66dda0e34a36ac,campaign_1,blacklist target of hardcoded manager (Execute call) Jul-Oct 2025
avalanche,0x18d01b5f777e9fe46df27e07f27684b6808dafde,0xce54c175880ff4edaa5d80b2dc66dda0e34a36ac,campaign_1,blacklist target of hardcoded manager (Execute call) Jul-Oct 2025
avalanche,0x18e493d8e7ef416f47ec5d75835f01a7158b62bc,0xce54c175880ff4edaa5d80b2dc66dda0e34a36ac,campaign_1,blacklist target of hardcoded manager (Execute call) Jul-Oct 2025
avalanche,0x18e5b455de0ec91445dc5bffcd42ba3b0fe16a21,0xce54c175880ff4edaa5d80b2dc66dda0e34a36ac,campaign_1,blacklist target of hardcoded manager (Execute call) Jul-Oct 2025
avalanche,0x18e96e6985db5997de4bbebdec28b9da550d0505,0xce54c175880ff4edaa5d80b2dc66dda0e34a36ac,campaign_1,blacklist target of hardcoded manager (Execute call) Jul-Oct 2025
avalanche,0x18f0c67e0dd6031b7f4e18d85f13e229f08ccef1,0xce54c175880ff4edaa5d80b2dc66dda0e34a36ac,campaign_1,blacklist target of hardcoded manager (Execute call) Jul-Oct 2025
avalanche,0x1906519bc6c715c78bcae3a6bc02019391899f00,0xce54c175880ff4edaa5d80b2dc66dda0e34a36ac,campaign_1,blacklist target of hardcoded manager (Execute call) Jul-Oct 2025
avalanche,0x193031632a8b7ecea5e1adf88af9fd7684093487,0xce54c175880ff4edaa5d80b2dc66dda0e34a36ac,campaign_1,blacklist target of hardcoded manager (Execute call) Jul-Oct 2025
avalanche,0x193838ae5e11175c54e9c1d02bbb3b155bb67658,0xce54c175880ff4edaa5d80b2dc66dda0e34a36ac,campaign_1,blacklist target of hardcoded manager (Execute call) Jul-Oct 2025
avalanche,0x193a831d8736024c6b64b5a7c25e77017ccdc2ed,0xce54c175880ff4edaa5d80b2dc66dda0e34a36ac,campaign_1,blacklist target of hardcoded manager (Execute call) Jul-Oct 2025
avalanche,0x1950a01250a877c513bf5a186b69aa2c38eb2a2d,0xce54c175880ff4edaa5d80b2dc66dda0e34a36ac,campaign_1,blacklist target of hardcoded manager (Execute call) Jul-Oct 2025
avalanche,0x1959e0095499b40f849817904654c1c99539d9c6,0xce54c175880ff4edaa5d80b2dc66dda0e34a36ac,campaign_1,blacklist target of hardcoded manager (Execute call) Jul-Oct 2025
avalanche,0x1973cf38c53249e290e73fc922532be081fdb354,0xce54c175880ff4edaa5d80b2dc66dda0e34a36ac,campaign_1,blacklist target of hardcoded manager (Execute call) Jul-Oct 2025
avalanche,0x19a86374ac21f82b373a32048eeebd9b34a73ea7,0xce54c175880ff4edaa5d80b2dc66dda0e34a36ac,campaign_1,blacklist target of hardcoded manager (Execute call) Jul-Oct 2025
avalanche,0x19b180ae00d89222b3af94d3457fc38f88df5883,0xce54c175880ff4edaa5d80b2dc66dda0e34a36ac,campaign_1,blacklist target of hardcoded manager (Execute call) Jul-Oct 2025
avalanche,0x19b7a8ae25f932cee6811ffe199c8ca814ee313a,0xce54c175880ff4edaa5d80b2dc66dda0e34a36ac,campaign_1,blacklist target of hardcoded manager (Execute call) Jul-Oct 2025
avalanche,0x19c98b6782d348ebc706a8d4e029587bb0c1e4c8,0xce54c175880ff4edaa5d80b2dc66dda0e34a36ac,campaign_1,blacklist target of hardcoded manager (Execute call) Jul-Oct 2025
avalanche,0x19d0887743b3b99f9891a749aeddf79d2fb2cb45,0xce54c175880ff4edaa5d80b2dc66dda0e34a36ac,campaign_1,blacklist target of hardcoded manager (Execute call) Jul-Oct 2025
avalanche,0x19da0a8cd052f77ed2bfa3dcfbec8e0e5fb9e7fa,0xce54c175880ff4edaa5d80b2dc66dda0e34a36ac,campaign_1,blacklist target of hardcoded manager (Execute call) Jul-Oct 2025
avalanche,0x1a03f0ae626179415735a3521dd66e847096bcee,0xce54c175880ff4edaa5d80b2dc66dda0e34a36ac,campaign_1,blacklist target of hardcoded manager (Execute call) Jul-Oct 2025
avalanche,0x1a05a1c7192d2ae2537de985a847218066b31582,0xce54c175880ff4edaa5d80b2dc66dda0e34a36ac,campaign_1,blacklist target of hardcoded manager (Execute call) Jul-Oct 2025
avalanche,0x1a12498d6136a1dc0962a03d3fc322c0177603e9,0xce54c175880ff4edaa5d80b2dc66dda0e34a36ac,campaign_1,blacklist target of hardcoded manager (Execute call) Jul-Oct 2025
avalanche,0x1a442458f0ebde071d54d09465a2bd0ad803788b,0xce54c175880ff4edaa5d80b2dc66dda0e34a36ac,campaign_1,blacklist target of hardcoded manager (Execute call) Jul-Oct 2025
avalanche,0x1a47530bfeaf8d126f8f7c11d06809fd0432033d,0xce54c175880ff4edaa5d80b2dc66dda0e34a36ac,campaign_1,blacklist target of hardcoded manager (Execute call) Jul-Oct 2025
avalanche,0x1a4bf9054a9a529927137da16657017f19ffa756,0xce54c175880ff4edaa5d80b2dc66dda0e34a36ac,campaign_1,blacklist target of hardcoded manager (Execute call) Jul-Oct 2025
avalanche,0x1a5abdb9eb59bd0badbf7794ecd455a95a4473a4,0xce54c175880ff4edaa5d80b2dc66dda0e34a36ac,campaign_1,blacklist target of hardcoded manager (Execute call) Jul-Oct 2025
avalanche,0x1a8311fb9e2eae1a410aa73965c082484d33cfd4,0xce54c175880ff4edaa5d80b2dc66dda0e34a36ac,campaign_1,blacklist target of hardcoded manager (Execute call) Jul-Oct 2025
avalanche,0x1a84f56448008d7cdeb7d10b4f6c957c5880c9e7,0xce54c175880ff4edaa5d80b2dc66dda0e34a36ac,campaign_1,blacklist target of hardcoded manager (Execute call) Jul-Oct 2025
avalanche,0x1aa1ae835dedef929bdd0f615bc45ab7687865c1,0xce54c175880ff4edaa5d80b2dc66dda0e34a36ac,campaign_1,blacklist target of hardcoded manager (Execute call) Jul-Oct 2025
avalanche,0x1aa247fcb795acf7d96c3b7daed63e846bc86db1,0xce54c175880ff4edaa5d80b2dc66dda0e34a36ac,campaign_1,blacklist target of hardcoded manager (Execute call) Jul-Oct 2025
avalanche,0x1ab9d4d399a70e2edc74be2a6066c8f5c006ce69,0xce54c175880ff4edaa5d80b2dc66dda0e34a36ac,campaign_1,blacklist target of hardcoded manager (Execute call) Jul-Oct 2025
avalanche,0x1abe55a7b630662836caf1f893f12d1865ef17cd,0xce54c175880ff4edaa5d80b2dc66dda0e34a36ac,campaign_1,blacklist target of hardcoded manager (Execute call) Jul-Oct 2025
avalanche,0x1ad4faac986426efbd1d7f412d4412f8c95ebb72,0xce54c175880ff4edaa5d80b2dc66dda0e34a36ac,campaign_1,blacklist target of hardcoded manager (Execute call) Jul-Oct 2025
avalanche,0x1adaaef7d79a3c9ace0f7757da6fb2904fcc3cca,0xce54c175880ff4edaa5d80b2dc66dda0e34a36ac,campaign_1,blacklist target of hardcoded manager (Execute call) Jul-Oct 2025
avalanche,0x1af19fe5bd566a7e96d0b942e3b3100999fd02c8,0xce54c175880ff4edaa5d80b2dc66dda0e34a36ac,campaign_1,blacklist target of hardcoded manager (Execute call) Jul-Oct 2025
avalanche,0x1b02a4c7d6c63bc23182d8a50d5ae3169a44040f,0xce54c175880ff4edaa5d80b2dc66dda0e34a36ac,campaign_1,blacklist target of hardcoded manager (Execute call) Jul-Oct 2025
avalanche,0x1b0375d32aa92fc4cf927f9016acf7d9ec15bae0,0xce54c175880ff4edaa5d80b2dc66dda0e34a36ac,campaign_1,blacklist target of hardcoded manager (Execute call) Jul-Oct 2025
avalanche,0x1b1ca29880c890a70f5b97ff6a2eb0d5b3a32542,0xce54c175880ff4edaa5d80b2dc66dda0e34a36ac,campaign_1,blacklist target of hardcoded manager (Execute call) Jul-Oct 2025
avalanche,0x1b2117ae1a92baf87ced1aadd60fd40bf2773fbb,0xce54c175880ff4edaa5d80b2dc66dda0e34a36ac,campaign_1,blacklist target of hardcoded manager (Execute call) Jul-Oct 2025
avalanche,0x1b56326cd4874b2edf5fbdc99be55faf92225e8a,0xce54c175880ff4edaa5d80b2dc66dda0e34a36ac,campaign_1,blacklist target of hardcoded manager (Execute call) Jul-Oct 2025
avalanche,0x1b5b8eba145315c94d25137c42533c061e327346,0xce54c175880ff4edaa5d80b2dc66dda0e34a36ac,campaign_1,blacklist target of hardcoded manager (Execute call) Jul-Oct 2025
avalanche,0x1b7ebe2127c046dfe3fe8aa0188ff1302dbbcbe8,0xce54c175880ff4edaa5d80b2dc66dda0e34a36ac,campaign_1,blacklist target of hardcoded manager (Execute call) Jul-Oct 2025
avalanche,0x1b82f1217ae7aeeddb9061ecea361a49487aa8fa,0xce54c175880ff4edaa5d80b2dc66dda0e34a36ac,campaign_1,blacklist target of hardcoded manager (Execute call) Jul-Oct 2025
avalanche,0x1b892814fe13b0ecc1db4f7060fad1076e4745ae,0xce54c175880ff4edaa5d80b2dc66dda0e34a36ac,campaign_1,blacklist target of hardcoded manager (Execute call) Jul-Oct 2025
avalanche,0x1b8b4037900992aa1edc697d50acbb3308b06f2e,0xce54c175880ff4edaa5d80b2dc66dda0e34a36ac,campaign_1,blacklist target of hardcoded manager (Execute call) Jul-Oct 2025
avalanche,0x1b918a903797e90661b8649adf2a051c0ae9f0b1,0xce54c175880ff4edaa5d80b2dc66dda0e34a36ac,campaign_1,blacklist target of hardcoded manager (Execute call) Jul-Oct 2025
avalanche,0x1b950c3d87678c0a79b51ae333b5983988e451c0,0xce54c175880ff4edaa5d80b2dc66dda0e34a36ac,campaign_1,blacklist target of hardcoded manager (Execute call) Jul-Oct 2025
avalanche,0x1b9ba71bd054e96113fac34d77da1d535fcfabc4,0xce54c175880ff4edaa5d80b2dc66dda0e34a36ac,campaign_1,blacklist target of hardcoded manager (Execute call) Jul-Oct 2025
avalanche,0x1b9c4dd6a5f63c20a99328048fabd82b92ef5efc,0xce54c175880ff4edaa5d80b2dc66dda0e34a36ac,campaign_1,blacklist target of hardcoded manager (Execute call) Jul-Oct 2025
avalanche,0x1bab7c10f8e9e5fc5944622903adced04ed0931f,0xce54c175880ff4edaa5d80b2dc66dda0e34a36ac,campaign_1,blacklist target of hardcoded manager (Execute call) Jul-Oct 2025
avalanche,0x1bb0925054a13111c3af0976c2c3ffcd25ed236a,0xce54c175880ff4edaa5d80b2dc66dda0e34a36ac,campaign_1,blacklist target of hardcoded manager (Execute call) Jul-Oct 2025
avalanche,0x1bb4423c0f937848357b3ebbaadba3a04bc7f6f7,0xce54c175880ff4edaa5d80b2dc66dda0e34a36ac,campaign_1,blacklist target of hardcoded manager (Execute call) Jul-Oct 2025
avalanche,0x1bc576fcf40b9c1f5db90124dccd1e31022432c5,0xce54c175880ff4edaa5d80b2dc66dda0e34a36ac,campaign_1,blacklist target of hardcoded manager (Execute call) Jul-Oct 2025
avalanche,0x1bc76e1515b3450451d6f1472f77b2c303b40fcb,0xce54c175880ff4edaa5d80b2dc66dda0e34a36ac,campaign_1,blacklist target of hardcoded manager (Execute call) Jul-Oct 2025
avalanche,0x1bde4a2d691c9af5bf15e21093b554762695c494,0xce54c175880ff4edaa5d80b2dc66dda0e34a36ac,campaign_1,blacklist target of hardcoded manager (Execute call) Jul-Oct 2025
avalanche,0x1bdec6f5f934b98339d954b64d23476f75b6edf4,0xce54c175880ff4edaa5d80b2dc66dda0e34a36ac,campaign_1,blacklist target of hardcoded manager (Execute call) Jul-Oct 2025
avalanche,0x1be496cf2b6de2e09878fcc8189b4e049df94e4a,0xce54c175880ff4edaa5d80b2dc66dda0e34a36ac,campaign_1,blacklist target of hardcoded manager (Execute call) Jul-Oct 2025
avalanche,0x1bf557abe5eb91327a0e68531ae531c0f782458c,0xce54c175880ff4edaa5d80b2dc66dda0e34a36ac,campaign_1,blacklist target of hardcoded manager (Execute call) Jul-Oct 2025
avalanche,0x1c064acf6688fe806c3a845087b01cd247e40412,0xce54c175880ff4edaa5d80b2dc66dda0e34a36ac,campaign_1,blacklist target of hardcoded manager (Execute call) Jul-Oct 2025
avalanche,0x1c0d70672ea1a8c14eb921e34c80b62ae0dde4eb,0xce54c175880ff4edaa5d80b2dc66dda0e34a36ac,campaign_1,blacklist target of hardcoded manager (Execute call) Jul-Oct 2025
avalanche,0x1c1078a9c36c2322470fbf1f4fea5d67283d09b5,0xce54c175880ff4edaa5d80b2dc66dda0e34a36ac,campaign_1,blacklist target of hardcoded manager (Execute call) Jul-Oct 2025
avalanche,0x1c116d193c86c927f86d81c601dbdfb0babcbb01,0xce54c175880ff4edaa5d80b2dc66dda0e34a36ac,campaign_1,blacklist target of hardcoded manager (Execute call) Jul-Oct 2025
avalanche,0x1c14f36d35df719b40fa9c95b22dc09a0512913c,0xce54c175880ff4edaa5d80b2dc66dda0e34a36ac,campaign_1,blacklist target of hardcoded manager (Execute call) Jul-Oct 2025
avalanche,0x1c16726b287becdcf99ceecb4b20aa364a067239,0xce54c175880ff4edaa5d80b2dc66dda0e34a36ac,campaign_1,blacklist target of hardcoded manager (Execute call) Jul-Oct 2025
avalanche,0x1c25036cc9ff59be28e6870c99df297ad391afa3,0xce54c175880ff4edaa5d80b2dc66dda0e34a36ac,campaign_1,blacklist target of hardcoded manager (Execute call) Jul-Oct 2025
avalanche,0x1c2c7b1ace9734fc8e7b5bd1a4f86be5bad6c4db,0xce54c175880ff4edaa5d80b2dc66dda0e34a36ac,campaign_1,blacklist target of hardcoded manager (Execute call) Jul-Oct 2025
avalanche,0x1c5790812694824a1c9b3e1c449cfa3d2206fd01,0xce54c175880ff4edaa5d80b2dc66dda0e34a36ac,campaign_1,blacklist target of hardcoded manager (Execute call) Jul-Oct 2025
avalanche,0x1c72e75420ea2797fc16446ed8a62d0414a6d424,0xce54c175880ff4edaa5d80b2dc66dda0e34a36ac,campaign_1,blacklist target of hardcoded manager (Execute call) Jul-Oct 2025
avalanche,0x1c7f17b1cb0b06a165ba7f7436cb5d19b7d9c93e,0xce54c175880ff4edaa5d80b2dc66dda0e34a36ac,campaign_1,blacklist target of hardcoded manager (Execute call) Jul-Oct 2025
avalanche,0x1c8ce8e844e91abb680dcf9223e94529e8fcd9fe,0xce54c175880ff4edaa5d80b2dc66dda0e34a36ac,campaign_1,blacklist target of hardcoded manager (Execute call) Jul-Oct 2025
avalanche,0x1c9a846b2a99f2f0fd14f005fe31aa4c355706dd,0xce54c175880ff4edaa5d80b2dc66dda0e34a36ac,campaign_1,blacklist target of hardcoded manager (Execute call) Jul-Oct 2025
avalanche,0x1ca2cbce83c4b8d29d3468f7aea3468df890b202,0xce54c175880ff4edaa5d80b2dc66dda0e34a36ac,campaign_1,blacklist target of hardcoded manager (Execute call) Jul-Oct 2025
avalanche,0x1cab6ed651866d2ab8e370a0010e6cd5002de6eb,0xce54c175880ff4edaa5d80b2dc66dda0e34a36ac,campaign_1,blacklist target of hardcoded manager (Execute call) Jul-Oct 2025
avalanche,0x1cb5b4b3fc51c6fab22134303c6b1f4440b471cf,0xce54c175880ff4edaa5d80b2dc66dda0e34a36ac,campaign_1,blacklist target of hardcoded manager (Execute call) Jul-Oct 2025
avalanche,0x1cec52a858c9bb2e1e5fda456103b6a31dfdd6c6,0xce54c175880ff4edaa5d80b2dc66dda0e34a36ac,campaign_1,blacklist target of hardcoded manager (Execute call) Jul-Oct 2025
avalanche,0x1cf560f16bdb3e5fe3a21a3ea81c57dc252d9158,0xce54c175880ff4edaa5d80b2dc66dda0e34a36ac,campaign_1,blacklist target of hardcoded manager (Execute call) Jul-Oct 2025
avalanche,0x1d00f1722f0311097be652d34cb284e0ce0c863c,0xce54c175880ff4edaa5d80b2dc66dda0e34a36ac,campaign_1,blacklist target of hardcoded manager (Execute call) Jul-Oct 2025
avalanche,0x1d191fd5cb244c2f5453b61864c5d8dce211f330,0xce54c175880ff4edaa5d80b2dc66dda0e34a36ac,campaign_1,blacklist target of hardcoded manager (Execute call) Jul-Oct 2025
avalanche,0x1d3d8e9574584eeed7904f08888d4f8cd0a4791f,0xce54c175880ff4edaa5d80b2dc66dda0e34a36ac,campaign_1,blacklist target of hardcoded manager (Execute call) Jul-Oct 2025
avalanche,0x1d48ba84a663152847d2ca5221d422b9f38a57da,0xce54c175880ff4edaa5d80b2dc66dda0e34a36ac,campaign_1,blacklist target of hardcoded manager (Execute call) Jul-Oct 2025
avalanche,0x1d522e0daa54dc03a71ee3324b0c18ecd97ea080,0xce54c175880ff4edaa5d80b2dc66dda0e34a36ac,campaign_1,blacklist target of hardcoded manager (Execute call) Jul-Oct 2025
avalanche,0x1d70b60c9b16d3e02ff4db27d1ed5e25b594df75,0xce54c175880ff4edaa5d80b2dc66dda0e34a36ac,campaign_1,blacklist target of hardcoded manager (Execute call) Jul-Oct 2025
avalanche,0x1d783f4924f8a11e16e2dd7d12547bb2bf3e676a,0xce54c175880ff4edaa5d80b2dc66dda0e34a36ac,campaign_1,blacklist target of hardcoded manager (Execute call) Jul-Oct 2025
avalanche,0x1d97e216e9eb6c7e2914bcea70422583fe9e072c,0xce54c175880ff4edaa5d80b2dc66dda0e34a36ac,campaign_1,blacklist target of hardcoded manager (Execute call) Jul-Oct 2025
avalanche,0x1d9d23ea1ccf1ec8b85acaa3a3c3540abc173e5b,0xce54c175880ff4edaa5d80b2dc66dda0e34a36ac,campaign_1,blacklist target of hardcoded manager (Execute call) Jul-Oct 2025
avalanche,0x1dbefa32ab1308ebea1d7588991baada505453ce,0xce54c175880ff4edaa5d80b2dc66dda0e34a36ac,campaign_1,blacklist target of hardcoded manager (Execute call) Jul-Oct 2025
avalanche,0x1dc40301c0aaffe6022ded348bc019cfd3603aaf,0xce54c175880ff4edaa5d80b2dc66dda0e34a36ac,campaign_1,blacklist target of hardcoded manager (Execute call) Jul-Oct 2025
avalanche,0x1ded3935031d5152e885d2992b8ba994a2b90b11,0xce54c175880ff4edaa5d80b2dc66dda0e34a36ac,campaign_1,blacklist target of hardcoded manager (Execute call) Jul-Oct 2025
avalanche,0x1df4c3ebf7e27fa62874c58f37fecc8d3edb1b80,0xce54c175880ff4edaa5d80b2dc66dda0e34a36ac,campaign_1,blacklist target of hardcoded manager (Execute call) Jul-Oct 2025
avalanche,0x1e02804b1de9ec04aaf7f49786d840b9ce5d93d4,0xce54c175880ff4edaa5d80b2dc66dda0e34a36ac,campaign_1,blacklist target of hardcoded manager (Execute call) Jul-Oct 2025
avalanche,0x1e04e4bb50d697086773a14e7b83ba52aeb4735d,0xce54c175880ff4edaa5d80b2dc66dda0e34a36ac,campaign_1,blacklist target of hardcoded manager (Execute call) Jul-Oct 2025
avalanche,0x1e04f1e6638dca020a5fb681d1bd97cfe14bf9c7,0xce54c175880ff4edaa5d80b2dc66dda0e34a36ac,campaign_1,blacklist target of hardcoded manager (Execute call) Jul-Oct 2025
avalanche,0x1e06893f96232ae9e073836373f4108206dce1f5,0xce54c175880ff4edaa5d80b2dc66dda0e34a36ac,campaign_1,blacklist target of hardcoded manager (Execute call) Jul-Oct 2025
avalanche,0x1e2f610552aec5d9868eea043eeb047aa9d7f59f,0xce54c175880ff4edaa5d80b2dc66dda0e34a36ac,campaign_1,blacklist target of hardcoded manager (Execute call) Jul-Oct 2025
avalanche,0x1e5e7a1076d6dfd96e20c482575b9d013dfd09de,0xce54c175880ff4edaa5d80b2dc66dda0e34a36ac,campaign_1,blacklist target of hardcoded manager (Execute call) Jul-Oct 2025
avalanche,0x1e6111974cba07652dfa41d248c027f43f082675,0xce54c175880ff4edaa5d80b2dc66dda0e34a36ac,campaign_1,blacklist target of hardcoded manager (Execute call) Jul-Oct 2025
avalanche,0x1e65318a6fc0a9b7b88c4972a08c09f70106105d,0xce54c175880ff4edaa5d80b2dc66dda0e34a36ac,campaign_1,blacklist target of hardcoded manager (Execute call) Jul-Oct 2025
avalanche,0x1e6ee3b7d44c9bd212a27567d15f63da6d03b9eb,0xce54c175880ff4edaa5d80b2dc66dda0e34a36ac,campaign_1,blacklist target of hardcoded manager (Execute call) Jul-Oct 2025
avalanche,0x1e7282a9baa9c8d28fdffc856e6e6c265bedcb24,0xce54c175880ff4edaa5d80b2dc66dda0e34a36ac,campaign_1,blacklist target of hardcoded manager (Execute call) Jul-Oct 2025
avalanche,0x1e84140ff645f9c0ec4fd63e5b9ce3e387d5beae,0xce54c175880ff4edaa5d80b2dc66dda0e34a36ac,campaign_1,blacklist target of hardcoded manager (Execute call) Jul-Oct 2025
avalanche,0x1e843676b099ab027eee868d0d77f14892ba8981,0xce54c175880ff4edaa5d80b2dc66dda0e34a36ac,campaign_1,blacklist target of hardcoded manager (Execute call) Jul-Oct 2025
avalanche,0x1e84ed55bc095f09052158f2b60cfa68fec1d0dc,0xce54c175880ff4edaa5d80b2dc66dda0e34a36ac,campaign_1,blacklist target of hardcoded manager (Execute call) Jul-Oct 2025
avalanche,0x1ea859f9abcd62fa6940a53d9be5296e9363d159,0xce54c175880ff4edaa5d80b2dc66dda0e34a36ac,campaign_1,blacklist target of hardcoded manager (Execute call) Jul-Oct 2025
avalanche,0x1eb6613f2ed0df1652565fdb3b2fadbe718d8abe,0xce54c175880ff4edaa5d80b2dc66dda0e34a36ac,campaign_1,blacklist target of hardcoded manager (Execute call) Jul-Oct 2025
avalanche,0x1ec87a984023c5a95845d07c21a00a20df91315f,0xce54c175880ff4edaa5d80b2dc66dda0e34a36ac,campaign_1,blacklist target of hardcoded manager (Execute call) Jul-Oct 2025
avalanche,0x1ee00924f401feb57fbe99044089dffe75b7e096,0xce54c175880ff4edaa5d80b2dc66dda0e34a36ac,campaign_1,blacklist target of hardcoded manager (Execute call) Jul-Oct 2025
avalanche,0x1ee49c5ed6dd1f995475664b501f2b9083893471,0xce54c175880ff4edaa5d80b2dc66dda0e34a36ac,campaign_1,blacklist target of hardcoded manager (Execute call) Jul-Oct 2025
avalanche,0x1eeaed37c66a7f02d6e73841f5dd0676afca1acd,0xce54c175880ff4edaa5d80b2dc66dda0e34a36ac,campaign_1,blacklist target of hardcoded manager (Execute call) Jul-Oct 2025
avalanche,0x1f0dba42c687415d24e8cfad099a486d1218685d,0xce54c175880ff4edaa5d80b2dc66dda0e34a36ac,campaign_1,blacklist target of hardcoded manager (Execute call) Jul-Oct 2025
avalanche,0x1f102a15511ebe02506b35b53c4213a0926b462e,0xce54c175880ff4edaa5d80b2dc66dda0e34a36ac,campaign_1,blacklist target of hardcoded manager (Execute call) Jul-Oct 2025
avalanche,0x1f1a0db21a5016fed5a0dfce4aa45e28b3a47813,0xce54c175880ff4edaa5d80b2dc66dda0e34a36ac,campaign_1,blacklist target of hardcoded manager (Execute call) Jul-Oct 2025
avalanche,0x1f42711067eaaba5133355ddd386b11d6d13b00d,0xce54c175880ff4edaa5d80b2dc66dda0e34a36ac,campaign_1,blacklist target of hardcoded manager (Execute call) Jul-Oct 2025
avalanche,0x1f56e6c26b043249f926ac16781d6b6c44d956a2,0xce54c175880ff4edaa5d80b2dc66dda0e34a36ac,campaign_1,blacklist target of hardcoded manager (Execute call) Jul-Oct 2025
avalanche,0x1f56f590d874fce1db56dc95d5fbfba5f22fcf47,0xce54c175880ff4edaa5d80b2dc66dda0e34a36ac,campaign_1,blacklist target of hardcoded manager (Execute call) Jul-Oct 2025
avalanche,0x1f5a1d435f6e7e7261c49cdd2448a24418b60dfd,0xce54c175880ff4edaa5d80b2dc66dda0e34a36ac,campaign_1,blacklist target of hardcoded manager (Execute call) Jul-Oct 2025
avalanche,0x1f6b8474fb460f48668372520e82f35790d12164,0xce54c175880ff4edaa5d80b2dc66dda0e34a36ac,campaign_1,blacklist target of hardcoded manager (Execute call) Jul-Oct 2025
avalanche,0x1f71796bb1a697d59a6a7eeeaf77c72de1047571,0xce54c175880ff4edaa5d80b2dc66dda0e34a36ac,campaign_1,blacklist target of hardcoded manager (Execute call) Jul-Oct 2025
avalanche,0x1f7b5cd3d0a3e15f9022494d421b794343229bb9,0xce54c175880ff4edaa5d80b2dc66dda0e34a36ac,campaign_1,blacklist target of hardcoded manager (Execute call) Jul-Oct 2025
avalanche,0x1f9d35b3ceb917b5c14250b805e6ebf7cdc9ff2b,0xce54c175880ff4edaa5d80b2dc66dda0e34a36ac,campaign_1,blacklist target of hardcoded manager (Execute call) Jul-Oct 2025
avalanche,0x1fb3eccda737ac47881d7e30e350e2f9ec0ffb33,0xce54c175880ff4edaa5d80b2dc66dda0e34a36ac,campaign_1,blacklist target of hardcoded manager (Execute call) Jul-Oct 2025
avalanche,0x1fd86f0fa361e710203d637f588ce877c5f623cf,0xce54c175880ff4edaa5d80b2dc66dda0e34a36ac,campaign_1,blacklist target of hardcoded manager (Execute call) Jul-Oct 2025
avalanche,0x1fdbbdb5aad9e575e00231f85de311561a4d0f98,0xce54c175880ff4edaa5d80b2dc66dda0e34a36ac,campaign_1,blacklist target of hardcoded manager (Execute call) Jul-Oct 2025
avalanche,0x1fdf071b87dcac4886edf0c597c9e1e0eb1325de,0xce54c175880ff4edaa5d80b2dc66dda0e34a36ac,campaign_1,blacklist target of hardcoded manager (Execute call) Jul-Oct 2025
avalanche,0x200f8e35ecb610ee6661004bbf4e8059d6b453da,0xce54c175880ff4edaa5d80b2dc66dda0e34a36ac,campaign_1,blacklist target of hardcoded manager (Execute call) Jul-Oct 2025
avalanche,0x2011bf7e506dd75289a5842d234b718f7e8b8345,0xce54c175880ff4edaa5d80b2dc66dda0e34a36ac,campaign_1,blacklist target of hardcoded manager (Execute call) Jul-Oct 2025
avalanche,0x202f721ab30c4139e4bb9d2f52da57dbbc14a5ca,0xce54c175880ff4edaa5d80b2dc66dda0e34a36ac,campaign_1,blacklist target of hardcoded manager (Execute call) Jul-Oct 2025
avalanche,0x2038d073a3403e9a5b66d830e8686590eee75a4e,0xce54c175880ff4edaa5d80b2dc66dda0e34a36ac,campaign_1,blacklist target of hardcoded manager (Execute call) Jul-Oct 2025
avalanche,0x203ed27a0eb2540442ce2c820446f5f76e8791a8,0xce54c175880ff4edaa5d80b2dc66dda0e34a36ac,campaign_1,blacklist target of hardcoded manager (Execute call) Jul-Oct 2025
avalanche,0x20463c8d5505efe9e512c72198cf30321da6d9f4,0xce54c175880ff4edaa5d80b2dc66dda0e34a36ac,campaign_1,blacklist target of hardcoded manager (Execute call) Jul-Oct 2025
avalanche,0x2074e06bbe1208e120b58c0571070340b15a74f4,0xce54c175880ff4edaa5d80b2dc66dda0e34a36ac,campaign_1,blacklist target of hardcoded manager (Execute call) Jul-Oct 2025
avalanche,0x207696ec3240f1d2d99c4c6e7c24009ee2dd2a26,0xce54c175880ff4edaa5d80b2dc66dda0e34a36ac,campaign_1,blacklist target of hardcoded manager (Execute call) Jul-Oct 2025
avalanche,0x208ae029b5c9b50f9c10021947cba82dfb992780,0xce54c175880ff4edaa5d80b2dc66dda0e34a36ac,campaign_1,blacklist target of hardcoded manager (Execute call) Jul-Oct 2025
avalanche,0x2091cb754c0f6440b9aea99b36faafb93f99505c,0xce54c175880ff4edaa5d80b2dc66dda0e34a36ac,campaign_1,blacklist target of hardcoded manager (Execute call) Jul-Oct 2025
avalanche,0x209d96bb271f60861ad572c98e671ca9a48ab0b6,0xce54c175880ff4edaa5d80b2dc66dda0e34a36ac,campaign_1,blacklist target of hardcoded manager (Execute call) Jul-Oct 2025
avalanche,0x20b7e2e8b04267980750b7b28118ca1b0cc8fb97,0xce54c175880ff4edaa5d80b2dc66dda0e34a36ac,campaign_1,blacklist target of hardcoded manager (Execute call) Jul-Oct 2025
avalanche,0x20c10c821a69a7dbf1edf64a4fdd23cde7688f24,0xce54c175880ff4edaa5d80b2dc66dda0e34a36ac,campaign_1,blacklist target of hardcoded manager (Execute call) Jul-Oct 2025
avalanche,0x20c2aa5c14a7076d071913adfc1096273bdec11f,0xce54c175880ff4edaa5d80b2dc66dda0e34a36ac,campaign_1,blacklist target of hardcoded manager (Execute call) Jul-Oct 2025
avalanche,0x20c6d757870fe8da38fac3d2b31938caf9a69b05,0xce54c175880ff4edaa5d80b2dc66dda0e34a36ac,campaign_1,blacklist target of hardcoded manager (Execute call) Jul-Oct 2025
avalanche,0x20d7af876dfdf21dd626c1a09e1a2437de540629,0xce54c175880ff4edaa5d80b2dc66dda0e34a36ac,campaign_1,blacklist target of hardcoded manager (Execute call) Jul-Oct 2025
avalanche,0x20dcef61b51dec05b70b2387fd1e3a6eff41aa17,0xce54c175880ff4edaa5d80b2dc66dda0e34a36ac,campaign_1,blacklist target of hardcoded manager (Execute call) Jul-Oct 2025
avalanche,0x20e7215bd52c909ecdea583f4e511c64850bb5b4,0xce54c175880ff4edaa5d80b2dc66dda0e34a36ac,campaign_1,blacklist target of hardcoded manager (Execute call) Jul-Oct 2025
avalanche,0x2104083110aa2d15af7e03cd2a3962e2bd70618c,0xce54c175880ff4edaa5d80b2dc66dda0e34a36ac,campaign_1,blacklist target of hardcoded manager (Execute call) Jul-Oct 2025
avalanche,0x21156e726650d284405af9c60bee7ca8debe6f31,0xce54c175880ff4edaa5d80b2dc66dda0e34a36ac,campaign_1,blacklist target of hardcoded manager (Execute call) Jul-Oct 2025
avalanche,0x212f8ef982d135deec1cd9eaab437d1091b7e71b,0xce54c175880ff4edaa5d80b2dc66dda0e34a36ac,campaign_1,blacklist target of hardcoded manager (Execute call) Jul-Oct 2025
avalanche,0x2133af4512bd498c44172b1499b7eb0ea8ea088c,0xce54c175880ff4edaa5d80b2dc66dda0e34a36ac,campaign_1,blacklist target of hardcoded manager (Execute call) Jul-Oct 2025
avalanche,0x21343fb58c78b2fc95479441eb830c66b4c09b63,0xce54c175880ff4edaa5d80b2dc66dda0e34a36ac,campaign_1,blacklist target of hardcoded manager (Execute call) Jul-Oct 2025
avalanche,0x213e22a232c25b3adee52541eabee83e75633cb0,0xce54c175880ff4edaa5d80b2dc66dda0e34a36ac,campaign_1,blacklist target of hardcoded manager (Execute call) Jul-Oct 2025
avalanche,0x21650851163358c8e921d3fecc3c0c93bb2ea70f,0xce54c175880ff4edaa5d80b2dc66dda0e34a36ac,campaign_1,blacklist target of hardcoded manager (Execute call) Jul-Oct 2025
avalanche,0x216ce276021c3dfda68dca4c9649f8b2057f91ca,0xce54c175880ff4edaa5d80b2dc66dda0e34a36ac,campaign_1,blacklist target of hardcoded manager (Execute call) Jul-Oct 2025
avalanche,0x217012a3914b059bf4589a2002359353276bc8c0,0xce54c175880ff4edaa5d80b2dc66dda0e34a36ac,campaign_1,blacklist target of hardcoded manager (Execute call) Jul-Oct 2025
avalanche,0x2188af6ffcbcf0122bb43108bd99826fda20f0c5,0xce54c175880ff4edaa5d80b2dc66dda0e34a36ac,campaign_1,blacklist target of hardcoded manager (Execute call) Jul-Oct 2025
avalanche,0x218bd530daa05910aba9f5941d1881bb65231c89,0xce54c175880ff4edaa5d80b2dc66dda0e34a36ac,campaign_1,blacklist target of hardcoded manager (Execute call) Jul-Oct 2025
avalanche,0x21939ae73e3f7280df38ed388f48c5d8a215f079,0xce54c175880ff4edaa5d80b2dc66dda0e34a36ac,campaign_1,blacklist target of hardcoded manager (Execute call) Jul-Oct 2025
avalanche,0x219852afcce48e4b10d924f320e7832e34f4e23c,0xce54c175880ff4edaa5d80b2dc66dda0e34a36ac,campaign_1,blacklist target of hardcoded manager (Execute call) Jul-Oct 2025
avalanche,0x21a473a1f3719bc50f988387836d7266ad4bce9a,0xce54c175880ff4edaa5d80b2dc66dda0e34a36ac,campaign_1,blacklist target of hardcoded manager (Execute call) Jul-Oct 2025
avalanche,0x21aa981b790b6c899995f3392d9238b28d92cc1d,0xce54c175880ff4edaa5d80b2dc66dda0e34a36ac,campaign_1,blacklist target of hardcoded manager (Execute call) Jul-Oct 2025
avalanche,0x21b53f7443dadca5787ee7160206b739aab6151b,0xce54c175880ff4edaa5d80b2dc66dda0e34a36ac,campaign_1,blacklist target of hardcoded manager (Execute call) Jul-Oct 2025
avalanche,0x21bbf909f9dcd5309e12f9c623e3fbba523d6558,0xce54c175880ff4edaa5d80b2dc66dda0e34a36ac,campaign_1,blacklist target of hardcoded manager (Execute call) Jul-Oct 2025
avalanche,0x21d99daaa5c630959cbacc319a7f657435d8103d,0xce54c175880ff4edaa5d80b2dc66dda0e34a36ac,campaign_1,blacklist target of hardcoded manager (Execute call) Jul-Oct 2025
avalanche,0x21db9eb48c01d60666f3dbf2e7eaf7519f56ee1a,0xce54c175880ff4edaa5d80b2dc66dda0e34a36ac,campaign_1,blacklist target of hardcoded manager (Execute call) Jul-Oct 2025
avalanche,0x21dc2a5066b311bbc7f73daff898e4c87b90cc21,0xce54c175880ff4edaa5d80b2dc66dda0e34a36ac,campaign_1,blacklist target of hardcoded manager (Execute call) Jul-Oct 2025
avalanche,0x21e283e307c914e5369aff26cde9f1f53d51e9d9,0xce54c175880ff4edaa5d80b2dc66dda0e34a36ac,campaign_1,blacklist target of hardcoded manager (Execute call) Jul-Oct 2025
avalanche,0x21e9a439f819eb859d94ddc0620fa626d7be6129,0xce54c175880ff4edaa5d80b2dc66dda0e34a36ac,campaign_1,blacklist target of hardcoded manager (Execute call) Jul-Oct 2025
avalanche,0x21f4f16e4fab6ed27e44e2beb2ef69832e2379e5,0xce54c175880ff4edaa5d80b2dc66dda0e34a36ac,campaign_1,blacklist target of hardcoded manager (Execute call) Jul-Oct 2025
avalanche,0x21f9fb722a0a2150524f7a225ef90460acb89113,0xce54c175880ff4edaa5d80b2dc66dda0e34a36ac,campaign_1,blacklist target of hardcoded manager (Execute call) Jul-Oct 2025
avalanche,0x22090e72b4964750d0913edeb1b04671663b997a,0xce54c175880ff4edaa5d80b2dc66dda0e34a36ac,campaign_1,blacklist target of hardcoded manager (Execute call) Jul-Oct 2025
avalanche,0x2218fb2d5e6927d068c7e2d760971263677b57d5,0xce54c175880ff4edaa5d80b2dc66dda0e34a36ac,campaign_1,blacklist target of hardcoded manager (Execute call) Jul-Oct 2025
avalanche,0x22223f57134c4c1879f1b963b145ccf399433d92,0xce54c175880ff4edaa5d80b2dc66dda0e34a36ac,campaign_1,blacklist target of hardcoded manager (Execute call) Jul-Oct 2025
avalanche,0x222a26d504c5e4118b3e53a4a72e8f450170d497,0xce54c175880ff4edaa5d80b2dc66dda0e34a36ac,campaign_1,blacklist target of hardcoded manager (Execute call) Jul-Oct 2025
avalanche,0x222de291a43ea9a870329cb0b0f5399c07d25eb1,0xce54c175880ff4edaa5d80b2dc66dda0e34a36ac,campaign_1,blacklist target of hardcoded manager (Execute call) Jul-Oct 2025
avalanche,0x2237b9c9256a2dedd211446bbf1e0554cd4b99cf,0xce54c175880ff4edaa5d80b2dc66dda0e34a36ac,campaign_1,blacklist target of hardcoded manager (Execute call) Jul-Oct 2025
avalanche,0x223da5d8843471193fdfcd82545d5b7a692ef38f,0xce54c175880ff4edaa5d80b2dc66dda0e34a36ac,campaign_1,blacklist target of hardcoded manager (Execute call) Jul-Oct 2025
avalanche,0x22407ad8f65f3f0819ff40a6b169ba8a3d8983d4,0xce54c175880ff4edaa5d80b2dc66dda0e34a36ac,campaign_1,blacklist target of hardcoded manager (Execute call) Jul-Oct 2025
avalanche,0x226ee20af4fc0ce14c3abb1378756c9e006ba660,0xce54c175880ff4edaa5d80b2dc66dda0e34a36ac,campaign_1,blacklist target of hardcoded manager (Execute call) Jul-Oct 2025
avalanche,0x2272dd69d6d4fd8f15b19c96be0b4b1b584979ac,0xce54c175880ff4edaa5d80b2dc66dda0e34a36ac,campaign_1,blacklist target of hardcoded manager (Execute call) Jul-Oct 2025
avalanche,0x2276a79a74f9ae79066e2efdfae0d950d9869693,0xce54c175880ff4edaa5d80b2dc66dda0e34a36ac,campaign_1,blacklist target of hardcoded manager (Execute call) Jul-Oct 2025
avalanche,0x22815248ae728f9d40bf926f6ac8c4f7957640d2,0xce54c175880ff4edaa5d80b2dc66dda0e34a36ac,campaign_1,blacklist target of hardcoded manager (Execute call) Jul-Oct 2025
avalanche,0x2281c7813d38dd0f2c04cd417807598f6e572a75,0xce54c175880ff4edaa5d80b2dc66dda0e34a36ac,campaign_1,blacklist target of hardcoded manager (Execute call) Jul-Oct 2025
avalanche,0x2288c805bfbf265a5afbd6a4d1d82d8912aed9e2,0xce54c175880ff4edaa5d80b2dc66dda0e34a36ac,campaign_1,blacklist target of hardcoded manager (Execute call) Jul-Oct 2025
avalanche,0x228905c8c13587f4e08cc3a60e630a9b5307eaf5,0xce54c175880ff4edaa5d80b2dc66dda0e34a36ac,campaign_1,blacklist target of hardcoded manager (Execute call) Jul-Oct 2025
avalanche,0x228dde5b1bdf7aff21779a30a311b97ed78b5c1a,0xce54c175880ff4edaa5d80b2dc66dda0e34a36ac,campaign_1,blacklist target of hardcoded manager (Execute call) Jul-Oct 2025
avalanche,0x229487f10bc9662c97df74a5b37b4c876433bfbe,0xce54c175880ff4edaa5d80b2dc66dda0e34a36ac,campaign_1,blacklist target of hardcoded manager (Execute call) Jul-Oct 2025
avalanche,0x22aa3fc4f05e364b01c55782dd28c7df21cd066a,0xce54c175880ff4edaa5d80b2dc66dda0e34a36ac,campaign_1,blacklist target of hardcoded manager (Execute call) Jul-Oct 2025
avalanche,0x22b27789bac82bafb7b81109e2342305013368da,0xce54c175880ff4edaa5d80b2dc66dda0e34a36ac,campaign_1,blacklist target of hardcoded manager (Execute call) Jul-Oct 2025
avalanche,0x22bd02925a6234d1e4b50a6424bc174323d28ab9,0xce54c175880ff4edaa5d80b2dc66dda0e34a36ac,campaign_1,blacklist target of hardcoded manager (Execute call) Jul-Oct 2025
avalanche,0x22de763bbf9dba679b2b419b845c381e3749fc44,0xce54c175880ff4edaa5d80b2dc66dda0e34a36ac,campaign_1,blacklist target of hardcoded manager (Execute call) Jul-Oct 2025
avalanche,0x22df73ffff45bf26d1f6f78856244a2644c97eab,0xce54c175880ff4edaa5d80b2dc66dda0e34a36ac,campaign_1,blacklist target of hardcoded manager (Execute call) Jul-Oct 2025
avalanche,0x22e7a3232ce2b7f85b6809f55bdcca975c86c6ae,0xce54c175880ff4edaa5d80b2dc66dda0e34a36ac,campaign_1,blacklist target of hardcoded manager (Execute call) Jul-Oct 2025
avalanche,0x23229ec3380a334634645210a3d136851ba4b4fc,0xce54c175880ff4edaa5d80b2dc66dda0e34a36ac,campaign_1,blacklist target of hardcoded manager (Execute call) Jul-Oct 2025
avalanche,0x2322fd8b4244aaf39962ee30b7a21ec2a03ab94d,0xce54c175880ff4edaa5d80b2dc66dda0e34a36ac,campaign_1,blacklist target of hardcoded manager (Execute call) Jul-Oct 2025
avalanche,0x2339d30ce3fbcbe77cf8d4c204c4bd80dd662af2,0xce54c175880ff4edaa5d80b2dc66dda0e34a36ac,campaign_1,blacklist target of hardcoded manager (Execute call) Jul-Oct 2025
avalanche,0x234acf5a36f96265d087601c9a8f3636c6d1742c,0xce54c175880ff4edaa5d80b2dc66dda0e34a36ac,campaign_1,blacklist target of hardcoded manager (Execute call) Jul-Oct 2025
avalanche,0x2351a98ea45957c1927b6a25f8b32653a74d1e48,0xce54c175880ff4edaa5d80b2dc66dda0e34a36ac,campaign_1,blacklist target of hardcoded manager (Execute call) Jul-Oct 2025
avalanche,0x235c23c302685226839836f011f501bef484ba44,0xce54c175880ff4edaa5d80b2dc66dda0e34a36ac,campaign_1,blacklist target of hardcoded manager (Execute call) Jul-Oct 2025
avalanche,0x235cecbb2af6b64c7abf42186a27d528b901d9c6,0xce54c175880ff4edaa5d80b2dc66dda0e34a36ac,campaign_1,blacklist target of hardcoded manager (Execute call) Jul-Oct 2025
avalanche,0x239cfab56fbb2f59c14a82688e4944915664a05e,0xce54c175880ff4edaa5d80b2dc66dda0e34a36ac,campaign_1,blacklist target of hardcoded manager (Execute call) Jul-Oct 2025
avalanche,0x23b59b4810465dd2f9c047c24562ac4d54588a7a,0xce54c175880ff4edaa5d80b2dc66dda0e34a36ac,campaign_1,blacklist target of hardcoded manager (Execute call) Jul-Oct 2025
avalanche,0x23b7f30d898c77b150ee6f5d8abbe0311b34bf77,0xce54c175880ff4edaa5d80b2dc66dda0e34a36ac,campaign_1,blacklist target of hardcoded manager (Execute call) Jul-Oct 2025
avalanche,0x23be98587b3059821e1f457a8a9c214bb3eb7589,0xce54c175880ff4edaa5d80b2dc66dda0e34a36ac,campaign_1,blacklist target of hardcoded manager (Execute call) Jul-Oct 2025
avalanche,0x23c364c8000aae09f995d0ccbd2c9bfaa517ed2f,0xce54c175880ff4edaa5d80b2dc66dda0e34a36ac,campaign_1,blacklist target of hardcoded manager (Execute call) Jul-Oct 2025
avalanche,0x23d246896e7307f857927fd6a1d26681118c9f17,0xce54c175880ff4edaa5d80b2dc66dda0e34a36ac,campaign_1,blacklist target of hardcoded manager (Execute call) Jul-Oct 2025
avalanche,0x23d35b502754d4cc2d6d4efda7f70bc1c8c061f7,0xce54c175880ff4edaa5d80b2dc66dda0e34a36ac,campaign_1,blacklist target of hardcoded manager (Execute call) Jul-Oct 2025
avalanche,0x23d7469b94617dcc43d0b0d2b65fe73587e3e466,0xce54c175880ff4edaa5d80b2dc66dda0e34a36ac,campaign_1,blacklist target of hardcoded manager (Execute call) Jul-Oct 2025
avalanche,0x23edcda89e86e2aebbcbf33cbaa520e33577e2e0,0xce54c175880ff4edaa5d80b2dc66dda0e34a36ac,campaign_1,blacklist target of hardcoded manager (Execute call) Jul-Oct 2025
avalanche,0x23ee114b7e5c311f8860ea3e0f98be4bb528c72e,0xce54c175880ff4edaa5d80b2dc66dda0e34a36ac,campaign_1,blacklist target of hardcoded manager (Execute call) Jul-Oct 2025
avalanche,0x23ef42e4e2f82a144cc1da6cf5e1a81ab64f7fb9,0xce54c175880ff4edaa5d80b2dc66dda0e34a36ac,campaign_1,blacklist target of hardcoded manager (Execute call) Jul-Oct 2025
avalanche,0x23f3804112d421f0d2cd97689c105381b26ddb30,0xce54c175880ff4edaa5d80b2dc66dda0e34a36ac,campaign_1,blacklist target of hardcoded manager (Execute call) Jul-Oct 2025
avalanche,0x24055d424cc8aa69f089e0b789cbac6d90b6bd14,0xce54c175880ff4edaa5d80b2dc66dda0e34a36ac,campaign_1,blacklist target of hardcoded manager (Execute call) Jul-Oct 2025
avalanche,0x2408054d329d531b7815a6963ff5c6872ef105cd,0xce54c175880ff4edaa5d80b2dc66dda0e34a36ac,campaign_1,blacklist target of hardcoded manager (Execute call) Jul-Oct 2025
avalanche,0x24299e455bf13697e2de6d5d991f7f1b146cb70a,0xce54c175880ff4edaa5d80b2dc66dda0e34a36ac,campaign_1,blacklist target of hardcoded manager (Execute call) Jul-Oct 2025
avalanche,0x242d5fa35ebafe55c783500fb208c4328210b443,0xce54c175880ff4edaa5d80b2dc66dda0e34a36ac,campaign_1,blacklist target of hardcoded manager (Execute call) Jul-Oct 2025
avalanche,0x24309300671605fe44585c14b82cdb0f1862bdc5,0xce54c175880ff4edaa5d80b2dc66dda0e34a36ac,campaign_1,blacklist target of hardcoded manager (Execute call) Jul-Oct 2025
avalanche,0x245b3f8716c1ab57826eb40e92be5e353d315dc9,0xce54c175880ff4edaa5d80b2dc66dda0e34a36ac,campaign_1,blacklist target of hardcoded manager (Execute call) Jul-Oct 2025
avalanche,0x247974a7e254d56406393b30ab5fcb1f22f9ee60,0xce54c175880ff4edaa5d80b2dc66dda0e34a36ac,campaign_1,blacklist target of hardcoded manager (Execute call) Jul-Oct 2025
avalanche,0x24b8eba11094abf2a74aecf3e9de476fe9862b60,0xce54c175880ff4edaa5d80b2dc66dda0e34a36ac,campaign_1,blacklist target of hardcoded manager (Execute call) Jul-Oct 2025
avalanche,0x24c7378cb08dbcb17f1b5f827ebae73428c2abe8,0xce54c175880ff4edaa5d80b2dc66dda0e34a36ac,campaign_1,blacklist target of hardcoded manager (Execute call) Jul-Oct 2025
avalanche,0x24d49994bc86c1bab5a1740d961e7d641b2b708e,0xce54c175880ff4edaa5d80b2dc66dda0e34a36ac,campaign_1,blacklist target of hardcoded manager (Execute call) Jul-Oct 2025
avalanche,0x24ed90b31c770824c4e9158615f845aa06ca0b9d,0xce54c175880ff4edaa5d80b2dc66dda0e34a36ac,campaign_1,blacklist target of hardcoded manager (Execute call) Jul-Oct 2025
avalanche,0x24f50eef92e9efd940dbe1eae2e9a9b0376adfc1,0xce54c175880ff4edaa5d80b2dc66dda0e34a36ac,campaign_1,blacklist target of hardcoded manager (Execute call) Jul-Oct 2025
avalanche,0x25088136dbca0cf2555a9d41550ac43b022990e4,0xce54c175880ff4edaa5d80b2dc66dda0e34a36ac,campaign_1,blacklist target of hardcoded manager (Execute call) Jul-Oct 2025
avalanche,0x251c43f16a5f44d095993c72877f1dc89913e9b6,0xce54c175880ff4edaa5d80b2dc66dda0e34a36ac,campaign_1,blacklist target of hardcoded manager (Execute call) Jul-Oct 2025
avalanche,0x25293a2e9d3fff2ce44dfe8262ccebb5319253ce,0xce54c175880ff4edaa5d80b2dc66dda0e34a36ac,campaign_1,blacklist target of hardcoded manager (Execute call) Jul-Oct 2025
avalanche,0x2537687133c583b92ec585b48c5bf5a0f9c0d2b7,0xce54c175880ff4edaa5d80b2dc66dda0e34a36ac,campaign_1,blacklist target of hardcoded manager (Execute call) Jul-Oct 2025
avalanche,0x253cd0d90ba96f892a7128e98cb2f0d5d4e8b4f1,0xce54c175880ff4edaa5d80b2dc66dda0e34a36ac,campaign_1,blacklist target of hardcoded manager (Execute call) Jul-Oct 2025
avalanche,0x25461bb2f5df3fdb254080cf635b18c406452218,0xce54c175880ff4edaa5d80b2dc66dda0e34a36ac,campaign_1,blacklist target of hardcoded manager (Execute call) Jul-Oct 2025
avalanche,0x25747aedb5e7097dae9b1ad6b4d750bf659ed18c,0xce54c175880ff4edaa5d80b2dc66dda0e34a36ac,campaign_1,blacklist target of hardcoded manager (Execute call) Jul-Oct 2025
avalanche,0x2574afe32ae7f7bf7702dca78ab2064bdafb287a,0xce54c175880ff4edaa5d80b2dc66dda0e34a36ac,campaign_1,blacklist target of hardcoded manager (Execute call) Jul-Oct 2025
avalanche,0x2574e46c2ffacfbb0bf8c70451c82874fc1284ab,0xce54c175880ff4edaa5d80b2dc66dda0e34a36ac,campaign_1,blacklist target of hardcoded manager (Execute call) Jul-Oct 2025
avalanche,0x257c04651b60cbc3ea619dee467692f8cdbd546f,0xce54c175880ff4edaa5d80b2dc66dda0e34a36ac,campaign_1,blacklist target of hardcoded manager (Execute call) Jul-Oct 2025
avalanche,0x258f4fa973b9e60ee078f5350359887e26654756,0xce54c175880ff4edaa5d80b2dc66dda0e34a36ac,campaign_1,blacklist target of hardcoded manager (Execute call) Jul-Oct 2025
avalanche,0x25a65a5470c7404b60706d3251a22af42f472b22,0xce54c175880ff4edaa5d80b2dc66dda0e34a36ac,campaign_1,blacklist target of hardcoded manager (Execute call) Jul-Oct 2025
avalanche,0x25ad509cfcc767495c873fc23564a70dc197fc88,0xce54c175880ff4edaa5d80b2dc66dda0e34a36ac,campaign_1,blacklist target of hardcoded manager (Execute call) Jul-Oct 2025
avalanche,0x25afd5c1f399d85ce9101e64fadbbabe487713a6,0xce54c175880ff4edaa5d80b2dc66dda0e34a36ac,campaign_1,blacklist target of hardcoded manager (Execute call) Jul-Oct 2025
avalanche,0x25c93f044365244a2aa7f1213623a1917957741a,0xce54c175880ff4edaa5d80b2dc66dda0e34a36ac,campaign_1,blacklist target of hardcoded manager (Execute call) Jul-Oct 2025
avalanche,0x25d3c97be3b0c053e6fa55d878fb0dd7ce1cdda2,0xce54c175880ff4edaa5d80b2dc66dda0e34a36ac,campaign_1,blacklist target of hardcoded manager (Execute call) Jul-Oct 2025
avalanche,0x25e4755c4e3e858dce2ee80b08816822e6a6207a,0xce54c175880ff4edaa5d80b2dc66dda0e34a36ac,campaign_1,blacklist target of hardcoded manager (Execute call) Jul-Oct 2025
avalanche,0x25eb6926f044c665adfee6cb4288ff9dd0328550,0xce54c175880ff4edaa5d80b2dc66dda0e34a36ac,campaign_1,blacklist target of hardcoded manager (Execute call) Jul-Oct 2025
avalanche,0x25f0573ded898a1051de065178cf52fd9b65040b,0xce54c175880ff4edaa5d80b2dc66dda0e34a36ac,campaign_1,blacklist target of hardcoded manager (Execute call) Jul-Oct 2025
avalanche,0x260c52ea7038a411c0a933094d19e04262f2bb21,0xce54c175880ff4edaa5d80b2dc66dda0e34a36ac,campaign_1,blacklist target of hardcoded manager (Execute call) Jul-Oct 2025
avalanche,0x261535f0f505673ce7adda3f69a5369e3231ae0b,0xce54c175880ff4edaa5d80b2dc66dda0e34a36ac,campaign_1,blacklist target of hardcoded manager (Execute call) Jul-Oct 2025
avalanche,0x2617ac30dd8319fb88a938d761fbe13c7fbd669f,0xce54c175880ff4edaa5d80b2dc66dda0e34a36ac,campaign_1,blacklist target of hardcoded manager (Execute call) Jul-Oct 2025
avalanche,0x262b9cb6152cce9ce9b25ed1794c3d8e3a0a5055,0xce54c175880ff4edaa5d80b2dc66dda0e34a36ac,campaign_1,blacklist target of hardcoded manager (Execute call) Jul-Oct 2025
avalanche,0x26313360a83793a7978b2980d1481662dd80dc6b,0xce54c175880ff4edaa5d80b2dc66dda0e34a36ac,campaign_1,blacklist target of hardcoded manager (Execute call) Jul-Oct 2025
avalanche,0x2647bd27bd25ea9a79812456ace0b25961ac5907,0xce54c175880ff4edaa5d80b2dc66dda0e34a36ac,campaign_1,blacklist target of hardcoded manager (Execute call) Jul-Oct 2025
avalanche,0x264cf6928bead99403f7454db5d9d575973a7834,0xce54c175880ff4edaa5d80b2dc66dda0e34a36ac,campaign_1,blacklist target of hardcoded manager (Execute call) Jul-Oct 2025
avalanche,0x26620faabfc15d485641d6cb0ca092bbd7d448f2,0xce54c175880ff4edaa5d80b2dc66dda0e34a36ac,campaign_1,blacklist target of hardcoded manager (Execute call) Jul-Oct 2025
avalanche,0x26660be5e739fe96100a6fec43481fd98b914fb3,0xce54c175880ff4edaa5d80b2dc66dda0e34a36ac,campaign_1,blacklist target of hardcoded manager (Execute call) Jul-Oct 2025
avalanche,0x26700cfd9520b774605d475d20134f2803574165,0xce54c175880ff4edaa5d80b2dc66dda0e34a36ac,campaign_1,blacklist target of hardcoded manager (Execute call) Jul-Oct 2025
avalanche,0x267cfc484b7225424f39748532310096c681543f,0xce54c175880ff4edaa5d80b2dc66dda0e34a36ac,campaign_1,blacklist target of hardcoded manager (Execute call) Jul-Oct 2025
avalanche,0x268aa82da2ad1f6969c07b9ff55cc56afdcf0712,0xce54c175880ff4edaa5d80b2dc66dda0e34a36ac,campaign_1,blacklist target of hardcoded manager (Execute call) Jul-Oct 2025
avalanche,0x269a1b17323d9529fb971d2c59de28a4d419f3e2,0xce54c175880ff4edaa5d80b2dc66dda0e34a36ac,campaign_1,blacklist target of hardcoded manager (Execute call) Jul-Oct 2025
avalanche,0x26ae7d249f380545881567dc71fa361146b4a6b9,0xce54c175880ff4edaa5d80b2dc66dda0e34a36ac,campaign_1,blacklist target of hardcoded manager (Execute call) Jul-Oct 2025
avalanche,0x26bdd97c9a12b96eb179f57508d5fc1c12b0edee,0xce54c175880ff4edaa5d80b2dc66dda0e34a36ac,campaign_1,blacklist target of hardcoded manager (Execute call) Jul-Oct 2025
avalanche,0x26dedc2b9f10e9390b78810471d61cb1bf9e99f4,0xce54c175880ff4edaa5d80b2dc66dda0e34a36ac,campaign_1,blacklist target of hardcoded manager (Execute call) Jul-Oct 2025
avalanche,0x26fe8a9e8dde47b1f95269c389f887c04524d6c4,0xce54c175880ff4edaa5d80b2dc66dda0e34a36ac,campaign_1,blacklist target of hardcoded manager (Execute call) Jul-Oct 2025
avalanche,0x270290926dabf5eeae75a41b5dfd5bef24a80406,0xce54c175880ff4edaa5d80b2dc66dda0e34a36ac,campaign_1,blacklist target of hardcoded manager (Execute call) Jul-Oct 2025
avalanche,0x27182ab7f210d2df60a0c5ae0dec71917adf6e78,0xce54c175880ff4edaa5d80b2dc66dda0e34a36ac,campaign_1,blacklist target of hardcoded manager (Execute call) Jul-Oct 2025
avalanche,0x2720d57146d5d900bfae14e8ff8dbac6014ca017,0xce54c175880ff4edaa5d80b2dc66dda0e34a36ac,campaign_1,blacklist target of hardcoded manager (Execute call) Jul-Oct 2025
avalanche,0x274caa58fcb67c604c788ea42c0e4b2df6ae3ce3,0xce54c175880ff4edaa5d80b2dc66dda0e34a36ac,campaign_1,blacklist target of hardcoded manager (Execute call) Jul-Oct 2025
avalanche,0x275777b0d58f8056ec74b8e5cd980f9f9665bd01,0xce54c175880ff4edaa5d80b2dc66dda0e34a36ac,campaign_1,blacklist target of hardcoded manager (Execute call) Jul-Oct 2025
avalanche,0x275f2bd62f806e2bed392a8730d713f677685daa,0xce54c175880ff4edaa5d80b2dc66dda0e34a36ac,campaign_1,blacklist target of hardcoded manager (Execute call) Jul-Oct 2025
avalanche,0x27619337cb89aa556f5f01502b26d5d2712bc3a4,0xce54c175880ff4edaa5d80b2dc66dda0e34a36ac,campaign_1,blacklist target of hardcoded manager (Execute call) Jul-Oct 2025
avalanche,0x276ace200f9fc3b04feb666d13b0fc5f7fb4e9c8,0xce54c175880ff4edaa5d80b2dc66dda0e34a36ac,campaign_1,blacklist target of hardcoded manager (Execute call) Jul-Oct 2025
avalanche,0x2772f563a1d7e039397fd13513ea2e01c0c3770b,0xce54c175880ff4edaa5d80b2dc66dda0e34a36ac,campaign_1,blacklist target of hardcoded manager (Execute call) Jul-Oct 2025
avalanche,0x2779e0cfb9dad010301c07f4a6e9c58dcf74b845,0xce54c175880ff4edaa5d80b2dc66dda0e34a36ac,campaign_1,blacklist target of hardcoded manager (Execute call) Jul-Oct 2025
avalanche,0x27e8a262b9eb88a7689b13bc61a18ae8e58a8e23,0xce54c175880ff4edaa5d80b2dc66dda0e34a36ac,campaign_1,blacklist target of hardcoded manager (Execute call) Jul-Oct 2025
avalanche,0x27f2e5ed6a35380ccb7121535300b9f0179edfbc,0xce54c175880ff4edaa5d80b2dc66dda0e34a36ac,campaign_1,blacklist target of hardcoded manager (Execute call) Jul-Oct 2025
avalanche,0x27f3557bab5c130933c79f936c0118bd122ced32,0xce54c175880ff4edaa5d80b2dc66dda0e34a36ac,campaign_1,blacklist target of hardcoded manager (Execute call) Jul-Oct 2025
avalanche,0x27f7c67e8ee194e87a3d5a8ae54e27e6953ffb3c,0xce54c175880ff4edaa5d80b2dc66dda0e34a36ac,campaign_1,blacklist target of hardcoded manager (Execute call) Jul-Oct 2025
avalanche,0x27fa454b12b1e2db24119d6d83e73a8662809e64,0xce54c175880ff4edaa5d80b2dc66dda0e34a36ac,campaign_1,blacklist target of hardcoded manager (Execute call) Jul-Oct 2025
avalanche,0x27fa8f4120288e57658e8299cdba7aa0c9d08afb,0xce54c175880ff4edaa5d80b2dc66dda0e34a36ac,campaign_1,blacklist target of hardcoded manager (Execute call) Jul-Oct 2025
avalanche,0x280570ad654b36ec777f8cb0731ec78818155d09,0xce54c175880ff4edaa5d80b2dc66dda0e34a36ac,campaign_1,blacklist target of hardcoded manager (Execute call) Jul-Oct 2025
avalanche,0x281d1c88753355d5c8d35926128b4a59a7b69ea3,0xce54c175880ff4edaa5d80b2dc66dda0e34a36ac,campaign_1,blacklist target of hardcoded manager (Execute call) Jul-Oct 2025
avalanche,0x28255e976f7b8fa8c59421e9baf528330fd6b76d,0xce54c175880ff4edaa5d80b2dc66dda0e34a36ac,campaign_1,blacklist target of hardcoded manager (Execute call) Jul-Oct 2025
avalanche,0x2826fed5becd72951a79d69c9a3242591dbd9bba,0xce54c175880ff4edaa5d80b2dc66dda0e34a36ac,campaign_1,blacklist target of hardcoded manager (Execute call) Jul-Oct 2025
avalanche,0x283bfca7dc6d8b5be9c30b84816b3c564c4dc6e7,0xce54c175880ff4edaa5d80b2dc66dda0e34a36ac,campaign_1,blacklist target of hardcoded manager (Execute call) Jul-Oct 2025
avalanche,0x2844dee04cb00d9a3ebdd86d6df0330ba7abbb8d,0xce54c175880ff4edaa5d80b2dc66dda0e34a36ac,campaign_1,blacklist target of hardcoded manager (Execute call) Jul-Oct 2025
avalanche,0x28491a6b73ef9f6e4e13fd1bab7cbba87fcb44fd,0xce54c175880ff4edaa5d80b2dc66dda0e34a36ac,campaign_1,blacklist target of hardcoded manager (Execute call) Jul-Oct 2025
avalanche,0x2859f1ba5da84139b219fa5a07e5292b80b55d5e,0xce54c175880ff4edaa5d80b2dc66dda0e34a36ac,campaign_1,blacklist target of hardcoded manager (Execute call) Jul-Oct 2025
avalanche,0x285db6d05b37890249585d1b77b8a5b04ffed042,0xce54c175880ff4edaa5d80b2dc66dda0e34a36ac,campaign_1,blacklist target of hardcoded manager (Execute call) Jul-Oct 2025
avalanche,0x286712a0f0127689b8dd7b8e7b623e3e2fd8b50b,0xce54c175880ff4edaa5d80b2dc66dda0e34a36ac,campaign_1,blacklist target of hardcoded manager (Execute call) Jul-Oct 2025
avalanche,0x286d2db42ab2088e90891dc68456f415e8694229,0xce54c175880ff4edaa5d80b2dc66dda0e34a36ac,campaign_1,blacklist target of hardcoded manager (Execute call) Jul-Oct 2025
avalanche,0x2870140e4a836392d3b5436358ef30832dc776df,0xce54c175880ff4edaa5d80b2dc66dda0e34a36ac,campaign_1,blacklist target of hardcoded manager (Execute call) Jul-Oct 2025
avalanche,0x2880fb3992abcb8851194b6079884d6127088a37,0xce54c175880ff4edaa5d80b2dc66dda0e34a36ac,campaign_1,blacklist target of hardcoded manager (Execute call) Jul-Oct 2025
avalanche,0x28842ff34f0435b8fda2513062cef3c85b4847fa,0xce54c175880ff4edaa5d80b2dc66dda0e34a36ac,campaign_1,blacklist target of hardcoded manager (Execute call) Jul-Oct 2025
avalanche,0x288677d7ab749bbbe35c14427e0e77444284e80c,0xce54c175880ff4edaa5d80b2dc66dda0e34a36ac,campaign_1,blacklist target of hardcoded manager (Execute call) Jul-Oct 2025
avalanche,0x2886a6af365415ea860b6fb4a316672e4ae48f43,0xce54c175880ff4edaa5d80b2dc66dda0e34a36ac,campaign_1,blacklist target of hardcoded manager (Execute call) Jul-Oct 2025
avalanche,0x2891ed3337d3b2f7aac9413ab4460eacedbe045e,0xce54c175880ff4edaa5d80b2dc66dda0e34a36ac,campaign_1,blacklist target of hardcoded manager (Execute call) Jul-Oct 2025
avalanche,0x28bca8c196fb79bec969526162ba39c13e71d77d,0xce54c175880ff4edaa5d80b2dc66dda0e34a36ac,campaign_1,blacklist target of hardcoded manager (Execute call) Jul-Oct 2025
avalanche,0x28d0ba177ea4ad056de860c2b2c84f544334e6df,0xce54c175880ff4edaa5d80b2dc66dda0e34a36ac,campaign_1,blacklist target of hardcoded manager (Execute call) Jul-Oct 2025
avalanche,0x28fbb9d4df5a112cee31d9a2aeed20fcd8e74be0,0xce54c175880ff4edaa5d80b2dc66dda0e34a36ac,campaign_1,blacklist target of hardcoded manager (Execute call) Jul-Oct 2025
avalanche,0x2905efa0759df52c15b20bb7f0c6edf0cfbe2c78,0xce54c175880ff4edaa5d80b2dc66dda0e34a36ac,campaign_1,blacklist target of hardcoded manager (Execute call) Jul-Oct 2025
avalanche,0x2909751103ca8eed5b0005690be21ca686a51518,0xce54c175880ff4edaa5d80b2dc66dda0e34a36ac,campaign_1,blacklist target of hardcoded manager (Execute call) Jul-Oct 2025
avalanche,0x2914a868e05c040f3ea10da36082166a132f9886,0xce54c175880ff4edaa5d80b2dc66dda0e34a36ac,campaign_1,blacklist target of hardcoded manager (Execute call) Jul-Oct 2025
avalanche,0x29246156ab2c892cdc44cd98fe12cf21018ebc98,0xce54c175880ff4edaa5d80b2dc66dda0e34a36ac,campaign_1,blacklist target of hardcoded manager (Execute call) Jul-Oct 2025
avalanche,0x293389d978d7b2a0c90fd130257bc1062bd8c174,0xce54c175880ff4edaa5d80b2dc66dda0e34a36ac,campaign_1,blacklist target of hardcoded manager (Execute call) Jul-Oct 2025
avalanche,0x293d06d390875ee9edec1cd085ab641b25ebcb99,0xce54c175880ff4edaa5d80b2dc66dda0e34a36ac,campaign_1,blacklist target of hardcoded manager (Execute call) Jul-Oct 2025
avalanche,0x293de0d2e2b4c8a8d44f76a82501fe246a5845fe,0xce54c175880ff4edaa5d80b2dc66dda0e34a36ac,campaign_1,blacklist target of hardcoded manager (Execute call) Jul-Oct 2025
avalanche,0x293e6f03d09ff7d52e7eb48f1631c05806f8a0b1,0xce54c175880ff4edaa5d80b2dc66dda0e34a36ac,campaign_1,blacklist target of hardcoded manager (Execute call) Jul-Oct 2025
avalanche,0x29451590b638e59c1d51f89726541cff739f96c9,0xce54c175880ff4edaa5d80b2dc66dda0e34a36ac,campaign_1,blacklist target of hardcoded manager (Execute call) Jul-Oct 2025
avalanche,0x29685b8ff4dbd8af7f58a9f06dc013c918ae44d2,0xce54c175880ff4edaa5d80b2dc66dda0e34a36ac,campaign_1,blacklist target of hardcoded manager (Execute call) Jul-Oct 2025
avalanche,0x2969c98c1c48028f4062206a34c79b5ab203f98e,0xce54c175880ff4edaa5d80b2dc66dda0e34a36ac,campaign_1,blacklist target of hardcoded manager (Execute call) Jul-Oct 2025
avalanche,0x29761cb6a959c57ff749b4d29cd31c62c3894aa9,0xce54c175880ff4edaa5d80b2dc66dda0e34a36ac,campaign_1,blacklist target of hardcoded manager (Execute call) Jul-Oct 2025
avalanche,0x297754dfbcbfe4ddfe574229ae633f186dfcde79,0xce54c175880ff4edaa5d80b2dc66dda0e34a36ac,campaign_1,blacklist target of hardcoded manager (Execute call) Jul-Oct 2025
avalanche,0x2987738a8ae0f3aefd6383593b9f9ebeebe711dc,0xce54c175880ff4edaa5d80b2dc66dda0e34a36ac,campaign_1,blacklist target of hardcoded manager (Execute call) Jul-Oct 2025
avalanche,0x2994fd9ef8487c4c8907c60c408cf2b2ff3d52a2,0xce54c175880ff4edaa5d80b2dc66dda0e34a36ac,campaign_1,blacklist target of hardcoded manager (Execute call) Jul-Oct 2025
avalanche,0x299b419926e5ef3f5a0303094a6b98f090e4aee5,0xce54c175880ff4edaa5d80b2dc66dda0e34a36ac,campaign_1,blacklist target of hardcoded manager (Execute call) Jul-Oct 2025
avalanche,0x29bf4852faf83343e81522d04b64da40b467734d,0xce54c175880ff4edaa5d80b2dc66dda0e34a36ac,campaign_1,blacklist target of hardcoded manager (Execute call) Jul-Oct 2025
avalanche,0x29e0f9ea4a8d9018bc59917acbe591dd92f61c62,0xce54c175880ff4edaa5d80b2dc66dda0e34a36ac,campaign_1,blacklist target of hardcoded manager (Execute call) Jul-Oct 2025
avalanche,0x29e33ab4c3d03e01620e99ccf2a201fc607b9f81,0xce54c175880ff4edaa5d80b2dc66dda0e34a36ac,campaign_1,blacklist target of hardcoded manager (Execute call) Jul-Oct 2025
avalanche,0x2a0bbc92539a5f61c7a3e22ba85e02a73389c24f,0xce54c175880ff4edaa5d80b2dc66dda0e34a36ac,campaign_1,blacklist target of hardcoded manager (Execute call) Jul-Oct 2025
avalanche,0x2a136f97bf660280b49dbe0de69faf032de28a05,0xce54c175880ff4edaa5d80b2dc66dda0e34a36ac,campaign_1,blacklist target of hardcoded manager (Execute call) Jul-Oct 2025
avalanche,0x2a14974b149380388718770915b2c5dcea804485,0xce54c175880ff4edaa5d80b2dc66dda0e34a36ac,campaign_1,blacklist target of hardcoded manager (Execute call) Jul-Oct 2025
avalanche,0x2a1783acd08f873dff6af3383445e35463480333,0xce54c175880ff4edaa5d80b2dc66dda0e34a36ac,campaign_1,blacklist target of hardcoded manager (Execute call) Jul-Oct 2025
avalanche,0x2a21def8643d0f5247a2b593cb12979ce9fe9b8e,0xce54c175880ff4edaa5d80b2dc66dda0e34a36ac,campaign_1,blacklist target of hardcoded manager (Execute call) Jul-Oct 2025
avalanche,0x2a24a2a1abad3ec2941a2aee5576956b01fba4a0,0xce54c175880ff4edaa5d80b2dc66dda0e34a36ac,campaign_1,blacklist target of hardcoded manager (Execute call) Jul-Oct 2025
avalanche,0x2a2c66f06e88b40859392246d5030d61eb3ef9cd,0xce54c175880ff4edaa5d80b2dc66dda0e34a36ac,campaign_1,blacklist target of hardcoded manager (Execute call) Jul-Oct 2025
avalanche,0x2a354633d229a379e1a9e1b418f9cf1cf06a4ea5,0xce54c175880ff4edaa5d80b2dc66dda0e34a36ac,campaign_1,blacklist target of hardcoded manager (Execute call) Jul-Oct 2025
avalanche,0x2a3e9a9be00383c139c036a7a93f94c482524a7f,0xce54c175880ff4edaa5d80b2dc66dda0e34a36ac,campaign_1,blacklist target of hardcoded manager (Execute call) Jul-Oct 2025
avalanche,0x2a522554c6f8180a4db006289dff974e6d546cae,0xce54c175880ff4edaa5d80b2dc66dda0e34a36ac,campaign_1,blacklist target of hardcoded manager (Execute call) Jul-Oct 2025
avalanche,0x2a53378b725479f8ad3feb9e0988ba100016a53b,0xce54c175880ff4edaa5d80b2dc66dda0e34a36ac,campaign_1,blacklist target of hardcoded manager (Execute call) Jul-Oct 2025
avalanche,0x2a5939deb51c2c81c4549cfa1fb87853d5fb5f5b,0xce54c175880ff4edaa5d80b2dc66dda0e34a36ac,campaign_1,blacklist target of hardcoded manager (Execute call) Jul-Oct 2025
avalanche,0x2a612af21887feb5750bc9f437cdf340576f5b53,0xce54c175880ff4edaa5d80b2dc66dda0e34a36ac,campaign_1,blacklist target of hardcoded manager (Execute call) Jul-Oct 2025
avalanche,0x2a7276efb33a01216508477f124c5ea4c7b55987,0xce54c175880ff4edaa5d80b2dc66dda0e34a36ac,campaign_1,blacklist target of hardcoded manager (Execute call) Jul-Oct 2025
avalanche,0x2a7b28bfeed6e93b14ea0584be87644ba964f3c2,0xce54c175880ff4edaa5d80b2dc66dda0e34a36ac,campaign_1,blacklist target of hardcoded manager (Execute call) Jul-Oct 2025
avalanche,0x2ab29f41f512148736513d117d519375587bbd9f,0xce54c175880ff4edaa5d80b2dc66dda0e34a36ac,campaign_1,blacklist target of hardcoded manager (Execute call) Jul-Oct 2025
avalanche,0x2ab85a2a31cc300b4a7f203d2df208ec6dd90a5f,0xce54c175880ff4edaa5d80b2dc66dda0e34a36ac,campaign_1,blacklist target of hardcoded manager (Execute call) Jul-Oct 2025
avalanche,0x2abc4955bd2f84aff3955e4dc58a3947174cb1fb,0xce54c175880ff4edaa5d80b2dc66dda0e34a36ac,campaign_1,blacklist target of hardcoded manager (Execute call) Jul-Oct 2025
avalanche,0x2aca0c0f547d57ee130f61cf7e9bffb496ca5efd,0xce54c175880ff4edaa5d80b2dc66dda0e34a36ac,campaign_1,blacklist target of hardcoded manager (Execute call) Jul-Oct 2025
avalanche,0x2ad585814917057e3eecad77b4b8b8abc7eca7da,0xce54c175880ff4edaa5d80b2dc66dda0e34a36ac,campaign_1,blacklist target of hardcoded manager (Execute call) Jul-Oct 2025
avalanche,0x2af1945b88ce5aefbb8c0600e04c65c0bab39b69,0xce54c175880ff4edaa5d80b2dc66dda0e34a36ac,campaign_1,blacklist target of hardcoded manager (Execute call) Jul-Oct 2025
avalanche,0x2b03280ab7ff7cbae7febfe47e1677177c57a8d0,0xce54c175880ff4edaa5d80b2dc66dda0e34a36ac,campaign_1,blacklist target of hardcoded manager (Execute call) Jul-Oct 2025
avalanche,0x2b0939da56b0a9586eb073725f464b5f50db9da8,0xce54c175880ff4edaa5d80b2dc66dda0e34a36ac,campaign_1,blacklist target of hardcoded manager (Execute call) Jul-Oct 2025
avalanche,0x2b0c437fed4708262af7c97cdc38707a4fb14e70,0xce54c175880ff4edaa5d80b2dc66dda0e34a36ac,campaign_1,blacklist target of hardcoded manager (Execute call) Jul-Oct 2025
avalanche,0x2b35c34ffc07fa3e52e91b3e0f7f0b0abfa890fd,0xce54c175880ff4edaa5d80b2dc66dda0e34a36ac,campaign_1,blacklist target of hardcoded manager (Execute call) Jul-Oct 2025
avalanche,0x2b3936c61212d8ed9f51bbf0af9846958198963f,0xce54c175880ff4edaa5d80b2dc66dda0e34a36ac,campaign_1,blacklist target of hardcoded manager (Execute call) Jul-Oct 2025
avalanche,0x2b3ef19be73d1d2756d8d04af53413076a441264,0xce54c175880ff4edaa5d80b2dc66dda0e34a36ac,campaign_1,blacklist target of hardcoded manager (Execute call) Jul-Oct 2025
avalanche,0x2b51285285214c8b5ef2c12c750d34e8a00bc1e3,0xce54c175880ff4edaa5d80b2dc66dda0e34a36ac,campaign_1,blacklist target of hardcoded manager (Execute call) Jul-Oct 2025
avalanche,0x2b513a0648fe510a7f7b7aabbc065d2b25f9afae,0xce54c175880ff4edaa5d80b2dc66dda0e34a36ac,campaign_1,blacklist target of hardcoded manager (Execute call) Jul-Oct 2025
avalanche,0x2b56fe64d9e01a8429d1526ad3b6f4bc11cf3806,0xce54c175880ff4edaa5d80b2dc66dda0e34a36ac,campaign_1,blacklist target of hardcoded manager (Execute call) Jul-Oct 2025
avalanche,0x2b64f3f8e26bb536f2882ce02311da057ce7c45c,0xce54c175880ff4edaa5d80b2dc66dda0e34a36ac,campaign_1,blacklist target of hardcoded manager (Execute call) Jul-Oct 2025
avalanche,0x2b67de6a08b52042704321a0b138e2d81f557888,0xce54c175880ff4edaa5d80b2dc66dda0e34a36ac,campaign_1,blacklist target of hardcoded manager (Execute call) Jul-Oct 2025
avalanche,0x2b6b49761d5cbb76bf7ba79abd1fcc6f5cfd4516,0xce54c175880ff4edaa5d80b2dc66dda0e34a36ac,campaign_1,blacklist target of hardcoded manager (Execute call) Jul-Oct 2025
avalanche,0x2b7294df5805b1e1ada57a06033c9e26efd08b96,0xce54c175880ff4edaa5d80b2dc66dda0e34a36ac,campaign_1,blacklist target of hardcoded manager (Execute call) Jul-Oct 2025
avalanche,0x2b80eaaae4ac755cdc1eb3facf20340735e43d5c,0xce54c175880ff4edaa5d80b2dc66dda0e34a36ac,campaign_1,blacklist target of hardcoded manager (Execute call) Jul-Oct 2025
avalanche,0x2b90e41a57bf4daaf7d32de703d78c4cc69598d4,0xce54c175880ff4edaa5d80b2dc66dda0e34a36ac,campaign_1,blacklist target of hardcoded manager (Execute call) Jul-Oct 2025
avalanche,0x2b9263ac56aa4d41863684a47fcee0763adaa757,0xce54c175880ff4edaa5d80b2dc66dda0e34a36ac,campaign_1,blacklist target of hardcoded manager (Execute call) Jul-Oct 2025
avalanche,0x2b9b73986d7698a692e89219559891384f734b75,0xce54c175880ff4edaa5d80b2dc66dda0e34a36ac,campaign_1,blacklist target of hardcoded manager (Execute call) Jul-Oct 2025
avalanche,0x2bb3fc15c3df39d9e53e7cdb5083bdd58232ce02,0xce54c175880ff4edaa5d80b2dc66dda0e34a36ac,campaign_1,blacklist target of hardcoded manager (Execute call) Jul-Oct 2025
avalanche,0x2bb486201af7720034bbb5dd9de2b203d34b24d0,0xce54c175880ff4edaa5d80b2dc66dda0e34a36ac,campaign_1,blacklist target of hardcoded manager (Execute call) Jul-Oct 2025
avalanche,0x2bb553af25cdc68b05496b09a01b14d67d1260d2,0xce54c175880ff4edaa5d80b2dc66dda0e34a36ac,campaign_1,blacklist target of hardcoded manager (Execute call) Jul-Oct 2025
avalanche,0x2bc278b98c513a6c91b083ee382d140681aab8f6,0xce54c175880ff4edaa5d80b2dc66dda0e34a36ac,campaign_1,blacklist target of hardcoded manager (Execute call) Jul-Oct 2025
avalanche,0x2bcd65b678cbd85ed77164b264ab8f7d44587a74,0xce54c175880ff4edaa5d80b2dc66dda0e34a36ac,campaign_1,blacklist target of hardcoded manager (Execute call) Jul-Oct 2025
avalanche,0x2bd73f5fc589654e0eb6c02c047336e6936dcfa7,0xce54c175880ff4edaa5d80b2dc66dda0e34a36ac,campaign_1,blacklist target of hardcoded manager (Execute call) Jul-Oct 2025
avalanche,0x2bdf8397c7c4cc492cca754a375a0fd56f78ee7b,0xce54c175880ff4edaa5d80b2dc66dda0e34a36ac,campaign_1,blacklist target of hardcoded manager (Execute call) Jul-Oct 2025
avalanche,0x2beb64d12baaf544c6d503fdbbbfb7080962540f,0xce54c175880ff4edaa5d80b2dc66dda0e34a36ac,campaign_1,blacklist target of hardcoded manager (Execute call) Jul-Oct 2025
avalanche,0x2bec1c811221390e7bb64128f21f03c98a8e556d,0xce54c175880ff4edaa5d80b2dc66dda0e34a36ac,campaign_1,blacklist target of hardcoded manager (Execute call) Jul-Oct 2025
avalanche,0x2c022d5e4c4dbfc62c5b104c2030425bf8673621,0xce54c175880ff4edaa5d80b2dc66dda0e34a36ac,campaign_1,blacklist target of hardcoded manager (Execute call) Jul-Oct 2025
avalanche,0x2c114af5760b4d24359234f1545fbf533119d996,0xce54c175880ff4edaa5d80b2dc66dda0e34a36ac,campaign_1,blacklist target of hardcoded manager (Execute call) Jul-Oct 2025
avalanche,0x2c1cc4956b0df19333037348738e59fa90659d1e,0xce54c175880ff4edaa5d80b2dc66dda0e34a36ac,campaign_1,blacklist target of hardcoded manager (Execute call) Jul-Oct 2025
avalanche,0x2c1d111febfbc56b59183a61bbe5dad5026cc011,0xce54c175880ff4edaa5d80b2dc66dda0e34a36ac,campaign_1,blacklist target of hardcoded manager (Execute call) Jul-Oct 2025
avalanche,0x2c321c8b4b329f453900d2c451594536db3f8710,0xce54c175880ff4edaa5d80b2dc66dda0e34a36ac,campaign_1,blacklist target of hardcoded manager (Execute call) Jul-Oct 2025
avalanche,0x2c32571cdfbc85c79f09985ad894a1e748558f11,0xce54c175880ff4edaa5d80b2dc66dda0e34a36ac,campaign_1,blacklist target of hardcoded manager (Execute call) Jul-Oct 2025
avalanche,0x2c417289bac24d5535cc602aa9507bcefef131f5,0xce54c175880ff4edaa5d80b2dc66dda0e34a36ac,campaign_1,blacklist target of hardcoded manager (Execute call) Jul-Oct 2025
avalanche,0x2c88eef245a50cde3d353684f0ffa319a36175cd,0xce54c175880ff4edaa5d80b2dc66dda0e34a36ac,campaign_1,blacklist target of hardcoded manager (Execute call) Jul-Oct 2025
avalanche,0x2c94d72ea022d1cbb0c9ffe896959c1ec5737ff2,0xce54c175880ff4edaa5d80b2dc66dda0e34a36ac,campaign_1,blacklist target of hardcoded manager (Execute call) Jul-Oct 2025
avalanche,0x2c9b7962ddac1c80efc886eed214a0f82647667f,0xce54c175880ff4edaa5d80b2dc66dda0e34a36ac,campaign_1,blacklist target of hardcoded manager (Execute call) Jul-Oct 2025
avalanche,0x2cb45a7862625bb180ed0776837543403fc0fa9e,0xce54c175880ff4edaa5d80b2dc66dda0e34a36ac,campaign_1,blacklist target of hardcoded manager (Execute call) Jul-Oct 2025
avalanche,0x2cbb15bf11587bd58fa969b77d5855273148e2b3,0xce54c175880ff4edaa5d80b2dc66dda0e34a36ac,campaign_1,blacklist target of hardcoded manager (Execute call) Jul-Oct 2025
avalanche,0x2cd34c856a3faf988e249fa4350dce71fba2883e,0xce54c175880ff4edaa5d80b2dc66dda0e34a36ac,campaign_1,blacklist target of hardcoded manager (Execute call) Jul-Oct 2025
avalanche,0x2ce1d07739bfd9210c771a3ee736316aa54b1453,0xce54c175880ff4edaa5d80b2dc66dda0e34a36ac,campaign_1,blacklist target of hardcoded manager (Execute call) Jul-Oct 2025
avalanche,0x2cf365e3bb0e4c06f6a2d7feb0b477cf38dd9574,0xce54c175880ff4edaa5d80b2dc66dda0e34a36ac,campaign_1,blacklist target of hardcoded manager (Execute call) Jul-Oct 2025
avalanche,0x2cf412f5f209829f7f9973fb5a5d0651a7653531,0xce54c175880ff4edaa5d80b2dc66dda0e34a36ac,campaign_1,blacklist target of hardcoded manager (Execute call) Jul-Oct 2025
avalanche,0x2d0155c37faeee7c859a013e438cea48fffeb91a,0xce54c175880ff4edaa5d80b2dc66dda0e34a36ac,campaign_1,blacklist target of hardcoded manager (Execute call) Jul-Oct 2025
avalanche,0x2d161453021d6b22959a05568318847a80bea159,0xce54c175880ff4edaa5d80b2dc66dda0e34a36ac,campaign_1,blacklist target of hardcoded manager (Execute call) Jul-Oct 2025
avalanche,0x2d19700b2c42850665fd8996e185fd9c2aa9540d,0xce54c175880ff4edaa5d80b2dc66dda0e34a36ac,campaign_1,blacklist target of hardcoded manager (Execute call) Jul-Oct 2025
avalanche,0x2d19c410c14fd41bd054979de2eda83b32172a2e,0xce54c175880ff4edaa5d80b2dc66dda0e34a36ac,campaign_1,blacklist target of hardcoded manager (Execute call) Jul-Oct 2025
avalanche,0x2d28157952c9bef279ae893e3249b09501776b56,0xce54c175880ff4edaa5d80b2dc66dda0e34a36ac,campaign_1,blacklist target of hardcoded manager (Execute call) Jul-Oct 2025
avalanche,0x2d288724ca3e1265c2c56df4888c3c45edd1f383,0xce54c175880ff4edaa5d80b2dc66dda0e34a36ac,campaign_1,blacklist target of hardcoded manager (Execute call) Jul-Oct 2025
avalanche,0x2d34208b1fb4e145bff0fc0b7f11450bc2f685d3,0xce54c175880ff4edaa5d80b2dc66dda0e34a36ac,campaign_1,blacklist target of hardcoded manager (Execute call) Jul-Oct 2025
avalanche,0x2d3f61032eedf3a972e9358260d49997d883f168,0xce54c175880ff4edaa5d80b2dc66dda0e34a36ac,campaign_1,blacklist target of hardcoded manager (Execute call) Jul-Oct 2025
avalanche,0x2d60da337fd42f365ade60e57edd9bc64214bd87,0xce54c175880ff4edaa5d80b2dc66dda0e34a36ac,campaign_1,blacklist target of hardcoded manager (Execute call) Jul-Oct 2025
avalanche,0x2d668430203600afefcb730ed928d921ea98df76,0xce54c175880ff4edaa5d80b2dc66dda0e34a36ac,campaign_1,blacklist target of hardcoded manager (Execute call) Jul-Oct 2025
avalanche,0x2d8a7767c03d8009c5d94b066010f6a32dc0eb1c,0xce54c175880ff4edaa5d80b2dc66dda0e34a36ac,campaign_1,blacklist target of hardcoded manager (Execute call) Jul-Oct 2025
avalanche,0x2d9f793f6c511c2c3602b904d594438162c312ef,0xce54c175880ff4edaa5d80b2dc66dda0e34a36ac,campaign_1,blacklist target of hardcoded manager (Execute call) Jul-Oct 2025
avalanche,0x2dbd990a1f9d932ca4c844eb711407aa05d6ab31,0xce54c175880ff4edaa5d80b2dc66dda0e34a36ac,campaign_1,blacklist target of hardcoded manager (Execute call) Jul-Oct 2025
avalanche,0x2dc0cbd3fa0b04914b41e55618b45559bcafa857,0xce54c175880ff4edaa5d80b2dc66dda0e34a36ac,campaign_1,blacklist target of hardcoded manager (Execute call) Jul-Oct 2025
avalanche,0x2dd25b8b165c4fe4e15b6f8cfc27bd1e7ff9f6b8,0xce54c175880ff4edaa5d80b2dc66dda0e34a36ac,campaign_1,blacklist target of hardcoded manager (Execute call) Jul-Oct 2025
avalanche,0x2ddf6b4d0304f6a29f73281b3336a87653593f52,0xce54c175880ff4edaa5d80b2dc66dda0e34a36ac,campaign_1,blacklist target of hardcoded manager (Execute call) Jul-Oct 2025
avalanche,0x2df0bc697f4ad60de7ed967da448c78df8efa621,0xce54c175880ff4edaa5d80b2dc66dda0e34a36ac,campaign_1,blacklist target of hardcoded manager (Execute call) Jul-Oct 2025
avalanche,0x2df318764ac784233d5cf242719b150c1047fbe8,0xce54c175880ff4edaa5d80b2dc66dda0e34a36ac,campaign_1,blacklist target of hardcoded manager (Execute call) Jul-Oct 2025
avalanche,0x2df81bbefe7e21c89642bd586a2b94bc0d773fe8,0xce54c175880ff4edaa5d80b2dc66dda0e34a36ac,campaign_1,blacklist target of hardcoded manager (Execute call) Jul-Oct 2025
avalanche,0x2e013c29854fce3c985731bfb3ec9ccabaf8b622,0xce54c175880ff4edaa5d80b2dc66dda0e34a36ac,campaign_1,blacklist target of hardcoded manager (Execute call) Jul-Oct 2025
avalanche,0x2e19c31be414146e2b39f49466bd45bfc386b9fa,0xce54c175880ff4edaa5d80b2dc66dda0e34a36ac,campaign_1,blacklist target of hardcoded manager (Execute call) Jul-Oct 2025
avalanche,0x2e1dfd6783aae65f2256a9f5cd10244bb151289b,0xce54c175880ff4edaa5d80b2dc66dda0e34a36ac,campaign_1,blacklist target of hardcoded manager (Execute call) Jul-Oct 2025
avalanche,0x2e2237f9a87429436d474f43c6f15ad87030e17c,0xce54c175880ff4edaa5d80b2dc66dda0e34a36ac,campaign_1,blacklist target of hardcoded manager (Execute call) Jul-Oct 2025
avalanche,0x2e238c09db819682a19990ac1f0479a821f2ede4,0xce54c175880ff4edaa5d80b2dc66dda0e34a36ac,campaign_1,blacklist target of hardcoded manager (Execute call) Jul-Oct 2025
avalanche,0x2e24bd0b1eb41067894d3b0ee854ab7ef82b93ea,0xce54c175880ff4edaa5d80b2dc66dda0e34a36ac,campaign_1,blacklist target of hardcoded manager (Execute call) Jul-Oct 2025
avalanche,0x2e3eeb5ffac764fb9fd903848e75d06599db38c4,0xce54c175880ff4edaa5d80b2dc66dda0e34a36ac,campaign_1,blacklist target of hardcoded manager (Execute call) Jul-Oct 2025
avalanche,0x2e412e8e1aa663d5b08183dbd48a36a38d7ed3ca,0xce54c175880ff4edaa5d80b2dc66dda0e34a36ac,campaign_1,blacklist target of hardcoded manager (Execute call) Jul-Oct 2025
avalanche,0x2e42872ba475e95b2d9559c1ae3494077951b322,0xce54c175880ff4edaa5d80b2dc66dda0e34a36ac,campaign_1,blacklist target of hardcoded manager (Execute call) Jul-Oct 2025
avalanche,0x2e46fe3bbe491f51314357234410097670768d63,0xce54c175880ff4edaa5d80b2dc66dda0e34a36ac,campaign_1,blacklist target of hardcoded manager (Execute call) Jul-Oct 2025
avalanche,0x2e6bc68be0b127c5c5ac46b36ae28ade972b214b,0xce54c175880ff4edaa5d80b2dc66dda0e34a36ac,campaign_1,blacklist target of hardcoded manager (Execute call) Jul-Oct 2025
avalanche,0x2e6facd00a9038fd000e204f71237d99cea86a05,0xce54c175880ff4edaa5d80b2dc66dda0e34a36ac,campaign_1,blacklist target of hardcoded manager (Execute call) Jul-Oct 2025
avalanche,0x2e7985bca05a04abfa49a4a78edc9234e3acdf73,0xce54c175880ff4edaa5d80b2dc66dda0e34a36ac,campaign_1,blacklist target of hardcoded manager (Execute call) Jul-Oct 2025
avalanche,0x2e79d1fdc7b687f09157fc0ccbd5a42cb80327a0,0xce54c175880ff4edaa5d80b2dc66dda0e34a36ac,campaign_1,blacklist target of hardcoded manager (Execute call) Jul-Oct 2025
avalanche,0x2e8279db5da40b9e14df3eb93a3be3f379dca406,0xce54c175880ff4edaa5d80b2dc66dda0e34a36ac,campaign_1,blacklist target of hardcoded manager (Execute call) Jul-Oct 2025
avalanche,0x2e85aba37f91acda9b4732934a79d6b1b0e0f188,0xce54c175880ff4edaa5d80b2dc66dda0e34a36ac,campaign_1,blacklist target of hardcoded manager (Execute call) Jul-Oct 2025
avalanche,0x2e88e6daeb1aae063d19f94ccace53bb277bb1d8,0xce54c175880ff4edaa5d80b2dc66dda0e34a36ac,campaign_1,blacklist target of hardcoded manager (Execute call) Jul-Oct 2025
avalanche,0x2e8cfff6fd715c40847d07388735905137ef539a,0xce54c175880ff4edaa5d80b2dc66dda0e34a36ac,campaign_1,blacklist target of hardcoded manager (Execute call) Jul-Oct 2025
avalanche,0x2e8ff856ba9f8870727b018f20f963baf94b4d87,0xce54c175880ff4edaa5d80b2dc66dda0e34a36ac,campaign_1,blacklist target of hardcoded manager (Execute call) Jul-Oct 2025
avalanche,0x2e9700b69548fc045177cabd363f166bc563e5ed,0xce54c175880ff4edaa5d80b2dc66dda0e34a36ac,campaign_1,blacklist target of hardcoded manager (Execute call) Jul-Oct 2025
avalanche,0x2eb2777d05e00219526cb13a31d77201ebbc8361,0xce54c175880ff4edaa5d80b2dc66dda0e34a36ac,campaign_1,blacklist target of hardcoded manager (Execute call) Jul-Oct 2025
avalanche,0x2edb841b0a4f20f028a3fbbe1aa0bdb170c12977,0xce54c175880ff4edaa5d80b2dc66dda0e34a36ac,campaign_1,blacklist target of hardcoded manager (Execute call) Jul-Oct 2025
avalanche,0x2f0974b130ccd3671fc16b2b50412eb9df41f74c,0xce54c175880ff4edaa5d80b2dc66dda0e34a36ac,campaign_1,blacklist target of hardcoded manager (Execute call) Jul-Oct 2025
avalanche,0x2f4ab673a009de31486981355fd8e7764979a458,0xce54c175880ff4edaa5d80b2dc66dda0e34a36ac,campaign_1,blacklist target of hardcoded manager (Execute call) Jul-Oct 2025
avalanche,0x2f4e527d625ed024a77b574733ce88de6f63ab03,0xce54c175880ff4edaa5d80b2dc66dda0e34a36ac,campaign_1,blacklist target of hardcoded manager (Execute call) Jul-Oct 2025
avalanche,0x2f557a5587a388095afddbf2310b965d6f98b6c2,0xce54c175880ff4edaa5d80b2dc66dda0e34a36ac,campaign_1,blacklist target of hardcoded manager (Execute call) Jul-Oct 2025
avalanche,0x2f5e90bfa6d15f7730232fb22ba58e95db351085,0xce54c175880ff4edaa5d80b2dc66dda0e34a36ac,campaign_1,blacklist target of hardcoded manager (Execute call) Jul-Oct 2025
avalanche,0x2f667332678a3ade1bd0e1591a3d51ad7f711b29,0xce54c175880ff4edaa5d80b2dc66dda0e34a36ac,campaign_1,blacklist target of hardcoded manager (Execute call) Jul-Oct 2025
avalanche,0x2f77777fe79d57026621eb2d60eec02147dfbd51,0xce54c175880ff4edaa5d80b2dc66dda0e34a36ac,campaign_1,blacklist target of hardcoded manager (Execute call) Jul-Oct 2025
avalanche,0x2fb15a184fabd52ea8ebf21db0a19b293d4d9455,0xce54c175880ff4edaa5d80b2dc66dda0e34a36ac,campaign_1,blacklist target of hardcoded manager (Execute call) Jul-Oct 2025
avalanche,0x2fb2ff352631f1a5bc76a50ef98218c8da5b6d45,0xce54c175880ff4edaa5d80b2dc66dda0e34a36ac,campaign_1,blacklist target of hardcoded manager (Execute call) Jul-Oct 2025
avalanche,0x2fb95e329b0cb0861a9594250a7d75f0a3f9990d,0xce54c175880ff4edaa5d80b2dc66dda0e34a36ac,campaign_1,blacklist target of hardcoded manager (Execute call) Jul-Oct 2025
avalanche,0x2fbb3c4a628707359d44ad109e7af438dd4d4a46,0xce54c175880ff4edaa5d80b2dc66dda0e34a36ac,campaign_1,blacklist target of hardcoded manager (Execute call) Jul-Oct 2025
avalanche,0x2fd43df2790825b19f24af4cfa3b7df6e985cc89,0xce54c175880ff4edaa5d80b2dc66dda0e34a36ac,campaign_1,blacklist target of hardcoded manager (Execute call) Jul-Oct 2025
avalanche,0x2ffabc8ec3291f6c16a12fb2283f557fc7559b6b,0xce54c175880ff4edaa5d80b2dc66dda0e34a36ac,campaign_1,blacklist target of hardcoded manager (Execute call) Jul-Oct 2025
avalanche,0x3002731de662998b6a863e764e2944715dfda24c,0xce54c175880ff4edaa5d80b2dc66dda0e34a36ac,campaign_1,blacklist target of hardcoded manager (Execute call) Jul-Oct 2025
avalanche,0x3002ce30a7027762650378f12727e160b1c1fcda,0xce54c175880ff4edaa5d80b2dc66dda0e34a36ac,campaign_1,blacklist target of hardcoded manager (Execute call) Jul-Oct 2025
avalanche,0x30094aa5ce9f9355c21092d5abf5b67019b5e836,0xce54c175880ff4edaa5d80b2dc66dda0e34a36ac,campaign_1,blacklist target of hardcoded manager (Execute call) Jul-Oct 2025
avalanche,0x300a6d75de4c67b15d2e045d84020b37bd474ecb,0xce54c175880ff4edaa5d80b2dc66dda0e34a36ac,campaign_1,blacklist target of hardcoded manager (Execute call) Jul-Oct 2025
avalanche,0x3014060a7686ef3e29b016abb005494db70c84cc,0xce54c175880ff4edaa5d80b2dc66dda0e34a36ac,campaign_1,blacklist target of hardcoded manager (Execute call) Jul-Oct 2025
avalanche,0x30157c1f4231622b201f54caf28ec3faecad25f8,0xce54c175880ff4edaa5d80b2dc66dda0e34a36ac,campaign_1,blacklist target of hardcoded manager (Execute call) Jul-Oct 2025
avalanche,0x3017c5b6d26e8a29c616d74c37261316f9a5a6d2,0xce54c175880ff4edaa5d80b2dc66dda0e34a36ac,campaign_1,blacklist target of hardcoded manager (Execute call) Jul-Oct 2025
avalanche,0x302ba8d56f3fb906af356e2d237db9aac3443340,0xce54c175880ff4edaa5d80b2dc66dda0e34a36ac,campaign_1,blacklist target of hardcoded manager (Execute call) Jul-Oct 2025
avalanche,0x302e93ca8b63e86e81f58b970f0a1fc02b5e8c7b,0xce54c175880ff4edaa5d80b2dc66dda0e34a36ac,campaign_1,blacklist target of hardcoded manager (Execute call) Jul-Oct 2025
avalanche,0x303740393961a6012dd2d16367f82cf3a86b9b47,0xce54c175880ff4edaa5d80b2dc66dda0e34a36ac,campaign_1,blacklist target of hardcoded manager (Execute call) Jul-Oct 2025
avalanche,0x3041e7cc24608e799b4aca420ffc623a108f128b,0xce54c175880ff4edaa5d80b2dc66dda0e34a36ac,campaign_1,blacklist target of hardcoded manager (Execute call) Jul-Oct 2025
avalanche,0x30602cc3c2b1226069680ad37ad72df51364dba4,0xce54c175880ff4edaa5d80b2dc66dda0e34a36ac,campaign_1,blacklist target of hardcoded manager (Execute call) Jul-Oct 2025
avalanche,0x306c8adcf403996245b1320021a866aa9c9d9287,0xce54c175880ff4edaa5d80b2dc66dda0e34a36ac,campaign_1,blacklist target of hardcoded manager (Execute call) Jul-Oct 2025
avalanche,0x308ad1e8b119a1f30ca9be330916483d3580be31,0xce54c175880ff4edaa5d80b2dc66dda0e34a36ac,campaign_1,blacklist target of hardcoded manager (Execute call) Jul-Oct 2025
avalanche,0x30945da441627c5ede305e63ecb93ac8dda6b36f,0xce54c175880ff4edaa5d80b2dc66dda0e34a36ac,campaign_1,blacklist target of hardcoded manager (Execute call) Jul-Oct 2025
avalanche,0x309dd48b1c4d10f206d261eaaf8d54f57fde883e,0xce54c175880ff4edaa5d80b2dc66dda0e34a36ac,campaign_1,blacklist target of hardcoded manager (Execute call) Jul-Oct 2025
avalanche,0x30b38dd7acbfe3be8f9ca370caf38480c174744d,0xce54c175880ff4edaa5d80b2dc66dda0e34a36ac,campaign_1,blacklist target of hardcoded manager (Execute call) Jul-Oct 2025
avalanche,0x30c3d75f672a044337c41838e41d99c4453b21db,0xce54c175880ff4edaa5d80b2dc66dda0e34a36ac,campaign_1,blacklist target of hardcoded manager (Execute call) Jul-Oct 2025
avalanche,0x30d5093c8267d11ebe5c8a68d9853863c335d5b8,0xce54c175880ff4edaa5d80b2dc66dda0e34a36ac,campaign_1,blacklist target of hardcoded manager (Execute call) Jul-Oct 2025
avalanche,0x30d5b8ed7b0e974845545a4aa061e8d23074c272,0xce54c175880ff4edaa5d80b2dc66dda0e34a36ac,campaign_1,blacklist target of hardcoded manager (Execute call) Jul-Oct 2025
avalanche,0x30ed98f131193ac490fcaeba8f7db26cce528e13,0xce54c175880ff4edaa5d80b2dc66dda0e34a36ac,campaign_1,blacklist target of hardcoded manager (Execute call) Jul-Oct 2025
avalanche,0x30ee8f128a699222f2bb09223558e42a22f71b58,0xce54c175880ff4edaa5d80b2dc66dda0e34a36ac,campaign_1,blacklist target of hardcoded manager (Execute call) Jul-Oct 2025
avalanche,0x30fc7f6890e4a39e691a2c3223c117dd23968b40,0xce54c175880ff4edaa5d80b2dc66dda0e34a36ac,campaign_1,blacklist target of hardcoded manager (Execute call) Jul-Oct 2025
avalanche,0x3104375b4029a4d2f8af5d5274dc35d5bf996dfe,0xce54c175880ff4edaa5d80b2dc66dda0e34a36ac,campaign_1,blacklist target of hardcoded manager (Execute call) Jul-Oct 2025
avalanche,0x3143635921d481a9db5a8b72abb0345833990ecc,0xce54c175880ff4edaa5d80b2dc66dda0e34a36ac,campaign_1,blacklist target of hardcoded manager (Execute call) Jul-Oct 2025
avalanche,0x3148016e81253446ab5a2d49a39620dd06d0c8e6,0xce54c175880ff4edaa5d80b2dc66dda0e34a36ac,campaign_1,blacklist target of hardcoded manager (Execute call) Jul-Oct 2025
avalanche,0x314a1b25807352df96e66c5b9d3ab3a7c984d52d,0xce54c175880ff4edaa5d80b2dc66dda0e34a36ac,campaign_1,blacklist target of hardcoded manager (Execute call) Jul-Oct 2025
avalanche,0x3154cdecfc8c28370f7adba81a7da9ac380c26e9,0xce54c175880ff4edaa5d80b2dc66dda0e34a36ac,campaign_1,blacklist target of hardcoded manager (Execute call) Jul-Oct 2025
avalanche,0x3163853429c1fac430d832c029682d6a6c3199e8,0xce54c175880ff4edaa5d80b2dc66dda0e34a36ac,campaign_1,blacklist target of hardcoded manager (Execute call) Jul-Oct 2025
avalanche,0x317862bb982674448f93593aedb7bc4063052db4,0xce54c175880ff4edaa5d80b2dc66dda0e34a36ac,campaign_1,blacklist target of hardcoded manager (Execute call) Jul-Oct 2025
avalanche,0x317a8abee37081a153da1b7064143d6a28f4f124,0xce54c175880ff4edaa5d80b2dc66dda0e34a36ac,campaign_1,blacklist target of hardcoded manager (Execute call) Jul-Oct 2025
avalanche,0x317fc74db8da983dd95f1938b11dbf1fe7c53293,0xce54c175880ff4edaa5d80b2dc66dda0e34a36ac,campaign_1,blacklist target of hardcoded manager (Execute call) Jul-Oct 2025
avalanche,0x3185105a3c6b9a20ca64e4b162c4d75c6bfd664d,0xce54c175880ff4edaa5d80b2dc66dda0e34a36ac,campaign_1,blacklist target of hardcoded manager (Execute call) Jul-Oct 2025
avalanche,0x3195dd5236cf3d104c01b92f15ab089b0033d119,0xce54c175880ff4edaa5d80b2dc66dda0e34a36ac,campaign_1,blacklist target of hardcoded manager (Execute call) Jul-Oct 2025
avalanche,0x31965c3a10b02ada11d3fc948689a3be1777fca9,0xce54c175880ff4edaa5d80b2dc66dda0e34a36ac,campaign_1,blacklist target of hardcoded manager (Execute call) Jul-Oct 2025
avalanche,0x31a7f543cd5849dc6edaaa7b1cd5135a811163eb,0xce54c175880ff4edaa5d80b2dc66dda0e34a36ac,campaign_1,blacklist target of hardcoded manager (Execute call) Jul-Oct 2025
avalanche,0x31ad9d598c7f038fe3cecc23f1cea30640cceb70,0xce54c175880ff4edaa5d80b2dc66dda0e34a36ac,campaign_1,blacklist target of hardcoded manager (Execute call) Jul-Oct 2025
avalanche,0x31b00d7c5db3ebfee25df205496f33be00a3a850,0xce54c175880ff4edaa5d80b2dc66dda0e34a36ac,campaign_1,blacklist target of hardcoded manager (Execute call) Jul-Oct 2025
avalanche,0x31c99bf5571cb791307785e7a746fbb16e43714c,0xce54c175880ff4edaa5d80b2dc66dda0e34a36ac,campaign_1,blacklist target of hardcoded manager (Execute call) Jul-Oct 2025
avalanche,0x31cbf887f30db6cfe4dbdb3148087268292165dc,0xce54c175880ff4edaa5d80b2dc66dda0e34a36ac,campaign_1,blacklist target of hardcoded manager (Execute call) Jul-Oct 2025
avalanche,0x320297a26cb24bcb3f6debeaff80307b7ee74491,0xce54c175880ff4edaa5d80b2dc66dda0e34a36ac,campaign_1,blacklist target of hardcoded manager (Execute call) Jul-Oct 2025
avalanche,0x320abc94691a1b186fa3e332eb4eb423adc90abe,0xce54c175880ff4edaa5d80b2dc66dda0e34a36ac,campaign_1,blacklist target of hardcoded manager (Execute call) Jul-Oct 2025
avalanche,0x32333d2fda6600ec4d3a5bdd80887185a680457f,0xce54c175880ff4edaa5d80b2dc66dda0e34a36ac,campaign_1,blacklist target of hardcoded manager (Execute call) Jul-Oct 2025
avalanche,0x323d0fb6ab44eadb2952608d088842c2362d8d47,0xce54c175880ff4edaa5d80b2dc66dda0e34a36ac,campaign_1,blacklist target of hardcoded manager (Execute call) Jul-Oct 2025
avalanche,0x3256a2ccdfe8bdce55a56fc8705db11e498b9ed7,0xce54c175880ff4edaa5d80b2dc66dda0e34a36ac,campaign_1,blacklist target of hardcoded manager (Execute call) Jul-Oct 2025
avalanche,0x325b927c28b90e35d029c3e2a16d1bfd0fd5872d,0xce54c175880ff4edaa5d80b2dc66dda0e34a36ac,campaign_1,blacklist target of hardcoded manager (Execute call) Jul-Oct 2025
avalanche,0x3297952a8e97b2728a133688c5bb19d57fe6ca06,0xce54c175880ff4edaa5d80b2dc66dda0e34a36ac,campaign_1,blacklist target of hardcoded manager (Execute call) Jul-Oct 2025
avalanche,0x3297df48c3f18abf1e9700ccc0a83ecca31d646b,0xce54c175880ff4edaa5d80b2dc66dda0e34a36ac,campaign_1,blacklist target of hardcoded manager (Execute call) Jul-Oct 2025
avalanche,0x3297ec28e148e155ff965fc748562417ad4a67f4,0xce54c175880ff4edaa5d80b2dc66dda0e34a36ac,campaign_1,blacklist target of hardcoded manager (Execute call) Jul-Oct 2025
avalanche,0x32a56038ddedd71138b5c6dedfa58b0e7d1d8909,0xce54c175880ff4edaa5d80b2dc66dda0e34a36ac,campaign_1,blacklist target of hardcoded manager (Execute call) Jul-Oct 2025
avalanche,0x32b2a4225f375c08753173dd38180fdf807f89da,0xce54c175880ff4edaa5d80b2dc66dda0e34a36ac,campaign_1,blacklist target of hardcoded manager (Execute call) Jul-Oct 2025
avalanche,0x32bda5c449017894c8be1667055a721ec8b846f6,0xce54c175880ff4edaa5d80b2dc66dda0e34a36ac,campaign_1,blacklist target of hardcoded manager (Execute call) Jul-Oct 2025
avalanche,0x32c6197c137fdfaa0ce24e635e032bb94948d8e2,0xce54c175880ff4edaa5d80b2dc66dda0e34a36ac,campaign_1,blacklist target of hardcoded manager (Execute call) Jul-Oct 2025
avalanche,0x32ca3580f7503c02bf9ef0517eea524d75957f2d,0xce54c175880ff4edaa5d80b2dc66dda0e34a36ac,campaign_1,blacklist target of hardcoded manager (Execute call) Jul-Oct 2025
avalanche,0x32d0979d6caea7f8de8097166277086e1a7e11eb,0xce54c175880ff4edaa5d80b2dc66dda0e34a36ac,campaign_1,blacklist target of hardcoded manager (Execute call) Jul-Oct 2025
avalanche,0x32dc39a3a4995201e43ef8cb09f987c30fe55005,0xce54c175880ff4edaa5d80b2dc66dda0e34a36ac,campaign_1,blacklist target of hardcoded manager (Execute call) Jul-Oct 2025
avalanche,0x32e7252c15a056d5224305510b876b887a828b39,0xce54c175880ff4edaa5d80b2dc66dda0e34a36ac,campaign_1,blacklist target of hardcoded manager (Execute call) Jul-Oct 2025
avalanche,0x32e9b26fc49f90c629d0c3d61ee6b3e5721c618b,0xce54c175880ff4edaa5d80b2dc66dda0e34a36ac,campaign_1,blacklist target of hardcoded manager (Execute call) Jul-Oct 2025
avalanche,0x32fed2e0eb525a72ccfefc9c051d695420bbb1db,0xce54c175880ff4edaa5d80b2dc66dda0e34a36ac,campaign_1,blacklist target of hardcoded manager (Execute call) Jul-Oct 2025
avalanche,0x3312323e6076aa4c2cc8092913ba6d581c671b42,0xce54c175880ff4edaa5d80b2dc66dda0e34a36ac,campaign_1,blacklist target of hardcoded manager (Execute call) Jul-Oct 2025
avalanche,0x331908ba47c72b19218ea2fcbb5dce4ca3b76438,0xce54c175880ff4edaa5d80b2dc66dda0e34a36ac,campaign_1,blacklist target of hardcoded manager (Execute call) Jul-Oct 2025
avalanche,0x331c113f32b12ba7853303a13ae865b76590c4f6,0xce54c175880ff4edaa5d80b2dc66dda0e34a36ac,campaign_1,blacklist target of hardcoded manager (Execute call) Jul-Oct 2025
avalanche,0x332c35d517b62eec69ad0ae3bf47dda93e1495a0,0xce54c175880ff4edaa5d80b2dc66dda0e34a36ac,campaign_1,blacklist target of hardcoded manager (Execute call) Jul-Oct 2025
avalanche,0x332e665129311f92d436d992ca63c1f320820016,0xce54c175880ff4edaa5d80b2dc66dda0e34a36ac,campaign_1,blacklist target of hardcoded manager (Execute call) Jul-Oct 2025
avalanche,0x33349898c8ad1fc24ec411b07c6c0df3eda2e393,0xce54c175880ff4edaa5d80b2dc66dda0e34a36ac,campaign_1,blacklist target of hardcoded manager (Execute call) Jul-Oct 2025
avalanche,0x335c6f7a43b041d65e1f5913375c0a5935f22f92,0xce54c175880ff4edaa5d80b2dc66dda0e34a36ac,campaign_1,blacklist target of hardcoded manager (Execute call) Jul-Oct 2025
avalanche,0x3360722b0f981bd35b21915e47d31131d9b81844,0xce54c175880ff4edaa5d80b2dc66dda0e34a36ac,campaign_1,blacklist target of hardcoded manager (Execute call) Jul-Oct 2025
avalanche,0x336d25564a44001bf4ab8b5b621926148c911bca,0xce54c175880ff4edaa5d80b2dc66dda0e34a36ac,campaign_1,blacklist target of hardcoded manager (Execute call) Jul-Oct 2025
avalanche,0x336e03152f5ecb0c3ee122ed757fce3cbe557e3a,0xce54c175880ff4edaa5d80b2dc66dda0e34a36ac,campaign_1,blacklist target of hardcoded manager (Execute call) Jul-Oct 2025
avalanche,0x337615b6794967a0b7cae87bd58a0d29bd40aa6e,0xce54c175880ff4edaa5d80b2dc66dda0e34a36ac,campaign_1,blacklist target of hardcoded manager (Execute call) Jul-Oct 2025
avalanche,0x338ff67c57d5986dd1b7200a4084ff08c1e325ab,0xce54c175880ff4edaa5d80b2dc66dda0e34a36ac,campaign_1,blacklist target of hardcoded manager (Execute call) Jul-Oct 2025
avalanche,0x3395d3a38b4d9c9bad044eb046b2d1bd8a9fdae6,0xce54c175880ff4edaa5d80b2dc66dda0e34a36ac,campaign_1,blacklist target of hardcoded manager (Execute call) Jul-Oct 2025
avalanche,0x33c51f3e12e91fb9a74105b826c2fd10aef5a06c,0xce54c175880ff4edaa5d80b2dc66dda0e34a36ac,campaign_1,blacklist target of hardcoded manager (Execute call) Jul-Oct 2025
avalanche,0x33e60fb611fabf977c63fd15795eedba4ba76002,0xce54c175880ff4edaa5d80b2dc66dda0e34a36ac,campaign_1,blacklist target of hardcoded manager (Execute call) Jul-Oct 2025
avalanche,0x33f6a22863728bcd31f47767ebbc6eb24ce2afe3,0xce54c175880ff4edaa5d80b2dc66dda0e34a36ac,campaign_1,blacklist target of hardcoded manager (Execute call) Jul-Oct 2025
avalanche,0x33fc9a94f2b06de602976bc7d6897f2c4b543603,0xce54c175880ff4edaa5d80b2dc66dda0e34a36ac,campaign_1,blacklist target of hardcoded manager (Execute call) Jul-Oct 2025
avalanche,0x34187c69d883e4f2c3af9c20c1a7d5942bdce5f3,0xce54c175880ff4edaa5d80b2dc66dda0e34a36ac,campaign_1,blacklist target of hardcoded manager (Execute call) Jul-Oct 2025
avalanche,0x341927add2d726d5f64f5978a452b9a6bb469838,0xce54c175880ff4edaa5d80b2dc66dda0e34a36ac,campaign_1,blacklist target of hardcoded manager (Execute call) Jul-Oct 2025
avalanche,0x341ca1730dde0505c6bd9810283acca35187f564,0xce54c175880ff4edaa5d80b2dc66dda0e34a36ac,campaign_1,blacklist target of hardcoded manager (Execute call) Jul-Oct 2025
avalanche,0x344a6768c7c5eeab39d4a47620331cc513f2b440,0xce54c175880ff4edaa5d80b2dc66dda0e34a36ac,campaign_1,blacklist target of hardcoded manager (Execute call) Jul-Oct 2025
avalanche,0x344d373e085134ea818020e30ff660ef1c174359,0xce54c175880ff4edaa5d80b2dc66dda0e34a36ac,campaign_1,blacklist target of hardcoded manager (Execute call) Jul-Oct 2025
avalanche,0x34642ad08e9f36fc76c980deee7b38a0865a4861,0xce54c175880ff4edaa5d80b2dc66dda0e34a36ac,campaign_1,blacklist target of hardcoded manager (Execute call) Jul-Oct 2025
avalanche,0x348d06349549bbf92206fcff6074a7ae9b4fcc28,0xce54c175880ff4edaa5d80b2dc66dda0e34a36ac,campaign_1,blacklist target of hardcoded manager (Execute call) Jul-Oct 2025
avalanche,0x349240c9235be95068212c67c7dd8b430e623c9e,0xce54c175880ff4edaa5d80b2dc66dda0e34a36ac,campaign_1,blacklist target of hardcoded manager (Execute call) Jul-Oct 2025
avalanche,0x34d2d97727c812f67fe7e953a0815eeb31953148,0xce54c175880ff4edaa5d80b2dc66dda0e34a36ac,campaign_1,blacklist target of hardcoded manager (Execute call) Jul-Oct 2025
avalanche,0x34ec190a909a782ed73ab112ecef050fc4ae8943,0xce54c175880ff4edaa5d80b2dc66dda0e34a36ac,campaign_1,blacklist target of hardcoded manager (Execute call) Jul-Oct 2025
avalanche,0x34ef47dccc696223855c1bfcd55a2a8d68e6793b,0xce54c175880ff4edaa5d80b2dc66dda0e34a36ac,campaign_1,blacklist target of hardcoded manager (Execute call) Jul-Oct 2025
avalanche,0x34fc1a8e4234d32b77344d977870394ef2f714c7,0xce54c175880ff4edaa5d80b2dc66dda0e34a36ac,campaign_1,blacklist target of hardcoded manager (Execute call) Jul-Oct 2025
avalanche,0x35122144870be7bcfdc6dfeff8afd718f9fa8737,0xce54c175880ff4edaa5d80b2dc66dda0e34a36ac,campaign_1,blacklist target of hardcoded manager (Execute call) Jul-Oct 2025
avalanche,0x352c3447c2502d345e97113a7506762bfd798090,0xce54c175880ff4edaa5d80b2dc66dda0e34a36ac,campaign_1,blacklist target of hardcoded manager (Execute call) Jul-Oct 2025
avalanche,0x352c390892b264b0ac76d807e3460ec803b81ba7,0xce54c175880ff4edaa5d80b2dc66dda0e34a36ac,campaign_1,blacklist target of hardcoded manager (Execute call) Jul-Oct 2025
avalanche,0x353bf111807e19bff2f2fd0afcea1e611157ff3f,0xce54c175880ff4edaa5d80b2dc66dda0e34a36ac,campaign_1,blacklist target of hardcoded manager (Execute call) Jul-Oct 2025
avalanche,0x354306e6bde4d68612da10df7bd53b5b9b399b1b,0xce54c175880ff4edaa5d80b2dc66dda0e34a36ac,campaign_1,blacklist target of hardcoded manager (Execute call) Jul-Oct 2025
avalanche,0x354cc164380808bee573caf1c402f70f788c940f,0xce54c175880ff4edaa5d80b2dc66dda0e34a36ac,campaign_1,blacklist target of hardcoded manager (Execute call) Jul-Oct 2025
avalanche,0x3551bc00ed919270f83d2b0a56aa95cb247d3d31,0xce54c175880ff4edaa5d80b2dc66dda0e34a36ac,campaign_1,blacklist target of hardcoded manager (Execute call) Jul-Oct 2025
avalanche,0x3573ffd220781e2c6579081661937242311565ce,0xce54c175880ff4edaa5d80b2dc66dda0e34a36ac,campaign_1,blacklist target of hardcoded manager (Execute call) Jul-Oct 2025
avalanche,0x35765505336651399c22f14259d9596948a67499,0xce54c175880ff4edaa5d80b2dc66dda0e34a36ac,campaign_1,blacklist target of hardcoded manager (Execute call) Jul-Oct 2025
avalanche,0x357d6ec5747a9c246b2e6a0180fa872139c81e5f,0xce54c175880ff4edaa5d80b2dc66dda0e34a36ac,campaign_1,blacklist target of hardcoded manager (Execute call) Jul-Oct 2025
avalanche,0x357f13230c0ab1c244a9b25411bb5bba1eed6654,0xce54c175880ff4edaa5d80b2dc66dda0e34a36ac,campaign_1,blacklist target of hardcoded manager (Execute call) Jul-Oct 2025
avalanche,0x359619d72f4f6efd2076fb01f170d243ff1001eb,0xce54c175880ff4edaa5d80b2dc66dda0e34a36ac,campaign_1,blacklist target of hardcoded manager (Execute call) Jul-Oct 2025
avalanche,0x359a8477d8ab45e6460019ae45fa8493a33eaa7f,0xce54c175880ff4edaa5d80b2dc66dda0e34a36ac,campaign_1,blacklist target of hardcoded manager (Execute call) Jul-Oct 2025
avalanche,0x359ac5125dd36fdf025d1f5e300c985e0688d1f4,0xce54c175880ff4edaa5d80b2dc66dda0e34a36ac,campaign_1,blacklist target of hardcoded manager (Execute call) Jul-Oct 2025
avalanche,0x35ab984ba76132621619502a2692780d191eca11,0xce54c175880ff4edaa5d80b2dc66dda0e34a36ac,campaign_1,blacklist target of hardcoded manager (Execute call) Jul-Oct 2025
avalanche,0x35cdea14df06a07e5d140f2d4e40ece9905ef9d0,0xce54c175880ff4edaa5d80b2dc66dda0e34a36ac,campaign_1,blacklist target of hardcoded manager (Execute call) Jul-Oct 2025
avalanche,0x35d99b4b9c81d7f4333b60605acc68ab0fc45a58,0xce54c175880ff4edaa5d80b2dc66dda0e34a36ac,campaign_1,blacklist target of hardcoded manager (Execute call) Jul-Oct 2025
avalanche,0x35e21e9a0f4ffc9458f967bc9615747c6d5d4619,0xce54c175880ff4edaa5d80b2dc66dda0e34a36ac,campaign_1,blacklist target of hardcoded manager (Execute call) Jul-Oct 2025
avalanche,0x35f1901bf337067d005359fbbf6c6457c5b40506,0xce54c175880ff4edaa5d80b2dc66dda0e34a36ac,campaign_1,blacklist target of hardcoded manager (Execute call) Jul-Oct 2025
avalanche,0x35f25e97b0d3231023d085e7907328841f9d3988,0xce54c175880ff4edaa5d80b2dc66dda0e34a36ac,campaign_1,blacklist target of hardcoded manager (Execute call) Jul-Oct 2025
avalanche,0x35fc77634839aaba2c27318a477c2d0563664bb9,0xce54c175880ff4edaa5d80b2dc66dda0e34a36ac,campaign_1,blacklist target of hardcoded manager (Execute call) Jul-Oct 2025
avalanche,0x360165968ccba3951643509fe8b8c3d053cc0324,0xce54c175880ff4edaa5d80b2dc66dda0e34a36ac,campaign_1,blacklist target of hardcoded manager (Execute call) Jul-Oct 2025
avalanche,0x3602550be0ca2830aa8745e979d5cd4c5aaa8b6a,0xce54c175880ff4edaa5d80b2dc66dda0e34a36ac,campaign_1,blacklist target of hardcoded manager (Execute call) Jul-Oct 2025
avalanche,0x360f71abda2fcd7a4b3f643653c8a970b5fecff1,0xce54c175880ff4edaa5d80b2dc66dda0e34a36ac,campaign_1,blacklist target of hardcoded manager (Execute call) Jul-Oct 2025
avalanche,0x361d2d0192342ba1922eb2bc97ae6a5e12e2b6eb,0xce54c175880ff4edaa5d80b2dc66dda0e34a36ac,campaign_1,blacklist target of hardcoded manager (Execute call) Jul-Oct 2025
avalanche,0x361e21b530b8722ee1aa3bd20a139b6a7fc75a24,0xce54c175880ff4edaa5d80b2dc66dda0e34a36ac,campaign_1,blacklist target of hardcoded manager (Execute call) Jul-Oct 2025
avalanche,0x3621bec4222944958a97a16bb18455049d6ed133,0xce54c175880ff4edaa5d80b2dc66dda0e34a36ac,campaign_1,blacklist target of hardcoded manager (Execute call) Jul-Oct 2025
avalanche,0x363929b52b0350e7f51219ba61ee513115c1901c,0xce54c175880ff4edaa5d80b2dc66dda0e34a36ac,campaign_1,blacklist target of hardcoded manager (Execute call) Jul-Oct 2025
avalanche,0x364bc7109cb6828a87cae759bb7be56cd2428d96,0xce54c175880ff4edaa5d80b2dc66dda0e34a36ac,campaign_1,blacklist target of hardcoded manager (Execute call) Jul-Oct 2025
avalanche,0x3652d5bf2e93e329479198a137988ecc634fae16,0xce54c175880ff4edaa5d80b2dc66dda0e34a36ac,campaign_1,blacklist target of hardcoded manager (Execute call) Jul-Oct 2025
avalanche,0x369fa69387a726ce8444ece7170b9eaa5c8b40fe,0xce54c175880ff4edaa5d80b2dc66dda0e34a36ac,campaign_1,blacklist target of hardcoded manager (Execute call) Jul-Oct 2025
avalanche,0x36ad57550930bd704a89451e9b2d135d5f1f8a9d,0xce54c175880ff4edaa5d80b2dc66dda0e34a36ac,campaign_1,blacklist target of hardcoded manager (Execute call) Jul-Oct 2025
avalanche,0x36b038cd9ee9a5d863565f48505c3665feb30458,0xce54c175880ff4edaa5d80b2dc66dda0e34a36ac,campaign_1,blacklist target of hardcoded manager (Execute call) Jul-Oct 2025
avalanche,0x36ec489b14bdf43ec7227a3cf2a1478789181950,0xce54c175880ff4edaa5d80b2dc66dda0e34a36ac,campaign_1,blacklist target of hardcoded manager (Execute call) Jul-Oct 2025
avalanche,0x370f9b7e0dfdc4586e0a54d131cfc4644dc33e89,0xce54c175880ff4edaa5d80b2dc66dda0e34a36ac,campaign_1,blacklist target of hardcoded manager (Execute call) Jul-Oct 2025
avalanche,0x37285260afb661b3d78c9d33e76bdf8e6b45e8fd,0xce54c175880ff4edaa5d80b2dc66dda0e34a36ac,campaign_1,blacklist target of hardcoded manager (Execute call) Jul-Oct 2025
avalanche,0x37495166c52677038d17e179cdc1edc67ac7f68c,0xce54c175880ff4edaa5d80b2dc66dda0e34a36ac,campaign_1,blacklist target of hardcoded manager (Execute call) Jul-Oct 2025
avalanche,0x375554ec0ab1eb95713a021d6fa205d066f9b680,0xce54c175880ff4edaa5d80b2dc66dda0e34a36ac,campaign_1,blacklist target of hardcoded manager (Execute call) Jul-Oct 2025
avalanche,0x37561e061cc7fc788dde73dce7bac5984108ac32,0xce54c175880ff4edaa5d80b2dc66dda0e34a36ac,campaign_1,blacklist target of hardcoded manager (Execute call) Jul-Oct 2025
avalanche,0x3759136c114679951c3291c0034ae79926657f48,0xce54c175880ff4edaa5d80b2dc66dda0e34a36ac,campaign_1,blacklist target of hardcoded manager (Execute call) Jul-Oct 2025
avalanche,0x375c588bc137470c0a3678cd83e4ec1fafbc56bf,0xce54c175880ff4edaa5d80b2dc66dda0e34a36ac,campaign_1,blacklist target of hardcoded manager (Execute call) Jul-Oct 2025
avalanche,0x37623b86b89bdac59cef55d26c197ed1cf635885,0xce54c175880ff4edaa5d80b2dc66dda0e34a36ac,campaign_1,blacklist target of hardcoded manager (Execute call) Jul-Oct 2025
avalanche,0x376ec79e25f545c4d63e8180342c68de779809f6,0xce54c175880ff4edaa5d80b2dc66dda0e34a36ac,campaign_1,blacklist target of hardcoded manager (Execute call) Jul-Oct 2025
avalanche,0x378184fbdc49e0fd16c9e9df2b4f97fa02b0034f,0xce54c175880ff4edaa5d80b2dc66dda0e34a36ac,campaign_1,blacklist target of hardcoded manager (Execute call) Jul-Oct 2025
avalanche,0x37873dddb6d7fffa8e907ffc8078d27ac09ff38a,0xce54c175880ff4edaa5d80b2dc66dda0e34a36ac,campaign_1,blacklist target of hardcoded manager (Execute call) Jul-Oct 2025
avalanche,0x378ebeca1e9b8014a05f64240f8d3046d507556b,0xce54c175880ff4edaa5d80b2dc66dda0e34a36ac,campaign_1,blacklist target of hardcoded manager (Execute call) Jul-Oct 2025
avalanche,0x378f25ac472876182db70198295248b03eb18d28,0xce54c175880ff4edaa5d80b2dc66dda0e34a36ac,campaign_1,blacklist target of hardcoded manager (Execute call) Jul-Oct 2025
avalanche,0x37923d9267fcc09c6863d664bbda2774e661e87c,0xce54c175880ff4edaa5d80b2dc66dda0e34a36ac,campaign_1,blacklist target of hardcoded manager (Execute call) Jul-Oct 2025
avalanche,0x37a9c71488c410ecbf6ab41d65924306be63185a,0xce54c175880ff4edaa5d80b2dc66dda0e34a36ac,campaign_1,blacklist target of hardcoded manager (Execute call) Jul-Oct 2025
avalanche,0x37c130e13223fbcd26c27b0c8ee8c592b2aaa773,0xce54c175880ff4edaa5d80b2dc66dda0e34a36ac,campaign_1,blacklist target of hardcoded manager (Execute call) Jul-Oct 2025
avalanche,0x37c2bcc9daefbbc24b0078bef9ab9b94cb3a7711,0xce54c175880ff4edaa5d80b2dc66dda0e34a36ac,campaign_1,blacklist target of hardcoded manager (Execute call) Jul-Oct 2025
avalanche,0x37dd94875c7992aea20e58b7cbaed59dad4846e1,0xce54c175880ff4edaa5d80b2dc66dda0e34a36ac,campaign_1,blacklist target of hardcoded manager (Execute call) Jul-Oct 2025
avalanche,0x37f8faa0003b91fe90203508672cfb875b03a96d,0xce54c175880ff4edaa5d80b2dc66dda0e34a36ac,campaign_1,blacklist target of hardcoded manager (Execute call) Jul-Oct 2025
avalanche,0x37f91b0d43545324c0d94caeef631948a4053466,0xce54c175880ff4edaa5d80b2dc66dda0e34a36ac,campaign_1,blacklist target of hardcoded manager (Execute call) Jul-Oct 2025
avalanche,0x380462ea748eddfbf0ab514dd434500c90c8a9a9,0xce54c175880ff4edaa5d80b2dc66dda0e34a36ac,campaign_1,blacklist target of hardcoded manager (Execute call) Jul-Oct 2025
avalanche,0x38219c2c28b02b732795f118d7055d9510db7b3c,0xce54c175880ff4edaa5d80b2dc66dda0e34a36ac,campaign_1,blacklist target of hardcoded manager (Execute call) Jul-Oct 2025
avalanche,0x382807fcb3b65527ab5227b2c8188b54e9760946,0xce54c175880ff4edaa5d80b2dc66dda0e34a36ac,campaign_1,blacklist target of hardcoded manager (Execute call) Jul-Oct 2025
avalanche,0x382b4b100f99e27f2ecdca36226f40975f5b40cf,0xce54c175880ff4edaa5d80b2dc66dda0e34a36ac,campaign_1,blacklist target of hardcoded manager (Execute call) Jul-Oct 2025
avalanche,0x384dbba9f582dc0fbb689cadc1199df08a59c051,0xce54c175880ff4edaa5d80b2dc66dda0e34a36ac,campaign_1,blacklist target of hardcoded manager (Execute call) Jul-Oct 2025
avalanche,0x385584e60fa8eb8788b908b6fb2d5090d9e1c69d,0xce54c175880ff4edaa5d80b2dc66dda0e34a36ac,campaign_1,blacklist target of hardcoded manager (Execute call) Jul-Oct 2025
avalanche,0x385d5b81342e3a42818086c746a117eb8d2b3aa1,0xce54c175880ff4edaa5d80b2dc66dda0e34a36ac,campaign_1,blacklist target of hardcoded manager (Execute call) Jul-Oct 2025
avalanche,0x3861cb8c67cd658a8744661425cd9c23f2a83427,0xce54c175880ff4edaa5d80b2dc66dda0e34a36ac,campaign_1,blacklist target of hardcoded manager (Execute call) Jul-Oct 2025
avalanche,0x386f69bceb771e70c5ae96ad995fca7142207197,0xce54c175880ff4edaa5d80b2dc66dda0e34a36ac,campaign_1,blacklist target of hardcoded manager (Execute call) Jul-Oct 2025
avalanche,0x387987ce096c73ecbcd45ba42fc6e2e440f6bd0f,0xce54c175880ff4edaa5d80b2dc66dda0e34a36ac,campaign_1,blacklist target of hardcoded manager (Execute call) Jul-Oct 2025
avalanche,0x387b57b22b108abf31bf0aa2fb8f8ea179ee4d1b,0xce54c175880ff4edaa5d80b2dc66dda0e34a36ac,campaign_1,blacklist target of hardcoded manager (Execute call) Jul-Oct 2025
avalanche,0x388aebe0ffa6936bbfce30f1836409ea98353312,0xce54c175880ff4edaa5d80b2dc66dda0e34a36ac,campaign_1,blacklist target of hardcoded manager (Execute call) Jul-Oct 2025
avalanche,0x388d28d8e1dbc112c07e412734e885726c46c87b,0xce54c175880ff4edaa5d80b2dc66dda0e34a36ac,campaign_1,blacklist target of hardcoded manager (Execute call) Jul-Oct 2025
avalanche,0x38a7f0417e4c379ea264b13b392b725a24e49bd1,0xce54c175880ff4edaa5d80b2dc66dda0e34a36ac,campaign_1,blacklist target of hardcoded manager (Execute call) Jul-Oct 2025
avalanche,0x38a97237ef0faaeeacab0985fc1b6bc833e49c06,0xce54c175880ff4edaa5d80b2dc66dda0e34a36ac,campaign_1,blacklist target of hardcoded manager (Execute call) Jul-Oct 2025
avalanche,0x38aab4adcb4747bf5283d663bf66f51152fc4a09,0xce54c175880ff4edaa5d80b2dc66dda0e34a36ac,campaign_1,blacklist target of hardcoded manager (Execute call) Jul-Oct 2025
avalanche,0x38b8b31a98c590036b7eb09828eb74a5c304102a,0xce54c175880ff4edaa5d80b2dc66dda0e34a36ac,campaign_1,blacklist target of hardcoded manager (Execute call) Jul-Oct 2025
avalanche,0x38bd2086a0e58c06612e66249254e978d71c6805,0xce54c175880ff4edaa5d80b2dc66dda0e34a36ac,campaign_1,blacklist target of hardcoded manager (Execute call) Jul-Oct 2025
avalanche,0x38c191988f00848422e0368992bf71bd25ce336b,0xce54c175880ff4edaa5d80b2dc66dda0e34a36ac,campaign_1,blacklist target of hardcoded manager (Execute call) Jul-Oct 2025
avalanche,0x38c72e9e1caa3be985cdfe77f355f90cde87e544,0xce54c175880ff4edaa5d80b2dc66dda0e34a36ac,campaign_1,blacklist target of hardcoded manager (Execute call) Jul-Oct 2025
avalanche,0x38ca4cb4837e9ab61bad41b6b075202472c2a42d,0xce54c175880ff4edaa5d80b2dc66dda0e34a36ac,campaign_1,blacklist target of hardcoded manager (Execute call) Jul-Oct 2025
avalanche,0x38d9b88f1d475fc97276033cd6570999d682380d,0xce54c175880ff4edaa5d80b2dc66dda0e34a36ac,campaign_1,blacklist target of hardcoded manager (Execute call) Jul-Oct 2025
avalanche,0x38daa80f904be7b6358893bb51264fdf068cb4a0,0xce54c175880ff4edaa5d80b2dc66dda0e34a36ac,campaign_1,blacklist target of hardcoded manager (Execute call) Jul-Oct 2025
avalanche,0x38db1dc12e0561ed19d8c0672eb5dae36d1507aa,0xce54c175880ff4edaa5d80b2dc66dda0e34a36ac,campaign_1,blacklist target of hardcoded manager (Execute call) Jul-Oct 2025
avalanche,0x38e2757b71a43726d08d3a0f82058940305451a3,0xce54c175880ff4edaa5d80b2dc66dda0e34a36ac,campaign_1,blacklist target of hardcoded manager (Execute call) Jul-Oct 2025
avalanche,0x38eaa0e10107825d3ff51ea2c18b6950e3d818bf,0xce54c175880ff4edaa5d80b2dc66dda0e34a36ac,campaign_1,blacklist target of hardcoded manager (Execute call) Jul-Oct 2025
avalanche,0x38f3c679a234c8227ff1723590f2c9a21b2d695e,0xce54c175880ff4edaa5d80b2dc66dda0e34a36ac,campaign_1,blacklist target of hardcoded manager (Execute call) Jul-Oct 2025
avalanche,0x38fb3afadf8895f05d282f07389449912914aa02,0xce54c175880ff4edaa5d80b2dc66dda0e34a36ac,campaign_1,blacklist target of hardcoded manager (Execute call) Jul-Oct 2025
avalanche,0x38fc24851da832bc7d6f37aced73a91c6954883c,0xce54c175880ff4edaa5d80b2dc66dda0e34a36ac,campaign_1,blacklist target of hardcoded manager (Execute call) Jul-Oct 2025
avalanche,0x38fc3ef80d855090c00fb8be6a14395e379e2d45,0xce54c175880ff4edaa5d80b2dc66dda0e34a36ac,campaign_1,blacklist target of hardcoded manager (Execute call) Jul-Oct 2025
avalanche,0x3920b65f83280d808cddcadff47c3d87f28d8123,0xce54c175880ff4edaa5d80b2dc66dda0e34a36ac,campaign_1,blacklist target of hardcoded manager (Execute call) Jul-Oct 2025
avalanche,0x392e90d2ea8cb751005ccf8d60de504317e9ddae,0xce54c175880ff4edaa5d80b2dc66dda0e34a36ac,campaign_1,blacklist target of hardcoded manager (Execute call) Jul-Oct 2025
avalanche,0x39307563b87f2c178b6a3ebe04b5e3aa8ae532cf,0xce54c175880ff4edaa5d80b2dc66dda0e34a36ac,campaign_1,blacklist target of hardcoded manager (Execute call) Jul-Oct 2025
avalanche,0x3940d3fe1471f21aef63f0fc13286275b016d83e,0xce54c175880ff4edaa5d80b2dc66dda0e34a36ac,campaign_1,blacklist target of hardcoded manager (Execute call) Jul-Oct 2025
avalanche,0x394182a58d379b4f0f974e0dfe4120274218982b,0xce54c175880ff4edaa5d80b2dc66dda0e34a36ac,campaign_1,blacklist target of hardcoded manager (Execute call) Jul-Oct 2025
avalanche,0x396c84d064824f791bf03637fd090f021d27b07f,0xce54c175880ff4edaa5d80b2dc66dda0e34a36ac,campaign_1,blacklist target of hardcoded manager (Execute call) Jul-Oct 2025
avalanche,0x39718d2aecc56899397a0337b8e2cc78b1c8580c,0xce54c175880ff4edaa5d80b2dc66dda0e34a36ac,campaign_1,blacklist target of hardcoded manager (Execute call) Jul-Oct 2025
avalanche,0x397599ff372e5f057ec7e05746eaaebeaa2326ff,0xce54c175880ff4edaa5d80b2dc66dda0e34a36ac,campaign_1,blacklist target of hardcoded manager (Execute call) Jul-Oct 2025
avalanche,0x398ed097244a91754b463d6ea1cd419fb286057b,0xce54c175880ff4edaa5d80b2dc66dda0e34a36ac,campaign_1,blacklist target of hardcoded manager (Execute call) Jul-Oct 2025
avalanche,0x39999e5a29269fce075797a08927d31fdbc988cc,0xce54c175880ff4edaa5d80b2dc66dda0e34a36ac,campaign_1,blacklist target of hardcoded manager (Execute call) Jul-Oct 2025
avalanche,0x39b1cf3a1d3bd5eb4b538d93235ff3315a52ef24,0xce54c175880ff4edaa5d80b2dc66dda0e34a36ac,campaign_1,blacklist target of hardcoded manager (Execute call) Jul-Oct 2025
avalanche,0x39bc9912719853cb1e965b165926ea2c6a9abffe,0xce54c175880ff4edaa5d80b2dc66dda0e34a36ac,campaign_1,blacklist target of hardcoded manager (Execute call) Jul-Oct 2025
avalanche,0x39c21e86bf9a869ab5c2fbe45d9c89d9e1281eda,0xce54c175880ff4edaa5d80b2dc66dda0e34a36ac,campaign_1,blacklist target of hardcoded manager (Execute call) Jul-Oct 2025
avalanche,0x39cfa9e60dc079dbbfbaa9147ec96c19e5ae4ed4,0xce54c175880ff4edaa5d80b2dc66dda0e34a36ac,campaign_1,blacklist target of hardcoded manager (Execute call) Jul-Oct 2025
avalanche,0x39d2188b1d4b1a47e2aee055d0817182d49871fe,0xce54c175880ff4edaa5d80b2dc66dda0e34a36ac,campaign_1,blacklist target of hardcoded manager (Execute call) Jul-Oct 2025
avalanche,0x39d5ad7b98f428540eab0fdc889683a988bd2419,0xce54c175880ff4edaa5d80b2dc66dda0e34a36ac,campaign_1,blacklist target of hardcoded manager (Execute call) Jul-Oct 2025
avalanche,0x39d6ae9904204da0b6ad7649c12d55bb543a8fdf,0xce54c175880ff4edaa5d80b2dc66dda0e34a36ac,campaign_1,blacklist target of hardcoded manager (Execute call) Jul-Oct 2025
avalanche,0x39dae4020629a667fb7d2439d271826023d220f6,0xce54c175880ff4edaa5d80b2dc66dda0e34a36ac,campaign_1,blacklist target of hardcoded manager (Execute call) Jul-Oct 2025
avalanche,0x39de42561b218e8cf3e6cfb1b152beb30ade47b4,0xce54c175880ff4edaa5d80b2dc66dda0e34a36ac,campaign_1,blacklist target of hardcoded manager (Execute call) Jul-Oct 2025
avalanche,0x39f44076c48d800e67fb2182b7ab3c4c0ce99899,0xce54c175880ff4edaa5d80b2dc66dda0e34a36ac,campaign_1,blacklist target of hardcoded manager (Execute call) Jul-Oct 2025
avalanche,0x39f7e14d8c7bf686139a8e3735e5b794a6aa6d61,0xce54c175880ff4edaa5d80b2dc66dda0e34a36ac,campaign_1,blacklist target of hardcoded manager (Execute call) Jul-Oct 2025
avalanche,0x39fda6b8603bf7cfa3088cc363b6dc0c6da78f9c,0xce54c175880ff4edaa5d80b2dc66dda0e34a36ac,campaign_1,blacklist target of hardcoded manager (Execute call) Jul-Oct 2025
avalanche,0x3a14d767e9fb77469db04d3ea8b421e8f9baae93,0xce54c175880ff4edaa5d80b2dc66dda0e34a36ac,campaign_1,blacklist target of hardcoded manager (Execute call) Jul-Oct 2025
avalanche,0x3a17dabf62445947119fdaf4c384ef4858f793cd,0xce54c175880ff4edaa5d80b2dc66dda0e34a36ac,campaign_1,blacklist target of hardcoded manager (Execute call) Jul-Oct 2025
avalanche,0x3a1e36dcc4884b247801632d13a9b4dd87218278,0xce54c175880ff4edaa5d80b2dc66dda0e34a36ac,campaign_1,blacklist target of hardcoded manager (Execute call) Jul-Oct 2025
avalanche,0x3a2ed2757f425579a4257f1628318676419003fe,0xce54c175880ff4edaa5d80b2dc66dda0e34a36ac,campaign_1,blacklist target of hardcoded manager (Execute call) Jul-Oct 2025
avalanche,0x3a319f44dbfd617b7ae3d020d122b97b321df687,0xce54c175880ff4edaa5d80b2dc66dda0e34a36ac,campaign_1,blacklist target of hardcoded manager (Execute call) Jul-Oct 2025
avalanche,0x3a4220e00139cbebd5190fc14c298e12781b6975,0xce54c175880ff4edaa5d80b2dc66dda0e34a36ac,campaign_1,blacklist target of hardcoded manager (Execute call) Jul-Oct 2025
avalanche,0x3a48367dfb72121a3c2543b925f73a6b3d37f8db,0xce54c175880ff4edaa5d80b2dc66dda0e34a36ac,campaign_1,blacklist target of hardcoded manager (Execute call) Jul-Oct 2025
avalanche,0x3a58417ac070984e31da37ba6eaa5fa0644358d9,0xce54c175880ff4edaa5d80b2dc66dda0e34a36ac,campaign_1,blacklist target of hardcoded manager (Execute call) Jul-Oct 2025
avalanche,0x3a63d354d8b6363a6b15cd89e6b1be96cdaf6257,0xce54c175880ff4edaa5d80b2dc66dda0e34a36ac,campaign_1,blacklist target of hardcoded manager (Execute call) Jul-Oct 2025
avalanche,0x3a7db48a6725848586bfb4ed7856744f011337fa,0xce54c175880ff4edaa5d80b2dc66dda0e34a36ac,campaign_1,blacklist target of hardcoded manager (Execute call) Jul-Oct 2025
avalanche,0x3a873729f941484176a0030a7e2077a69dc2cbb0,0xce54c175880ff4edaa5d80b2dc66dda0e34a36ac,campaign_1,blacklist target of hardcoded manager (Execute call) Jul-Oct 2025
avalanche,0x3aa950edfb1e17a3fc321d04aca9bfafe81a614b,0xce54c175880ff4edaa5d80b2dc66dda0e34a36ac,campaign_1,blacklist target of hardcoded manager (Execute call) Jul-Oct 2025
avalanche,0x3aafd8c86f5d89682f8aeaf8b3403619a51af669,0xce54c175880ff4edaa5d80b2dc66dda0e34a36ac,campaign_1,blacklist target of hardcoded manager (Execute call) Jul-Oct 2025
avalanche,0x3ab8ff811c548339b223f5c42b6ccc04d9d8e94b,0xce54c175880ff4edaa5d80b2dc66dda0e34a36ac,campaign_1,blacklist target of hardcoded manager (Execute call) Jul-Oct 2025
avalanche,0x3af5d0d95f9d4d07895c75f26b4f1196d965e46b,0xce54c175880ff4edaa5d80b2dc66dda0e34a36ac,campaign_1,blacklist target of hardcoded manager (Execute call) Jul-Oct 2025
avalanche,0x3b0be9477be52345c54981a56d06bcb788768290,0xce54c175880ff4edaa5d80b2dc66dda0e34a36ac,campaign_1,blacklist target of hardcoded manager (Execute call) Jul-Oct 2025
avalanche,0x3b1a4a8ba2a129017f86dce49026d339baa1364a,0xce54c175880ff4edaa5d80b2dc66dda0e34a36ac,campaign_1,blacklist target of hardcoded manager (Execute call) Jul-Oct 2025
avalanche,0x3b2a8dd4d96e68906d2b1c5005826fe4476e1d48,0xce54c175880ff4edaa5d80b2dc66dda0e34a36ac,campaign_1,blacklist target of hardcoded manager (Execute call) Jul-Oct 2025
avalanche,0x3b458b85d24ab0d6b153d3e1c8bd66980a9362d4,0xce54c175880ff4edaa5d80b2dc66dda0e34a36ac,campaign_1,blacklist target of hardcoded manager (Execute call) Jul-Oct 2025
avalanche,0x3b6732f3d7ed8133b64dcc81d0361936aa1fb10c,0xce54c175880ff4edaa5d80b2dc66dda0e34a36ac,campaign_1,blacklist target of hardcoded manager (Execute call) Jul-Oct 2025
avalanche,0x3b72b22a37d1c5eeee897b3d957b7cf955bb2003,0xce54c175880ff4edaa5d80b2dc66dda0e34a36ac,campaign_1,blacklist target of hardcoded manager (Execute call) Jul-Oct 2025
avalanche,0x3b7f92d16848346dc547ea716e2fae1e62110241,0xce54c175880ff4edaa5d80b2dc66dda0e34a36ac,campaign_1,blacklist target of hardcoded manager (Execute call) Jul-Oct 2025
avalanche,0x3b8c8129a7f78bf9f6d04dfaecb078d7fc6b689b,0xce54c175880ff4edaa5d80b2dc66dda0e34a36ac,campaign_1,blacklist target of hardcoded manager (Execute call) Jul-Oct 2025
avalanche,0x3b9eb6f2567558cfd3d4b7615e2afbe3c292c863,0xce54c175880ff4edaa5d80b2dc66dda0e34a36ac,campaign_1,blacklist target of hardcoded manager (Execute call) Jul-Oct 2025
avalanche,0x3b9f83ab71062bb56d4c514202a322523cb3ad43,0xce54c175880ff4edaa5d80b2dc66dda0e34a36ac,campaign_1,blacklist target of hardcoded manager (Execute call) Jul-Oct 2025
avalanche,0x3ba3886041ddf87004f9c19897911bf6aaae2f79,0xce54c175880ff4edaa5d80b2dc66dda0e34a36ac,campaign_1,blacklist target of hardcoded manager (Execute call) Jul-Oct 2025
avalanche,0x3bbeb91141c719d758ab07f3976ca2bcaedf239f,0xce54c175880ff4edaa5d80b2dc66dda0e34a36ac,campaign_1,blacklist target of hardcoded manager (Execute call) Jul-Oct 2025
avalanche,0x3bcb33cdf1cdd55bc514055b3471b54e5a325cb6,0xce54c175880ff4edaa5d80b2dc66dda0e34a36ac,campaign_1,blacklist target of hardcoded manager (Execute call) Jul-Oct 2025
avalanche,0x3be50e8b581fc12a0878b9a75fb214b8f682e179,0xce54c175880ff4edaa5d80b2dc66dda0e34a36ac,campaign_1,blacklist target of hardcoded manager (Execute call) Jul-Oct 2025
avalanche,0x3befd05c7afdbe15a800b0f5131a10fbd472391b,0xce54c175880ff4edaa5d80b2dc66dda0e34a36ac,campaign_1,blacklist target of hardcoded manager (Execute call) Jul-Oct 2025
avalanche,0x3c1774774cc19cda6d2e67625f4a342ed8de5a2a,0xce54c175880ff4edaa5d80b2dc66dda0e34a36ac,campaign_1,blacklist target of hardcoded manager (Execute call) Jul-Oct 2025
avalanche,0x3c2a02823758725aebe70d2b3488713db06fc085,0xce54c175880ff4edaa5d80b2dc66dda0e34a36ac,campaign_1,blacklist target of hardcoded manager (Execute call) Jul-Oct 2025
avalanche,0x3c3ba5a29bc7fdc86370e6b0d6607542596b492c,0xce54c175880ff4edaa5d80b2dc66dda0e34a36ac,campaign_1,blacklist target of hardcoded manager (Execute call) Jul-Oct 2025
avalanche,0x3c52948555b00d60a2f9d875bbaccd0240b53642,0xce54c175880ff4edaa5d80b2dc66dda0e34a36ac,campaign_1,blacklist target of hardcoded manager (Execute call) Jul-Oct 2025
avalanche,0x3c5929034a1dbe0207cc29acd75c5a030d7f58fb,0xce54c175880ff4edaa5d80b2dc66dda0e34a36ac,campaign_1,blacklist target of hardcoded manager (Execute call) Jul-Oct 2025
avalanche,0x3c604aab667823634320498be5985f2f2740400d,0xce54c175880ff4edaa5d80b2dc66dda0e34a36ac,campaign_1,blacklist target of hardcoded manager (Execute call) Jul-Oct 2025
avalanche,0x3c644ac166fd2d2bedd1f3d20caef4d6925e507f,0xce54c175880ff4edaa5d80b2dc66dda0e34a36ac,campaign_1,blacklist target of hardcoded manager (Execute call) Jul-Oct 2025
avalanche,0x3c6f1a499bbddffc80144cbb1cfb1e04a0d0c903,0xce54c175880ff4edaa5d80b2dc66dda0e34a36ac,campaign_1,blacklist target of hardcoded manager (Execute call) Jul-Oct 2025
avalanche,0x3c760542293c73ccc0e94521b9b9f0cabc44af5c,0xce54c175880ff4edaa5d80b2dc66dda0e34a36ac,campaign_1,blacklist target of hardcoded manager (Execute call) Jul-Oct 2025
avalanche,0x3c8c91fdef3d2b43d6f1fe06f6cdd829367f5e7e,0xce54c175880ff4edaa5d80b2dc66dda0e34a36ac,campaign_1,blacklist target of hardcoded manager (Execute call) Jul-Oct 2025
avalanche,0x3c8fcd89d032ef9f27b4531078ec6a74694ecefe,0xce54c175880ff4edaa5d80b2dc66dda0e34a36ac,campaign_1,blacklist target of hardcoded manager (Execute call) Jul-Oct 2025
avalanche,0x3c927dd4e9ab9fa7cad0b2025365663b3e1f4001,0xce54c175880ff4edaa5d80b2dc66dda0e34a36ac,campaign_1,blacklist target of hardcoded manager (Execute call) Jul-Oct 2025
avalanche,0x3c958c3d673d5958c530facd4c7c5eff62bca507,0xce54c175880ff4edaa5d80b2dc66dda0e34a36ac,campaign_1,blacklist target of hardcoded manager (Execute call) Jul-Oct 2025
avalanche,0x3cb23c6e95408a56033532636715cba02d8bffba,0xce54c175880ff4edaa5d80b2dc66dda0e34a36ac,campaign_1,blacklist target of hardcoded manager (Execute call) Jul-Oct 2025
avalanche,0x3cc8e6fc0e1bae3a75d8047d7b1d9d73ca6198c6,0xce54c175880ff4edaa5d80b2dc66dda0e34a36ac,campaign_1,blacklist target of hardcoded manager (Execute call) Jul-Oct 2025
avalanche,0x3cca4bb3c03697f972283ec11cd771913384782f,0xce54c175880ff4edaa5d80b2dc66dda0e34a36ac,campaign_1,blacklist target of hardcoded manager (Execute call) Jul-Oct 2025
avalanche,0x3cd528c3245311a57b5b4259bf596ebc03926b73,0xce54c175880ff4edaa5d80b2dc66dda0e34a36ac,campaign_1,blacklist target of hardcoded manager (Execute call) Jul-Oct 2025
avalanche,0x3ce1b0592609dd4f1a542044fe11ade19d4f4797,0xce54c175880ff4edaa5d80b2dc66dda0e34a36ac,campaign_1,blacklist target of hardcoded manager (Execute call) Jul-Oct 2025
avalanche,0x3ced1ceb71a1be2be170d24702b7468c0e3a5c48,0xce54c175880ff4edaa5d80b2dc66dda0e34a36ac,campaign_1,blacklist target of hardcoded manager (Execute call) Jul-Oct 2025
avalanche,0x3ceee75551b4f01663bfdec8fc787f9d391ceb5d,0xce54c175880ff4edaa5d80b2dc66dda0e34a36ac,campaign_1,blacklist target of hardcoded manager (Execute call) Jul-Oct 2025
avalanche,0x3cf0aca4cf4a76cb01235aea09b99171e9fe9755,0xce54c175880ff4edaa5d80b2dc66dda0e34a36ac,campaign_1,blacklist target of hardcoded manager (Execute call) Jul-Oct 2025
avalanche,0x3cfc6312e26c8e57651b0e5b450ad30afe95993e,0xce54c175880ff4edaa5d80b2dc66dda0e34a36ac,campaign_1,blacklist target of hardcoded manager (Execute call) Jul-Oct 2025
avalanche,0x3d220a10c219562297f48b2f46f17129fd37dc11,0xce54c175880ff4edaa5d80b2dc66dda0e34a36ac,campaign_1,blacklist target of hardcoded manager (Execute call) Jul-Oct 2025
avalanche,0x3d639866754f0dadb2ad2f45fc4acdb44a95c233,0xce54c175880ff4edaa5d80b2dc66dda0e34a36ac,campaign_1,blacklist target of hardcoded manager (Execute call) Jul-Oct 2025
avalanche,0x3d645e8ab2566c5645e3b73d929c1d732c063f84,0xce54c175880ff4edaa5d80b2dc66dda0e34a36ac,campaign_1,blacklist target of hardcoded manager (Execute call) Jul-Oct 2025
avalanche,0x3d748488196489871c8234dbe0a69a25c4c56a39,0xce54c175880ff4edaa5d80b2dc66dda0e34a36ac,campaign_1,blacklist target of hardcoded manager (Execute call) Jul-Oct 2025
avalanche,0x3d8aabee6a4e968673693d38417652428366c523,0xce54c175880ff4edaa5d80b2dc66dda0e34a36ac,campaign_1,blacklist target of hardcoded manager (Execute call) Jul-Oct 2025
avalanche,0x3d8fda52fb93e2725d7d0931354e2cbdc30ba73a,0xce54c175880ff4edaa5d80b2dc66dda0e34a36ac,campaign_1,blacklist target of hardcoded manager (Execute call) Jul-Oct 2025
avalanche,0x3d9323808c608a6cfe026584bb9da200a8f3f2eb,0xce54c175880ff4edaa5d80b2dc66dda0e34a36ac,campaign_1,blacklist target of hardcoded manager (Execute call) Jul-Oct 2025
avalanche,0x3d99397ffa29313f8d0f9519a1b21794e9597b5e,0xce54c175880ff4edaa5d80b2dc66dda0e34a36ac,campaign_1,blacklist target of hardcoded manager (Execute call) Jul-Oct 2025
avalanche,0x3da03951b73acea01094976fffeb4541571121d5,0xce54c175880ff4edaa5d80b2dc66dda0e34a36ac,campaign_1,blacklist target of hardcoded manager (Execute call) Jul-Oct 2025
avalanche,0x3dcd25bc071d47dd9f29e6c250dd9313b4441e3d,0xce54c175880ff4edaa5d80b2dc66dda0e34a36ac,campaign_1,blacklist target of hardcoded manager (Execute call) Jul-Oct 2025
avalanche,0x3dd1b68e747b401ecbf68a09b80ffc506efcdad4,0xce54c175880ff4edaa5d80b2dc66dda0e34a36ac,campaign_1,blacklist target of hardcoded manager (Execute call) Jul-Oct 2025
avalanche,0x3e13981818d91b0adfd6fd1efbc05c5389d370f1,0xce54c175880ff4edaa5d80b2dc66dda0e34a36ac,campaign_1,blacklist target of hardcoded manager (Execute call) Jul-Oct 2025
avalanche,0x3e3002f2110a1dd94fb3040be73cc76feb001aa8,0xce54c175880ff4edaa5d80b2dc66dda0e34a36ac,campaign_1,blacklist target of hardcoded manager (Execute call) Jul-Oct 2025
avalanche,0x3e4471427416e3d2a782ef1a2afd8bdf7266b2ee,0xce54c175880ff4edaa5d80b2dc66dda0e34a36ac,campaign_1,blacklist target of hardcoded manager (Execute call) Jul-Oct 2025
avalanche,0x3e5397d0f0fab341be415b35f11bc09b5f962ad4,0xce54c175880ff4edaa5d80b2dc66dda0e34a36ac,campaign_1,blacklist target of hardcoded manager (Execute call) Jul-Oct 2025
avalanche,0x3e60a43563cf8b6558fd84a2790370d799159377,0xce54c175880ff4edaa5d80b2dc66dda0e34a36ac,campaign_1,blacklist target of hardcoded manager (Execute call) Jul-Oct 2025
avalanche,0x3e666b273f04b65c7c439ac85bc3dfb047488c81,0xce54c175880ff4edaa5d80b2dc66dda0e34a36ac,campaign_1,blacklist target of hardcoded manager (Execute call) Jul-Oct 2025
avalanche,0x3e6a7067421fd08078edec54c1834bd51b9c01db,0xce54c175880ff4edaa5d80b2dc66dda0e34a36ac,campaign_1,blacklist target of hardcoded manager (Execute call) Jul-Oct 2025
avalanche,0x3e6bf188a7a296d3ce5c5e1c48eaec59979d715b,0xce54c175880ff4edaa5d80b2dc66dda0e34a36ac,campaign_1,blacklist target of hardcoded manager (Execute call) Jul-Oct 2025
avalanche,0x3e6efdea60542defa7a1d21d7b0ae5a37e46bdd9,0xce54c175880ff4edaa5d80b2dc66dda0e34a36ac,campaign_1,blacklist target of hardcoded manager (Execute call) Jul-Oct 2025
avalanche,0x3e711429f864149d88e5e3b136a982d3d7c7becb,0xce54c175880ff4edaa5d80b2dc66dda0e34a36ac,campaign_1,blacklist target of hardcoded manager (Execute call) Jul-Oct 2025
avalanche,0x3e71d4014c095c6cd41f90281eb76e116fc7c61f,0xce54c175880ff4edaa5d80b2dc66dda0e34a36ac,campaign_1,blacklist target of hardcoded manager (Execute call) Jul-Oct 2025
avalanche,0x3e82e618de9da658b3e009910ad87ba69e4e15ff,0xce54c175880ff4edaa5d80b2dc66dda0e34a36ac,campaign_1,blacklist target of hardcoded manager (Execute call) Jul-Oct 2025
avalanche,0x3e8a82c197e3cd8d4e2b48068627f8f3af72708b,0xce54c175880ff4edaa5d80b2dc66dda0e34a36ac,campaign_1,blacklist target of hardcoded manager (Execute call) Jul-Oct 2025
avalanche,0x3e90251afe7acb35168575b3d4a014eac9c41a9f,0xce54c175880ff4edaa5d80b2dc66dda0e34a36ac,campaign_1,blacklist target of hardcoded manager (Execute call) Jul-Oct 2025
avalanche,0x3eb03e7e60d9098f3a4c8cbce0639a61832b0664,0xce54c175880ff4edaa5d80b2dc66dda0e34a36ac,campaign_1,blacklist target of hardcoded manager (Execute call) Jul-Oct 2025
avalanche,0x3ebc4182de91162d46729ad250c6b89250f1c85e,0xce54c175880ff4edaa5d80b2dc66dda0e34a36ac,campaign_1,blacklist target of hardcoded manager (Execute call) Jul-Oct 2025
avalanche,0x3ed850416da6ca2340c8886a1d73d2e563e465cb,0xce54c175880ff4edaa5d80b2dc66dda0e34a36ac,campaign_1,blacklist target of hardcoded manager (Execute call) Jul-Oct 2025
avalanche,0x3ef1b9c6863a05cd68d73cabe988aa0c93fcb8d2,0xce54c175880ff4edaa5d80b2dc66dda0e34a36ac,campaign_1,blacklist target of hardcoded manager (Execute call) Jul-Oct 2025
avalanche,0x3efda8745e1f707bb6b25222e667100ce54b1789,0xce54c175880ff4edaa5d80b2dc66dda0e34a36ac,campaign_1,blacklist target of hardcoded manager (Execute call) Jul-Oct 2025
avalanche,0x3f260b343421f838535634fe387300181262d530,0xce54c175880ff4edaa5d80b2dc66dda0e34a36ac,campaign_1,blacklist target of hardcoded manager (Execute call) Jul-Oct 2025
avalanche,0x3f3d305ae3ba82e0c06e39fe988577570de6358a,0xce54c175880ff4edaa5d80b2dc66dda0e34a36ac,campaign_1,blacklist target of hardcoded manager (Execute call) Jul-Oct 2025
avalanche,0x3f56e23c4360621900128ded2945679975560e4e,0xce54c175880ff4edaa5d80b2dc66dda0e34a36ac,campaign_1,blacklist target of hardcoded manager (Execute call) Jul-Oct 2025
avalanche,0x3f58220bb83893177954483c3960509973fbad2d,0xce54c175880ff4edaa5d80b2dc66dda0e34a36ac,campaign_1,blacklist target of hardcoded manager (Execute call) Jul-Oct 2025
avalanche,0x3f592a7f56319144d4a7050e4c2155839666dd68,0xce54c175880ff4edaa5d80b2dc66dda0e34a36ac,campaign_1,blacklist target of hardcoded manager (Execute call) Jul-Oct 2025
avalanche,0x3f6b670b0aa30f72d28e6eddac3782a2f4836a34,0xce54c175880ff4edaa5d80b2dc66dda0e34a36ac,campaign_1,blacklist target of hardcoded manager (Execute call) Jul-Oct 2025
avalanche,0x3f8b719437b08c731e75415e140e70df03ed2df1,0xce54c175880ff4edaa5d80b2dc66dda0e34a36ac,campaign_1,blacklist target of hardcoded manager (Execute call) Jul-Oct 2025
avalanche,0x3f91adb09b8ed44f6a7df47f22bb98fbcf3665cd,0xce54c175880ff4edaa5d80b2dc66dda0e34a36ac,campaign_1,blacklist target of hardcoded manager (Execute call) Jul-Oct 2025
avalanche,0x3fb017249f15a0c543ca7703e9704e71a1b0c5c1,0xce54c175880ff4edaa5d80b2dc66dda0e34a36ac,campaign_1,blacklist target of hardcoded manager (Execute call) Jul-Oct 2025
avalanche,0x3fb871f31f8e909fb1e7d8037338c99d84c67264,0xce54c175880ff4edaa5d80b2dc66dda0e34a36ac,campaign_1,blacklist target of hardcoded manager (Execute call) Jul-Oct 2025
avalanche,0x3fbbd74334e5d2317510d923cbffd63c42a64f07,0xce54c175880ff4edaa5d80b2dc66dda0e34a36ac,campaign_1,blacklist target of hardcoded manager (Execute call) Jul-Oct 2025
avalanche,0x3fc270d763449bbf73c0c74dfaad3ee0c3b27d6e,0xce54c175880ff4edaa5d80b2dc66dda0e34a36ac,campaign_1,blacklist target of hardcoded manager (Execute call) Jul-Oct 2025
avalanche,0x3fcdc51e0608147a875f9e1b59a82a97525808a5,0xce54c175880ff4edaa5d80b2dc66dda0e34a36ac,campaign_1,blacklist target of hardcoded manager (Execute call) Jul-Oct 2025
avalanche,0x3fce12b5a8f966771343b280584fd65101658293,0xce54c175880ff4edaa5d80b2dc66dda0e34a36ac,campaign_1,blacklist target of hardcoded manager (Execute call) Jul-Oct 2025
avalanche,0x3fe9c5e8751a14e31ac3c97a341c3311d058f969,0xce54c175880ff4edaa5d80b2dc66dda0e34a36ac,campaign_1,blacklist target of hardcoded manager (Execute call) Jul-Oct 2025
avalanche,0x400a421bfa9d2df091d88150ab99b672c013282c,0xce54c175880ff4edaa5d80b2dc66dda0e34a36ac,campaign_1,blacklist target of hardcoded manager (Execute call) Jul-Oct 2025
avalanche,0x400b6e9c9112cf0ebd677af9e309e4b7a67c5fc7,0xce54c175880ff4edaa5d80b2dc66dda0e34a36ac,campaign_1,blacklist target of hardcoded manager (Execute call) Jul-Oct 2025
avalanche,0x40192c799278f806b1cf6de09b0f6c399c8ed978,0xce54c175880ff4edaa5d80b2dc66dda0e34a36ac,campaign_1,blacklist target of hardcoded manager (Execute call) Jul-Oct 2025
avalanche,0x4023c3cbf22d3e40476a16b56c80997c3ea2c2cd,0xce54c175880ff4edaa5d80b2dc66dda0e34a36ac,campaign_1,blacklist target of hardcoded manager (Execute call) Jul-Oct 2025
avalanche,0x4026f852a832c27632f94d02437f758b689ef265,0xce54c175880ff4edaa5d80b2dc66dda0e34a36ac,campaign_1,blacklist target of hardcoded manager (Execute call) Jul-Oct 2025
avalanche,0x402f81b68f91a5b871b106a181f44b8e5a1e4998,0xce54c175880ff4edaa5d80b2dc66dda0e34a36ac,campaign_1,blacklist target of hardcoded manager (Execute call) Jul-Oct 2025
avalanche,0x40318eb2dbba1c34557511304a55cd997188fd2e,0xce54c175880ff4edaa5d80b2dc66dda0e34a36ac,campaign_1,blacklist target of hardcoded manager (Execute call) Jul-Oct 2025
avalanche,0x4037aef445a4e491d57de97405c22b8dedf8e7c0,0xce54c175880ff4edaa5d80b2dc66dda0e34a36ac,campaign_1,blacklist target of hardcoded manager (Execute call) Jul-Oct 2025
avalanche,0x40383ae909adc3c4e7f10518bb1faab25f8ae349,0xce54c175880ff4edaa5d80b2dc66dda0e34a36ac,campaign_1,blacklist target of hardcoded manager (Execute call) Jul-Oct 2025
avalanche,0x403f8e2ef688bdea3f7b3e1380d9836a47833f4d,0xce54c175880ff4edaa5d80b2dc66dda0e34a36ac,campaign_1,blacklist target of hardcoded manager (Execute call) Jul-Oct 2025
avalanche,0x406d6c9809f82e9ea618b7d52c78c31f4c9406b7,0xce54c175880ff4edaa5d80b2dc66dda0e34a36ac,campaign_1,blacklist target of hardcoded manager (Execute call) Jul-Oct 2025
avalanche,0x407ce8cedfc9796ff25bcd4a24f29d0d2a4de92a,0xce54c175880ff4edaa5d80b2dc66dda0e34a36ac,campaign_1,blacklist target of hardcoded manager (Execute call) Jul-Oct 2025
avalanche,0x40806aab355f8124b7610f45245bdab9947c21b8,0xce54c175880ff4edaa5d80b2dc66dda0e34a36ac,campaign_1,blacklist target of hardcoded manager (Execute call) Jul-Oct 2025
avalanche,0x408646bbcbb2ee830e1203c4d7dfeceeca0e38d7,0xce54c175880ff4edaa5d80b2dc66dda0e34a36ac,campaign_1,blacklist target of hardcoded manager (Execute call) Jul-Oct 2025
avalanche,0x408d72c46aefd84922058e3a108c4d87df51265f,0xce54c175880ff4edaa5d80b2dc66dda0e34a36ac,campaign_1,blacklist target of hardcoded manager (Execute call) Jul-Oct 2025
avalanche,0x409bfcd46b2008dfd68b76f91d8baee8310fab4c,0xce54c175880ff4edaa5d80b2dc66dda0e34a36ac,campaign_1,blacklist target of hardcoded manager (Execute call) Jul-Oct 2025
avalanche,0x40f2363c67171af010b833e99c735f4ecc2493b2,0xce54c175880ff4edaa5d80b2dc66dda0e34a36ac,campaign_1,blacklist target of hardcoded manager (Execute call) Jul-Oct 2025
avalanche,0x40fc688e62067b6c68d89ec56ca817c03a9e924b,0xce54c175880ff4edaa5d80b2dc66dda0e34a36ac,campaign_1,blacklist target of hardcoded manager (Execute call) Jul-Oct 2025
avalanche,0x40fc966cc3e682779f7b19b2d19c420ab0b36bd6,0xce54c175880ff4edaa5d80b2dc66dda0e34a36ac,campaign_1,blacklist target of hardcoded manager (Execute call) Jul-Oct 2025
avalanche,0x4102eecaa451349b9b418ca44c25b6f8e05d1be2,0xce54c175880ff4edaa5d80b2dc66dda0e34a36ac,campaign_1,blacklist target of hardcoded manager (Execute call) Jul-Oct 2025
avalanche,0x411eff3183a442d59a71c49ab2a2ec0f9f920a95,0xce54c175880ff4edaa5d80b2dc66dda0e34a36ac,campaign_1,blacklist target of hardcoded manager (Execute call) Jul-Oct 2025
avalanche,0x41241db059b6d267cf6f78af333f1a547bfa661a,0xce54c175880ff4edaa5d80b2dc66dda0e34a36ac,campaign_1,blacklist target of hardcoded manager (Execute call) Jul-Oct 2025
avalanche,0x4131b0f891d62f7713d75ed54323216e0222486d,0xce54c175880ff4edaa5d80b2dc66dda0e34a36ac,campaign_1,blacklist target of hardcoded manager (Execute call) Jul-Oct 2025
avalanche,0x413daaa61a25bea697e4584d2d5813bb51b0f020,0xce54c175880ff4edaa5d80b2dc66dda0e34a36ac,campaign_1,blacklist target of hardcoded manager (Execute call) Jul-Oct 2025
avalanche,0x414e7fcb65c8d7b0e14e24909082ba902b8b5115,0xce54c175880ff4edaa5d80b2dc66dda0e34a36ac,campaign_1,blacklist target of hardcoded manager (Execute call) Jul-Oct 2025
avalanche,0x416c546d26f37b0a7da84b55d50add6e8913b1e9,0xce54c175880ff4edaa5d80b2dc66dda0e34a36ac,campaign_1,blacklist target of hardcoded manager (Execute call) Jul-Oct 2025
avalanche,0x4178a3943f9a7f4f0ecd06cb808891f70ddf3805,0xce54c175880ff4edaa5d80b2dc66dda0e34a36ac,campaign_1,blacklist target of hardcoded manager (Execute call) Jul-Oct 2025
avalanche,0x417cc82637140b475ac1f4bf89520b304d1e7b53,0xce54c175880ff4edaa5d80b2dc66dda0e34a36ac,campaign_1,blacklist target of hardcoded manager (Execute call) Jul-Oct 2025
avalanche,0x41845494a6bac8f3399fd08cd7b2d618cb98b60e,0xce54c175880ff4edaa5d80b2dc66dda0e34a36ac,campaign_1,blacklist target of hardcoded manager (Execute call) Jul-Oct 2025
avalanche,0x4189a34526ab8d9699605d40cf7541a9003fb7a0,0xce54c175880ff4edaa5d80b2dc66dda0e34a36ac,campaign_1,blacklist target of hardcoded manager (Execute call) Jul-Oct 2025
avalanche,0x4190617406bbee365691f77ad79fe97a53fd1e5b,0xce54c175880ff4edaa5d80b2dc66dda0e34a36ac,campaign_1,blacklist target of hardcoded manager (Execute call) Jul-Oct 2025
avalanche,0x4196ca8764a4237916a24db569681b6dde65c942,0xce54c175880ff4edaa5d80b2dc66dda0e34a36ac,campaign_1,blacklist target of hardcoded manager (Execute call) Jul-Oct 2025
avalanche,0x419b7992ff847dc022ed4182082b4fd5591cc690,0xce54c175880ff4edaa5d80b2dc66dda0e34a36ac,campaign_1,blacklist target of hardcoded manager (Execute call) Jul-Oct 2025
avalanche,0x41a35826fe7d27049312ff252385f44367627952,0xce54c175880ff4edaa5d80b2dc66dda0e34a36ac,campaign_1,blacklist target of hardcoded manager (Execute call) Jul-Oct 2025
avalanche,0x41e130d843140a432d1444c02773890a67ad4a1a,0xce54c175880ff4edaa5d80b2dc66dda0e34a36ac,campaign_1,blacklist target of hardcoded manager (Execute call) Jul-Oct 2025
avalanche,0x420cd1cb9eaadcf23b1275692cae0df774a6f8d3,0xce54c175880ff4edaa5d80b2dc66dda0e34a36ac,campaign_1,blacklist target of hardcoded manager (Execute call) Jul-Oct 2025
avalanche,0x42273e640c5605533fa5c2482daf776e09914b14,0xce54c175880ff4edaa5d80b2dc66dda0e34a36ac,campaign_1,blacklist target of hardcoded manager (Execute call) Jul-Oct 2025
avalanche,0x42300e00d5dab0c2c599cdb3e76eb4593ac209cc,0xce54c175880ff4edaa5d80b2dc66dda0e34a36ac,campaign_1,blacklist target of hardcoded manager (Execute call) Jul-Oct 2025
avalanche,0x423dc92260c81088ecae7095dfc8d53f5f307480,0xce54c175880ff4edaa5d80b2dc66dda0e34a36ac,campaign_1,blacklist target of hardcoded manager (Execute call) Jul-Oct 2025
avalanche,0x424abd83d027d80fbb7ac4d10314e453c3f9eb48,0xce54c175880ff4edaa5d80b2dc66dda0e34a36ac,campaign_1,blacklist target of hardcoded manager (Execute call) Jul-Oct 2025
avalanche,0x425abed92e74ebe70beed1a771937e0e29c107af,0xce54c175880ff4edaa5d80b2dc66dda0e34a36ac,campaign_1,blacklist target of hardcoded manager (Execute call) Jul-Oct 2025
avalanche,0x4278e0aa4daff175a02f88a899eb7404bdf39e89,0xce54c175880ff4edaa5d80b2dc66dda0e34a36ac,campaign_1,blacklist target of hardcoded manager (Execute call) Jul-Oct 2025
avalanche,0x42846ebbad1af3ba130dba83af8a935ba83aa66f,0xce54c175880ff4edaa5d80b2dc66dda0e34a36ac,campaign_1,blacklist target of hardcoded manager (Execute call) Jul-Oct 2025
avalanche,0x42b523c67a027b4a7a57656414c6977ba1f14ab5,0xce54c175880ff4edaa5d80b2dc66dda0e34a36ac,campaign_1,blacklist target of hardcoded manager (Execute call) Jul-Oct 2025
avalanche,0x42bd4cad8e95aaa5bdc022c855fc8f42aa8305d4,0xce54c175880ff4edaa5d80b2dc66dda0e34a36ac,campaign_1,blacklist target of hardcoded manager (Execute call) Jul-Oct 2025
avalanche,0x42c531c590988b45de2f98c3efe84bdedf5f8cae,0xce54c175880ff4edaa5d80b2dc66dda0e34a36ac,campaign_1,blacklist target of hardcoded manager (Execute call) Jul-Oct 2025
avalanche,0x42d0dcc390448e981e9ef8c79a6b3ce1b9fcedad,0xce54c175880ff4edaa5d80b2dc66dda0e34a36ac,campaign_1,blacklist target of hardcoded manager (Execute call) Jul-Oct 2025
avalanche,0x42dae0b440498ea986eb2fc22152ddc95fa5d664,0xce54c175880ff4edaa5d80b2dc66dda0e34a36ac,campaign_1,blacklist target of hardcoded manager (Execute call) Jul-Oct 2025
avalanche,0x42db6a82f844b5e9546b297ebf5089dd05b9dd66,0xce54c175880ff4edaa5d80b2dc66dda0e34a36ac,campaign_1,blacklist target of hardcoded manager (Execute call) Jul-Oct 2025
avalanche,0x42e05092fc9e97bd54da972883146abbe8c7dc10,0xce54c175880ff4edaa5d80b2dc66dda0e34a36ac,campaign_1,blacklist target of hardcoded manager (Execute call) Jul-Oct 2025
avalanche,0x42e29f3dfcc41856ba319cad7a126fc5f9a6582a,0xce54c175880ff4edaa5d80b2dc66dda0e34a36ac,campaign_1,blacklist target of hardcoded manager (Execute call) Jul-Oct 2025
avalanche,0x42f9732d7e4abf7d600a6b98a4ea15027300d5de,0xce54c175880ff4edaa5d80b2dc66dda0e34a36ac,campaign_1,blacklist target of hardcoded manager (Execute call) Jul-Oct 2025
avalanche,0x42fcc707e27c67af0525185490f0deb9ba75a30a,0xce54c175880ff4edaa5d80b2dc66dda0e34a36ac,campaign_1,blacklist target of hardcoded manager (Execute call) Jul-Oct 2025
avalanche,0x4307ee601ad5de690c76184fbde5ffccf78613d3,0xce54c175880ff4edaa5d80b2dc66dda0e34a36ac,campaign_1,blacklist target of hardcoded manager (Execute call) Jul-Oct 2025
avalanche,0x430caa8e20ed445ae780a12eefeb823a3181a31b,0xce54c175880ff4edaa5d80b2dc66dda0e34a36ac,campaign_1,blacklist target of hardcoded manager (Execute call) Jul-Oct 2025
avalanche,0x4318b3b33be512443d00ab7f2d96d8951e1bcc2e,0xce54c175880ff4edaa5d80b2dc66dda0e34a36ac,campaign_1,blacklist target of hardcoded manager (Execute call) Jul-Oct 2025
avalanche,0x43250b788d0eec7da31a19b2b5153619116996d3,0xce54c175880ff4edaa5d80b2dc66dda0e34a36ac,campaign_1,blacklist target of hardcoded manager (Execute call) Jul-Oct 2025
avalanche,0x432ea58cf83e5a3ae22c02e859d4cda23cec2426,0xce54c175880ff4edaa5d80b2dc66dda0e34a36ac,campaign_1,blacklist target of hardcoded manager (Execute call) Jul-Oct 2025
avalanche,0x43560b62bddbc75e7c0391b16a66e269876319d5,0xce54c175880ff4edaa5d80b2dc66dda0e34a36ac,campaign_1,blacklist target of hardcoded manager (Execute call) Jul-Oct 2025
avalanche,0x435695b42a862e940e820cc859bcbf22666e22d3,0xce54c175880ff4edaa5d80b2dc66dda0e34a36ac,campaign_1,blacklist target of hardcoded manager (Execute call) Jul-Oct 2025
avalanche,0x4357fc86b7c0706989ace6ccb53206bcd4638614,0xce54c175880ff4edaa5d80b2dc66dda0e34a36ac,campaign_1,blacklist target of hardcoded manager (Execute call) Jul-Oct 2025
avalanche,0x435ffdf0d726d0ba99a7a2ffce1ed2c8b9ec6427,0xce54c175880ff4edaa5d80b2dc66dda0e34a36ac,campaign_1,blacklist target of hardcoded manager (Execute call) Jul-Oct 2025
avalanche,0x4361d9104635bcc60a7747a031ecb7fc80582a5b,0xce54c175880ff4edaa5d80b2dc66dda0e34a36ac,campaign_1,blacklist target of hardcoded manager (Execute call) Jul-Oct 2025
avalanche,0x43723d2f8c44d30b83253678c9faa488aace71d7,0xce54c175880ff4edaa5d80b2dc66dda0e34a36ac,campaign_1,blacklist target of hardcoded manager (Execute call) Jul-Oct 2025
avalanche,0x438b0366210c01de7132b31609d24a07f649f2b6,0xce54c175880ff4edaa5d80b2dc66dda0e34a36ac,campaign_1,blacklist target of hardcoded manager (Execute call) Jul-Oct 2025
avalanche,0x438c396ef3ab31ed50c8b8cbc60b0552e6b7a7b2,0xce54c175880ff4edaa5d80b2dc66dda0e34a36ac,campaign_1,blacklist target of hardcoded manager (Execute call) Jul-Oct 2025
avalanche,0x43e380cb61e8728ed03dfa42b2aeed9a08c199f0,0xce54c175880ff4edaa5d80b2dc66dda0e34a36ac,campaign_1,blacklist target of hardcoded manager (Execute call) Jul-Oct 2025
avalanche,0x43ecd1fdedef5c3c2c64663faa7f02078d52a706,0xce54c175880ff4edaa5d80b2dc66dda0e34a36ac,campaign_1,blacklist target of hardcoded manager (Execute call) Jul-Oct 2025
avalanche,0x43ef00667f18b868a22c6909fa1b9efedcf3d001,0xce54c175880ff4edaa5d80b2dc66dda0e34a36ac,campaign_1,blacklist target of hardcoded manager (Execute call) Jul-Oct 2025
avalanche,0x43efe22406c417b7b8259809f6a65eb856090fef,0xce54c175880ff4edaa5d80b2dc66dda0e34a36ac,campaign_1,blacklist target of hardcoded manager (Execute call) Jul-Oct 2025
avalanche,0x43fd428edaa66062b3dbfe3450001dd6bd06cbcb,0xce54c175880ff4edaa5d80b2dc66dda0e34a36ac,campaign_1,blacklist target of hardcoded manager (Execute call) Jul-Oct 2025
avalanche,0x440efaa7cd18b49c4430348ff8bfaba467ffaa06,0xce54c175880ff4edaa5d80b2dc66dda0e34a36ac,campaign_1,blacklist target of hardcoded manager (Execute call) Jul-Oct 2025
avalanche,0x44168a71dec41634f3552ae07794a839afb78a42,0xce54c175880ff4edaa5d80b2dc66dda0e34a36ac,campaign_1,blacklist target of hardcoded manager (Execute call) Jul-Oct 2025
avalanche,0x4416f6cd70c200f052087649aafa5381da59046c,0xce54c175880ff4edaa5d80b2dc66dda0e34a36ac,campaign_1,blacklist target of hardcoded manager (Execute call) Jul-Oct 2025
avalanche,0x4417ac99e9e3de7e78f884dc2b59c818ff935029,0xce54c175880ff4edaa5d80b2dc66dda0e34a36ac,campaign_1,blacklist target of hardcoded manager (Execute call) Jul-Oct 2025
avalanche,0x444047e44b13e8ea673905a6329d9e8575cdd016,0xce54c175880ff4edaa5d80b2dc66dda0e34a36ac,campaign_1,blacklist target of hardcoded manager (Execute call) Jul-Oct 2025
avalanche,0x444d6ddbc0789ff3dc7f39b4429ce104438fe183,0xce54c175880ff4edaa5d80b2dc66dda0e34a36ac,campaign_1,blacklist target of hardcoded manager (Execute call) Jul-Oct 2025
avalanche,0x445e702aa0b3b40f538f4f6db9c0dce169d01f44,0xce54c175880ff4edaa5d80b2dc66dda0e34a36ac,campaign_1,blacklist target of hardcoded manager (Execute call) Jul-Oct 2025
avalanche,0x447be3fc8c392754976632c15feace8f73356fe3,0xce54c175880ff4edaa5d80b2dc66dda0e34a36ac,campaign_1,blacklist target of hardcoded manager (Execute call) Jul-Oct 2025
avalanche,0x447e929a4305161f558f158fcf616947339123c3,0xce54c175880ff4edaa5d80b2dc66dda0e34a36ac,campaign_1,blacklist target of hardcoded manager (Execute call) Jul-Oct 2025
avalanche,0x448342697b4ac07bbac587cd494aada87f934d0c,0xce54c175880ff4edaa5d80b2dc66dda0e34a36ac,campaign_1,blacklist target of hardcoded manager (Execute call) Jul-Oct 2025
avalanche,0x4492223e70cbf3376a382d3186071a0cdbb31956,0xce54c175880ff4edaa5d80b2dc66dda0e34a36ac,campaign_1,blacklist target of hardcoded manager (Execute call) Jul-Oct 2025
avalanche,0x449e2ebcbe8843ab4035143f5e0c8428cb3320b9,0xce54c175880ff4edaa5d80b2dc66dda0e34a36ac,campaign_1,blacklist target of hardcoded manager (Execute call) Jul-Oct 2025
avalanche,0x44b2d0608bf7ca1611b1a36d1c767cb62dbc558a,0xce54c175880ff4edaa5d80b2dc66dda0e34a36ac,campaign_1,blacklist target of hardcoded manager (Execute call) Jul-Oct 2025
avalanche,0x44c9bd6e790aca77974eb5e2fa56975328b440c8,0xce54c175880ff4edaa5d80b2dc66dda0e34a36ac,campaign_1,blacklist target of hardcoded manager (Execute call) Jul-Oct 2025
avalanche,0x44d243bf56f3c40b071492c4ea8f020b6a2d44ba,0xce54c175880ff4edaa5d80b2dc66dda0e34a36ac,campaign_1,blacklist target of hardcoded manager (Execute call) Jul-Oct 2025
avalanche,0x44e1955bbc865ea3b1bbdfcbc7bdfb1525b24e51,0xce54c175880ff4edaa5d80b2dc66dda0e34a36ac,campaign_1,blacklist target of hardcoded manager (Execute call) Jul-Oct 2025
avalanche,0x44f13960036bd73256db63c53dcdeea4c90a453c,0xce54c175880ff4edaa5d80b2dc66dda0e34a36ac,campaign_1,blacklist target of hardcoded manager (Execute call) Jul-Oct 2025
avalanche,0x45061884f6b8b2a308a480edba6fc2b4b7c8b330,0xce54c175880ff4edaa5d80b2dc66dda0e34a36ac,campaign_1,blacklist target of hardcoded manager (Execute call) Jul-Oct 2025
avalanche,0x4517d968f761cc76ab2a31133805df7d803071e1,0xce54c175880ff4edaa5d80b2dc66dda0e34a36ac,campaign_1,blacklist target of hardcoded manager (Execute call) Jul-Oct 2025
avalanche,0x451cd7ac14c3bc994f0b35b0424dcc567aa56e44,0xce54c175880ff4edaa5d80b2dc66dda0e34a36ac,campaign_1,blacklist target of hardcoded manager (Execute call) Jul-Oct 2025
avalanche,0x452e48f75caf07402c095e06ce1625c73a4d3819,0xce54c175880ff4edaa5d80b2dc66dda0e34a36ac,campaign_1,blacklist target of hardcoded manager (Execute call) Jul-Oct 2025
avalanche,0x4533a54c5a541ba3d3ad272c7abacfc2daab5978,0xce54c175880ff4edaa5d80b2dc66dda0e34a36ac,campaign_1,blacklist target of hardcoded manager (Execute call) Jul-Oct 2025
avalanche,0x453974e68b760ec59a2c1503324bff0e30baacd5,0xce54c175880ff4edaa5d80b2dc66dda0e34a36ac,campaign_1,blacklist target of hardcoded manager (Execute call) Jul-Oct 2025
avalanche,0x45580753c79d5989dacbc797fef94b5985c1a3ac,0xce54c175880ff4edaa5d80b2dc66dda0e34a36ac,campaign_1,blacklist target of hardcoded manager (Execute call) Jul-Oct 2025
avalanche,0x4558fb701561c2abe1cffd6da6fdae6cbf89a3e2,0xce54c175880ff4edaa5d80b2dc66dda0e34a36ac,campaign_1,blacklist target of hardcoded manager (Execute call) Jul-Oct 2025
avalanche,0x4561e01056d591dd953cdc4b7aae02eeb1bd721b,0xce54c175880ff4edaa5d80b2dc66dda0e34a36ac,campaign_1,blacklist target of hardcoded manager (Execute call) Jul-Oct 2025
avalanche,0x456839acde611216d76bab9c968deb5fdd757f22,0xce54c175880ff4edaa5d80b2dc66dda0e34a36ac,campaign_1,blacklist target of hardcoded manager (Execute call) Jul-Oct 2025
avalanche,0x456b2e3d54f149c09999962977d1d23ed8289564,0xce54c175880ff4edaa5d80b2dc66dda0e34a36ac,campaign_1,blacklist target of hardcoded manager (Execute call) Jul-Oct 2025
avalanche,0x456c043c6ad571b03dfe36537b96a7988301fbb6,0xce54c175880ff4edaa5d80b2dc66dda0e34a36ac,campaign_1,blacklist target of hardcoded manager (Execute call) Jul-Oct 2025
avalanche,0x459f864910244625fd2ebeb961b4fa9d2d514e9d,0xce54c175880ff4edaa5d80b2dc66dda0e34a36ac,campaign_1,blacklist target of hardcoded manager (Execute call) Jul-Oct 2025
avalanche,0x45a614fe0cc2ba34490f7b2c905e3a760a7266c0,0xce54c175880ff4edaa5d80b2dc66dda0e34a36ac,campaign_1,blacklist target of hardcoded manager (Execute call) Jul-Oct 2025
avalanche,0x45aa4a68710bf1d7bc0081779947198ea242b2b5,0xce54c175880ff4edaa5d80b2dc66dda0e34a36ac,campaign_1,blacklist target of hardcoded manager (Execute call) Jul-Oct 2025
avalanche,0x45c30016cae5e977e533184e42306e96924f33f0,0xce54c175880ff4edaa5d80b2dc66dda0e34a36ac,campaign_1,blacklist target of hardcoded manager (Execute call) Jul-Oct 2025
avalanche,0x45cbba754e0292e2165d5c960f75a6b8ac5bc397,0xce54c175880ff4edaa5d80b2dc66dda0e34a36ac,campaign_1,blacklist target of hardcoded manager (Execute call) Jul-Oct 2025
avalanche,0x45fe964cfd5468d4726142fc1fe7b701595f75dd,0xce54c175880ff4edaa5d80b2dc66dda0e34a36ac,campaign_1,blacklist target of hardcoded manager (Execute call) Jul-Oct 2025
avalanche,0x46066c42f09bd652de7427be2cdb7a33fbf34679,0xce54c175880ff4edaa5d80b2dc66dda0e34a36ac,campaign_1,blacklist target of hardcoded manager (Execute call) Jul-Oct 2025
avalanche,0x460cce96a8bced72740ccf33b3802cb8ef2d99a1,0xce54c175880ff4edaa5d80b2dc66dda0e34a36ac,campaign_1,blacklist target of hardcoded manager (Execute call) Jul-Oct 2025
avalanche,0x460ff28a2ab3831b91abf996fb3a5f688c11042f,0xce54c175880ff4edaa5d80b2dc66dda0e34a36ac,campaign_1,blacklist target of hardcoded manager (Execute call) Jul-Oct 2025
avalanche,0x46168194d76754798ba4b94d69f8ad2da3610f2b,0xce54c175880ff4edaa5d80b2dc66dda0e34a36ac,campaign_1,blacklist target of hardcoded manager (Execute call) Jul-Oct 2025
avalanche,0x461a844144fdcbd61458a43226c952356cdc37dd,0xce54c175880ff4edaa5d80b2dc66dda0e34a36ac,campaign_1,blacklist target of hardcoded manager (Execute call) Jul-Oct 2025
avalanche,0x461f2dc8078648c91a054e33e3bbc2bdd82077c9,0xce54c175880ff4edaa5d80b2dc66dda0e34a36ac,campaign_1,blacklist target of hardcoded manager (Execute call) Jul-Oct 2025
avalanche,0x462c29b7fb8804b2bcaaa6bed625f2e61a7ddc4b,0xce54c175880ff4edaa5d80b2dc66dda0e34a36ac,campaign_1,blacklist target of hardcoded manager (Execute call) Jul-Oct 2025
avalanche,0x4634ee7929f4264001bbb6badf4b873d126e959f,0xce54c175880ff4edaa5d80b2dc66dda0e34a36ac,campaign_1,blacklist target of hardcoded manager (Execute call) Jul-Oct 2025
avalanche,0x46353c270bcdd25a4bda7014a3330fb68277c3ae,0xce54c175880ff4edaa5d80b2dc66dda0e34a36ac,campaign_1,blacklist target of hardcoded manager (Execute call) Jul-Oct 2025
avalanche,0x463d7facdf71e138da64b85bb072ab3eb5ef8351,0xce54c175880ff4edaa5d80b2dc66dda0e34a36ac,campaign_1,blacklist target of hardcoded manager (Execute call) Jul-Oct 2025
avalanche,0x463fa7f16449612a031687b909b66b2048eecb4b,0xce54c175880ff4edaa5d80b2dc66dda0e34a36ac,campaign_1,blacklist target of hardcoded manager (Execute call) Jul-Oct 2025
avalanche,0x464244d95427ea36183abc92d09517f981e6683e,0xce54c175880ff4edaa5d80b2dc66dda0e34a36ac,campaign_1,blacklist target of hardcoded manager (Execute call) Jul-Oct 2025
avalanche,0x46471130ddbab6f857bcd0d6d5206b991ef3d745,0xce54c175880ff4edaa5d80b2dc66dda0e34a36ac,campaign_1,blacklist target of hardcoded manager (Execute call) Jul-Oct 2025
avalanche,0x465cfddec0d9914cd276cf482a3c424cc763f863,0xce54c175880ff4edaa5d80b2dc66dda0e34a36ac,campaign_1,blacklist target of hardcoded manager (Execute call) Jul-Oct 2025
avalanche,0x4661659a13441d484ba4a9933c3df0f9e34cea8b,0xce54c175880ff4edaa5d80b2dc66dda0e34a36ac,campaign_1,blacklist target of hardcoded manager (Execute call) Jul-Oct 2025
avalanche,0x467cb3ac0c6c716ff99b9a8aabd810ab0f9b4caa,0xce54c175880ff4edaa5d80b2dc66dda0e34a36ac,campaign_1,blacklist target of hardcoded manager (Execute call) Jul-Oct 2025
avalanche,0x469ad68214461232f4b6d0881f69c06a0956f27b,0xce54c175880ff4edaa5d80b2dc66dda0e34a36ac,campaign_1,blacklist target of hardcoded manager (Execute call) Jul-Oct 2025
avalanche,0x46c54ca5949347b147942d34a154cb0221814cbd,0xce54c175880ff4edaa5d80b2dc66dda0e34a36ac,campaign_1,blacklist target of hardcoded manager (Execute call) Jul-Oct 2025
avalanche,0x46c5aa6fa2583227c4686072c831d0647c758298,0xce54c175880ff4edaa5d80b2dc66dda0e34a36ac,campaign_1,blacklist target of hardcoded manager (Execute call) Jul-Oct 2025
avalanche,0x46d40738ad2a7afdb4e41ba0f354fe889414623f,0xce54c175880ff4edaa5d80b2dc66dda0e34a36ac,campaign_1,blacklist target of hardcoded manager (Execute call) Jul-Oct 2025
avalanche,0x46e458e49c527a419fe39be99e83a175a40f58e0,0xce54c175880ff4edaa5d80b2dc66dda0e34a36ac,campaign_1,blacklist target of hardcoded manager (Execute call) Jul-Oct 2025
avalanche,0x46f5ad5cae926c2d3f01e116c56e479c37ca00ec,0xce54c175880ff4edaa5d80b2dc66dda0e34a36ac,campaign_1,blacklist target of hardcoded manager (Execute call) Jul-Oct 2025
avalanche,0x470cb2d96ebdc52f3293d2c26a81d928ee6bcf90,0xce54c175880ff4edaa5d80b2dc66dda0e34a36ac,campaign_1,blacklist target of hardcoded manager (Execute call) Jul-Oct 2025
avalanche,0x4727c718778c7dcb734e2c1e30842cf9a9849530,0xce54c175880ff4edaa5d80b2dc66dda0e34a36ac,campaign_1,blacklist target of hardcoded manager (Execute call) Jul-Oct 2025
avalanche,0x472af3dc286dc52b90f52fb5ba149e9035c8400a,0xce54c175880ff4edaa5d80b2dc66dda0e34a36ac,campaign_1,blacklist target of hardcoded manager (Execute call) Jul-Oct 2025
avalanche,0x4739ca444baf482e7a447a28ac2458c08e91a0b7,0xce54c175880ff4edaa5d80b2dc66dda0e34a36ac,campaign_1,blacklist target of hardcoded manager (Execute call) Jul-Oct 2025
avalanche,0x473a55dccf4abc7b6da87ad667ccdf04170dd862,0xce54c175880ff4edaa5d80b2dc66dda0e34a36ac,campaign_1,blacklist target of hardcoded manager (Execute call) Jul-Oct 2025
avalanche,0x4741d3d5976018349d24920398eaf27d65a97b41,0xce54c175880ff4edaa5d80b2dc66dda0e34a36ac,campaign_1,blacklist target of hardcoded manager (Execute call) Jul-Oct 2025
avalanche,0x474aa128f23ce824dfb7cec5cb717faea307f435,0xce54c175880ff4edaa5d80b2dc66dda0e34a36ac,campaign_1,blacklist target of hardcoded manager (Execute call) Jul-Oct 2025
avalanche,0x47555399b8c5558e8ccdb309d34ac594759f721a,0xce54c175880ff4edaa5d80b2dc66dda0e34a36ac,campaign_1,blacklist target of hardcoded manager (Execute call) Jul-Oct 2025
avalanche,0x475f10945654adb645fdbc6d80cfaff0fba4a14e,0xce54c175880ff4edaa5d80b2dc66dda0e34a36ac,campaign_1,blacklist target of hardcoded manager (Execute call) Jul-Oct 2025
avalanche,0x4762941c06e554ebe4891cf680242d0551c4d523,0xce54c175880ff4edaa5d80b2dc66dda0e34a36ac,campaign_1,blacklist target of hardcoded manager (Execute call) Jul-Oct 2025
avalanche,0x476cafc2c6e672e6898d1ef6c48985d6be88d6db,0xce54c175880ff4edaa5d80b2dc66dda0e34a36ac,campaign_1,blacklist target of hardcoded manager (Execute call) Jul-Oct 2025
avalanche,0x47882fe3c5666bece4d1c735bc1e142615dd90de,0xce54c175880ff4edaa5d80b2dc66dda0e34a36ac,campaign_1,blacklist target of hardcoded manager (Execute call) Jul-Oct 2025
avalanche,0x4793e446ea32d992d664afff51e767fda368894a,0xce54c175880ff4edaa5d80b2dc66dda0e34a36ac,campaign_1,blacklist target of hardcoded manager (Execute call) Jul-Oct 2025
avalanche,0x47a6bfb7019d189f3fed0a51a8a6a57a1fa6fb1a,0xce54c175880ff4edaa5d80b2dc66dda0e34a36ac,campaign_1,blacklist target of hardcoded manager (Execute call) Jul-Oct 2025
avalanche,0x47cc2440e67506c5ad5eefc5c9b72d8d1592310b,0xce54c175880ff4edaa5d80b2dc66dda0e34a36ac,campaign_1,blacklist target of hardcoded manager (Execute call) Jul-Oct 2025
avalanche,0x47f051d793661da8a675dd13c5b97673f2b6510a,0xce54c175880ff4edaa5d80b2dc66dda0e34a36ac,campaign_1,blacklist target of hardcoded manager (Execute call) Jul-Oct 2025
avalanche,0x47f2e023576b3611d149161428153d179418575b,0xce54c175880ff4edaa5d80b2dc66dda0e34a36ac,campaign_1,blacklist target of hardcoded manager (Execute call) Jul-Oct 2025
avalanche,0x47f85def226b888aa494462b0da4596d905715df,0xce54c175880ff4edaa5d80b2dc66dda0e34a36ac,campaign_1,blacklist target of hardcoded manager (Execute call) Jul-Oct 2025
avalanche,0x47f8662f39a86dd206a7cca8c7ae1fb7793c2df0,0xce54c175880ff4edaa5d80b2dc66dda0e34a36ac,campaign_1,blacklist target of hardcoded manager (Execute call) Jul-Oct 2025
avalanche,0x480885ab6516b9b5195f6c4f689fa2c3d897a0e3,0xce54c175880ff4edaa5d80b2dc66dda0e34a36ac,campaign_1,blacklist target of hardcoded manager (Execute call) Jul-Oct 2025
avalanche,0x48144b0b583bb9489d653c7be5505aad4a2b741b,0xce54c175880ff4edaa5d80b2dc66dda0e34a36ac,campaign_1,blacklist target of hardcoded manager (Execute call) Jul-Oct 2025
avalanche,0x4834a91a8cae87a0910af65591a40a50f6ac7c16,0xce54c175880ff4edaa5d80b2dc66dda0e34a36ac,campaign_1,blacklist target of hardcoded manager (Execute call) Jul-Oct 2025
avalanche,0x483bdce280767aec35ab9e5763a5b025cc31fa49,0xce54c175880ff4edaa5d80b2dc66dda0e34a36ac,campaign_1,blacklist target of hardcoded manager (Execute call) Jul-Oct 2025
avalanche,0x484ae514a1650ebd3cc8c9007d381ceceef301ef,0xce54c175880ff4edaa5d80b2dc66dda0e34a36ac,campaign_1,blacklist target of hardcoded manager (Execute call) Jul-Oct 2025
avalanche,0x486bbdc54457cc7a32681c686927d1490976c15a,0xce54c175880ff4edaa5d80b2dc66dda0e34a36ac,campaign_1,blacklist target of hardcoded manager (Execute call) Jul-Oct 2025
avalanche,0x48734bd4a5d8cc65b389d8419519951cb01c1617,0xce54c175880ff4edaa5d80b2dc66dda0e34a36ac,campaign_1,blacklist target of hardcoded manager (Execute call) Jul-Oct 2025
avalanche,0x4877404f0469e65b3601b223d15ef9d64c1bdc11,0xce54c175880ff4edaa5d80b2dc66dda0e34a36ac,campaign_1,blacklist target of hardcoded manager (Execute call) Jul-Oct 2025
avalanche,0x4881c264c71686f1e883fdc23ef99b2534656ab0,0xce54c175880ff4edaa5d80b2dc66dda0e34a36ac,campaign_1,blacklist target of hardcoded manager (Execute call) Jul-Oct 2025
avalanche,0x48873ef9ae8b4e4c11026055ee7d0f43dde92bf4,0xce54c175880ff4edaa5d80b2dc66dda0e34a36ac,campaign_1,blacklist target of hardcoded manager (Execute call) Jul-Oct 2025
avalanche,0x48904e7009fad73f2fcb5af945cfa3c39100d958,0xce54c175880ff4edaa5d80b2dc66dda0e34a36ac,campaign_1,blacklist target of hardcoded manager (Execute call) Jul-Oct 2025
avalanche,0x489c328c10f64d044fbed9930f05c4005171f2eb,0xce54c175880ff4edaa5d80b2dc66dda0e34a36ac,campaign_1,blacklist target of hardcoded manager (Execute call) Jul-Oct 2025
avalanche,0x48b8b38d56f4d7d46d3ac206a1515129a7f031a9,0xce54c175880ff4edaa5d80b2dc66dda0e34a36ac,campaign_1,blacklist target of hardcoded manager (Execute call) Jul-Oct 2025
avalanche,0x48bac8d7e0d75113afd3ee8da25bdc8254a8c2e8,0xce54c175880ff4edaa5d80b2dc66dda0e34a36ac,campaign_1,blacklist target of hardcoded manager (Execute call) Jul-Oct 2025
avalanche,0x48e2581e43de0c69cff92443a725bfde6e5de8b9,0xce54c175880ff4edaa5d80b2dc66dda0e34a36ac,campaign_1,blacklist target of hardcoded manager (Execute call) Jul-Oct 2025
avalanche,0x48e77c5ded3cfa1383d3a40a649a939cfacf7517,0xce54c175880ff4edaa5d80b2dc66dda0e34a36ac,campaign_1,blacklist target of hardcoded manager (Execute call) Jul-Oct 2025
avalanche,0x48f2a8d87de9c62c2853001c845c92343bb959a7,0xce54c175880ff4edaa5d80b2dc66dda0e34a36ac,campaign_1,blacklist target of hardcoded manager (Execute call) Jul-Oct 2025
avalanche,0x49099aa28f4f36eb90ae0ef628fec61d63054ba3,0xce54c175880ff4edaa5d80b2dc66dda0e34a36ac,campaign_1,blacklist target of hardcoded manager (Execute call) Jul-Oct 2025
avalanche,0x491b911b3f6f148f3ad122c8ca5809f5dedf0d86,0xce54c175880ff4edaa5d80b2dc66dda0e34a36ac,campaign_1,blacklist target of hardcoded manager (Execute call) Jul-Oct 2025
avalanche,0x492456245f5e17a97a4a5be70b84a4db99253d40,0xce54c175880ff4edaa5d80b2dc66dda0e34a36ac,campaign_1,blacklist target of hardcoded manager (Execute call) Jul-Oct 2025
avalanche,0x492ecebe13b740d756a474c4dadce14581c4c35b,0xce54c175880ff4edaa5d80b2dc66dda0e34a36ac,campaign_1,blacklist target of hardcoded manager (Execute call) Jul-Oct 2025
avalanche,0x493cc9a728e32f675c7ddd587d73365c9eeb6d3e,0xce54c175880ff4edaa5d80b2dc66dda0e34a36ac,campaign_1,blacklist target of hardcoded manager (Execute call) Jul-Oct 2025
avalanche,0x496b0a2c1f1fdd541b6bba4ad8648fabf116f901,0xce54c175880ff4edaa5d80b2dc66dda0e34a36ac,campaign_1,blacklist target of hardcoded manager (Execute call) Jul-Oct 2025
avalanche,0x4982b37f0608f6cbbb5132c6654bd9c1d0169bcb,0xce54c175880ff4edaa5d80b2dc66dda0e34a36ac,campaign_1,blacklist target of hardcoded manager (Execute call) Jul-Oct 2025
avalanche,0x49885e22e7a3fd89aa4d54f9bec319a3b32d22bd,0xce54c175880ff4edaa5d80b2dc66dda0e34a36ac,campaign_1,blacklist target of hardcoded manager (Execute call) Jul-Oct 2025
avalanche,0x499ca248a00e158908c3d02cbca5cb0dedfbec27,0xce54c175880ff4edaa5d80b2dc66dda0e34a36ac,campaign_1,blacklist target of hardcoded manager (Execute call) Jul-Oct 2025
avalanche,0x49c74658363a73e1aa00f0eeefd9165937078410,0xce54c175880ff4edaa5d80b2dc66dda0e34a36ac,campaign_1,blacklist target of hardcoded manager (Execute call) Jul-Oct 2025
avalanche,0x49e6bddf1224839ff805f1959b2041a7604fa62f,0xce54c175880ff4edaa5d80b2dc66dda0e34a36ac,campaign_1,blacklist target of hardcoded manager (Execute call) Jul-Oct 2025
avalanche,0x4a038a03d72e9be31abb4941a2e525f5083041a6,0xce54c175880ff4edaa5d80b2dc66dda0e34a36ac,campaign_1,blacklist target of hardcoded manager (Execute call) Jul-Oct 2025
avalanche,0x4a2a918b3db359d898790a710b682536b2f1fa98,0xce54c175880ff4edaa5d80b2dc66dda0e34a36ac,campaign_1,blacklist target of hardcoded manager (Execute call) Jul-Oct 2025
avalanche,0x4a32c5159cbe8fd79be6820106a3820a37e237ba,0xce54c175880ff4edaa5d80b2dc66dda0e34a36ac,campaign_1,blacklist target of hardcoded manager (Execute call) Jul-Oct 2025
avalanche,0x4a3b6d371c5b902b79c971497f9d27b3336012e8,0xce54c175880ff4edaa5d80b2dc66dda0e34a36ac,campaign_1,blacklist target of hardcoded manager (Execute call) Jul-Oct 2025
avalanche,0x4a3b73f1413bb420196491f56497d7a373c3e90b,0xce54c175880ff4edaa5d80b2dc66dda0e34a36ac,campaign_1,blacklist target of hardcoded manager (Execute call) Jul-Oct 2025
avalanche,0x4a4cad3c4f8048255255e48de13423d712646d0d,0xce54c175880ff4edaa5d80b2dc66dda0e34a36ac,campaign_1,blacklist target of hardcoded manager (Execute call) Jul-Oct 2025
avalanche,0x4a4f3ad8ff50a68393e7709fb76c43b9fa302ff1,0xce54c175880ff4edaa5d80b2dc66dda0e34a36ac,campaign_1,blacklist target of hardcoded manager (Execute call) Jul-Oct 2025
avalanche,0x4a61ffa7a13f251ba8031d27a45533f4d68fcd0b,0xce54c175880ff4edaa5d80b2dc66dda0e34a36ac,campaign_1,blacklist target of hardcoded manager (Execute call) Jul-Oct 2025
avalanche,0x4a7927f6dc449b4665b9d49aa5821aefe507d0e9,0xce54c175880ff4edaa5d80b2dc66dda0e34a36ac,campaign_1,blacklist target of hardcoded manager (Execute call) Jul-Oct 2025
avalanche,0x4a79d097dfd7ec16f5ab2b584d03da62d7974e40,0xce54c175880ff4edaa5d80b2dc66dda0e34a36ac,campaign_1,blacklist target of hardcoded manager (Execute call) Jul-Oct 2025
avalanche,0x4a7cdaa78b6eca2848939f8a5376e61a420cfccf,0xce54c175880ff4edaa5d80b2dc66dda0e34a36ac,campaign_1,blacklist target of hardcoded manager (Execute call) Jul-Oct 2025
avalanche,0x4a89b6fc3138fa9e70e531c8584c21026e521e47,0xce54c175880ff4edaa5d80b2dc66dda0e34a36ac,campaign_1,blacklist target of hardcoded manager (Execute call) Jul-Oct 2025
avalanche,0x4a8be183361229548579278fc98cca62455cd263,0xce54c175880ff4edaa5d80b2dc66dda0e34a36ac,campaign_1,blacklist target of hardcoded manager (Execute call) Jul-Oct 2025
avalanche,0x4abe1327ed23f4ad58b2cf770b2e20fe409edf8c,0xce54c175880ff4edaa5d80b2dc66dda0e34a36ac,campaign_1,blacklist target of hardcoded manager (Execute call) Jul-Oct 2025
avalanche,0x4ad7599984eee811049709188b5d54c976b8560f,0xce54c175880ff4edaa5d80b2dc66dda0e34a36ac,campaign_1,blacklist target of hardcoded manager (Execute call) Jul-Oct 2025
avalanche,0x4ae43695096e56a52743e989738c5cf91141f7b5,0xce54c175880ff4edaa5d80b2dc66dda0e34a36ac,campaign_1,blacklist target of hardcoded manager (Execute call) Jul-Oct 2025
avalanche,0x4ae9c2d9b3935db886895f4194d6266659233e13,0xce54c175880ff4edaa5d80b2dc66dda0e34a36ac,campaign_1,blacklist target of hardcoded manager (Execute call) Jul-Oct 2025
avalanche,0x4af56f5bb272ebb951346a59c0a0d05e4b791edb,0xce54c175880ff4edaa5d80b2dc66dda0e34a36ac,campaign_1,blacklist target of hardcoded manager (Execute call) Jul-Oct 2025
avalanche,0x4afbc2fe8d2e32301eec1029c73406f713778e0b,0xce54c175880ff4edaa5d80b2dc66dda0e34a36ac,campaign_1,blacklist target of hardcoded manager (Execute call) Jul-Oct 2025
avalanche,0x4b077cd10111e6c097c7c9e6a4afa26f1771b94c,0xce54c175880ff4edaa5d80b2dc66dda0e34a36ac,campaign_1,blacklist target of hardcoded manager (Execute call) Jul-Oct 2025
avalanche,0x4b101c1605477f8ac266d5d6cd475cfc41afabef,0xce54c175880ff4edaa5d80b2dc66dda0e34a36ac,campaign_1,blacklist target of hardcoded manager (Execute call) Jul-Oct 2025
avalanche,0x4b43062a57b12e64745563b221b3fd25f4aa87c0,0xce54c175880ff4edaa5d80b2dc66dda0e34a36ac,campaign_1,blacklist target of hardcoded manager (Execute call) Jul-Oct 2025
avalanche,0x4b6632c4a6feb1b56558f9692039e6a0413f5056,0xce54c175880ff4edaa5d80b2dc66dda0e34a36ac,campaign_1,blacklist target of hardcoded manager (Execute call) Jul-Oct 2025
avalanche,0x4b67c775f0100567ef5143033002a51c8359b92c,0xce54c175880ff4edaa5d80b2dc66dda0e34a36ac,campaign_1,blacklist target of hardcoded manager (Execute call) Jul-Oct 2025
avalanche,0x4ba309cbba187db14730d241e1d284d3f54b14f7,0xce54c175880ff4edaa5d80b2dc66dda0e34a36ac,campaign_1,blacklist target of hardcoded manager (Execute call) Jul-Oct 2025
avalanche,0x4bb05b86df7a72b4bdeb650cab6a9d005760ed8e,0xce54c175880ff4edaa5d80b2dc66dda0e34a36ac,campaign_1,blacklist target of hardcoded manager (Execute call) Jul-Oct 2025
avalanche,0x4bdcbcef1f1e97710b254bc5bffb57ee7f917163,0xce54c175880ff4edaa5d80b2dc66dda0e34a36ac,campaign_1,blacklist target of hardcoded manager (Execute call) Jul-Oct 2025
avalanche,0x4be7646c5adadf1291ae243754554b28b13ea2f3,0xce54c175880ff4edaa5d80b2dc66dda0e34a36ac,campaign_1,blacklist target of hardcoded manager (Execute call) Jul-Oct 2025
avalanche,0x4bef45321ccc3cb7ce2b05fb1ea4f31fd029b891,0xce54c175880ff4edaa5d80b2dc66dda0e34a36ac,campaign_1,blacklist target of hardcoded manager (Execute call) Jul-Oct 2025
avalanche,0x4c017cbe83e58720a39fbd28f8674d46035a581c,0xce54c175880ff4edaa5d80b2dc66dda0e34a36ac,campaign_1,blacklist target of hardcoded manager (Execute call) Jul-Oct 2025
avalanche,0x4c08a82e81a48d3f8cf32a5b7f0ffea8d71421e7,0xce54c175880ff4edaa5d80b2dc66dda0e34a36ac,campaign_1,blacklist target of hardcoded manager (Execute call) Jul-Oct 2025
avalanche,0x4c0b7bd75796ed9b2a02a81b60b1728159051d58,0xce54c175880ff4edaa5d80b2dc66dda0e34a36ac,campaign_1,blacklist target of hardcoded manager (Execute call) Jul-Oct 2025
avalanche,0x4c2a4474843230db0cca394fc3a88294d8db2e66,0xce54c175880ff4edaa5d80b2dc66dda0e34a36ac,campaign_1,blacklist target of hardcoded manager (Execute call) Jul-Oct 2025
avalanche,0x4c3294d6b25c2decafcf6f228ae5a68e38f3da4c,0xce54c175880ff4edaa5d80b2dc66dda0e34a36ac,campaign_1,blacklist target of hardcoded manager (Execute call) Jul-Oct 2025
avalanche,0x4c332d8fbb9abfd505cd2f587c186cb1286005b3,0xce54c175880ff4edaa5d80b2dc66dda0e34a36ac,campaign_1,blacklist target of hardcoded manager (Execute call) Jul-Oct 2025
avalanche,0x4c3f6969e1effe1e948e601ae7c7ee2c50552be2,0xce54c175880ff4edaa5d80b2dc66dda0e34a36ac,campaign_1,blacklist target of hardcoded manager (Execute call) Jul-Oct 2025
avalanche,0x4c3fa035ee86816628790f999ca307fdcfe20a14,0xce54c175880ff4edaa5d80b2dc66dda0e34a36ac,campaign_1,blacklist target of hardcoded manager (Execute call) Jul-Oct 2025
avalanche,0x4c42b88acee9c4190ec8afc68a9c849f99263000,0xce54c175880ff4edaa5d80b2dc66dda0e34a36ac,campaign_1,blacklist target of hardcoded manager (Execute call) Jul-Oct 2025
avalanche,0x4c4ad0f2bcfe58bc3be6e15978c778a22629e6e2,0xce54c175880ff4edaa5d80b2dc66dda0e34a36ac,campaign_1,blacklist target of hardcoded manager (Execute call) Jul-Oct 2025
avalanche,0x4c5e334265e8d8579a4aced706aeead689f1d218,0xce54c175880ff4edaa5d80b2dc66dda0e34a36ac,campaign_1,blacklist target of hardcoded manager (Execute call) Jul-Oct 2025
avalanche,0x4c6ae4dfaa196fb52bcb300278f0b13ea33843db,0xce54c175880ff4edaa5d80b2dc66dda0e34a36ac,campaign_1,blacklist target of hardcoded manager (Execute call) Jul-Oct 2025
avalanche,0x4c6b4c422e6dcd3608232eb0b27159dc0865a120,0xce54c175880ff4edaa5d80b2dc66dda0e34a36ac,campaign_1,blacklist target of hardcoded manager (Execute call) Jul-Oct 2025
avalanche,0x4c829b96c24f7a298f58e40c959fb28e7b6d4d9a,0xce54c175880ff4edaa5d80b2dc66dda0e34a36ac,campaign_1,blacklist target of hardcoded manager (Execute call) Jul-Oct 2025
avalanche,0x4c85a04d11bb7c02afee2cae28a3f6ad079a8510,0xce54c175880ff4edaa5d80b2dc66dda0e34a36ac,campaign_1,blacklist target of hardcoded manager (Execute call) Jul-Oct 2025
avalanche,0x4c98c8fc15295b33b91a5b6ed263f6c4168fb391,0xce54c175880ff4edaa5d80b2dc66dda0e34a36ac,campaign_1,blacklist target of hardcoded manager (Execute call) Jul-Oct 2025
avalanche,0x4c98d4ebd240ef9ae4ed246f5eb201134e42b791,0xce54c175880ff4edaa5d80b2dc66dda0e34a36ac,campaign_1,blacklist target of hardcoded manager (Execute call) Jul-Oct 2025
avalanche,0x4ca16fbe6b3b1eabae7613ee111f76cb8ca73497,0xce54c175880ff4edaa5d80b2dc66dda0e34a36ac,campaign_1,blacklist target of hardcoded manager (Execute call) Jul-Oct 2025
avalanche,0x4ca2d6a8d31871abd8a6b0f9fa7d99c640cb4596,0xce54c175880ff4edaa5d80b2dc66dda0e34a36ac,campaign_1,blacklist target of hardcoded manager (Execute call) Jul-Oct 2025
avalanche,0x4ca77b8472ae6b4b4b01030ccfa3d5fdcade711a,0xce54c175880ff4edaa5d80b2dc66dda0e34a36ac,campaign_1,blacklist target of hardcoded manager (Execute call) Jul-Oct 2025
avalanche,0x4cae5122fcc912f14e69ef113b3e63e5190fdbaa,0xce54c175880ff4edaa5d80b2dc66dda0e34a36ac,campaign_1,blacklist target of hardcoded manager (Execute call) Jul-Oct 2025
avalanche,0x4cb27b1c0084cb3b18ee1de3e7fed4e94835e407,0xce54c175880ff4edaa5d80b2dc66dda0e34a36ac,campaign_1,blacklist target of hardcoded manager (Execute call) Jul-Oct 2025
avalanche,0x4cb561b098a837dcbde54a9d412c7ffcc486504c,0xce54c175880ff4edaa5d80b2dc66dda0e34a36ac,campaign_1,blacklist target of hardcoded manager (Execute call) Jul-Oct 2025
avalanche,0x4cb5a23b83b18662aa30711f99a95a3326996513,0xce54c175880ff4edaa5d80b2dc66dda0e34a36ac,campaign_1,blacklist target of hardcoded manager (Execute call) Jul-Oct 2025
avalanche,0x4ceb90fa43ab22ea702efe6d107e49a0349c3d46,0xce54c175880ff4edaa5d80b2dc66dda0e34a36ac,campaign_1,blacklist target of hardcoded manager (Execute call) Jul-Oct 2025
avalanche,0x4cfea870bfc4107e50f786f0b6574c6ce117285a,0xce54c175880ff4edaa5d80b2dc66dda0e34a36ac,campaign_1,blacklist target of hardcoded manager (Execute call) Jul-Oct 2025
avalanche,0x4d15e27d829b8fa4d45d2fb0ad41dbc61d6e692b,0xce54c175880ff4edaa5d80b2dc66dda0e34a36ac,campaign_1,blacklist target of hardcoded manager (Execute call) Jul-Oct 2025
avalanche,0x4d1a5348742cd6b15b61d6eeb956bbea875537d4,0xce54c175880ff4edaa5d80b2dc66dda0e34a36ac,campaign_1,blacklist target of hardcoded manager (Execute call) Jul-Oct 2025
avalanche,0x4d200436ff797e7388c04ebc85b87a6bf06fe393,0xce54c175880ff4edaa5d80b2dc66dda0e34a36ac,campaign_1,blacklist target of hardcoded manager (Execute call) Jul-Oct 2025
avalanche,0x4d22fe89390dc007484ec88532985210c0cf67c0,0xce54c175880ff4edaa5d80b2dc66dda0e34a36ac,campaign_1,blacklist target of hardcoded manager (Execute call) Jul-Oct 2025
avalanche,0x4d3e06d599994aab02b55d515c1fe834387cad00,0xce54c175880ff4edaa5d80b2dc66dda0e34a36ac,campaign_1,blacklist target of hardcoded manager (Execute call) Jul-Oct 2025
avalanche,0x4d4a7e78320aafd45b572f758ea35cbf5eb7b63d,0xce54c175880ff4edaa5d80b2dc66dda0e34a36ac,campaign_1,blacklist target of hardcoded manager (Execute call) Jul-Oct 2025
avalanche,0x4d539ef9d272d7611da236c8adffff9fc6b4cad2,0xce54c175880ff4edaa5d80b2dc66dda0e34a36ac,campaign_1,blacklist target of hardcoded manager (Execute call) Jul-Oct 2025
avalanche,0x4d544a002b5090c3c8fb7af7ec11a1c446904805,0xce54c175880ff4edaa5d80b2dc66dda0e34a36ac,campaign_1,blacklist target of hardcoded manager (Execute call) Jul-Oct 2025
avalanche,0x4d554ea5938764b30943f7041fd57f8fba244414,0xce54c175880ff4edaa5d80b2dc66dda0e34a36ac,campaign_1,blacklist target of hardcoded manager (Execute call) Jul-Oct 2025
avalanche,0x4d6fa9f9d972ca4a48e9749a5ca9e384112c4709,0xce54c175880ff4edaa5d80b2dc66dda0e34a36ac,campaign_1,blacklist target of hardcoded manager (Execute call) Jul-Oct 2025
avalanche,0x4d87865398e59359c181b7a8b251f515acb39cb1,0xce54c175880ff4edaa5d80b2dc66dda0e34a36ac,campaign_1,blacklist target of hardcoded manager (Execute call) Jul-Oct 2025
avalanche,0x4db9a27d7628e5b13edb8d185b12aa9df30bb452,0xce54c175880ff4edaa5d80b2dc66dda0e34a36ac,campaign_1,blacklist target of hardcoded manager (Execute call) Jul-Oct 2025
avalanche,0x4dc928997e2be52ee1fbb4969e1108dbee16e0cf,0xce54c175880ff4edaa5d80b2dc66dda0e34a36ac,campaign_1,blacklist target of hardcoded manager (Execute call) Jul-Oct 2025
avalanche,0x4ddb01c5ea1b46344fd19047bedb281bd8e95b46,0xce54c175880ff4edaa5d80b2dc66dda0e34a36ac,campaign_1,blacklist target of hardcoded manager (Execute call) Jul-Oct 2025
avalanche,0x4de391de8d14bf24cabdcb8674cbff156f6d0594,0xce54c175880ff4edaa5d80b2dc66dda0e34a36ac,campaign_1,blacklist target of hardcoded manager (Execute call) Jul-Oct 2025
avalanche,0x4dfd9ddcbf56d1be6e785dac98d61ed08c434da4,0xce54c175880ff4edaa5d80b2dc66dda0e34a36ac,campaign_1,blacklist target of hardcoded manager (Execute call) Jul-Oct 2025
avalanche,0x4e1bd31ae2eb5f285a3836dfe3abd67b37d058f0,0xce54c175880ff4edaa5d80b2dc66dda0e34a36ac,campaign_1,blacklist target of hardcoded manager (Execute call) Jul-Oct 2025
avalanche,0x4e1c3a3ca86cdc3dc6011d6b7602b838601dab14,0xce54c175880ff4edaa5d80b2dc66dda0e34a36ac,campaign_1,blacklist target of hardcoded manager (Execute call) Jul-Oct 2025
avalanche,0x4e2fbe85d87fe91dd6196da538a46f931dc91765,0xce54c175880ff4edaa5d80b2dc66dda0e34a36ac,campaign_1,blacklist target of hardcoded manager (Execute call) Jul-Oct 2025
avalanche,0x4e3a06e1b4a64a3b3cfdca16a3cd94924449d411,0xce54c175880ff4edaa5d80b2dc66dda0e34a36ac,campaign_1,blacklist target of hardcoded manager (Execute call) Jul-Oct 2025
avalanche,0x4e3db8c9dea7faf8e4729473e5d3a5f1adbf2b13,0xce54c175880ff4edaa5d80b2dc66dda0e34a36ac,campaign_1,blacklist target of hardcoded manager (Execute call) Jul-Oct 2025
avalanche,0x4e40d8a25a1af98a338513c5b37cefdc66e5f4bb,0xce54c175880ff4edaa5d80b2dc66dda0e34a36ac,campaign_1,blacklist target of hardcoded manager (Execute call) Jul-Oct 2025
avalanche,0x4e42a2dd27a1fd574db52021f61f63b626fe285c,0xce54c175880ff4edaa5d80b2dc66dda0e34a36ac,campaign_1,blacklist target of hardcoded manager (Execute call) Jul-Oct 2025
avalanche,0x4e47f2ed05ce7db6835b08fb0b379572ab23fd54,0xce54c175880ff4edaa5d80b2dc66dda0e34a36ac,campaign_1,blacklist target of hardcoded manager (Execute call) Jul-Oct 2025
avalanche,0x4e627589582d51c7a6ce6e56958533c81cb17e82,0xce54c175880ff4edaa5d80b2dc66dda0e34a36ac,campaign_1,blacklist target of hardcoded manager (Execute call) Jul-Oct 2025
avalanche,0x4e74428e9179326ee892842d7dde790336fbcdb9,0xce54c175880ff4edaa5d80b2dc66dda0e34a36ac,campaign_1,blacklist target of hardcoded manager (Execute call) Jul-Oct 2025
avalanche,0x4e79a7ac7456c782e958ce3cb473994bd3256339,0xce54c175880ff4edaa5d80b2dc66dda0e34a36ac,campaign_1,blacklist target of hardcoded manager (Execute call) Jul-Oct 2025
avalanche,0x4e7d79544c2af158c4075b7c87b753272eeca7ec,0xce54c175880ff4edaa5d80b2dc66dda0e34a36ac,campaign_1,blacklist target of hardcoded manager (Execute call) Jul-Oct 2025
avalanche,0x4e831c96b32a1ed3df787fe192cd213b7e3802a8,0xce54c175880ff4edaa5d80b2dc66dda0e34a36ac,campaign_1,blacklist target of hardcoded manager (Execute call) Jul-Oct 2025
avalanche,0x4e8a64be2c3e6010f2fe2e3a2aae0adff6cf7162,0xce54c175880ff4edaa5d80b2dc66dda0e34a36ac,campaign_1,blacklist target of hardcoded manager (Execute call) Jul-Oct 2025
avalanche,0x4e9942eeac2bf5edfc164b8571164400a49393a3,0xce54c175880ff4edaa5d80b2dc66dda0e34a36ac,campaign_1,blacklist target of hardcoded manager (Execute call) Jul-Oct 2025
avalanche,0x4ec2b7c7938fa2a6df56d7210a95ef198b3f3d29,0xce54c175880ff4edaa5d80b2dc66dda0e34a36ac,campaign_1,blacklist target of hardcoded manager (Execute call) Jul-Oct 2025
avalanche,0x4ec5c8948d22820f0554101fd4a23e731cab6471,0xce54c175880ff4edaa5d80b2dc66dda0e34a36ac,campaign_1,blacklist target of hardcoded manager (Execute call) Jul-Oct 2025
avalanche,0x4ed7ce3c6a733a66a1c5632e63d291e0d2b4cca3,0xce54c175880ff4edaa5d80b2dc66dda0e34a36ac,campaign_1,blacklist target of hardcoded manager (Execute call) Jul-Oct 2025
avalanche,0x4edac5b1aa93c318e4bd49c26f32c819e317aa48,0xce54c175880ff4edaa5d80b2dc66dda0e34a36ac,campaign_1,blacklist target of hardcoded manager (Execute call) Jul-Oct 2025
avalanche,0x4ee357efa82b82493628fed7db9807c79945a908,0xce54c175880ff4edaa5d80b2dc66dda0e34a36ac,campaign_1,blacklist target of hardcoded manager (Execute call) Jul-Oct 2025
avalanche,0x4ee680480ac1132211e184bb155a8db4e007b20c,0xce54c175880ff4edaa5d80b2dc66dda0e34a36ac,campaign_1,blacklist target of hardcoded manager (Execute call) Jul-Oct 2025
avalanche,0x4ee73464986b05b4ee7775ce32c88041ec2a7c71,0xce54c175880ff4edaa5d80b2dc66dda0e34a36ac,campaign_1,blacklist target of hardcoded manager (Execute call) Jul-Oct 2025
avalanche,0x4ee9820e3d420a36beba2cc37da4eb1e67da1f52,0xce54c175880ff4edaa5d80b2dc66dda0e34a36ac,campaign_1,blacklist target of hardcoded manager (Execute call) Jul-Oct 2025
avalanche,0x4ef4b82ced7e637a805d7ba56da82f719979effb,0xce54c175880ff4edaa5d80b2dc66dda0e34a36ac,campaign_1,blacklist target of hardcoded manager (Execute call) Jul-Oct 2025
avalanche,0x4ef71f136c618c77a0baeb6ee68c8e5116077261,0xce54c175880ff4edaa5d80b2dc66dda0e34a36ac,campaign_1,blacklist target of hardcoded manager (Execute call) Jul-Oct 2025
avalanche,0x4f17bbcb1d2fbc1a358ab8aa47cedc00ffa784b4,0xce54c175880ff4edaa5d80b2dc66dda0e34a36ac,campaign_1,blacklist target of hardcoded manager (Execute call) Jul-Oct 2025
avalanche,0x4f2300027b55ca3a8373322248a31f86880e9866,0xce54c175880ff4edaa5d80b2dc66dda0e34a36ac,campaign_1,blacklist target of hardcoded manager (Execute call) Jul-Oct 2025
avalanche,0x4f30c0e2cdc851200b06ae761efda694d8cbf093,0xce54c175880ff4edaa5d80b2dc66dda0e34a36ac,campaign_1,blacklist target of hardcoded manager (Execute call) Jul-Oct 2025
avalanche,0x4f4fcd34f0d30c926e7747d5f6616b2846c61127,0xce54c175880ff4edaa5d80b2dc66dda0e34a36ac,campaign_1,blacklist target of hardcoded manager (Execute call) Jul-Oct 2025
avalanche,0x4f57ffa27a242b8f8775bb4c9ef34370e77def06,0xce54c175880ff4edaa5d80b2dc66dda0e34a36ac,campaign_1,blacklist target of hardcoded manager (Execute call) Jul-Oct 2025
avalanche,0x4f65951012397ca94c129902692f6c50150b0e71,0xce54c175880ff4edaa5d80b2dc66dda0e34a36ac,campaign_1,blacklist target of hardcoded manager (Execute call) Jul-Oct 2025
avalanche,0x4f6a2bd11089df60cf2704233ca515bbe87d4a84,0xce54c175880ff4edaa5d80b2dc66dda0e34a36ac,campaign_1,blacklist target of hardcoded manager (Execute call) Jul-Oct 2025
avalanche,0x4f715ff644223a326d1dc51ce193dfb9177ce1b2,0xce54c175880ff4edaa5d80b2dc66dda0e34a36ac,campaign_1,blacklist target of hardcoded manager (Execute call) Jul-Oct 2025
avalanche,0x4f901c62f442c7453414b0d30483c589fa9903d4,0xce54c175880ff4edaa5d80b2dc66dda0e34a36ac,campaign_1,blacklist target of hardcoded manager (Execute call) Jul-Oct 2025
avalanche,0x4f92baa603b45971e2f28d681c886477399c94fc,0xce54c175880ff4edaa5d80b2dc66dda0e34a36ac,campaign_1,blacklist target of hardcoded manager (Execute call) Jul-Oct 2025
avalanche,0x4f9e6791fe93d81090a3edea12c95be14463ecbb,0xce54c175880ff4edaa5d80b2dc66dda0e34a36ac,campaign_1,blacklist target of hardcoded manager (Execute call) Jul-Oct 2025
avalanche,0x4fa046b32a64d625b7c43547f7f68f53048a26ba,0xce54c175880ff4edaa5d80b2dc66dda0e34a36ac,campaign_1,blacklist target of hardcoded manager (Execute call) Jul-Oct 2025
avalanche,0x4fa6cfd77e9c107180638d035f56aaf8195b2e22,0xce54c175880ff4edaa5d80b2dc66dda0e34a36ac,campaign_1,blacklist target of hardcoded manager (Execute call) Jul-Oct 2025
avalanche,0x4fba8b7c76414f667d0078347895c0eed9c7f1cd,0xce54c175880ff4edaa5d80b2dc66dda0e34a36ac,campaign_1,blacklist target of hardcoded manager (Execute call) Jul-Oct 2025
avalanche,0x4fc40aae236d5287157d8540145bbc92a4a94238,0xce54c175880ff4edaa5d80b2dc66dda0e34a36ac,campaign_1,blacklist target of hardcoded manager (Execute call) Jul-Oct 2025
avalanche,0x4fe4a72478313aaaadb121f20de63a556bbcbdcf,0xce54c175880ff4edaa5d80b2dc66dda0e34a36ac,campaign_1,blacklist target of hardcoded manager (Execute call) Jul-Oct 2025
avalanche,0x5000eccd666e6466c333c7984c362fec21918629,0xce54c175880ff4edaa5d80b2dc66dda0e34a36ac,campaign_1,blacklist target of hardcoded manager (Execute call) Jul-Oct 2025
avalanche,0x5020a55b703df08e40972417c6f7971bf8b2c026,0xce54c175880ff4edaa5d80b2dc66dda0e34a36ac,campaign_1,blacklist target of hardcoded manager (Execute call) Jul-Oct 2025
avalanche,0x5022c86502489ea946c3209f3f825af18bd22844,0xce54c175880ff4edaa5d80b2dc66dda0e34a36ac,campaign_1,blacklist target of hardcoded manager (Execute call) Jul-Oct 2025
avalanche,0x503acd34aacdc4c1ec59d5be14bbbe599fd043f0,0xce54c175880ff4edaa5d80b2dc66dda0e34a36ac,campaign_1,blacklist target of hardcoded manager (Execute call) Jul-Oct 2025
avalanche,0x503b325c9c73ca609f86ff01742f2c579546e6d8,0xce54c175880ff4edaa5d80b2dc66dda0e34a36ac,campaign_1,blacklist target of hardcoded manager (Execute call) Jul-Oct 2025
avalanche,0x5047440a19951247f12a6ae38e79f01adc74cc01,0xce54c175880ff4edaa5d80b2dc66dda0e34a36ac,campaign_1,blacklist target of hardcoded manager (Execute call) Jul-Oct 2025
avalanche,0x5050f561eef263381595ac685b25aea2a76842f1,0xce54c175880ff4edaa5d80b2dc66dda0e34a36ac,campaign_1,blacklist target of hardcoded manager (Execute call) Jul-Oct 2025
avalanche,0x5057f8ea307c45a14c29c996f091d0da5f6c6f1b,0xce54c175880ff4edaa5d80b2dc66dda0e34a36ac,campaign_1,blacklist target of hardcoded manager (Execute call) Jul-Oct 2025
avalanche,0x505d43ccdd2af216737111eb47ee7c0953a812d2,0xce54c175880ff4edaa5d80b2dc66dda0e34a36ac,campaign_1,blacklist target of hardcoded manager (Execute call) Jul-Oct 2025
avalanche,0x50604bf08cd6b3944bded28daccc5abcdd4a98da,0xce54c175880ff4edaa5d80b2dc66dda0e34a36ac,campaign_1,blacklist target of hardcoded manager (Execute call) Jul-Oct 2025
avalanche,0x5073f756a1bd272b404787aef6112fdfd9a557e9,0xce54c175880ff4edaa5d80b2dc66dda0e34a36ac,campaign_1,blacklist target of hardcoded manager (Execute call) Jul-Oct 2025
avalanche,0x5085697edcd2ad12c6a6d54fb0273b293d508929,0xce54c175880ff4edaa5d80b2dc66dda0e34a36ac,campaign_1,blacklist target of hardcoded manager (Execute call) Jul-Oct 2025
avalanche,0x508cf432dc21b979d2e2581ae7451a3035821dde,0xce54c175880ff4edaa5d80b2dc66dda0e34a36ac,campaign_1,blacklist target of hardcoded manager (Execute call) Jul-Oct 2025
avalanche,0x508fb19f5a2bf2812d47cfeaf9dad59e095b483e,0xce54c175880ff4edaa5d80b2dc66dda0e34a36ac,campaign_1,blacklist target of hardcoded manager (Execute call) Jul-Oct 2025
avalanche,0x50b1ed2c94ef69307984283e6c4851f916fd4fd7,0xce54c175880ff4edaa5d80b2dc66dda0e34a36ac,campaign_1,blacklist target of hardcoded manager (Execute call) Jul-Oct 2025
avalanche,0x50b9248cdb2adff16fb660dfa5ae1ca720e7d33d,0xce54c175880ff4edaa5d80b2dc66dda0e34a36ac,campaign_1,blacklist target of hardcoded manager (Execute call) Jul-Oct 2025
avalanche,0x50bf5768682926b4ab7483c7c55e215b4f0cd5d0,0xce54c175880ff4edaa5d80b2dc66dda0e34a36ac,campaign_1,blacklist target of hardcoded manager (Execute call) Jul-Oct 2025
avalanche,0x50d2a235b53c9ec4c21f33f36e34c5fc46a25aa0,0xce54c175880ff4edaa5d80b2dc66dda0e34a36ac,campaign_1,blacklist target of hardcoded manager (Execute call) Jul-Oct 2025
avalanche,0x50d51f0307849847792584df30394bf4dc7a6965,0xce54c175880ff4edaa5d80b2dc66dda0e34a36ac,campaign_1,blacklist target of hardcoded manager (Execute call) Jul-Oct 2025
avalanche,0x50d59988329377459de9fda7da7128849f5f6b52,0xce54c175880ff4edaa5d80b2dc66dda0e34a36ac,campaign_1,blacklist target of hardcoded manager (Execute call) Jul-Oct 2025
avalanche,0x50d783180d48a51f1adc06ae0847433932e5190d,0xce54c175880ff4edaa5d80b2dc66dda0e34a36ac,campaign_1,blacklist target of hardcoded manager (Execute call) Jul-Oct 2025
avalanche,0x50daeb5c39c9ed6d07dfe200a31219a4d3b3f84b,0xce54c175880ff4edaa5d80b2dc66dda0e34a36ac,campaign_1,blacklist target of hardcoded manager (Execute call) Jul-Oct 2025
avalanche,0x50dc6f7bf863468d63b7aa628d99fbfe0d02fdf1,0xce54c175880ff4edaa5d80b2dc66dda0e34a36ac,campaign_1,blacklist target of hardcoded manager (Execute call) Jul-Oct 2025
avalanche,0x50eeb8dfd0ed14ef2aeb5910816149a94ff060de,0xce54c175880ff4edaa5d80b2dc66dda0e34a36ac,campaign_1,blacklist target of hardcoded manager (Execute call) Jul-Oct 2025
avalanche,0x50ef6bf604a70e99a40fe20c9c8d90fd1bcaff0f,0xce54c175880ff4edaa5d80b2dc66dda0e34a36ac,campaign_1,blacklist target of hardcoded manager (Execute call) Jul-Oct 2025
avalanche,0x5143e16592c1c8d6c70f7ca6a40cebdab03fc54c,0xce54c175880ff4edaa5d80b2dc66dda0e34a36ac,campaign_1,blacklist target of hardcoded manager (Execute call) Jul-Oct 2025
avalanche,0x514dff5e53f5e733496f11a7123cfa569d3cf2c8,0xce54c175880ff4edaa5d80b2dc66dda0e34a36ac,campaign_1,blacklist target of hardcoded manager (Execute call) Jul-Oct 2025
avalanche,0x515d17227efa5568a4a4e4ebc1cdb18d38c1fa88,0xce54c175880ff4edaa5d80b2dc66dda0e34a36ac,campaign_1,blacklist target of hardcoded manager (Execute call) Jul-Oct 2025
avalanche,0x5163b194fb188cfcd6eaef1c91257dedaa812a49,0xce54c175880ff4edaa5d80b2dc66dda0e34a36ac,campaign_1,blacklist target of hardcoded manager (Execute call) Jul-Oct 2025
avalanche,0x516a48452d338c5c41b4e35bf43e78524f3a5f5b,0xce54c175880ff4edaa5d80b2dc66dda0e34a36ac,campaign_1,blacklist target of hardcoded manager (Execute call) Jul-Oct 2025
avalanche,0x516e2fd32bd90bbcc26465a9c9f803d53fbad3b1,0xce54c175880ff4edaa5d80b2dc66dda0e34a36ac,campaign_1,blacklist target of hardcoded manager (Execute call) Jul-Oct 2025
avalanche,0x517ae3be685aa86787e1c336a5d983e427a63ef1,0xce54c175880ff4edaa5d80b2dc66dda0e34a36ac,campaign_1,blacklist target of hardcoded manager (Execute call) Jul-Oct 2025
avalanche,0x5194b9cb9ab0fcfb55bb7afa8f44b24548983145,0xce54c175880ff4edaa5d80b2dc66dda0e34a36ac,campaign_1,blacklist target of hardcoded manager (Execute call) Jul-Oct 2025
avalanche,0x51b191bf13fb2c010809731d16a83a69f00131c0,0xce54c175880ff4edaa5d80b2dc66dda0e34a36ac,campaign_1,blacklist target of hardcoded manager (Execute call) Jul-Oct 2025
avalanche,0x51ba44679c60412db205365494bbcef3a16539b2,0xce54c175880ff4edaa5d80b2dc66dda0e34a36ac,campaign_1,blacklist target of hardcoded manager (Execute call) Jul-Oct 2025
avalanche,0x51d3854f46b58bd1ad3f001af9e96637edb48462,0xce54c175880ff4edaa5d80b2dc66dda0e34a36ac,campaign_1,blacklist target of hardcoded manager (Execute call) Jul-Oct 2025
avalanche,0x51f1cc17d1d00878b322b70bd45156eaee53e836,0xce54c175880ff4edaa5d80b2dc66dda0e34a36ac,campaign_1,blacklist target of hardcoded manager (Execute call) Jul-Oct 2025
avalanche,0x51f663b02def404ba86139fa713ea298a5e8b89e,0xce54c175880ff4edaa5d80b2dc66dda0e34a36ac,campaign_1,blacklist target of hardcoded manager (Execute call) Jul-Oct 2025
avalanche,0x5229be372613462126f7d22346709dacac36f420,0xce54c175880ff4edaa5d80b2dc66dda0e34a36ac,campaign_1,blacklist target of hardcoded manager (Execute call) Jul-Oct 2025
avalanche,0x5232ddc529515004a6cfd9fa6c93c45b46f9f254,0xce54c175880ff4edaa5d80b2dc66dda0e34a36ac,campaign_1,blacklist target of hardcoded manager (Execute call) Jul-Oct 2025
avalanche,0x523cad20656084cbb82a054a88aafc029852b5e8,0xce54c175880ff4edaa5d80b2dc66dda0e34a36ac,campaign_1,blacklist target of hardcoded manager (Execute call) Jul-Oct 2025
avalanche,0x52452169bc0d909d9ad0a2579dc8e70e739eca51,0xce54c175880ff4edaa5d80b2dc66dda0e34a36ac,campaign_1,blacklist target of hardcoded manager (Execute call) Jul-Oct 2025
avalanche,0x525390b1f016b55fd47f159a27130abf4dab5ffc,0xce54c175880ff4edaa5d80b2dc66dda0e34a36ac,campaign_1,blacklist target of hardcoded manager (Execute call) Jul-Oct 2025
avalanche,0x527027af22435768aedf6ccba91dcc37ff0a45ae,0xce54c175880ff4edaa5d80b2dc66dda0e34a36ac,campaign_1,blacklist target of hardcoded manager (Execute call) Jul-Oct 2025
avalanche,0x52790971c2494a625fd1a66ee8e032f65dc3d76d,0xce54c175880ff4edaa5d80b2dc66dda0e34a36ac,campaign_1,blacklist target of hardcoded manager (Execute call) Jul-Oct 2025
avalanche,0x52a0a1025388ada97b8f8fee8bb2c7ff72db4118,0xce54c175880ff4edaa5d80b2dc66dda0e34a36ac,campaign_1,blacklist target of hardcoded manager (Execute call) Jul-Oct 2025
avalanche,0x52b14d1264cbbc2027fed19bc46484c638cc97b6,0xce54c175880ff4edaa5d80b2dc66dda0e34a36ac,campaign_1,blacklist target of hardcoded manager (Execute call) Jul-Oct 2025
avalanche,0x52b8d57596bb4023d91dda8f78269f16b0daaca4,0xce54c175880ff4edaa5d80b2dc66dda0e34a36ac,campaign_1,blacklist target of hardcoded manager (Execute call) Jul-Oct 2025
avalanche,0x52c1cd395fe0ecfa7ba862130f9adb72056a92c8,0xce54c175880ff4edaa5d80b2dc66dda0e34a36ac,campaign_1,blacklist target of hardcoded manager (Execute call) Jul-Oct 2025
avalanche,0x52c5a9043fdb7109a760793345112aaf436e245c,0xce54c175880ff4edaa5d80b2dc66dda0e34a36ac,campaign_1,blacklist target of hardcoded manager (Execute call) Jul-Oct 2025
avalanche,0x52cc0aaf2a59f454ccbea6953b1bc7e3cbf64bd9,0xce54c175880ff4edaa5d80b2dc66dda0e34a36ac,campaign_1,blacklist target of hardcoded manager (Execute call) Jul-Oct 2025
avalanche,0x52ef7bcff01e857a92cdda02ac139d3c2c1e1186,0xce54c175880ff4edaa5d80b2dc66dda0e34a36ac,campaign_1,blacklist target of hardcoded manager (Execute call) Jul-Oct 2025
avalanche,0x52f4f3ffc84960f3e40df29b7c0d26cbc4ff1405,0xce54c175880ff4edaa5d80b2dc66dda0e34a36ac,campaign_1,blacklist target of hardcoded manager (Execute call) Jul-Oct 2025
avalanche,0x52fa57cbd80e99ab2736149d06bcb272f06b5d2e,0xce54c175880ff4edaa5d80b2dc66dda0e34a36ac,campaign_1,blacklist target of hardcoded manager (Execute call) Jul-Oct 2025
avalanche,0x530777fb4b8f38408224af190c49b09616e946dc,0xce54c175880ff4edaa5d80b2dc66dda0e34a36ac,campaign_1,blacklist target of hardcoded manager (Execute call) Jul-Oct 2025
avalanche,0x530d44478c89d7a62cae847559233f4479b757ca,0xce54c175880ff4edaa5d80b2dc66dda0e34a36ac,campaign_1,blacklist target of hardcoded manager (Execute call) Jul-Oct 2025
avalanche,0x531065f3a54d3e3c5933161ce61e625da40bdb19,0xce54c175880ff4edaa5d80b2dc66dda0e34a36ac,campaign_1,blacklist target of hardcoded manager (Execute call) Jul-Oct 2025
avalanche,0x532081b398b568925700f22bc77d54640ebf2b0e,0xce54c175880ff4edaa5d80b2dc66dda0e34a36ac,campaign_1,blacklist target of hardcoded manager (Execute call) Jul-Oct 2025
avalanche,0x5320b269d67076b43b71ec60ec6eff18a631684f,0xce54c175880ff4edaa5d80b2dc66dda0e34a36ac,campaign_1,blacklist target of hardcoded manager (Execute call) Jul-Oct 2025
avalanche,0x53253399a8e04445a19fce73a1bb45ffb0e84a95,0xce54c175880ff4edaa5d80b2dc66dda0e34a36ac,campaign_1,blacklist target of hardcoded manager (Execute call) Jul-Oct 2025
avalanche,0x5328226b8efe47997681de2f511ab287857a51d5,0xce54c175880ff4edaa5d80b2dc66dda0e34a36ac,campaign_1,blacklist target of hardcoded manager (Execute call) Jul-Oct 2025
avalanche,0x532bb53a0e69b0228188b6dd82f474f23f5555c5,0xce54c175880ff4edaa5d80b2dc66dda0e34a36ac,campaign_1,blacklist target of hardcoded manager (Execute call) Jul-Oct 2025
avalanche,0x5330f90325e8efc52a3e0162fee130b33ec6f3ec,0xce54c175880ff4edaa5d80b2dc66dda0e34a36ac,campaign_1,blacklist target of hardcoded manager (Execute call) Jul-Oct 2025
avalanche,0x53434c36e423cb0ccf908b2ad12ea4eddbc6e676,0xce54c175880ff4edaa5d80b2dc66dda0e34a36ac,campaign_1,blacklist target of hardcoded manager (Execute call) Jul-Oct 2025
avalanche,0x5348f7045c8f6e804d4de45920e98b98b1a9871a,0xce54c175880ff4edaa5d80b2dc66dda0e34a36ac,campaign_1,blacklist target of hardcoded manager (Execute call) Jul-Oct 2025
avalanche,0x5352a07cd08782cdb374a04f57df6c1c51ee80e8,0xce54c175880ff4edaa5d80b2dc66dda0e34a36ac,campaign_1,blacklist target of hardcoded manager (Execute call) Jul-Oct 2025
avalanche,0x535437eadf38e738236e96f6b522eef78c0e4c33,0xce54c175880ff4edaa5d80b2dc66dda0e34a36ac,campaign_1,blacklist target of hardcoded manager (Execute call) Jul-Oct 2025
avalanche,0x53560dd9deb2819f3278d0fb95421ea0ceff748a,0xce54c175880ff4edaa5d80b2dc66dda0e34a36ac,campaign_1,blacklist target of hardcoded manager (Execute call) Jul-Oct 2025
avalanche,0x537f341e23fae1b3a6d7bf37de7bc0168902daad,0xce54c175880ff4edaa5d80b2dc66dda0e34a36ac,campaign_1,blacklist target of hardcoded manager (Execute call) Jul-Oct 2025
avalanche,0x538b272af55b8f6da458423a083c3681636e5629,0xce54c175880ff4edaa5d80b2dc66dda0e34a36ac,campaign_1,blacklist target of hardcoded manager (Execute call) Jul-Oct 2025
avalanche,0x53c828f78ca43fae2106b7e7d173f1cdcb4de09d,0xce54c175880ff4edaa5d80b2dc66dda0e34a36ac,campaign_1,blacklist target of hardcoded manager (Execute call) Jul-Oct 2025
avalanche,0x53dfb626ce07c91bbb95b7c3fd055b7c0c91beff,0xce54c175880ff4edaa5d80b2dc66dda0e34a36ac,campaign_1,blacklist target of hardcoded manager (Execute call) Jul-Oct 2025
avalanche,0x53f6a533c127f66c55f9d8c7ec84673b31d3baaf,0xce54c175880ff4edaa5d80b2dc66dda0e34a36ac,campaign_1,blacklist target of hardcoded manager (Execute call) Jul-Oct 2025
avalanche,0x53fc841888d6bd4f6e7815de5c3350b40c3e56bc,0xce54c175880ff4edaa5d80b2dc66dda0e34a36ac,campaign_1,blacklist target of hardcoded manager (Execute call) Jul-Oct 2025
avalanche,0x53fdfad3ce2152087931b8d4b65cebd165f58e23,0xce54c175880ff4edaa5d80b2dc66dda0e34a36ac,campaign_1,blacklist target of hardcoded manager (Execute call) Jul-Oct 2025
avalanche,0x541f101cabcb6bb99418df871bbb2abe8663e47f,0xce54c175880ff4edaa5d80b2dc66dda0e34a36ac,campaign_1,blacklist target of hardcoded manager (Execute call) Jul-Oct 2025
avalanche,0x5433a56a3b765613f638d6f4ec6816e4b4221366,0xce54c175880ff4edaa5d80b2dc66dda0e34a36ac,campaign_1,blacklist target of hardcoded manager (Execute call) Jul-Oct 2025
avalanche,0x545f28d0bcf81e3ff9fe82b2e5dc7afbfe53e249,0xce54c175880ff4edaa5d80b2dc66dda0e34a36ac,campaign_1,blacklist target of hardcoded manager (Execute call) Jul-Oct 2025
avalanche,0x547555bff0c201add21dd9e235afbf7796893556,0xce54c175880ff4edaa5d80b2dc66dda0e34a36ac,campaign_1,blacklist target of hardcoded manager (Execute call) Jul-Oct 2025
avalanche,0x548b25ca9dda00fb57bbc5d97cf34aceef7ae6a3,0xce54c175880ff4edaa5d80b2dc66dda0e34a36ac,campaign_1,blacklist target of hardcoded manager (Execute call) Jul-Oct 2025
avalanche,0x54a1cc39be1821c2b702b78605c38cdae6502d38,0xce54c175880ff4edaa5d80b2dc66dda0e34a36ac,campaign_1,blacklist target of hardcoded manager (Execute call) Jul-Oct 2025
avalanche,0x54a71eaa706343d29f4d9d9a59ff8a8acfb19dfe,0xce54c175880ff4edaa5d80b2dc66dda0e34a36ac,campaign_1,blacklist target of hardcoded manager (Execute call) Jul-Oct 2025
avalanche,0x54b0b1a0e4c653065d8583e0a8a7b57639ec279d,0xce54c175880ff4edaa5d80b2dc66dda0e34a36ac,campaign_1,blacklist target of hardcoded manager (Execute call) Jul-Oct 2025
avalanche,0x54b0de2661f2087d098cadf4b703b5c24165e1f3,0xce54c175880ff4edaa5d80b2dc66dda0e34a36ac,campaign_1,blacklist target of hardcoded manager (Execute call) Jul-Oct 2025
avalanche,0x54b32ce23662fef1ef4c1a814bc07609170df4f0,0xce54c175880ff4edaa5d80b2dc66dda0e34a36ac,campaign_1,blacklist target of hardcoded manager (Execute call) Jul-Oct 2025
avalanche,0x54b93bc2b6360ffbd05016a8c9a08370cd7f9387,0xce54c175880ff4edaa5d80b2dc66dda0e34a36ac,campaign_1,blacklist target of hardcoded manager (Execute call) Jul-Oct 2025
avalanche,0x54ba1190db1461a4d56c152092b33e76a996a524,0xce54c175880ff4edaa5d80b2dc66dda0e34a36ac,campaign_1,blacklist target of hardcoded manager (Execute call) Jul-Oct 2025
avalanche,0x54be2ee01153569ae5bf6e2d5b646a0fcd9593a2,0xce54c175880ff4edaa5d80b2dc66dda0e34a36ac,campaign_1,blacklist target of hardcoded manager (Execute call) Jul-Oct 2025
avalanche,0x54c2c2de9a99423f6815149439e3064d95602b8e,0xce54c175880ff4edaa5d80b2dc66dda0e34a36ac,campaign_1,blacklist target of hardcoded manager (Execute call) Jul-Oct 2025
avalanche,0x54c59811570df97687008d9a48d7dd2b7d401cdb,0xce54c175880ff4edaa5d80b2dc66dda0e34a36ac,campaign_1,blacklist target of hardcoded manager (Execute call) Jul-Oct 2025
avalanche,0x54d7bc25d1ea83ccb6b7c37c6a950c0e7d0bd14c,0xce54c175880ff4edaa5d80b2dc66dda0e34a36ac,campaign_1,blacklist target of hardcoded manager (Execute call) Jul-Oct 2025
avalanche,0x54d8c70fc663f87d293d4e0e68ee3bbd864640fe,0xce54c175880ff4edaa5d80b2dc66dda0e34a36ac,campaign_1,blacklist target of hardcoded manager (Execute call) Jul-Oct 2025
avalanche,0x54daadb8b8763ab402d273841619a00a5ddb4e18,0xce54c175880ff4edaa5d80b2dc66dda0e34a36ac,campaign_1,blacklist target of hardcoded manager (Execute call) Jul-Oct 2025
avalanche,0x54e3d41a269b49ccf25e1095e250de6ec8796ef9,0xce54c175880ff4edaa5d80b2dc66dda0e34a36ac,campaign_1,blacklist target of hardcoded manager (Execute call) Jul-Oct 2025
avalanche,0x54f5fc2635e26c2e04da992739b103d54da0068e,0xce54c175880ff4edaa5d80b2dc66dda0e34a36ac,campaign_1,blacklist target of hardcoded manager (Execute call) Jul-Oct 2025
avalanche,0x54f73ccd918b22ff7e9f64becea6e60674c1578a,0xce54c175880ff4edaa5d80b2dc66dda0e34a36ac,campaign_1,blacklist target of hardcoded manager (Execute call) Jul-Oct 2025
avalanche,0x54f7a093107b7096999b3c71c8368b22ac559623,0xce54c175880ff4edaa5d80b2dc66dda0e34a36ac,campaign_1,blacklist target of hardcoded manager (Execute call) Jul-Oct 2025
avalanche,0x5512201409116b75e4a30a662762f032db7c7cd2,0xce54c175880ff4edaa5d80b2dc66dda0e34a36ac,campaign_1,blacklist target of hardcoded manager (Execute call) Jul-Oct 2025
avalanche,0x55320fcf66e2dfe815def8016544c979ebfe0f95,0xce54c175880ff4edaa5d80b2dc66dda0e34a36ac,campaign_1,blacklist target of hardcoded manager (Execute call) Jul-Oct 2025
avalanche,0x553821863b37ec5e89a396757d4164cefdeac433,0xce54c175880ff4edaa5d80b2dc66dda0e34a36ac,campaign_1,blacklist target of hardcoded manager (Execute call) Jul-Oct 2025
avalanche,0x553afd70e102409e7e2d3f48bea0c13e507bc427,0xce54c175880ff4edaa5d80b2dc66dda0e34a36ac,campaign_1,blacklist target of hardcoded manager (Execute call) Jul-Oct 2025
avalanche,0x554e12ec98d81ac2fb55f603be702db74e900a79,0xce54c175880ff4edaa5d80b2dc66dda0e34a36ac,campaign_1,blacklist target of hardcoded manager (Execute call) Jul-Oct 2025
avalanche,0x5562582951664d8c4e2f5ffe197513cb37a0ebf2,0xce54c175880ff4edaa5d80b2dc66dda0e34a36ac,campaign_1,blacklist target of hardcoded manager (Execute call) Jul-Oct 2025
avalanche,0x558d3b4325211b664e339461c6899c2cb9cccdc8,0xce54c175880ff4edaa5d80b2dc66dda0e34a36ac,campaign_1,blacklist target of hardcoded manager (Execute call) Jul-Oct 2025
avalanche,0x55a7b0f9f1c0a10ee266af71e9fdd7addafb102f,0xce54c175880ff4edaa5d80b2dc66dda0e34a36ac,campaign_1,blacklist target of hardcoded manager (Execute call) Jul-Oct 2025
avalanche,0x55c1b86691be93c36c1b221dc4bb23b3dc7dd7d3,0xce54c175880ff4edaa5d80b2dc66dda0e34a36ac,campaign_1,blacklist target of hardcoded manager (Execute call) Jul-Oct 2025
avalanche,0x55d0b3eb06c051e5fba849a19f41907a486033e4,0xce54c175880ff4edaa5d80b2dc66dda0e34a36ac,campaign_1,blacklist target of hardcoded manager (Execute call) Jul-Oct 2025
avalanche,0x55d467b64d7385c7818644f4958c9dec34549b21,0xce54c175880ff4edaa5d80b2dc66dda0e34a36ac,campaign_1,blacklist target of hardcoded manager (Execute call) Jul-Oct 2025
avalanche,0x55d933b96768b64b1823f69da416e1154e8d6530,0xce54c175880ff4edaa5d80b2dc66dda0e34a36ac,campaign_1,blacklist target of hardcoded manager (Execute call) Jul-Oct 2025
avalanche,0x55d981bada3de8ee44d5e799b0407c8fc7f62414,0xce54c175880ff4edaa5d80b2dc66dda0e34a36ac,campaign_1,blacklist target of hardcoded manager (Execute call) Jul-Oct 2025
avalanche,0x55e96684684cad999a1f5923f812d49dc0fa7081,0xce54c175880ff4edaa5d80b2dc66dda0e34a36ac,campaign_1,blacklist target of hardcoded manager (Execute call) Jul-Oct 2025
avalanche,0x55eb02de4de0aaa57bf878997b84f0b637f190a5,0xce54c175880ff4edaa5d80b2dc66dda0e34a36ac,campaign_1,blacklist target of hardcoded manager (Execute call) Jul-Oct 2025
avalanche,0x55f8dc0adb08e1f94866aab675022f11855cdf54,0xce54c175880ff4edaa5d80b2dc66dda0e34a36ac,campaign_1,blacklist target of hardcoded manager (Execute call) Jul-Oct 2025
avalanche,0x56121cd06a9c81ba8dce5b0c107d06f5589d5037,0xce54c175880ff4edaa5d80b2dc66dda0e34a36ac,campaign_1,blacklist target of hardcoded manager (Execute call) Jul-Oct 2025
avalanche,0x56268a9ddb2c2cd70d465323d1897e22d1e660cb,0xce54c175880ff4edaa5d80b2dc66dda0e34a36ac,campaign_1,blacklist target of hardcoded manager (Execute call) Jul-Oct 2025
avalanche,0x563d41e5a8cd2f767899531c351b653c236cc362,0xce54c175880ff4edaa5d80b2dc66dda0e34a36ac,campaign_1,blacklist target of hardcoded manager (Execute call) Jul-Oct 2025
avalanche,0x5652810a5d0bac65936f609c7b86697d9b6200bc,0xce54c175880ff4edaa5d80b2dc66dda0e34a36ac,campaign_1,blacklist target of hardcoded manager (Execute call) Jul-Oct 2025
avalanche,0x56534dd5ff1226c9d50b927e6e4fe20d5666c366,0xce54c175880ff4edaa5d80b2dc66dda0e34a36ac,campaign_1,blacklist target of hardcoded manager (Execute call) Jul-Oct 2025
avalanche,0x568140defdb9972b87503cc50fc3f9d95c1de848,0xce54c175880ff4edaa5d80b2dc66dda0e34a36ac,campaign_1,blacklist target of hardcoded manager (Execute call) Jul-Oct 2025
avalanche,0x568f6b825c1e019a0e70cff23d3a06c1e951d2d0,0xce54c175880ff4edaa5d80b2dc66dda0e34a36ac,campaign_1,blacklist target of hardcoded manager (Execute call) Jul-Oct 2025
avalanche,0x569fb734586b0b84cffdcd9199740fb5415c7b28,0xce54c175880ff4edaa5d80b2dc66dda0e34a36ac,campaign_1,blacklist target of hardcoded manager (Execute call) Jul-Oct 2025
avalanche,0x56b3f95aebd96d82a5a1e09f9f4e4e8c95b9a26c,0xce54c175880ff4edaa5d80b2dc66dda0e34a36ac,campaign_1,blacklist target of hardcoded manager (Execute call) Jul-Oct 2025
avalanche,0x56b5515ad80fa5c9d7e4d5a0cc914c91971c1217,0xce54c175880ff4edaa5d80b2dc66dda0e34a36ac,campaign_1,blacklist target of hardcoded manager (Execute call) Jul-Oct 2025
avalanche,0x56c2be84be6930025cd501e44406888e9f19c22b,0xce54c175880ff4edaa5d80b2dc66dda0e34a36ac,campaign_1,blacklist target of hardcoded manager (Execute call) Jul-Oct 2025
avalanche,0x56de9e5b86b88952332d326a589f93ca766c6cf8,0xce54c175880ff4edaa5d80b2dc66dda0e34a36ac,campaign_1,blacklist target of hardcoded manager (Execute call) Jul-Oct 2025
avalanche,0x56ec1cbca86b3f64b42fe2283f793fba705b3d36,0xce54c175880ff4edaa5d80b2dc66dda0e34a36ac,campaign_1,blacklist target of hardcoded manager (Execute call) Jul-Oct 2025
avalanche,0x56f9ebdac2772238206e7365de3150a42fa78efa,0xce54c175880ff4edaa5d80b2dc66dda0e34a36ac,campaign_1,blacklist target of hardcoded manager (Execute call) Jul-Oct 2025
avalanche,0x571d401439857f5a2884bcb908ec1aa3376ace43,0xce54c175880ff4edaa5d80b2dc66dda0e34a36ac,campaign_1,blacklist target of hardcoded manager (Execute call) Jul-Oct 2025
avalanche,0x572110f66d22a0499a417efdea4f126459240742,0xce54c175880ff4edaa5d80b2dc66dda0e34a36ac,campaign_1,blacklist target of hardcoded manager (Execute call) Jul-Oct 2025
avalanche,0x5723ceef2b43e8bc9367739203cc3b71a991871c,0xce54c175880ff4edaa5d80b2dc66dda0e34a36ac,campaign_1,blacklist target of hardcoded manager (Execute call) Jul-Oct 2025
avalanche,0x5727f202bf3bbaaf2bca9172aba444e5b03c7f4a,0xce54c175880ff4edaa5d80b2dc66dda0e34a36ac,campaign_1,blacklist target of hardcoded manager (Execute call) Jul-Oct 2025
avalanche,0x572ebb1a51ef13f4dfeed01de54db32b011c0f5e,0xce54c175880ff4edaa5d80b2dc66dda0e34a36ac,campaign_1,blacklist target of hardcoded manager (Execute call) Jul-Oct 2025
avalanche,0x574767f1b252d2df7611adf4bf8271a7fecc3aaa,0xce54c175880ff4edaa5d80b2dc66dda0e34a36ac,campaign_1,blacklist target of hardcoded manager (Execute call) Jul-Oct 2025
avalanche,0x574ad861f05668a8014a01db835a2c35785c9d1e,0xce54c175880ff4edaa5d80b2dc66dda0e34a36ac,campaign_1,blacklist target of hardcoded manager (Execute call) Jul-Oct 2025
avalanche,0x578443942921cbe30cb4384061d14e8e3a92e556,0xce54c175880ff4edaa5d80b2dc66dda0e34a36ac,campaign_1,blacklist target of hardcoded manager (Execute call) Jul-Oct 2025
avalanche,0x57872339c3662bb6e408d9a4c16852ad97ac591b,0xce54c175880ff4edaa5d80b2dc66dda0e34a36ac,campaign_1,blacklist target of hardcoded manager (Execute call) Jul-Oct 2025
avalanche,0x5787dc599811c137f2269a2853a58a1775f3242a,0xce54c175880ff4edaa5d80b2dc66dda0e34a36ac,campaign_1,blacklist target of hardcoded manager (Execute call) Jul-Oct 2025
avalanche,0x57ab2bc59fabfaa934fc352d103959028345efaa,0xce54c175880ff4edaa5d80b2dc66dda0e34a36ac,campaign_1,blacklist target of hardcoded manager (Execute call) Jul-Oct 2025
avalanche,0x57c3b96969f701ea8b618947b2df6f1bf9b41946,0xce54c175880ff4edaa5d80b2dc66dda0e34a36ac,campaign_1,blacklist target of hardcoded manager (Execute call) Jul-Oct 2025
avalanche,0x57e76d9b2b1d7ae956d81da501897feeb95d8c94,0xce54c175880ff4edaa5d80b2dc66dda0e34a36ac,campaign_1,blacklist target of hardcoded manager (Execute call) Jul-Oct 2025
avalanche,0x57e79f0273d633bb0394b0622c59d8ef9ceec067,0xce54c175880ff4edaa5d80b2dc66dda0e34a36ac,campaign_1,blacklist target of hardcoded manager (Execute call) Jul-Oct 2025
avalanche,0x57f858dddafc7e826f17ec431876493649003279,0xce54c175880ff4edaa5d80b2dc66dda0e34a36ac,campaign_1,blacklist target of hardcoded manager (Execute call) Jul-Oct 2025
avalanche,0x580592539bb828060ebc44cbe6aceaedf518a850,0xce54c175880ff4edaa5d80b2dc66dda0e34a36ac,campaign_1,blacklist target of hardcoded manager (Execute call) Jul-Oct 2025
avalanche,0x582a2cf5398cd66806641e948b04f5f1511a65ea,0xce54c175880ff4edaa5d80b2dc66dda0e34a36ac,campaign_1,blacklist target of hardcoded manager (Execute call) Jul-Oct 2025
avalanche,0x582c99aa2ab13728e6cabcff909d4b7f1c3fae00,0xce54c175880ff4edaa5d80b2dc66dda0e34a36ac,campaign_1,blacklist target of hardcoded manager (Execute call) Jul-Oct 2025
avalanche,0x5832a405eec67f113faa63bd68d895be016db816,0xce54c175880ff4edaa5d80b2dc66dda0e34a36ac,campaign_1,blacklist target of hardcoded manager (Execute call) Jul-Oct 2025
avalanche,0x583498d0c88e1b1c8623a28e5847e68cc01fb35c,0xce54c175880ff4edaa5d80b2dc66dda0e34a36ac,campaign_1,blacklist target of hardcoded manager (Execute call) Jul-Oct 2025
avalanche,0x58373b8617dd8f2fa5fd74c5794648ecb7b7a0df,0xce54c175880ff4edaa5d80b2dc66dda0e34a36ac,campaign_1,blacklist target of hardcoded manager (Execute call) Jul-Oct 2025
avalanche,0x583c41c959b7af4eaa792354555121ac01b6ba0b,0xce54c175880ff4edaa5d80b2dc66dda0e34a36ac,campaign_1,blacklist target of hardcoded manager (Execute call) Jul-Oct 2025
avalanche,0x5854fad8e401a267ddad5f6afecacd08727427eb,0xce54c175880ff4edaa5d80b2dc66dda0e34a36ac,campaign_1,blacklist target of hardcoded manager (Execute call) Jul-Oct 2025
avalanche,0x588d3f0a246c922bfab6de03a4a90b814bc294da,0xce54c175880ff4edaa5d80b2dc66dda0e34a36ac,campaign_1,blacklist target of hardcoded manager (Execute call) Jul-Oct 2025
avalanche,0x588d6c3b1abf59fe073af48b86654d83498714d8,0xce54c175880ff4edaa5d80b2dc66dda0e34a36ac,campaign_1,blacklist target of hardcoded manager (Execute call) Jul-Oct 2025
avalanche,0x588e95db1a978ae2c89832d312d2ec981a5396a5,0xce54c175880ff4edaa5d80b2dc66dda0e34a36ac,campaign_1,blacklist target of hardcoded manager (Execute call) Jul-Oct 2025
avalanche,0x58d9c368097cfe959af8eb1106c5be99528070fc,0xce54c175880ff4edaa5d80b2dc66dda0e34a36ac,campaign_1,blacklist target of hardcoded manager (Execute call) Jul-Oct 2025
avalanche,0x58de5fb30414e4ad77e25558f94b78bd344ce25d,0xce54c175880ff4edaa5d80b2dc66dda0e34a36ac,campaign_1,blacklist target of hardcoded manager (Execute call) Jul-Oct 2025
avalanche,0x58f839c616e9ed3cec5a460ce75148ccc68aefbb,0xce54c175880ff4edaa5d80b2dc66dda0e34a36ac,campaign_1,blacklist target of hardcoded manager (Execute call) Jul-Oct 2025
avalanche,0x59278163fc5d46781df52083bda36a6a104edd57,0xce54c175880ff4edaa5d80b2dc66dda0e34a36ac,campaign_1,blacklist target of hardcoded manager (Execute call) Jul-Oct 2025
avalanche,0x592c2adb7130fb975412ab0d4c0b1b9523a5dc56,0xce54c175880ff4edaa5d80b2dc66dda0e34a36ac,campaign_1,blacklist target of hardcoded manager (Execute call) Jul-Oct 2025
avalanche,0x5940cd20ffed689b3a08fc69989e13d98b0751ea,0xce54c175880ff4edaa5d80b2dc66dda0e34a36ac,campaign_1,blacklist target of hardcoded manager (Execute call) Jul-Oct 2025
avalanche,0x59535c1f19b4f6d97b020971d1a1e0afe9f1c04e,0xce54c175880ff4edaa5d80b2dc66dda0e34a36ac,campaign_1,blacklist target of hardcoded manager (Execute call) Jul-Oct 2025
avalanche,0x59622028cb8e59274a0270522befdf8c8f891347,0xce54c175880ff4edaa5d80b2dc66dda0e34a36ac,campaign_1,blacklist target of hardcoded manager (Execute call) Jul-Oct 2025
avalanche,0x5983db583e3bf62aa57cdfd2f105af6fb18412ee,0xce54c175880ff4edaa5d80b2dc66dda0e34a36ac,campaign_1,blacklist target of hardcoded manager (Execute call) Jul-Oct 2025
avalanche,0x598ef28fb01c0a8cba88fdd1221666b01090426d,0xce54c175880ff4edaa5d80b2dc66dda0e34a36ac,campaign_1,blacklist target of hardcoded manager (Execute call) Jul-Oct 2025
avalanche,0x59975921062105645adbebfce9fef21ca73ea298,0xce54c175880ff4edaa5d80b2dc66dda0e34a36ac,campaign_1,blacklist target of hardcoded manager (Execute call) Jul-Oct 2025
avalanche,0x599fbcbb0ed81fa0744a3170408e8088c2131dd2,0xce54c175880ff4edaa5d80b2dc66dda0e34a36ac,campaign_1,blacklist target of hardcoded manager (Execute call) Jul-Oct 2025
avalanche,0x59a2ea697d19b29edbc26a7fe267b3ef53462cae,0xce54c175880ff4edaa5d80b2dc66dda0e34a36ac,campaign_1,blacklist target of hardcoded manager (Execute call) Jul-Oct 2025
avalanche,0x59b83e13e9a7ad18ab4d216d74cfb29aab31a41e,0xce54c175880ff4edaa5d80b2dc66dda0e34a36ac,campaign_1,blacklist target of hardcoded manager (Execute call) Jul-Oct 2025
avalanche,0x59bf2c9fe660691f75a8da0d1817c1601b1fddd8,0xce54c175880ff4edaa5d80b2dc66dda0e34a36ac,campaign_1,blacklist target of hardcoded manager (Execute call) Jul-Oct 2025
avalanche,0x59c4ea0c9530883310ff9d1799202a627e8c24b3,0xce54c175880ff4edaa5d80b2dc66dda0e34a36ac,campaign_1,blacklist target of hardcoded manager (Execute call) Jul-Oct 2025
avalanche,0x59db54ca8c9e1cb88773b693a97343a68617c04c,0xce54c175880ff4edaa5d80b2dc66dda0e34a36ac,campaign_1,blacklist target of hardcoded manager (Execute call) Jul-Oct 2025
avalanche,0x59e2fc0293fcf2d5826640fc96e67c8d68ef3389,0xce54c175880ff4edaa5d80b2dc66dda0e34a36ac,campaign_1,blacklist target of hardcoded manager (Execute call) Jul-Oct 2025
avalanche,0x59e40a20ca871b779b7171a869b38229e1c88540,0xce54c175880ff4edaa5d80b2dc66dda0e34a36ac,campaign_1,blacklist target of hardcoded manager (Execute call) Jul-Oct 2025
avalanche,0x59f63bf30d89d1273e8347b4292db6fa3b961ad3,0xce54c175880ff4edaa5d80b2dc66dda0e34a36ac,campaign_1,blacklist target of hardcoded manager (Execute call) Jul-Oct 2025
avalanche,0x5a1d0b66b66ec9ddce4bfb6978179036e61cc582,0xce54c175880ff4edaa5d80b2dc66dda0e34a36ac,campaign_1,blacklist target of hardcoded manager (Execute call) Jul-Oct 2025
avalanche,0x5a26b48e2e7f3a04426dd85a296682a648a21f23,0xce54c175880ff4edaa5d80b2dc66dda0e34a36ac,campaign_1,blacklist target of hardcoded manager (Execute call) Jul-Oct 2025
avalanche,0x5a2e208bf16c90cf867a25ee3679b8104891e156,0xce54c175880ff4edaa5d80b2dc66dda0e34a36ac,campaign_1,blacklist target of hardcoded manager (Execute call) Jul-Oct 2025
avalanche,0x5a614a34843d52ec2426c5e230f0cef3baf8672e,0xce54c175880ff4edaa5d80b2dc66dda0e34a36ac,campaign_1,blacklist target of hardcoded manager (Execute call) Jul-Oct 2025
avalanche,0x5a65cf25968b0b4e9d1775af7d87170b5f0ac971,0xce54c175880ff4edaa5d80b2dc66dda0e34a36ac,campaign_1,blacklist target of hardcoded manager (Execute call) Jul-Oct 2025
avalanche,0x5a7baedc090878beb2c63949107471eba387d967,0xce54c175880ff4edaa5d80b2dc66dda0e34a36ac,campaign_1,blacklist target of hardcoded manager (Execute call) Jul-Oct 2025
avalanche,0x5a9b76ba5bcfbfacec7195dbf837bfa91aba2052,0xce54c175880ff4edaa5d80b2dc66dda0e34a36ac,campaign_1,blacklist target of hardcoded manager (Execute call) Jul-Oct 2025
avalanche,0x5a9f4460b3dd46f0031f2500f722deb102872486,0xce54c175880ff4edaa5d80b2dc66dda0e34a36ac,campaign_1,blacklist target of hardcoded manager (Execute call) Jul-Oct 2025
avalanche,0x5add77f26b1bc0d959f37384f51eeb1e64db2465,0xce54c175880ff4edaa5d80b2dc66dda0e34a36ac,campaign_1,blacklist target of hardcoded manager (Execute call) Jul-Oct 2025
avalanche,0x5aecb23e55bff00e57e3e2d69fe73cd963952600,0xce54c175880ff4edaa5d80b2dc66dda0e34a36ac,campaign_1,blacklist target of hardcoded manager (Execute call) Jul-Oct 2025
avalanche,0x5afd8aa951488b74a4d7245518616699b375d530,0xce54c175880ff4edaa5d80b2dc66dda0e34a36ac,campaign_1,blacklist target of hardcoded manager (Execute call) Jul-Oct 2025
avalanche,0x5b07ec1105c395fef681a0aa835bb13af4f7b52e,0xce54c175880ff4edaa5d80b2dc66dda0e34a36ac,campaign_1,blacklist target of hardcoded manager (Execute call) Jul-Oct 2025
avalanche,0x5b0c95709b7e7fb3b6df2e7e3aa04b4189519688,0xce54c175880ff4edaa5d80b2dc66dda0e34a36ac,campaign_1,blacklist target of hardcoded manager (Execute call) Jul-Oct 2025
avalanche,0x5b2b42744b0e85d602932bb01afe77b142423dcf,0xce54c175880ff4edaa5d80b2dc66dda0e34a36ac,campaign_1,blacklist target of hardcoded manager (Execute call) Jul-Oct 2025
avalanche,0x5b4d00637e5b3a4c067d943ca3af101ce0b7fbad,0xce54c175880ff4edaa5d80b2dc66dda0e34a36ac,campaign_1,blacklist target of hardcoded manager (Execute call) Jul-Oct 2025
avalanche,0x5b5b43d8c2e5a5dfe4a3ba8e6be647b9927ea5a5,0xce54c175880ff4edaa5d80b2dc66dda0e34a36ac,campaign_1,blacklist target of hardcoded manager (Execute call) Jul-Oct 2025
avalanche,0x5b62b6640709f3e5f95962cf41d0ca757f28f887,0xce54c175880ff4edaa5d80b2dc66dda0e34a36ac,campaign_1,blacklist target of hardcoded manager (Execute call) Jul-Oct 2025
avalanche,0x5b6381a1fd28026e709995fb6cc7c77aad9371de,0xce54c175880ff4edaa5d80b2dc66dda0e34a36ac,campaign_1,blacklist target of hardcoded manager (Execute call) Jul-Oct 2025
avalanche,0x5b6adfc383348607c5f4a81b21cf7ae9bd15e445,0xce54c175880ff4edaa5d80b2dc66dda0e34a36ac,campaign_1,blacklist target of hardcoded manager (Execute call) Jul-Oct 2025
avalanche,0x5b7191933ddc6799edb9ef8bf77c6c91c4ee8a94,0xce54c175880ff4edaa5d80b2dc66dda0e34a36ac,campaign_1,blacklist target of hardcoded manager (Execute call) Jul-Oct 2025
avalanche,0x5b7e0087894b00585e2dda37e27e3bd88a02f795,0xce54c175880ff4edaa5d80b2dc66dda0e34a36ac,campaign_1,blacklist target of hardcoded manager (Execute call) Jul-Oct 2025
avalanche,0x5b89434cf83e1a35ec9fed05711cefcf9ac27a5e,0xce54c175880ff4edaa5d80b2dc66dda0e34a36ac,campaign_1,blacklist target of hardcoded manager (Execute call) Jul-Oct 2025
avalanche,0x5ba9914834f34eb8b515bce283e95e8023e75faa,0xce54c175880ff4edaa5d80b2dc66dda0e34a36ac,campaign_1,blacklist target of hardcoded manager (Execute call) Jul-Oct 2025
avalanche,0x5bb0c5c9fa047e126390787cfe45030457fcb33e,0xce54c175880ff4edaa5d80b2dc66dda0e34a36ac,campaign_1,blacklist target of hardcoded manager (Execute call) Jul-Oct 2025
avalanche,0x5bb26028ca536c42f810a71d44d6d85b3ee60a50,0xce54c175880ff4edaa5d80b2dc66dda0e34a36ac,campaign_1,blacklist target of hardcoded manager (Execute call) Jul-Oct 2025
avalanche,0x5bb4f4fcc91363bc3d9ccf532f4e0db811d978f5,0xce54c175880ff4edaa5d80b2dc66dda0e34a36ac,campaign_1,blacklist target of hardcoded manager (Execute call) Jul-Oct 2025
avalanche,0x5bb70385d13b5621a066ba64824c6c5c2949f01d,0xce54c175880ff4edaa5d80b2dc66dda0e34a36ac,campaign_1,blacklist target of hardcoded manager (Execute call) Jul-Oct 2025
avalanche,0x5bb9388b6427bf79a7e6c3938066c992acc2fa14,0xce54c175880ff4edaa5d80b2dc66dda0e34a36ac,campaign_1,blacklist target of hardcoded manager (Execute call) Jul-Oct 2025
avalanche,0x5bd09a535ed0d1a41b879d35c5b5455e7809684d,0xce54c175880ff4edaa5d80b2dc66dda0e34a36ac,campaign_1,blacklist target of hardcoded manager (Execute call) Jul-Oct 2025
avalanche,0x5bd16d773015758fd8d7921e304869e87d817e96,0xce54c175880ff4edaa5d80b2dc66dda0e34a36ac,campaign_1,blacklist target of hardcoded manager (Execute call) Jul-Oct 2025
avalanche,0x5bd4b08f9fc9fde8c133a66e8d0cd8989d93cb66,0xce54c175880ff4edaa5d80b2dc66dda0e34a36ac,campaign_1,blacklist target of hardcoded manager (Execute call) Jul-Oct 2025
avalanche,0x5bd7a25a4e3f88d082dc846a56872bc5161ac86e,0xce54c175880ff4edaa5d80b2dc66dda0e34a36ac,campaign_1,blacklist target of hardcoded manager (Execute call) Jul-Oct 2025
avalanche,0x5bea7c115238f40c5ed4e83d9f899ff75803ea97,0xce54c175880ff4edaa5d80b2dc66dda0e34a36ac,campaign_1,blacklist target of hardcoded manager (Execute call) Jul-Oct 2025
avalanche,0x5bed9e6ae320d04006baccf8465befa9df72c1f5,0xce54c175880ff4edaa5d80b2dc66dda0e34a36ac,campaign_1,blacklist target of hardcoded manager (Execute call) Jul-Oct 2025
avalanche,0x5bf53e27149c63259cec1080e6da97d33fb53169,0xce54c175880ff4edaa5d80b2dc66dda0e34a36ac,campaign_1,blacklist target of hardcoded manager (Execute call) Jul-Oct 2025
avalanche,0x5bf5f5cf24a713820c002dbc8ddb449b3c6956eb,0xce54c175880ff4edaa5d80b2dc66dda0e34a36ac,campaign_1,blacklist target of hardcoded manager (Execute call) Jul-Oct 2025
avalanche,0x5bf6d08b9cc6775e2f75f36f4cfb383b00a9fe31,0xce54c175880ff4edaa5d80b2dc66dda0e34a36ac,campaign_1,blacklist target of hardcoded manager (Execute call) Jul-Oct 2025
avalanche,0x5bfebd5ff26efb114e7b06ae6faab04f57774dde,0xce54c175880ff4edaa5d80b2dc66dda0e34a36ac,campaign_1,blacklist target of hardcoded manager (Execute call) Jul-Oct 2025
avalanche,0x5c1755bab13455c9d0143fbab4ad8dd83e19393d,0xce54c175880ff4edaa5d80b2dc66dda0e34a36ac,campaign_1,blacklist target of hardcoded manager (Execute call) Jul-Oct 2025
avalanche,0x5c1abeb4be930b678febc017ef3c01da2daf496b,0xce54c175880ff4edaa5d80b2dc66dda0e34a36ac,campaign_1,blacklist target of hardcoded manager (Execute call) Jul-Oct 2025
avalanche,0x5c23866408992039910af8969a8e0ccc661f0420,0xce54c175880ff4edaa5d80b2dc66dda0e34a36ac,campaign_1,blacklist target of hardcoded manager (Execute call) Jul-Oct 2025
avalanche,0x5c24288c4b2f5f58359ba447ce41017f9ae63452,0xce54c175880ff4edaa5d80b2dc66dda0e34a36ac,campaign_1,blacklist target of hardcoded manager (Execute call) Jul-Oct 2025
avalanche,0x5c25fdc167cab421b00ca17756615b50b52d642a,0xce54c175880ff4edaa5d80b2dc66dda0e34a36ac,campaign_1,blacklist target of hardcoded manager (Execute call) Jul-Oct 2025
avalanche,0x5c30b6e048c799add0bd744cb4fc186670d877ef,0xce54c175880ff4edaa5d80b2dc66dda0e34a36ac,campaign_1,blacklist target of hardcoded manager (Execute call) Jul-Oct 2025
avalanche,0x5c407c03f826261155dcc676f80e08815983358d,0xce54c175880ff4edaa5d80b2dc66dda0e34a36ac,campaign_1,blacklist target of hardcoded manager (Execute call) Jul-Oct 2025
avalanche,0x5c5b4ba3c8c74fbbb9f40b2d9887cf2746773a08,0xce54c175880ff4edaa5d80b2dc66dda0e34a36ac,campaign_1,blacklist target of hardcoded manager (Execute call) Jul-Oct 2025
avalanche,0x5c684faa5834e5fa85f9e7ae27906645ba4e1f93,0xce54c175880ff4edaa5d80b2dc66dda0e34a36ac,campaign_1,blacklist target of hardcoded manager (Execute call) Jul-Oct 2025
avalanche,0x5c6b78d2512fa59ffdbcf950736efa8c059cf5af,0xce54c175880ff4edaa5d80b2dc66dda0e34a36ac,campaign_1,blacklist target of hardcoded manager (Execute call) Jul-Oct 2025
avalanche,0x5c7bc6a25da2542287cb700945d8f8eb11030575,0xce54c175880ff4edaa5d80b2dc66dda0e34a36ac,campaign_1,blacklist target of hardcoded manager (Execute call) Jul-Oct 2025
avalanche,0x5c826267128243c977298ae77414f72ccfdf59c6,0xce54c175880ff4edaa5d80b2dc66dda0e34a36ac,campaign_1,blacklist target of hardcoded manager (Execute call) Jul-Oct 2025
avalanche,0x5c8641bf3e1469d0204033fa5b6765580b0322d0,0xce54c175880ff4edaa5d80b2dc66dda0e34a36ac,campaign_1,blacklist target of hardcoded manager (Execute call) Jul-Oct 2025
avalanche,0x5c9cbc236fa89faf0bb77071e596f23f9ff228ae,0xce54c175880ff4edaa5d80b2dc66dda0e34a36ac,campaign_1,blacklist target of hardcoded manager (Execute call) Jul-Oct 2025
avalanche,0x5ca32a30270b9c54d8ba6f822effb248aca0c5e8,0xce54c175880ff4edaa5d80b2dc66dda0e34a36ac,campaign_1,blacklist target of hardcoded manager (Execute call) Jul-Oct 2025
avalanche,0x5ca75645c42e19c9c37c061a79b854b9948dd7a8,0xce54c175880ff4edaa5d80b2dc66dda0e34a36ac,campaign_1,blacklist target of hardcoded manager (Execute call) Jul-Oct 2025
avalanche,0x5cbe2a345b2b8c4a05744aa9cf7378e6e73e1648,0xce54c175880ff4edaa5d80b2dc66dda0e34a36ac,campaign_1,blacklist target of hardcoded manager (Execute call) Jul-Oct 2025
avalanche,0x5cd16af24b2f8f00da2c319ce1df3fe0aad0e0a1,0xce54c175880ff4edaa5d80b2dc66dda0e34a36ac,campaign_1,blacklist target of hardcoded manager (Execute call) Jul-Oct 2025
avalanche,0x5cd3fccecbbcdbfd7ab361876fd5129ce7d4cdc0,0xce54c175880ff4edaa5d80b2dc66dda0e34a36ac,campaign_1,blacklist target of hardcoded manager (Execute call) Jul-Oct 2025
avalanche,0x5ce7e44531e30b0245bbc96ee9e32d66928a45e0,0xce54c175880ff4edaa5d80b2dc66dda0e34a36ac,campaign_1,blacklist target of hardcoded manager (Execute call) Jul-Oct 2025
avalanche,0x5cf0af6b7998e43c0aa5aaf493320e84a96bcfec,0xce54c175880ff4edaa5d80b2dc66dda0e34a36ac,campaign_1,blacklist target of hardcoded manager (Execute call) Jul-Oct 2025
avalanche,0x5cf4f515f95eae17c56e0cb72451cb6d09e824f2,0xce54c175880ff4edaa5d80b2dc66dda0e34a36ac,campaign_1,blacklist target of hardcoded manager (Execute call) Jul-Oct 2025
avalanche,0x5cf7d518a2b32455d6438e943058216090d0586e,0xce54c175880ff4edaa5d80b2dc66dda0e34a36ac,campaign_1,blacklist target of hardcoded manager (Execute call) Jul-Oct 2025
avalanche,0x5cf8d3311b5d038dc4caf518bc3f82b74651f3dd,0xce54c175880ff4edaa5d80b2dc66dda0e34a36ac,campaign_1,blacklist target of hardcoded manager (Execute call) Jul-Oct 2025
avalanche,0x5d01bf1bca09b24ef4f930c2e4bcfc354ef841c5,0xce54c175880ff4edaa5d80b2dc66dda0e34a36ac,campaign_1,blacklist target of hardcoded manager (Execute call) Jul-Oct 2025
avalanche,0x5d061f8374af45a109c5501bd3ef8b630f18ff01,0xce54c175880ff4edaa5d80b2dc66dda0e34a36ac,campaign_1,blacklist target of hardcoded manager (Execute call) Jul-Oct 2025
avalanche,0x5d0714767029869c0e0a0d838c3f471bb58ee74a,0xce54c175880ff4edaa5d80b2dc66dda0e34a36ac,campaign_1,blacklist target of hardcoded manager (Execute call) Jul-Oct 2025
avalanche,0x5d104f617655b71b6e3d03f25d4e94a41c1a0d63,0xce54c175880ff4edaa5d80b2dc66dda0e34a36ac,campaign_1,blacklist target of hardcoded manager (Execute call) Jul-Oct 2025
avalanche,0x5d19fb3b2df2f5d272743286d7cad033a27a1595,0xce54c175880ff4edaa5d80b2dc66dda0e34a36ac,campaign_1,blacklist target of hardcoded manager (Execute call) Jul-Oct 2025
avalanche,0x5d240ec84bb8a0d30873cd6ef1cde03145088a2e,0xce54c175880ff4edaa5d80b2dc66dda0e34a36ac,campaign_1,blacklist target of hardcoded manager (Execute call) Jul-Oct 2025
avalanche,0x5d3a187ae03671c1f370f5905d849de9ab7e891c,0xce54c175880ff4edaa5d80b2dc66dda0e34a36ac,campaign_1,blacklist target of hardcoded manager (Execute call) Jul-Oct 2025
avalanche,0x5d4fb788e50e3ea904de4dd283d3a75f6241dc19,0xce54c175880ff4edaa5d80b2dc66dda0e34a36ac,campaign_1,blacklist target of hardcoded manager (Execute call) Jul-Oct 2025
avalanche,0x5d5335fb04fc33626b206424e47c590e9383c4fb,0xce54c175880ff4edaa5d80b2dc66dda0e34a36ac,campaign_1,blacklist target of hardcoded manager (Execute call) Jul-Oct 2025
avalanche,0x5d5db952aed9ef1fddbc2306f3894de8704a55d6,0xce54c175880ff4edaa5d80b2dc66dda0e34a36ac,campaign_1,blacklist target of hardcoded manager (Execute call) Jul-Oct 2025
avalanche,0x5d6302662ea33a2aaf844034b679e5a9dd38069c,0xce54c175880ff4edaa5d80b2dc66dda0e34a36ac,campaign_1,blacklist target of hardcoded manager (Execute call) Jul-Oct 2025
avalanche,0x5d818066142ee7f4bf395abf5b72ddb2f18b8100,0xce54c175880ff4edaa5d80b2dc66dda0e34a36ac,campaign_1,blacklist target of hardcoded manager (Execute call) Jul-Oct 2025
avalanche,0x5d8eacd8de722a1242c711a8ad16727fe595635a,0xce54c175880ff4edaa5d80b2dc66dda0e34a36ac,campaign_1,blacklist target of hardcoded manager (Execute call) Jul-Oct 2025
avalanche,0x5d8fb135b0deb1b0b83ddb82d110ba5042f7f566,0xce54c175880ff4edaa5d80b2dc66dda0e34a36ac,campaign_1,blacklist target of hardcoded manager (Execute call) Jul-Oct 2025
avalanche,0x5da789f0fbf27405dca6710e14734cc4524dc231,0xce54c175880ff4edaa5d80b2dc66dda0e34a36ac,campaign_1,blacklist target of hardcoded manager (Execute call) Jul-Oct 2025
avalanche,0x5db5879b2df83723bdfae179c58da3e0d74b9499,0xce54c175880ff4edaa5d80b2dc66dda0e34a36ac,campaign_1,blacklist target of hardcoded manager (Execute call) Jul-Oct 2025
avalanche,0x5dc922b96eff6bd992207ee148a46a8dfdd4591c,0xce54c175880ff4edaa5d80b2dc66dda0e34a36ac,campaign_1,blacklist target of hardcoded manager (Execute call) Jul-Oct 2025
avalanche,0x5dd87d21026cda0b43afb36a1112589cd11af2a0,0xce54c175880ff4edaa5d80b2dc66dda0e34a36ac,campaign_1,blacklist target of hardcoded manager (Execute call) Jul-Oct 2025
avalanche,0x5ddbd797de2837f5a858c750738775d7c517b5f7,0xce54c175880ff4edaa5d80b2dc66dda0e34a36ac,campaign_1,blacklist target of hardcoded manager (Execute call) Jul-Oct 2025
avalanche,0x5ddede4bafba391aa37c3a2ee3bdf754ce446180,0xce54c175880ff4edaa5d80b2dc66dda0e34a36ac,campaign_1,blacklist target of hardcoded manager (Execute call) Jul-Oct 2025
avalanche,0x5debf4259a4ad1ceefca8b364393830e17a0269d,0xce54c175880ff4edaa5d80b2dc66dda0e34a36ac,campaign_1,blacklist target of hardcoded manager (Execute call) Jul-Oct 2025
avalanche,0x5dfcecdd8d4dc567426b1ac5c8c4fe72aefd8fec,0xce54c175880ff4edaa5d80b2dc66dda0e34a36ac,campaign_1,blacklist target of hardcoded manager (Execute call) Jul-Oct 2025
avalanche,0x5e0999e32a1070e025db0c740e013132b23596bf,0xce54c175880ff4edaa5d80b2dc66dda0e34a36ac,campaign_1,blacklist target of hardcoded manager (Execute call) Jul-Oct 2025
avalanche,0x5e1763151ced4441d4d2f3c8dd729dc11b5705b0,0xce54c175880ff4edaa5d80b2dc66dda0e34a36ac,campaign_1,blacklist target of hardcoded manager (Execute call) Jul-Oct 2025
avalanche,0x5e1c35f0258ab82f65cf229b4d460cb7c4a1dec4,0xce54c175880ff4edaa5d80b2dc66dda0e34a36ac,campaign_1,blacklist target of hardcoded manager (Execute call) Jul-Oct 2025
avalanche,0x5e31c0f02ddf6ef4693e6b1e9c9fbda28d6fccc0,0xce54c175880ff4edaa5d80b2dc66dda0e34a36ac,campaign_1,blacklist target of hardcoded manager (Execute call) Jul-Oct 2025
avalanche,0x5e362ed17d9c7544931621707013a62b2e6cd2e8,0xce54c175880ff4edaa5d80b2dc66dda0e34a36ac,campaign_1,blacklist target of hardcoded manager (Execute call) Jul-Oct 2025
avalanche,0x5e3aa9d61dbcf3b262d32b7a7e0a25536ab15ae5,0xce54c175880ff4edaa5d80b2dc66dda0e34a36ac,campaign_1,blacklist target of hardcoded manager (Execute call) Jul-Oct 2025
avalanche,0x5e48be6134107c0476fa8f4949be6281d88f0bd1,0xce54c175880ff4edaa5d80b2dc66dda0e34a36ac,campaign_1,blacklist target of hardcoded manager (Execute call) Jul-Oct 2025
avalanche,0x5e58a58e51872ccdbab9e6c0316926acca01c589,0xce54c175880ff4edaa5d80b2dc66dda0e34a36ac,campaign_1,blacklist target of hardcoded manager (Execute call) Jul-Oct 2025
avalanche,0x5e6769f036d6fbeaa98c5da4a3d19709284c583e,0xce54c175880ff4edaa5d80b2dc66dda0e34a36ac,campaign_1,blacklist target of hardcoded manager (Execute call) Jul-Oct 2025
avalanche,0x5e6be1c0660daba009c3d7a98166302b7a6e79c4,0xce54c175880ff4edaa5d80b2dc66dda0e34a36ac,campaign_1,blacklist target of hardcoded manager (Execute call) Jul-Oct 2025
avalanche,0x5e754c27c799d585b6d5ffbf4f0902ff20099936,0xce54c175880ff4edaa5d80b2dc66dda0e34a36ac,campaign_1,blacklist target of hardcoded manager (Execute call) Jul-Oct 2025
avalanche,0x5e79817bbd88ef026b7ff63c1b805a96f05c365d,0xce54c175880ff4edaa5d80b2dc66dda0e34a36ac,campaign_1,blacklist target of hardcoded manager (Execute call) Jul-Oct 2025
avalanche,0x5e99645e5330e8c9393dfe7bdff42ee368921893,0xce54c175880ff4edaa5d80b2dc66dda0e34a36ac,campaign_1,blacklist target of hardcoded manager (Execute call) Jul-Oct 2025
avalanche,0x5ea60cef823e962d800ffcb0665a2fd54b41a5de,0xce54c175880ff4edaa5d80b2dc66dda0e34a36ac,campaign_1,blacklist target of hardcoded manager (Execute call) Jul-Oct 2025
avalanche,0x5eb679983be5916815ac8d1b3f99a84b3cb0d075,0xce54c175880ff4edaa5d80b2dc66dda0e34a36ac,campaign_1,blacklist target of hardcoded manager (Execute call) Jul-Oct 2025
avalanche,0x5ebd21f96ba6aab50e6fb72da503547b08034409,0xce54c175880ff4edaa5d80b2dc66dda0e34a36ac,campaign_1,blacklist target of hardcoded manager (Execute call) Jul-Oct 2025
avalanche,0x5ec3a1f2c448cbea0f36fa6e863a7adf8405a60a,0xce54c175880ff4edaa5d80b2dc66dda0e34a36ac,campaign_1,blacklist target of hardcoded manager (Execute call) Jul-Oct 2025
avalanche,0x5ecaff39732591fafae94681c4d7556a49655f9d,0xce54c175880ff4edaa5d80b2dc66dda0e34a36ac,campaign_1,blacklist target of hardcoded manager (Execute call) Jul-Oct 2025
avalanche,0x5ee0eaa3edac993b7a45e73a8bcd7edd19deb6d0,0xce54c175880ff4edaa5d80b2dc66dda0e34a36ac,campaign_1,blacklist target of hardcoded manager (Execute call) Jul-Oct 2025
avalanche,0x5eee9c626f411fea85f4698b05748d83a616c1b2,0xce54c175880ff4edaa5d80b2dc66dda0e34a36ac,campaign_1,blacklist target of hardcoded manager (Execute call) Jul-Oct 2025
avalanche,0x5ef9a019776b626b11ea738dfdc0a2c066917f4b,0xce54c175880ff4edaa5d80b2dc66dda0e34a36ac,campaign_1,blacklist target of hardcoded manager (Execute call) Jul-Oct 2025
avalanche,0x5f0c719b6c7232259b6d11a1f0e50b62ca2bf1ee,0xce54c175880ff4edaa5d80b2dc66dda0e34a36ac,campaign_1,blacklist target of hardcoded manager (Execute call) Jul-Oct 2025
avalanche,0x5f1131fa2be55da0d92898a3c2635a9ebff46f58,0xce54c175880ff4edaa5d80b2dc66dda0e34a36ac,campaign_1,blacklist target of hardcoded manager (Execute call) Jul-Oct 2025
avalanche,0x5f1559babd667981311031b7e47995ed8baea7fd,0xce54c175880ff4edaa5d80b2dc66dda0e34a36ac,campaign_1,blacklist target of hardcoded manager (Execute call) Jul-Oct 2025
avalanche,0x5f50720b351b0fe1d4f752ba92d0f54fa93fa29e,0xce54c175880ff4edaa5d80b2dc66dda0e34a36ac,campaign_1,blacklist target of hardcoded manager (Execute call) Jul-Oct 2025
avalanche,0x5f706f5a0cc5d6ac8c787cff36ceea40d63137a4,0xce54c175880ff4edaa5d80b2dc66dda0e34a36ac,campaign_1,blacklist target of hardcoded manager (Execute call) Jul-Oct 2025
avalanche,0x5f8ea22a56ea49ac8f85033cdf67bd5d9df06e2f,0xce54c175880ff4edaa5d80b2dc66dda0e34a36ac,campaign_1,blacklist target of hardcoded manager (Execute call) Jul-Oct 2025
avalanche,0x5f911afbe1a56a29971a6ea0723b4e89916a3edb,0xce54c175880ff4edaa5d80b2dc66dda0e34a36ac,campaign_1,blacklist target of hardcoded manager (Execute call) Jul-Oct 2025
avalanche,0x5f9b4e9f19cc0e95260b112ff73c81800f9ed2e0,0xce54c175880ff4edaa5d80b2dc66dda0e34a36ac,campaign_1,blacklist target of hardcoded manager (Execute call) Jul-Oct 2025
avalanche,0x5fa50bb6d3ff0b1fa6639b6ce50176788f3e9872,0xce54c175880ff4edaa5d80b2dc66dda0e34a36ac,campaign_1,blacklist target of hardcoded manager (Execute call) Jul-Oct 2025
avalanche,0x5fb0531cb88a5342a9ed92deeac2d5f07cf71d87,0xce54c175880ff4edaa5d80b2dc66dda0e34a36ac,campaign_1,blacklist target of hardcoded manager (Execute call) Jul-Oct 2025
avalanche,0x5fc0f0ba8114f83ab0569968da434c0786a18cce,0xce54c175880ff4edaa5d80b2dc66dda0e34a36ac,campaign_1,blacklist target of hardcoded manager (Execute call) Jul-Oct 2025
avalanche,0x5fc5015ec50fe38c77bf84f1b31500673292dd51,0xce54c175880ff4edaa5d80b2dc66dda0e34a36ac,campaign_1,blacklist target of hardcoded manager (Execute call) Jul-Oct 2025
avalanche,0x5fc998c6aa4d9c0aae7136c8ee3f28f2333b6153,0xce54c175880ff4edaa5d80b2dc66dda0e34a36ac,campaign_1,blacklist target of hardcoded manager (Execute call) Jul-Oct 2025
avalanche,0x5fcb57f7402848c78a442e72a71abef591f2c50d,0xce54c175880ff4edaa5d80b2dc66dda0e34a36ac,campaign_1,blacklist target of hardcoded manager (Execute call) Jul-Oct 2025
avalanche,0x5fdbb4899d8902dde070d5baf4dc023e31bab366,0xce54c175880ff4edaa5d80b2dc66dda0e34a36ac,campaign_1,blacklist target of hardcoded manager (Execute call) Jul-Oct 2025
avalanche,0x5fed40123fbdc929fe662be68b3e1d726cda7081,0xce54c175880ff4edaa5d80b2dc66dda0e34a36ac,campaign_1,blacklist target of hardcoded manager (Execute call) Jul-Oct 2025
avalanche,0x6000304470042cd3dbc41b43a65789936efd4802,0xce54c175880ff4edaa5d80b2dc66dda0e34a36ac,campaign_1,blacklist target of hardcoded manager (Execute call) Jul-Oct 2025
avalanche,0x6006508eeb5a8d26ca9faed1d8455fb743a90102,0xce54c175880ff4edaa5d80b2dc66dda0e34a36ac,campaign_1,blacklist target of hardcoded manager (Execute call) Jul-Oct 2025
avalanche,0x6016041c2b1171e748c18cf5e83079a91c1e66b6,0xce54c175880ff4edaa5d80b2dc66dda0e34a36ac,campaign_1,blacklist target of hardcoded manager (Execute call) Jul-Oct 2025
avalanche,0x6021f0fa0295c3735c2e2ce7c300c71143da91e5,0xce54c175880ff4edaa5d80b2dc66dda0e34a36ac,campaign_1,blacklist target of hardcoded manager (Execute call) Jul-Oct 2025
avalanche,0x60275f06ec6d9b14c727bbe3b03b2ef68ded7438,0xce54c175880ff4edaa5d80b2dc66dda0e34a36ac,campaign_1,blacklist target of hardcoded manager (Execute call) Jul-Oct 2025
avalanche,0x6044d601c246374f7b8c66fc5fcc3880c2914b9d,0xce54c175880ff4edaa5d80b2dc66dda0e34a36ac,campaign_1,blacklist target of hardcoded manager (Execute call) Jul-Oct 2025
avalanche,0x6048863dd8a6157ff675635ce776f5bd78a32b93,0xce54c175880ff4edaa5d80b2dc66dda0e34a36ac,campaign_1,blacklist target of hardcoded manager (Execute call) Jul-Oct 2025
avalanche,0x6061ac20103e6979f1436752348ba2d98d1c4d5f,0xce54c175880ff4edaa5d80b2dc66dda0e34a36ac,campaign_1,blacklist target of hardcoded manager (Execute call) Jul-Oct 2025
avalanche,0x6079699df4362d962ab5e666ae05ef0224a5cb2d,0xce54c175880ff4edaa5d80b2dc66dda0e34a36ac,campaign_1,blacklist target of hardcoded manager (Execute call) Jul-Oct 2025
avalanche,0x607c6f678809fd30099bf3d7ffca35b41d6e0bc6,0xce54c175880ff4edaa5d80b2dc66dda0e34a36ac,campaign_1,blacklist target of hardcoded manager (Execute call) Jul-Oct 2025
avalanche,0x60865e42591295089c50ed13b2d233057093bc06,0xce54c175880ff4edaa5d80b2dc66dda0e34a36ac,campaign_1,blacklist target of hardcoded manager (Execute call) Jul-Oct 2025
avalanche,0x6087bdc55f75ff659294449ef16ea6d7b97c646f,0xce54c175880ff4edaa5d80b2dc66dda0e34a36ac,campaign_1,blacklist target of hardcoded manager (Execute call) Jul-Oct 2025
avalanche,0x608b22026a938c9009a12ca1becd02633fd9aca8,0xce54c175880ff4edaa5d80b2dc66dda0e34a36ac,campaign_1,blacklist target of hardcoded manager (Execute call) Jul-Oct 2025
avalanche,0x608cb7162a00a74ba51e649cd1fe6d066db2f7b3,0xce54c175880ff4edaa5d80b2dc66dda0e34a36ac,campaign_1,blacklist target of hardcoded manager (Execute call) Jul-Oct 2025
avalanche,0x608eb73b5b42fbcc89fd3818a5c71870bc5a3b81,0xce54c175880ff4edaa5d80b2dc66dda0e34a36ac,campaign_1,blacklist target of hardcoded manager (Execute call) Jul-Oct 2025
avalanche,0x609878e24cee1127f65be2c91ef40ad389a2f675,0xce54c175880ff4edaa5d80b2dc66dda0e34a36ac,campaign_1,blacklist target of hardcoded manager (Execute call) Jul-Oct 2025
avalanche,0x60a116b389621d6f2e3e8749126f7935558cc658,0xce54c175880ff4edaa5d80b2dc66dda0e34a36ac,campaign_1,blacklist target of hardcoded manager (Execute call) Jul-Oct 2025
avalanche,0x60b36b289202a61ca8364b076ae13f203a4bd16f,0xce54c175880ff4edaa5d80b2dc66dda0e34a36ac,campaign_1,blacklist target of hardcoded manager (Execute call) Jul-Oct 2025
avalanche,0x60bbf1942ec9b61ad324e390c9acc6f35e709bc0,0xce54c175880ff4edaa5d80b2dc66dda0e34a36ac,campaign_1,blacklist target of hardcoded manager (Execute call) Jul-Oct 2025
avalanche,0x60c486ba1bc303422065136b3f5493a329f347d2,0xce54c175880ff4edaa5d80b2dc66dda0e34a36ac,campaign_1,blacklist target of hardcoded manager (Execute call) Jul-Oct 2025
avalanche,0x60d403192294d10edbe1448da3918f6df7653946,0xce54c175880ff4edaa5d80b2dc66dda0e34a36ac,campaign_1,blacklist target of hardcoded manager (Execute call) Jul-Oct 2025
avalanche,0x60e070fbd134e70957f69fe977e5dee0d4bbb6bf,0xce54c175880ff4edaa5d80b2dc66dda0e34a36ac,campaign_1,blacklist target of hardcoded manager (Execute call) Jul-Oct 2025
avalanche,0x60ee22920c74db993db491d3797a1b93faf661e8,0xce54c175880ff4edaa5d80b2dc66dda0e34a36ac,campaign_1,blacklist target of hardcoded manager (Execute call) Jul-Oct 2025
avalanche,0x61042149463c8a42a4f51008733e8ae48d3d7a8e,0xce54c175880ff4edaa5d80b2dc66dda0e34a36ac,campaign_1,blacklist target of hardcoded manager (Execute call) Jul-Oct 2025
avalanche,0x610b28420b8f1041a04f487c42f5e39d1e925021,0xce54c175880ff4edaa5d80b2dc66dda0e34a36ac,campaign_1,blacklist target of hardcoded manager (Execute call) Jul-Oct 2025
avalanche,0x611143f266e813ab8274493e01b736f7fd828ccc,0xce54c175880ff4edaa5d80b2dc66dda0e34a36ac,campaign_1,blacklist target of hardcoded manager (Execute call) Jul-Oct 2025
avalanche,0x61216065ab5923c5bf10a861f49839200d25fc47,0xce54c175880ff4edaa5d80b2dc66dda0e34a36ac,campaign_1,blacklist target of hardcoded manager (Execute call) Jul-Oct 2025
avalanche,0x613eb33ed5eef04a5ed9d3cdc65141d8c2f6332f,0xce54c175880ff4edaa5d80b2dc66dda0e34a36ac,campaign_1,blacklist target of hardcoded manager (Execute call) Jul-Oct 2025
avalanche,0x613f61b7cbb2004de9a28aafafcc7fcae05a6414,0xce54c175880ff4edaa5d80b2dc66dda0e34a36ac,campaign_1,blacklist target of hardcoded manager (Execute call) Jul-Oct 2025
avalanche,0x613f8e9c08783fe951f2921f0dca2ce7382980ab,0xce54c175880ff4edaa5d80b2dc66dda0e34a36ac,campaign_1,blacklist target of hardcoded manager (Execute call) Jul-Oct 2025
avalanche,0x61459dbd8e54472030485a1355d0bb872223290a,0xce54c175880ff4edaa5d80b2dc66dda0e34a36ac,campaign_1,blacklist target of hardcoded manager (Execute call) Jul-Oct 2025
avalanche,0x614837ef19b7a8154e8c4cd10e5a8645e59f464f,0xce54c175880ff4edaa5d80b2dc66dda0e34a36ac,campaign_1,blacklist target of hardcoded manager (Execute call) Jul-Oct 2025
avalanche,0x614bdd7b41808fba42f8a3f1c3f59c2eabd59de1,0xce54c175880ff4edaa5d80b2dc66dda0e34a36ac,campaign_1,blacklist target of hardcoded manager (Execute call) Jul-Oct 2025
avalanche,0x615ac58fbe54d705de84cd254ae6209340ab92ac,0xce54c175880ff4edaa5d80b2dc66dda0e34a36ac,campaign_1,blacklist target of hardcoded manager (Execute call) Jul-Oct 2025
avalanche,0x61618a284c2bae10231eacddd3736720e4878844,0xce54c175880ff4edaa5d80b2dc66dda0e34a36ac,campaign_1,blacklist target of hardcoded manager (Execute call) Jul-Oct 2025
avalanche,0x61718a022c2d25dc15d3e160bfc3d6b24e206182,0xce54c175880ff4edaa5d80b2dc66dda0e34a36ac,campaign_1,blacklist target of hardcoded manager (Execute call) Jul-Oct 2025
avalanche,0x617ba9e073076e4e1d3857132c38d6b34e6c5045,0xce54c175880ff4edaa5d80b2dc66dda0e34a36ac,campaign_1,blacklist target of hardcoded manager (Execute call) Jul-Oct 2025
avalanche,0x618392cc009ff85366e8c51d2dff9a7967082119,0xce54c175880ff4edaa5d80b2dc66dda0e34a36ac,campaign_1,blacklist target of hardcoded manager (Execute call) Jul-Oct 2025
avalanche,0x61984cd836d38cf4a7689cf475dcfc99d09c0b18,0xce54c175880ff4edaa5d80b2dc66dda0e34a36ac,campaign_1,blacklist target of hardcoded manager (Execute call) Jul-Oct 2025
avalanche,0x619c0da38611cedcb02eb4eef698b93bb8caacfc,0xce54c175880ff4edaa5d80b2dc66dda0e34a36ac,campaign_1,blacklist target of hardcoded manager (Execute call) Jul-Oct 2025
avalanche,0x619fdcbf2044fad7f7cdb1ca48cec3914f3100e2,0xce54c175880ff4edaa5d80b2dc66dda0e34a36ac,campaign_1,blacklist target of hardcoded manager (Execute call) Jul-Oct 2025
avalanche,0x61d0e13f40a133a918f0790246e3f9bdc394d07e,0xce54c175880ff4edaa5d80b2dc66dda0e34a36ac,campaign_1,blacklist target of hardcoded manager (Execute call) Jul-Oct 2025
avalanche,0x61d1eae1d3412732eb0cb8bdf8b8e8d2218a381a,0xce54c175880ff4edaa5d80b2dc66dda0e34a36ac,campaign_1,blacklist target of hardcoded manager (Execute call) Jul-Oct 2025
avalanche,0x62029484dc8e5beaa55c3e93865b87aa43ac5aad,0xce54c175880ff4edaa5d80b2dc66dda0e34a36ac,campaign_1,blacklist target of hardcoded manager (Execute call) Jul-Oct 2025
avalanche,0x620dcac9e706a197cbe5ed21db1d6b9c8f58a3d1,0xce54c175880ff4edaa5d80b2dc66dda0e34a36ac,campaign_1,blacklist target of hardcoded manager (Execute call) Jul-Oct 2025
avalanche,0x620f45316c8d2a37f48ee60aa834d271a89f1a01,0xce54c175880ff4edaa5d80b2dc66dda0e34a36ac,campaign_1,blacklist target of hardcoded manager (Execute call) Jul-Oct 2025
avalanche,0x6211636fcfd827cbe86c941a74c04c09841600ee,0xce54c175880ff4edaa5d80b2dc66dda0e34a36ac,campaign_1,blacklist target of hardcoded manager (Execute call) Jul-Oct 2025
avalanche,0x6219506929b6dd3f29d971075e2804f4ec86a9e0,0xce54c175880ff4edaa5d80b2dc66dda0e34a36ac,campaign_1,blacklist target of hardcoded manager (Execute call) Jul-Oct 2025
avalanche,0x62263003b3e693f7465f17df3d8208429f8df021,0xce54c175880ff4edaa5d80b2dc66dda0e34a36ac,campaign_1,blacklist target of hardcoded manager (Execute call) Jul-Oct 2025
avalanche,0x6226527d518ff4e087f7161cd89f0736548a5e04,0xce54c175880ff4edaa5d80b2dc66dda0e34a36ac,campaign_1,blacklist target of hardcoded manager (Execute call) Jul-Oct 2025
avalanche,0x6229bc86c8aad46c9528db97e460c26ee031e431,0xce54c175880ff4edaa5d80b2dc66dda0e34a36ac,campaign_1,blacklist target of hardcoded manager (Execute call) Jul-Oct 2025
avalanche,0x623a551bfddc035a9e598ee35561abd0f5b73aeb,0xce54c175880ff4edaa5d80b2dc66dda0e34a36ac,campaign_1,blacklist target of hardcoded manager (Execute call) Jul-Oct 2025
avalanche,0x624173ce6b9c801a699ac6f045ec429e1fbb005b,0xce54c175880ff4edaa5d80b2dc66dda0e34a36ac,campaign_1,blacklist target of hardcoded manager (Execute call) Jul-Oct 2025
avalanche,0x62491dbe36e9b82f12736fea619189715b6314ec,0xce54c175880ff4edaa5d80b2dc66dda0e34a36ac,campaign_1,blacklist target of hardcoded manager (Execute call) Jul-Oct 2025
avalanche,0x6253d04e000ef7496ec60a0f88412061b479d69a,0xce54c175880ff4edaa5d80b2dc66dda0e34a36ac,campaign_1,blacklist target of hardcoded manager (Execute call) Jul-Oct 2025
avalanche,0x625b2d63de965deb071d53acc5e5fc42bc4f31dd,0xce54c175880ff4edaa5d80b2dc66dda0e34a36ac,campaign_1,blacklist target of hardcoded manager (Execute call) Jul-Oct 2025
avalanche,0x62610fc060d9b4fd2e43e8e37947e0c1d68a6d75,0xce54c175880ff4edaa5d80b2dc66dda0e34a36ac,campaign_1,blacklist target of hardcoded manager (Execute call) Jul-Oct 2025
avalanche,0x627959b82c4d962f16811b34113ddaf966e2f225,0xce54c175880ff4edaa5d80b2dc66dda0e34a36ac,campaign_1,blacklist target of hardcoded manager (Execute call) Jul-Oct 2025
avalanche,0x627f4429749e335996e7fda4629672ad8fca5a4c,0xce54c175880ff4edaa5d80b2dc66dda0e34a36ac,campaign_1,blacklist target of hardcoded manager (Execute call) Jul-Oct 2025
avalanche,0x6284aab4d3ba7df0adc59bd1a37e41b40d1be67a,0xce54c175880ff4edaa5d80b2dc66dda0e34a36ac,campaign_1,blacklist target of hardcoded manager (Execute call) Jul-Oct 2025
avalanche,0x62a7bda9167fb4b1cb5d3c733ab0821c8bd85615,0xce54c175880ff4edaa5d80b2dc66dda0e34a36ac,campaign_1,blacklist target of hardcoded manager (Execute call) Jul-Oct 2025
avalanche,0x62bff861be0cd547422ccc5887f65606bb54dcb6,0xce54c175880ff4edaa5d80b2dc66dda0e34a36ac,campaign_1,blacklist target of hardcoded manager (Execute call) Jul-Oct 2025
avalanche,0x62c2eaf0c43f8928ab6cf1305359c9b607a8bb44,0xce54c175880ff4edaa5d80b2dc66dda0e34a36ac,campaign_1,blacklist target of hardcoded manager (Execute call) Jul-Oct 2025
avalanche,0x62c6059e578973f4e42e646d4efa292131c1eedd,0xce54c175880ff4edaa5d80b2dc66dda0e34a36ac,campaign_1,blacklist target of hardcoded manager (Execute call) Jul-Oct 2025
avalanche,0x62c7a5c9c9c11dd4c396f383e56c76b6e7d0dd86,0xce54c175880ff4edaa5d80b2dc66dda0e34a36ac,campaign_1,blacklist target of hardcoded manager (Execute call) Jul-Oct 2025
avalanche,0x62d55f8877a88e64ca1806d853404f9ad4fb2d32,0xce54c175880ff4edaa5d80b2dc66dda0e34a36ac,campaign_1,blacklist target of hardcoded manager (Execute call) Jul-Oct 2025
avalanche,0x62da360b9d659ed87a2a1ff767c9cd6a5431f41e,0xce54c175880ff4edaa5d80b2dc66dda0e34a36ac,campaign_1,blacklist target of hardcoded manager (Execute call) Jul-Oct 2025
avalanche,0x62e4bda3ab290eb347860e90715a44deb509c393,0xce54c175880ff4edaa5d80b2dc66dda0e34a36ac,campaign_1,blacklist target of hardcoded manager (Execute call) Jul-Oct 2025
avalanche,0x62e6824905f331b896239d23c5cd644aa40eea77,0xce54c175880ff4edaa5d80b2dc66dda0e34a36ac,campaign_1,blacklist target of hardcoded manager (Execute call) Jul-Oct 2025
avalanche,0x62f5b08835008ffa42bb1a3ac29cc2d8e7b9eea5,0xce54c175880ff4edaa5d80b2dc66dda0e34a36ac,campaign_1,blacklist target of hardcoded manager (Execute call) Jul-Oct 2025
avalanche,0x62f7c7c70285bc13e4bdd71fe0cf629147dc2299,0xce54c175880ff4edaa5d80b2dc66dda0e34a36ac,campaign_1,blacklist target of hardcoded manager (Execute call) Jul-Oct 2025
avalanche,0x63066440bcdea2a3a8d58a1169468f00a3e164f9,0xce54c175880ff4edaa5d80b2dc66dda0e34a36ac,campaign_1,blacklist target of hardcoded manager (Execute call) Jul-Oct 2025
avalanche,0x630c6245825bc6a394b8c87d203d7bca2c9cc464,0xce54c175880ff4edaa5d80b2dc66dda0e34a36ac,campaign_1,blacklist target of hardcoded manager (Execute call) Jul-Oct 2025
avalanche,0x630c963aff7370c107ce399890ff8db4882018aa,0xce54c175880ff4edaa5d80b2dc66dda0e34a36ac,campaign_1,blacklist target of hardcoded manager (Execute call) Jul-Oct 2025
avalanche,0x63132f3d1a5482d8d3c6a4e01b1dec094b35bf87,0xce54c175880ff4edaa5d80b2dc66dda0e34a36ac,campaign_1,blacklist target of hardcoded manager (Execute call) Jul-Oct 2025
avalanche,0x6332a6b371dcabbe649a496f293438d38652a2d1,0xce54c175880ff4edaa5d80b2dc66dda0e34a36ac,campaign_1,blacklist target of hardcoded manager (Execute call) Jul-Oct 2025
avalanche,0x6333130af7b57254846ef016fcfcc0fd3c61a6e7,0xce54c175880ff4edaa5d80b2dc66dda0e34a36ac,campaign_1,blacklist target of hardcoded manager (Execute call) Jul-Oct 2025
avalanche,0x635b7c724e0bc716609d6c3d4bac3ca1c2cf327c,0xce54c175880ff4edaa5d80b2dc66dda0e34a36ac,campaign_1,blacklist target of hardcoded manager (Execute call) Jul-Oct 2025
avalanche,0x6368740f8f1ffcbe1893548a541340ec2eab709f,0xce54c175880ff4edaa5d80b2dc66dda0e34a36ac,campaign_1,blacklist target of hardcoded manager (Execute call) Jul-Oct 2025
avalanche,0x637149593ad8423dffb927988ea871281dd2eca2,0xce54c175880ff4edaa5d80b2dc66dda0e34a36ac,campaign_1,blacklist target of hardcoded manager (Execute call) Jul-Oct 2025
avalanche,0x6386058fb6f1be5e86e1c279388db8ee810b42bb,0xce54c175880ff4edaa5d80b2dc66dda0e34a36ac,campaign_1,blacklist target of hardcoded manager (Execute call) Jul-Oct 2025
avalanche,0x6388b9237041d62a118215a4828c733ca10dd18e,0xce54c175880ff4edaa5d80b2dc66dda0e34a36ac,campaign_1,blacklist target of hardcoded manager (Execute call) Jul-Oct 2025
avalanche,0x638e0a884d91a77b55b74054a951101cb973fa09,0xce54c175880ff4edaa5d80b2dc66dda0e34a36ac,campaign_1,blacklist target of hardcoded manager (Execute call) Jul-Oct 2025
avalanche,0x638e0df80a6db4213a11ef9abf178b44957e3fa5,0xce54c175880ff4edaa5d80b2dc66dda0e34a36ac,campaign_1,blacklist target of hardcoded manager (Execute call) Jul-Oct 2025
avalanche,0x63ce512e5be33e46d1bb31ef269f56a60b6decf7,0xce54c175880ff4edaa5d80b2dc66dda0e34a36ac,campaign_1,blacklist target of hardcoded manager (Execute call) Jul-Oct 2025
avalanche,0x63ce8cc660674dfa86fbf8fb4b074496cced5ce7,0xce54c175880ff4edaa5d80b2dc66dda0e34a36ac,campaign_1,blacklist target of hardcoded manager (Execute call) Jul-Oct 2025
avalanche,0x6400fd4fd880c68391839ee4bb3a2d7098fb9ec7,0xce54c175880ff4edaa5d80b2dc66dda0e34a36ac,campaign_1,blacklist target of hardcoded manager (Execute call) Jul-Oct 2025
avalanche,0x64047826b742d42a5589f191430d912b35340a27,0xce54c175880ff4edaa5d80b2dc66dda0e34a36ac,campaign_1,blacklist target of hardcoded manager (Execute call) Jul-Oct 2025
avalanche,0x6414f3ffa70d68dfff69e123164e9ed2877fdbb1,0xce54c175880ff4edaa5d80b2dc66dda0e34a36ac,campaign_1,blacklist target of hardcoded manager (Execute call) Jul-Oct 2025
avalanche,0x641ad3f730c7363d909d897d5a5338ca64738abf,0xce54c175880ff4edaa5d80b2dc66dda0e34a36ac,campaign_1,blacklist target of hardcoded manager (Execute call) Jul-Oct 2025
avalanche,0x64201d3aee9ac5ba46b6e402acb9a42801b4673b,0xce54c175880ff4edaa5d80b2dc66dda0e34a36ac,campaign_1,blacklist target of hardcoded manager (Execute call) Jul-Oct 2025
avalanche,0x642799fe85d2dc779053434569c291dd8057e972,0xce54c175880ff4edaa5d80b2dc66dda0e34a36ac,campaign_1,blacklist target of hardcoded manager (Execute call) Jul-Oct 2025
avalanche,0x642b87f110a35340d8f7f1172151000b530b9c29,0xce54c175880ff4edaa5d80b2dc66dda0e34a36ac,campaign_1,blacklist target of hardcoded manager (Execute call) Jul-Oct 2025
avalanche,0x642f0a52614e001541854b61cd4173934dd5ebbe,0xce54c175880ff4edaa5d80b2dc66dda0e34a36ac,campaign_1,blacklist target of hardcoded manager (Execute call) Jul-Oct 2025
avalanche,0x6436b91f5ac0577edda21360d7ce6be9bc94758e,0xce54c175880ff4edaa5d80b2dc66dda0e34a36ac,campaign_1,blacklist target of hardcoded manager (Execute call) Jul-Oct 2025
avalanche,0x643f8a69bb8afa05ca9147c3aa7a35174df31e58,0xce54c175880ff4edaa5d80b2dc66dda0e34a36ac,campaign_1,blacklist target of hardcoded manager (Execute call) Jul-Oct 2025
avalanche,0x64440a62ae0822b038d56d9f0f8ba7068e1b8772,0xce54c175880ff4edaa5d80b2dc66dda0e34a36ac,campaign_1,blacklist target of hardcoded manager (Execute call) Jul-Oct 2025
avalanche,0x6450f8668498c840f7ddd909013926cf8d71e5c5,0xce54c175880ff4edaa5d80b2dc66dda0e34a36ac,campaign_1,blacklist target of hardcoded manager (Execute call) Jul-Oct 2025
avalanche,0x645a005de3bf7bc7e4ae3945065d80dd28e5874f,0xce54c175880ff4edaa5d80b2dc66dda0e34a36ac,campaign_1,blacklist target of hardcoded manager (Execute call) Jul-Oct 2025
avalanche,0x646ebcc5f6c479a63aaa4da5395d8a6945571362,0xce54c175880ff4edaa5d80b2dc66dda0e34a36ac,campaign_1,blacklist target of hardcoded manager (Execute call) Jul-Oct 2025
avalanche,0x6471066c2ffaeff3d5e68b0b9e75385d23d03b25,0xce54c175880ff4edaa5d80b2dc66dda0e34a36ac,campaign_1,blacklist target of hardcoded manager (Execute call) Jul-Oct 2025
avalanche,0x6495df51521b168bd2531b5047b9d992e6fccc6c,0xce54c175880ff4edaa5d80b2dc66dda0e34a36ac,campaign_1,blacklist target of hardcoded manager (Execute call) Jul-Oct 2025
avalanche,0x64a1af0bc57fd6ae93821c73a1b61b46196c2945,0xce54c175880ff4edaa5d80b2dc66dda0e34a36ac,campaign_1,blacklist target of hardcoded manager (Execute call) Jul-Oct 2025
avalanche,0x64b18c46bc60c47a7b7b9e670bb6f609c80b5fab,0xce54c175880ff4edaa5d80b2dc66dda0e34a36ac,campaign_1,blacklist target of hardcoded manager (Execute call) Jul-Oct 2025
avalanche,0x64b94c29fb64bf9f07333f08967cef2d726aab04,0xce54c175880ff4edaa5d80b2dc66dda0e34a36ac,campaign_1,blacklist target of hardcoded manager (Execute call) Jul-Oct 2025
avalanche,0x64bbfcd5a1a46248f905910e220e22034c602839,0xce54c175880ff4edaa5d80b2dc66dda0e34a36ac,campaign_1,blacklist target of hardcoded manager (Execute call) Jul-Oct 2025
avalanche,0x64bc084b464ccf94cd760f9587c53192213b117d,0xce54c175880ff4edaa5d80b2dc66dda0e34a36ac,campaign_1,blacklist target of hardcoded manager (Execute call) Jul-Oct 2025
avalanche,0x64c3cefb71484851d89f0b6f005b40d0b010e97a,0xce54c175880ff4edaa5d80b2dc66dda0e34a36ac,campaign_1,blacklist target of hardcoded manager (Execute call) Jul-Oct 2025
avalanche,0x64d91f29f661a32633b3fdb04463e202d20892c3,0xce54c175880ff4edaa5d80b2dc66dda0e34a36ac,campaign_1,blacklist target of hardcoded manager (Execute call) Jul-Oct 2025
avalanche,0x64f182a62782e79c794c30d3beaacacb5cb52111,0xce54c175880ff4edaa5d80b2dc66dda0e34a36ac,campaign_1,blacklist target of hardcoded manager (Execute call) Jul-Oct 2025
avalanche,0x64f71103d7e3d958cca289e751d673227f9c3382,0xce54c175880ff4edaa5d80b2dc66dda0e34a36ac,campaign_1,blacklist target of hardcoded manager (Execute call) Jul-Oct 2025
avalanche,0x65078c6bf8bb84d17f84848953bd306760da4b55,0xce54c175880ff4edaa5d80b2dc66dda0e34a36ac,campaign_1,blacklist target of hardcoded manager (Execute call) Jul-Oct 2025
avalanche,0x65125cd38ff1ad88b73015a8796dcd55514630a0,0xce54c175880ff4edaa5d80b2dc66dda0e34a36ac,campaign_1,blacklist target of hardcoded manager (Execute call) Jul-Oct 2025
avalanche,0x651287408aedc4c0b9e663f8ac77d5ea26ee2004,0xce54c175880ff4edaa5d80b2dc66dda0e34a36ac,campaign_1,blacklist target of hardcoded manager (Execute call) Jul-Oct 2025
avalanche,0x65171203534040d2e0a8bf486bbc3135c6b4eb2c,0xce54c175880ff4edaa5d80b2dc66dda0e34a36ac,campaign_1,blacklist target of hardcoded manager (Execute call) Jul-Oct 2025
avalanche,0x6527f5f8e4a1a87b689352c211586cf4389b31f3,0xce54c175880ff4edaa5d80b2dc66dda0e34a36ac,campaign_1,blacklist target of hardcoded manager (Execute call) Jul-Oct 2025
avalanche,0x6562b1f68db4df08630e246fdd222101836e9ab4,0xce54c175880ff4edaa5d80b2dc66dda0e34a36ac,campaign_1,blacklist target of hardcoded manager (Execute call) Jul-Oct 2025
avalanche,0x6567dbac802766a71d4d64457421be794c46e07f,0xce54c175880ff4edaa5d80b2dc66dda0e34a36ac,campaign_1,blacklist target of hardcoded manager (Execute call) Jul-Oct 2025
avalanche,0x6568be5e151fa1fdbbbf805c616d01950b43b436,0xce54c175880ff4edaa5d80b2dc66dda0e34a36ac,campaign_1,blacklist target of hardcoded manager (Execute call) Jul-Oct 2025
avalanche,0x656daa2beefb956b9ff66634bd9acf76e94c34ef,0xce54c175880ff4edaa5d80b2dc66dda0e34a36ac,campaign_1,blacklist target of hardcoded manager (Execute call) Jul-Oct 2025
avalanche,0x657535c8d010e9e254c69fce8a8ac2e0512907fc,0xce54c175880ff4edaa5d80b2dc66dda0e34a36ac,campaign_1,blacklist target of hardcoded manager (Execute call) Jul-Oct 2025
avalanche,0x6577f7c37416294ab3d6be2fc2c111a93dad1bbd,0xce54c175880ff4edaa5d80b2dc66dda0e34a36ac,campaign_1,blacklist target of hardcoded manager (Execute call) Jul-Oct 2025
avalanche,0x657ae4203aa4645152fefe54084709006f052076,0xce54c175880ff4edaa5d80b2dc66dda0e34a36ac,campaign_1,blacklist target of hardcoded manager (Execute call) Jul-Oct 2025
avalanche,0x6582cf8267e4d8bf97e8d800c0c5040d2c3c81e2,0xce54c175880ff4edaa5d80b2dc66dda0e34a36ac,campaign_1,blacklist target of hardcoded manager (Execute call) Jul-Oct 2025
avalanche,0x6583b7b08933527b29df257538a63e1d3dd5df95,0xce54c175880ff4edaa5d80b2dc66dda0e34a36ac,campaign_1,blacklist target of hardcoded manager (Execute call) Jul-Oct 2025
avalanche,0x659717e9394754bca32175af09d068820b2b642b,0xce54c175880ff4edaa5d80b2dc66dda0e34a36ac,campaign_1,blacklist target of hardcoded manager (Execute call) Jul-Oct 2025
avalanche,0x659e05ee3bc70fdf5756ed400c3d4566f3cb8150,0xce54c175880ff4edaa5d80b2dc66dda0e34a36ac,campaign_1,blacklist target of hardcoded manager (Execute call) Jul-Oct 2025
avalanche,0x65a220916ee34d7cf7e223e2d0c951780cede296,0xce54c175880ff4edaa5d80b2dc66dda0e34a36ac,campaign_1,blacklist target of hardcoded manager (Execute call) Jul-Oct 2025
avalanche,0x65a834c14dabcb94572e2de895e1a3ed1cd385ae,0xce54c175880ff4edaa5d80b2dc66dda0e34a36ac,campaign_1,blacklist target of hardcoded manager (Execute call) Jul-Oct 2025
avalanche,0x65bb84366fd9fa8547705693a89633236a605b5c,0xce54c175880ff4edaa5d80b2dc66dda0e34a36ac,campaign_1,blacklist target of hardcoded manager (Execute call) Jul-Oct 2025
avalanche,0x65be57fd106bcd4f087d8a9f7978febc38b897d2,0xce54c175880ff4edaa5d80b2dc66dda0e34a36ac,campaign_1,blacklist target of hardcoded manager (Execute call) Jul-Oct 2025
avalanche,0x65c980d22fa5c244590d3fd8edc6018a9173c51c,0xce54c175880ff4edaa5d80b2dc66dda0e34a36ac,campaign_1,blacklist target of hardcoded manager (Execute call) Jul-Oct 2025
avalanche,0x65eadb9c4a4f84a2eff188518e74a68361df6b28,0xce54c175880ff4edaa5d80b2dc66dda0e34a36ac,campaign_1,blacklist target of hardcoded manager (Execute call) Jul-Oct 2025
avalanche,0x65f333e298ea90c7355c892fc2272225d2d0f658,0xce54c175880ff4edaa5d80b2dc66dda0e34a36ac,campaign_1,blacklist target of hardcoded manager (Execute call) Jul-Oct 2025
avalanche,0x660a02d40e91ca662cb14aee0c2abdc74a523ea6,0xce54c175880ff4edaa5d80b2dc66dda0e34a36ac,campaign_1,blacklist target of hardcoded manager (Execute call) Jul-Oct 2025
avalanche,0x6629483230565642ca4da9f6e754fef1de3288e3,0xce54c175880ff4edaa5d80b2dc66dda0e34a36ac,campaign_1,blacklist target of hardcoded manager (Execute call) Jul-Oct 2025
avalanche,0x662d3e72826da088bdff2a2410e4c2a9d5e5a02a,0xce54c175880ff4edaa5d80b2dc66dda0e34a36ac,campaign_1,blacklist target of hardcoded manager (Execute call) Jul-Oct 2025
avalanche,0x663cbb186293e8157ee2f8a20fa65bc61bc4e19c,0xce54c175880ff4edaa5d80b2dc66dda0e34a36ac,campaign_1,blacklist target of hardcoded manager (Execute call) Jul-Oct 2025
avalanche,0x663ec43e6bd2ff5116f3ef5f27d9edd941cc347d,0xce54c175880ff4edaa5d80b2dc66dda0e34a36ac,campaign_1,blacklist target of hardcoded manager (Execute call) Jul-Oct 2025
avalanche,0x66414f89f5404d84a3cdfcd8b204d550b1bf1f0e,0xce54c175880ff4edaa5d80b2dc66dda0e34a36ac,campaign_1,blacklist target of hardcoded manager (Execute call) Jul-Oct 2025
avalanche,0x6662c4d8ef7b131428e1e698d15843cebe887ae2,0xce54c175880ff4edaa5d80b2dc66dda0e34a36ac,campaign_1,blacklist target of hardcoded manager (Execute call) Jul-Oct 2025
avalanche,0x666a962b98c7231889c7eb3ddcf642edcbbcbe40,0xce54c175880ff4edaa5d80b2dc66dda0e34a36ac,campaign_1,blacklist target of hardcoded manager (Execute call) Jul-Oct 2025
avalanche,0x6682f068a3a9311c6cb1ac139a87da3e8cd19d55,0xce54c175880ff4edaa5d80b2dc66dda0e34a36ac,campaign_1,blacklist target of hardcoded manager (Execute call) Jul-Oct 2025
avalanche,0x668ac3f933fc0a5bd246ce3f6418d2c93159430c,0xce54c175880ff4edaa5d80b2dc66dda0e34a36ac,campaign_1,blacklist target of hardcoded manager (Execute call) Jul-Oct 2025
avalanche,0x669a6559f0b1e478bc9cf3516abfc40a127627f9,0xce54c175880ff4edaa5d80b2dc66dda0e34a36ac,campaign_1,blacklist target of hardcoded manager (Execute call) Jul-Oct 2025
avalanche,0x669ef74bea8e51fd532abffa55a7b74eb2fc19af,0xce54c175880ff4edaa5d80b2dc66dda0e34a36ac,campaign_1,blacklist target of hardcoded manager (Execute call) Jul-Oct 2025
avalanche,0x66b341c8b2fdeb32a0332d617e6ee24e92569b39,0xce54c175880ff4edaa5d80b2dc66dda0e34a36ac,campaign_1,blacklist target of hardcoded manager (Execute call) Jul-Oct 2025
avalanche,0x66b645a8ed181485763d8aec09bc9ea2a050588e,0xce54c175880ff4edaa5d80b2dc66dda0e34a36ac,campaign_1,blacklist target of hardcoded manager (Execute call) Jul-Oct 2025
avalanche,0x66bd1c21c68c04295fe5ad41c678cffcc74abcc2,0xce54c175880ff4edaa5d80b2dc66dda0e34a36ac,campaign_1,blacklist target of hardcoded manager (Execute call) Jul-Oct 2025
avalanche,0x66c896548ec4d1840fa188f5d428c1d610eb4b41,0xce54c175880ff4edaa5d80b2dc66dda0e34a36ac,campaign_1,blacklist target of hardcoded manager (Execute call) Jul-Oct 2025
avalanche,0x66c8d7292c97646dfad2dd5e5ff26a2fea479119,0xce54c175880ff4edaa5d80b2dc66dda0e34a36ac,campaign_1,blacklist target of hardcoded manager (Execute call) Jul-Oct 2025
avalanche,0x66cba2ea15bd247300aa89058cc5d42948cab171,0xce54c175880ff4edaa5d80b2dc66dda0e34a36ac,campaign_1,blacklist target of hardcoded manager (Execute call) Jul-Oct 2025
avalanche,0x66db24622825b224aae11b81179c9f7f7f0c7df8,0xce54c175880ff4edaa5d80b2dc66dda0e34a36ac,campaign_1,blacklist target of hardcoded manager (Execute call) Jul-Oct 2025
avalanche,0x66f0edb38d9b1471da7778c7cad4f0c57e5d50af,0xce54c175880ff4edaa5d80b2dc66dda0e34a36ac,campaign_1,blacklist target of hardcoded manager (Execute call) Jul-Oct 2025
avalanche,0x66f51600969cd7e0a336f92242fecae6c897ed3e,0xce54c175880ff4edaa5d80b2dc66dda0e34a36ac,campaign_1,blacklist target of hardcoded manager (Execute call) Jul-Oct 2025
avalanche,0x6700fad21e92bc8ae628b23faf231e7242e32004,0xce54c175880ff4edaa5d80b2dc66dda0e34a36ac,campaign_1,blacklist target of hardcoded manager (Execute call) Jul-Oct 2025
avalanche,0x6704f9cc8f8bd0b7b96e4990f9ffc50dcbdeba0f,0xce54c175880ff4edaa5d80b2dc66dda0e34a36ac,campaign_1,blacklist target of hardcoded manager (Execute call) Jul-Oct 2025
avalanche,0x670d6013a123fca39944150541350d9e2135f6b0,0xce54c175880ff4edaa5d80b2dc66dda0e34a36ac,campaign_1,blacklist target of hardcoded manager (Execute call) Jul-Oct 2025
avalanche,0x6711999375435385ca431a71f63737326571274f,0xce54c175880ff4edaa5d80b2dc66dda0e34a36ac,campaign_1,blacklist target of hardcoded manager (Execute call) Jul-Oct 2025
avalanche,0x6714d8a51b0c95aa652dbe165ac071aa73f8fc32,0xce54c175880ff4edaa5d80b2dc66dda0e34a36ac,campaign_1,blacklist target of hardcoded manager (Execute call) Jul-Oct 2025
avalanche,0x67196acb6b61ea689796b75bac08a8f9b6b25968,0xce54c175880ff4edaa5d80b2dc66dda0e34a36ac,campaign_1,blacklist target of hardcoded manager (Execute call) Jul-Oct 2025
avalanche,0x672196c14fe18870ae0729deafec5119a1e4af7c,0xce54c175880ff4edaa5d80b2dc66dda0e34a36ac,campaign_1,blacklist target of hardcoded manager (Execute call) Jul-Oct 2025
avalanche,0x672ab52f5603b7c841880fc01b5426f50983e9a5,0xce54c175880ff4edaa5d80b2dc66dda0e34a36ac,campaign_1,blacklist target of hardcoded manager (Execute call) Jul-Oct 2025
avalanche,0x672d08c2808c1a6c2b53e9678cb9175d2d8e9e2e,0xce54c175880ff4edaa5d80b2dc66dda0e34a36ac,campaign_1,blacklist target of hardcoded manager (Execute call) Jul-Oct 2025
avalanche,0x673e9524ca20941cd06ff8e17894985a4b9057ac,0xce54c175880ff4edaa5d80b2dc66dda0e34a36ac,campaign_1,blacklist target of hardcoded manager (Execute call) Jul-Oct 2025
avalanche,0x6749c944249ce3d10b0512c168085ee47f0d1c09,0xce54c175880ff4edaa5d80b2dc66dda0e34a36ac,campaign_1,blacklist target of hardcoded manager (Execute call) Jul-Oct 2025
avalanche,0x6768542c41de15194df5d815e12f2803c58a84b0,0xce54c175880ff4edaa5d80b2dc66dda0e34a36ac,campaign_1,blacklist target of hardcoded manager (Execute call) Jul-Oct 2025
avalanche,0x676c1d8c52da2ef7e76af91db333347b6ab5f87e,0xce54c175880ff4edaa5d80b2dc66dda0e34a36ac,campaign_1,blacklist target of hardcoded manager (Execute call) Jul-Oct 2025
avalanche,0x676ce970a044ff33af63382332371813c6d93078,0xce54c175880ff4edaa5d80b2dc66dda0e34a36ac,campaign_1,blacklist target of hardcoded manager (Execute call) Jul-Oct 2025
avalanche,0x677bcc5ea6a42454281b4d0bfa1af340df281915,0xce54c175880ff4edaa5d80b2dc66dda0e34a36ac,campaign_1,blacklist target of hardcoded manager (Execute call) Jul-Oct 2025
avalanche,0x67835a7b7493034559520619bec957688f15f2e7,0xce54c175880ff4edaa5d80b2dc66dda0e34a36ac,campaign_1,blacklist target of hardcoded manager (Execute call) Jul-Oct 2025
avalanche,0x67870f0c5af4bbcda1a223318deeee9ef12c38b6,0xce54c175880ff4edaa5d80b2dc66dda0e34a36ac,campaign_1,blacklist target of hardcoded manager (Execute call) Jul-Oct 2025
avalanche,0x67879fea4ac87d7e17b36e7d338a56d3d7f9b787,0xce54c175880ff4edaa5d80b2dc66dda0e34a36ac,campaign_1,blacklist target of hardcoded manager (Execute call) Jul-Oct 2025
avalanche,0x678900de696336aaa3c91e74dedb3cff252dd8e3,0xce54c175880ff4edaa5d80b2dc66dda0e34a36ac,campaign_1,blacklist target of hardcoded manager (Execute call) Jul-Oct 2025
avalanche,0x67a8cce39d7e5c8e36f83e5625425a3313454b14,0xce54c175880ff4edaa5d80b2dc66dda0e34a36ac,campaign_1,blacklist target of hardcoded manager (Execute call) Jul-Oct 2025
avalanche,0x67ac39b933a86ba302b6ecca1a9ec0d4e5dceb06,0xce54c175880ff4edaa5d80b2dc66dda0e34a36ac,campaign_1,blacklist target of hardcoded manager (Execute call) Jul-Oct 2025
avalanche,0x67ae23ff8bac2ac5256c8f1e0054b0e63f289007,0xce54c175880ff4edaa5d80b2dc66dda0e34a36ac,campaign_1,blacklist target of hardcoded manager (Execute call) Jul-Oct 2025
avalanche,0x67bada9192cf7ff54d3d6f018e3d75b76f67fee8,0xce54c175880ff4edaa5d80b2dc66dda0e34a36ac,campaign_1,blacklist target of hardcoded manager (Execute call) Jul-Oct 2025
avalanche,0x67c7915adc429b8b15f817d3c9b9593e265d0eee,0xce54c175880ff4edaa5d80b2dc66dda0e34a36ac,campaign_1,blacklist target of hardcoded manager (Execute call) Jul-Oct 2025
avalanche,0x67d4592b6b6a53d596cd4911cfcb3d5e4df11057,0xce54c175880ff4edaa5d80b2dc66dda0e34a36ac,campaign_1,blacklist target of hardcoded manager (Execute call) Jul-Oct 2025
avalanche,0x67da64f087374bdb84367fb4b4966573d9c680a4,0xce54c175880ff4edaa5d80b2dc66dda0e34a36ac,campaign_1,blacklist target of hardcoded manager (Execute call) Jul-Oct 2025
avalanche,0x67eaec48e501ab2e0d3fcf3ed4f29f23e32dd1d6,0xce54c175880ff4edaa5d80b2dc66dda0e34a36ac,campaign_1,blacklist target of hardcoded manager (Execute call) Jul-Oct 2025
avalanche,0x67ee11b9436f5a971a35a9c728b7c7d4fc594b45,0xce54c175880ff4edaa5d80b2dc66dda0e34a36ac,campaign_1,blacklist target of hardcoded manager (Execute call) Jul-Oct 2025
avalanche,0x67f849f3a9573347f79c31b94da5cb0864a0a1b3,0xce54c175880ff4edaa5d80b2dc66dda0e34a36ac,campaign_1,blacklist target of hardcoded manager (Execute call) Jul-Oct 2025
avalanche,0x680617e747001b669429c90b6ff31d274be91cf8,0xce54c175880ff4edaa5d80b2dc66dda0e34a36ac,campaign_1,blacklist target of hardcoded manager (Execute call) Jul-Oct 2025
avalanche,0x68097370ed8cfa4ec3ccd62b3a0b8ecce9741106,0xce54c175880ff4edaa5d80b2dc66dda0e34a36ac,campaign_1,blacklist target of hardcoded manager (Execute call) Jul-Oct 2025
avalanche,0x680cbeb2fe57b37edb5f17d65d4d0e998f33bb88,0xce54c175880ff4edaa5d80b2dc66dda0e34a36ac,campaign_1,blacklist target of hardcoded manager (Execute call) Jul-Oct 2025
avalanche,0x6816f5d722261245d04b47552bb570c87bbb3fa7,0xce54c175880ff4edaa5d80b2dc66dda0e34a36ac,campaign_1,blacklist target of hardcoded manager (Execute call) Jul-Oct 2025
avalanche,0x68179c7444ed5a0e51814ef1da6bea69cc9eeed8,0xce54c175880ff4edaa5d80b2dc66dda0e34a36ac,campaign_1,blacklist target of hardcoded manager (Execute call) Jul-Oct 2025
avalanche,0x68181120049d66fc44b9326ffd5fb9441fbfcf38,0xce54c175880ff4edaa5d80b2dc66dda0e34a36ac,campaign_1,blacklist target of hardcoded manager (Execute call) Jul-Oct 2025
avalanche,0x6820be3e1a8a433aa87ad0cbb8c4d881b6dfb607,0xce54c175880ff4edaa5d80b2dc66dda0e34a36ac,campaign_1,blacklist target of hardcoded manager (Execute call) Jul-Oct 2025
avalanche,0x683a2a5fdb2a5fbd89e4d977f7ac0eb121801832,0xce54c175880ff4edaa5d80b2dc66dda0e34a36ac,campaign_1,blacklist target of hardcoded manager (Execute call) Jul-Oct 2025
avalanche,0x685af935265074435180c9180cd330a969e07fac,0xce54c175880ff4edaa5d80b2dc66dda0e34a36ac,campaign_1,blacklist target of hardcoded manager (Execute call) Jul-Oct 2025
avalanche,0x6882a07fa1927ee6c8525cfce024519fd3a53401,0xce54c175880ff4edaa5d80b2dc66dda0e34a36ac,campaign_1,blacklist target of hardcoded manager (Execute call) Jul-Oct 2025
avalanche,0x688977f7ca74cbbcfa384ed6feab1f5a65d3dc11,0xce54c175880ff4edaa5d80b2dc66dda0e34a36ac,campaign_1,blacklist target of hardcoded manager (Execute call) Jul-Oct 2025
avalanche,0x689337dd3c5a6f2aa3914e572ad3cb6a96461df8,0xce54c175880ff4edaa5d80b2dc66dda0e34a36ac,campaign_1,blacklist target of hardcoded manager (Execute call) Jul-Oct 2025
avalanche,0x68aa7de9fb162bdfb84c6eae5fb852b7d52ba141,0xce54c175880ff4edaa5d80b2dc66dda0e34a36ac,campaign_1,blacklist target of hardcoded manager (Execute call) Jul-Oct 2025
avalanche,0x68ba550f72a1936a2f0e62e19c4fb90b423c0438,0xce54c175880ff4edaa5d80b2dc66dda0e34a36ac,campaign_1,blacklist target of hardcoded manager (Execute call) Jul-Oct 2025
avalanche,0x68dc7eb1e1ab83fd012fb5bc9ab3b68d3e86b191,0xce54c175880ff4edaa5d80b2dc66dda0e34a36ac,campaign_1,blacklist target of hardcoded manager (Execute call) Jul-Oct 2025
avalanche,0x68e3fbe6af0ee1cfc309b618886da1f2421c7cf6,0xce54c175880ff4edaa5d80b2dc66dda0e34a36ac,campaign_1,blacklist target of hardcoded manager (Execute call) Jul-Oct 2025
avalanche,0x68e6f3a9d4b026349b01993ecf6ae6574fe6eeee,0xce54c175880ff4edaa5d80b2dc66dda0e34a36ac,campaign_1,blacklist target of hardcoded manager (Execute call) Jul-Oct 2025
avalanche,0x68f31984ac53c7f3a1d1a1c86bcf52dd9ac92ec7,0xce54c175880ff4edaa5d80b2dc66dda0e34a36ac,campaign_1,blacklist target of hardcoded manager (Execute call) Jul-Oct 2025
avalanche,0x6901109039764f71c7767c8485b52243cce2809d,0xce54c175880ff4edaa5d80b2dc66dda0e34a36ac,campaign_1,blacklist target of hardcoded manager (Execute call) Jul-Oct 2025
avalanche,0x69221c35609d061fabdb64489155673025c915bd,0xce54c175880ff4edaa5d80b2dc66dda0e34a36ac,campaign_1,blacklist target of hardcoded manager (Execute call) Jul-Oct 2025
avalanche,0x6924b5be46b616f3a600706025e149baee8c3f51,0xce54c175880ff4edaa5d80b2dc66dda0e34a36ac,campaign_1,blacklist target of hardcoded manager (Execute call) Jul-Oct 2025
avalanche,0x694067826cdd7050ed81ef41e523f5b3f57a109c,0xce54c175880ff4edaa5d80b2dc66dda0e34a36ac,campaign_1,blacklist target of hardcoded manager (Execute call) Jul-Oct 2025
avalanche,0x694ffbb547e6c6f9ddf025bd9f14f9118556bba0,0xce54c175880ff4edaa5d80b2dc66dda0e34a36ac,campaign_1,blacklist target of hardcoded manager (Execute call) Jul-Oct 2025
avalanche,0x695491283da6eb513bfac30047e6c00135beb829,0xce54c175880ff4edaa5d80b2dc66dda0e34a36ac,campaign_1,blacklist target of hardcoded manager (Execute call) Jul-Oct 2025
avalanche,0x6983cceca7abff0a6a3cb94cc197de107380af1a,0xce54c175880ff4edaa5d80b2dc66dda0e34a36ac,campaign_1,blacklist target of hardcoded manager (Execute call) Jul-Oct 2025
avalanche,0x698bb1aa9d62377da2d6b19c8f189a297301d9ed,0xce54c175880ff4edaa5d80b2dc66dda0e34a36ac,campaign_1,blacklist target of hardcoded manager (Execute call) Jul-Oct 2025
avalanche,0x699cfb1973fc0f701ff3af9ffe062f56e9253ce1,0xce54c175880ff4edaa5d80b2dc66dda0e34a36ac,campaign_1,blacklist target of hardcoded manager (Execute call) Jul-Oct 2025
avalanche,0x699e748a1ba367cb7d361230c1461c299f94af0f,0xce54c175880ff4edaa5d80b2dc66dda0e34a36ac,campaign_1,blacklist target of hardcoded manager (Execute call) Jul-Oct 2025
avalanche,0x69a93e1205b84fa850c501e71d096546cef53025,0xce54c175880ff4edaa5d80b2dc66dda0e34a36ac,campaign_1,blacklist target of hardcoded manager (Execute call) Jul-Oct 2025
avalanche,0x69b4afcd1ce9c4db03d6d2d7b541b5c293d0dba7,0xce54c175880ff4edaa5d80b2dc66dda0e34a36ac,campaign_1,blacklist target of hardcoded manager (Execute call) Jul-Oct 2025
avalanche,0x69bf9ef8e64f2943f4fb7f311caff1865250ea16,0xce54c175880ff4edaa5d80b2dc66dda0e34a36ac,campaign_1,blacklist target of hardcoded manager (Execute call) Jul-Oct 2025
avalanche,0x69c9f99a18c4fe98f6622d13e51436ef23194248,0xce54c175880ff4edaa5d80b2dc66dda0e34a36ac,campaign_1,blacklist target of hardcoded manager (Execute call) Jul-Oct 2025
avalanche,0x69e5f3ee4bb769be1480e42ed4fad3d668052cd3,0xce54c175880ff4edaa5d80b2dc66dda0e34a36ac,campaign_1,blacklist target of hardcoded manager (Execute call) Jul-Oct 2025
avalanche,0x69e9706f763c1d1d97c6547bfc751e315cddb5b3,0xce54c175880ff4edaa5d80b2dc66dda0e34a36ac,campaign_1,blacklist target of hardcoded manager (Execute call) Jul-Oct 2025
avalanche,0x69fb6de4288e726a70854726d47095c3ecd80026,0xce54c175880ff4edaa5d80b2dc66dda0e34a36ac,campaign_1,blacklist target of hardcoded manager (Execute call) Jul-Oct 2025
avalanche,0x6a0081a1ad8d8d869668b079b64e6084d9a96c4b,0xce54c175880ff4edaa5d80b2dc66dda0e34a36ac,campaign_1,blacklist target of hardcoded manager (Execute call) Jul-Oct 2025
avalanche,0x6a0721e9144927f1eedf30fd5741cf9180b4b8b0,0xce54c175880ff4edaa5d80b2dc66dda0e34a36ac,campaign_1,blacklist target of hardcoded manager (Execute call) Jul-Oct 2025
avalanche,0x6a1479ff9f633f291a3d4f33192151c70e6f1c55,0xce54c175880ff4edaa5d80b2dc66dda0e34a36ac,campaign_1,blacklist target of hardcoded manager (Execute call) Jul-Oct 2025
avalanche,0x6a298efb73147ee24586affec6f5038bfe7f4b36,0xce54c175880ff4edaa5d80b2dc66dda0e34a36ac,campaign_1,blacklist target of hardcoded manager (Execute call) Jul-Oct 2025
avalanche,0x6a30f05f984a267d91e93896ebefbecef538ad05,0xce54c175880ff4edaa5d80b2dc66dda0e34a36ac,campaign_1,blacklist target of hardcoded manager (Execute call) Jul-Oct 2025
avalanche,0x6a49a92c417d310728ae822a51ae6bc36b0f2e9d,0xce54c175880ff4edaa5d80b2dc66dda0e34a36ac,campaign_1,blacklist target of hardcoded manager (Execute call) Jul-Oct 2025
avalanche,0x6a4d7daa60a3a38f8481d4b898b0baa5f7376a57,0xce54c175880ff4edaa5d80b2dc66dda0e34a36ac,campaign_1,blacklist target of hardcoded manager (Execute call) Jul-Oct 2025
avalanche,0x6a5a6fb9fde1e7a766531a3020552454017a2648,0xce54c175880ff4edaa5d80b2dc66dda0e34a36ac,campaign_1,blacklist target of hardcoded manager (Execute call) Jul-Oct 2025
avalanche,0x6a6d1950d325c4014f0401e180f3178d40316eaf,0xce54c175880ff4edaa5d80b2dc66dda0e34a36ac,campaign_1,blacklist target of hardcoded manager (Execute call) Jul-Oct 2025
avalanche,0x6a971d28d3c8fd4b2a6c1ce0f9a984336cbead34,0xce54c175880ff4edaa5d80b2dc66dda0e34a36ac,campaign_1,blacklist target of hardcoded manager (Execute call) Jul-Oct 2025
avalanche,0x6a9d446dd7c772ee192386a4d3f396ae288a04f2,0xce54c175880ff4edaa5d80b2dc66dda0e34a36ac,campaign_1,blacklist target of hardcoded manager (Execute call) Jul-Oct 2025
avalanche,0x6abb5e37c9b7612765045bbb93a07b46d9eb39ae,0xce54c175880ff4edaa5d80b2dc66dda0e34a36ac,campaign_1,blacklist target of hardcoded manager (Execute call) Jul-Oct 2025
avalanche,0x6ac15953ecaf19ac9ce4bda3acb4acab279bd0ec,0xce54c175880ff4edaa5d80b2dc66dda0e34a36ac,campaign_1,blacklist target of hardcoded manager (Execute call) Jul-Oct 2025
avalanche,0x6ace5812e25b78de9dda83d2f3c2d170ce009d07,0xce54c175880ff4edaa5d80b2dc66dda0e34a36ac,campaign_1,blacklist target of hardcoded manager (Execute call) Jul-Oct 2025
avalanche,0x6ad3f4472da83e30af536ff80b15a48852bcbfc2,0xce54c175880ff4edaa5d80b2dc66dda0e34a36ac,campaign_1,blacklist target of hardcoded manager (Execute call) Jul-Oct 2025
avalanche,0x6ad67c4a2e9c0a7cb1e0e336ad99907c1d18d7d8,0xce54c175880ff4edaa5d80b2dc66dda0e34a36ac,campaign_1,blacklist target of hardcoded manager (Execute call) Jul-Oct 2025
avalanche,0x6aeb369a238921a76c8b2a99993d5258f6c6e7a1,0xce54c175880ff4edaa5d80b2dc66dda0e34a36ac,campaign_1,blacklist target of hardcoded manager (Execute call) Jul-Oct 2025
avalanche,0x6b1ba2c75a2c1d44639b064f1894d7a31d4de4aa,0xce54c175880ff4edaa5d80b2dc66dda0e34a36ac,campaign_1,blacklist target of hardcoded manager (Execute call) Jul-Oct 2025
avalanche,0x6b22a3bf0a954e69db9b85405b17799bf0e970e7,0xce54c175880ff4edaa5d80b2dc66dda0e34a36ac,campaign_1,blacklist target of hardcoded manager (Execute call) Jul-Oct 2025
avalanche,0x6b3198940a66dfb18ccbc0e00c840b3d919860b3,0xce54c175880ff4edaa5d80b2dc66dda0e34a36ac,campaign_1,blacklist target of hardcoded manager (Execute call) Jul-Oct 2025
avalanche,0x6b31e1cd457f6b969e6973c065c1b984b1236d8b,0xce54c175880ff4edaa5d80b2dc66dda0e34a36ac,campaign_1,blacklist target of hardcoded manager (Execute call) Jul-Oct 2025
avalanche,0x6b369ba26ecb5ac4a9bb6c910d27e2b41a6a5e40,0xce54c175880ff4edaa5d80b2dc66dda0e34a36ac,campaign_1,blacklist target of hardcoded manager (Execute call) Jul-Oct 2025
avalanche,0x6b45aa7f6dca3a4e6da794ef7dd4663d48d183b9,0xce54c175880ff4edaa5d80b2dc66dda0e34a36ac,campaign_1,blacklist target of hardcoded manager (Execute call) Jul-Oct 2025
avalanche,0x6b4cbc47be4e76f8a0dbf14009ff6f52582a3e37,0xce54c175880ff4edaa5d80b2dc66dda0e34a36ac,campaign_1,blacklist target of hardcoded manager (Execute call) Jul-Oct 2025
avalanche,0x6b553e83f38efd5e5c56f70d07bf5619837e660d,0xce54c175880ff4edaa5d80b2dc66dda0e34a36ac,campaign_1,blacklist target of hardcoded manager (Execute call) Jul-Oct 2025
avalanche,0x6b5903f84840bce442edf2bfa0275ea9951e1a39,0xce54c175880ff4edaa5d80b2dc66dda0e34a36ac,campaign_1,blacklist target of hardcoded manager (Execute call) Jul-Oct 2025
avalanche,0x6b5a81cfe8ba7e7aab6110fc1cefd240957c5158,0xce54c175880ff4edaa5d80b2dc66dda0e34a36ac,campaign_1,blacklist target of hardcoded manager (Execute call) Jul-Oct 2025
avalanche,0x6b7f57c9a38125e6649931e44f185ce482abc563,0xce54c175880ff4edaa5d80b2dc66dda0e34a36ac,campaign_1,blacklist target of hardcoded manager (Execute call) Jul-Oct 2025
avalanche,0x6b85f780e99c2868b398e649793ca78eba7012ac,0xce54c175880ff4edaa5d80b2dc66dda0e34a36ac,campaign_1,blacklist target of hardcoded manager (Execute call) Jul-Oct 2025
avalanche,0x6bab24f14d475c022a3a7850e2d4d2ef2f208a42,0xce54c175880ff4edaa5d80b2dc66dda0e34a36ac,campaign_1,blacklist target of hardcoded manager (Execute call) Jul-Oct 2025
avalanche,0x6bab24fff6e13ae891ee516f9c71596bb219ca7b,0xce54c175880ff4edaa5d80b2dc66dda0e34a36ac,campaign_1,blacklist target of hardcoded manager (Execute call) Jul-Oct 2025
avalanche,0x6bc0be1cd56696714e88eb22f58221f5c2c1a925,0xce54c175880ff4edaa5d80b2dc66dda0e34a36ac,campaign_1,blacklist target of hardcoded manager (Execute call) Jul-Oct 2025
avalanche,0x6bc3b1e8b08a61404794445913b32bd2ddf7aec8,0xce54c175880ff4edaa5d80b2dc66dda0e34a36ac,campaign_1,blacklist target of hardcoded manager (Execute call) Jul-Oct 2025
avalanche,0x6bc505a5e9e07c219b547e1657bcaf3cd31a9b77,0xce54c175880ff4edaa5d80b2dc66dda0e34a36ac,campaign_1,blacklist target of hardcoded manager (Execute call) Jul-Oct 2025
avalanche,0x6bc9fc64a6fad9b2c3e590985bd61c21c16d1346,0xce54c175880ff4edaa5d80b2dc66dda0e34a36ac,campaign_1,blacklist target of hardcoded manager (Execute call) Jul-Oct 2025
avalanche,0x6bcb5634d1652f167f29c4be6c2f06260809e21d,0xce54c175880ff4edaa5d80b2dc66dda0e34a36ac,campaign_1,blacklist target of hardcoded manager (Execute call) Jul-Oct 2025
avalanche,0x6bcf070d7e14fd5678b5ae283c77634e3d4c12bf,0xce54c175880ff4edaa5d80b2dc66dda0e34a36ac,campaign_1,blacklist target of hardcoded manager (Execute call) Jul-Oct 2025
avalanche,0x6bd25b4387c7b547647fa6208a2c7fab372c67e3,0xce54c175880ff4edaa5d80b2dc66dda0e34a36ac,campaign_1,blacklist target of hardcoded manager (Execute call) Jul-Oct 2025
avalanche,0x6bd58e675187f0229965c5f8314094c3c5d01de6,0xce54c175880ff4edaa5d80b2dc66dda0e34a36ac,campaign_1,blacklist target of hardcoded manager (Execute call) Jul-Oct 2025
avalanche,0x6be593a7e71cb4472a386d99058e51ba94df9e0c,0xce54c175880ff4edaa5d80b2dc66dda0e34a36ac,campaign_1,blacklist target of hardcoded manager (Execute call) Jul-Oct 2025
avalanche,0x6be6078e5d01e7515ab2ab446d57662c0dccb503,0xce54c175880ff4edaa5d80b2dc66dda0e34a36ac,campaign_1,blacklist target of hardcoded manager (Execute call) Jul-Oct 2025
avalanche,0x6becde29512b961f10940a215a026f686da3af12,0xce54c175880ff4edaa5d80b2dc66dda0e34a36ac,campaign_1,blacklist target of hardcoded manager (Execute call) Jul-Oct 2025
avalanche,0x6bfa06de4862dc4a9a6ff0ee6d52477b1ab01503,0xce54c175880ff4edaa5d80b2dc66dda0e34a36ac,campaign_1,blacklist target of hardcoded manager (Execute call) Jul-Oct 2025
avalanche,0x6bfb5b94cd1bf50159d14114676b3654c9890c35,0xce54c175880ff4edaa5d80b2dc66dda0e34a36ac,campaign_1,blacklist target of hardcoded manager (Execute call) Jul-Oct 2025
avalanche,0x6bfefb2ed44d89b9a8931b6f714e75442bed4e64,0xce54c175880ff4edaa5d80b2dc66dda0e34a36ac,campaign_1,blacklist target of hardcoded manager (Execute call) Jul-Oct 2025
avalanche,0x6c16ac28d4e6d41f0833648297807977625c4eee,0xce54c175880ff4edaa5d80b2dc66dda0e34a36ac,campaign_1,blacklist target of hardcoded manager (Execute call) Jul-Oct 2025
avalanche,0x6c201f49e98124327fdc54527f41971c4de471a9,0xce54c175880ff4edaa5d80b2dc66dda0e34a36ac,campaign_1,blacklist target of hardcoded manager (Execute call) Jul-Oct 2025
avalanche,0x6c22e4847933fc88afe46c7cbdaf0a50e6ea57ab,0xce54c175880ff4edaa5d80b2dc66dda0e34a36ac,campaign_1,blacklist target of hardcoded manager (Execute call) Jul-Oct 2025
avalanche,0x6c27affe882b5b1e26d3e83cff2e43d8ac320406,0xce54c175880ff4edaa5d80b2dc66dda0e34a36ac,campaign_1,blacklist target of hardcoded manager (Execute call) Jul-Oct 2025
avalanche,0x6c3ceb85c4221fb6e9acd1ce3df068bd7b6c448b,0xce54c175880ff4edaa5d80b2dc66dda0e34a36ac,campaign_1,blacklist target of hardcoded manager (Execute call) Jul-Oct 2025
avalanche,0x6c43a025e1f91be2ab0c26209f800b7bfd561d5e,0xce54c175880ff4edaa5d80b2dc66dda0e34a36ac,campaign_1,blacklist target of hardcoded manager (Execute call) Jul-Oct 2025
avalanche,0x6c5376275230c20b0fd86a4316d8a0fa4c965cf5,0xce54c175880ff4edaa5d80b2dc66dda0e34a36ac,campaign_1,blacklist target of hardcoded manager (Execute call) Jul-Oct 2025
avalanche,0x6c605a4427c1c8351ad6ceefec8cb23a5afb49da,0xce54c175880ff4edaa5d80b2dc66dda0e34a36ac,campaign_1,blacklist target of hardcoded manager (Execute call) Jul-Oct 2025
avalanche,0x6c7a9d570cee02a6a4604d42d8026cec093f61a2,0xce54c175880ff4edaa5d80b2dc66dda0e34a36ac,campaign_1,blacklist target of hardcoded manager (Execute call) Jul-Oct 2025
avalanche,0x6c89a438b741dc9af4d6f5ec9f998e78e2edae5d,0xce54c175880ff4edaa5d80b2dc66dda0e34a36ac,campaign_1,blacklist target of hardcoded manager (Execute call) Jul-Oct 2025
avalanche,0x6c8e12592324e5bbda4f8e3adee5a770f3cc54a8,0xce54c175880ff4edaa5d80b2dc66dda0e34a36ac,campaign_1,blacklist target of hardcoded manager (Execute call) Jul-Oct 2025
avalanche,0x6c9bd64cf661e092151bd34823bb6d6368a98f67,0xce54c175880ff4edaa5d80b2dc66dda0e34a36ac,campaign_1,blacklist target of hardcoded manager (Execute call) Jul-Oct 2025
avalanche,0x6cac6bd03f46013070eefb3ae023cd3fabf6aa84,0xce54c175880ff4edaa5d80b2dc66dda0e34a36ac,campaign_1,blacklist target of hardcoded manager (Execute call) Jul-Oct 2025
avalanche,0x6cafd8ff18c28906af8773be0ecb7523aec35048,0xce54c175880ff4edaa5d80b2dc66dda0e34a36ac,campaign_1,blacklist target of hardcoded manager (Execute call) Jul-Oct 2025
avalanche,0x6cb9cdf0758c26961e0c32741b90aeba351c35d4,0xce54c175880ff4edaa5d80b2dc66dda0e34a36ac,campaign_1,blacklist target of hardcoded manager (Execute call) Jul-Oct 2025
avalanche,0x6cbc184eca658d33e191a69244bd56a43b80b684,0xce54c175880ff4edaa5d80b2dc66dda0e34a36ac,campaign_1,blacklist target of hardcoded manager (Execute call) Jul-Oct 2025
avalanche,0x6cc37459563c880e41437d321fb5aac2b11eb183,0xce54c175880ff4edaa5d80b2dc66dda0e34a36ac,campaign_1,blacklist target of hardcoded manager (Execute call) Jul-Oct 2025
avalanche,0x6ccd1dd38bea86787509ede156971c6e2d72c4a6,0xce54c175880ff4edaa5d80b2dc66dda0e34a36ac,campaign_1,blacklist target of hardcoded manager (Execute call) Jul-Oct 2025
avalanche,0x6cdc166a04af62f019e485360fb21ddaefa988fd,0xce54c175880ff4edaa5d80b2dc66dda0e34a36ac,campaign_1,blacklist target of hardcoded manager (Execute call) Jul-Oct 2025
avalanche,0x6cdc832a3b3d0d955bc3f58faff4028c8c52fea0,0xce54c175880ff4edaa5d80b2dc66dda0e34a36ac,campaign_1,blacklist target of hardcoded manager (Execute call) Jul-Oct 2025
avalanche,0x6cdf44d4027fa10b1bd7a8712c9da7bb5d11abc7,0xce54c175880ff4edaa5d80b2dc66dda0e34a36ac,campaign_1,blacklist target of hardcoded manager (Execute call) Jul-Oct 2025
avalanche,0x6cef4740c65fd7e564383b5e0d9756214a5c86b9,0xce54c175880ff4edaa5d80b2dc66dda0e34a36ac,campaign_1,blacklist target of hardcoded manager (Execute call) Jul-Oct 2025
avalanche,0x6d082b9950568a3f607d28e285e27d3b745cf6c6,0xce54c175880ff4edaa5d80b2dc66dda0e34a36ac,campaign_1,blacklist target of hardcoded manager (Execute call) Jul-Oct 2025
avalanche,0x6d0a479bbbf3696acefe86326b0a522081dbbb57,0xce54c175880ff4edaa5d80b2dc66dda0e34a36ac,campaign_1,blacklist target of hardcoded manager (Execute call) Jul-Oct 2025
avalanche,0x6d1865bf05a2f6272cc291eb60075c033488ee01,0xce54c175880ff4edaa5d80b2dc66dda0e34a36ac,campaign_1,blacklist target of hardcoded manager (Execute call) Jul-Oct 2025
avalanche,0x6d27d13926bce67cf80c2c7468f19c8e313155d4,0xce54c175880ff4edaa5d80b2dc66dda0e34a36ac,campaign_1,blacklist target of hardcoded manager (Execute call) Jul-Oct 2025
avalanche,0x6d4b7a81e1382e11958312710959f7b18aa59e4b,0xce54c175880ff4edaa5d80b2dc66dda0e34a36ac,campaign_1,blacklist target of hardcoded manager (Execute call) Jul-Oct 2025
avalanche,0x6d61ead92615d3c56caaed4219974718a102da80,0xce54c175880ff4edaa5d80b2dc66dda0e34a36ac,campaign_1,blacklist target of hardcoded manager (Execute call) Jul-Oct 2025
avalanche,0x6d6441df9d50d4c2bf42f6208c1e96259125bd61,0xce54c175880ff4edaa5d80b2dc66dda0e34a36ac,campaign_1,blacklist target of hardcoded manager (Execute call) Jul-Oct 2025
avalanche,0x6d865d97397632a32aaaa40643b302d3a6a41ab0,0xce54c175880ff4edaa5d80b2dc66dda0e34a36ac,campaign_1,blacklist target of hardcoded manager (Execute call) Jul-Oct 2025
avalanche,0x6d86f5db3901e6b9e0a5fb9bab8d04a6f9fb0137,0xce54c175880ff4edaa5d80b2dc66dda0e34a36ac,campaign_1,blacklist target of hardcoded manager (Execute call) Jul-Oct 2025
avalanche,0x6db25b79f74936b34ffda10228602630943ee37e,0xce54c175880ff4edaa5d80b2dc66dda0e34a36ac,campaign_1,blacklist target of hardcoded manager (Execute call) Jul-Oct 2025
avalanche,0x6ddcc69c37ca61a84fb7011498d41b1170200779,0xce54c175880ff4edaa5d80b2dc66dda0e34a36ac,campaign_1,blacklist target of hardcoded manager (Execute call) Jul-Oct 2025
avalanche,0x6ddd54de2972afad8b0ce15449190943af3af761,0xce54c175880ff4edaa5d80b2dc66dda0e34a36ac,campaign_1,blacklist target of hardcoded manager (Execute call) Jul-Oct 2025
avalanche,0x6dfe9c8165bec641608107a83a35ec84c6f31b87,0xce54c175880ff4edaa5d80b2dc66dda0e34a36ac,campaign_1,blacklist target of hardcoded manager (Execute call) Jul-Oct 2025
avalanche,0x6e0f724d2bfbc3ebdcdca9fce9912e3be3ab7063,0xce54c175880ff4edaa5d80b2dc66dda0e34a36ac,campaign_1,blacklist target of hardcoded manager (Execute call) Jul-Oct 2025
avalanche,0x6e1479380d662d33a6e655eb8beda9c804832844,0xce54c175880ff4edaa5d80b2dc66dda0e34a36ac,campaign_1,blacklist target of hardcoded manager (Execute call) Jul-Oct 2025
avalanche,0x6e225fd2cebc343731167b4afc524b6911a647ba,0xce54c175880ff4edaa5d80b2dc66dda0e34a36ac,campaign_1,blacklist target of hardcoded manager (Execute call) Jul-Oct 2025
avalanche,0x6e42860ede3ff393120756cc37c06740ddb562bf,0xce54c175880ff4edaa5d80b2dc66dda0e34a36ac,campaign_1,blacklist target of hardcoded manager (Execute call) Jul-Oct 2025
avalanche,0x6e4db5d7ef4006149d5150f9dc90ac3d3f304961,0xce54c175880ff4edaa5d80b2dc66dda0e34a36ac,campaign_1,blacklist target of hardcoded manager (Execute call) Jul-Oct 2025
avalanche,0x6e545050b55a9fb739dde4194c9458dae0095350,0xce54c175880ff4edaa5d80b2dc66dda0e34a36ac,campaign_1,blacklist target of hardcoded manager (Execute call) Jul-Oct 2025
avalanche,0x6e582cddf12d6ca291c5f1c2bf9282b0d200d4d5,0xce54c175880ff4edaa5d80b2dc66dda0e34a36ac,campaign_1,blacklist target of hardcoded manager (Execute call) Jul-Oct 2025
avalanche,0x6e77d3afeb379e360c2872753bc69bb824fca526,0xce54c175880ff4edaa5d80b2dc66dda0e34a36ac,campaign_1,blacklist target of hardcoded manager (Execute call) Jul-Oct 2025
avalanche,0x6e7ef6c355d5f081eafc246989380e0f28257574,0xce54c175880ff4edaa5d80b2dc66dda0e34a36ac,campaign_1,blacklist target of hardcoded manager (Execute call) Jul-Oct 2025
avalanche,0x6ea1253351743e060925ec72a8c6951ea8ca91d6,0xce54c175880ff4edaa5d80b2dc66dda0e34a36ac,campaign_1,blacklist target of hardcoded manager (Execute call) Jul-Oct 2025
avalanche,0x6eb8d020d164e9d7bd9f23308e9d6e4e9c30a2c6,0xce54c175880ff4edaa5d80b2dc66dda0e34a36ac,campaign_1,blacklist target of hardcoded manager (Execute call) Jul-Oct 2025
avalanche,0x6ebeedd05ce61d3b2d4c4d5be23b7ca5dc63cd23,0xce54c175880ff4edaa5d80b2dc66dda0e34a36ac,campaign_1,blacklist target of hardcoded manager (Execute call) Jul-Oct 2025
avalanche,0x6edb9d2b4aceb22eb2e6f91bd414478eea4b4518,0xce54c175880ff4edaa5d80b2dc66dda0e34a36ac,campaign_1,blacklist target of hardcoded manager (Execute call) Jul-Oct 2025
avalanche,0x6ee484caf0d2dd628ee5d3174093361708949539,0xce54c175880ff4edaa5d80b2dc66dda0e34a36ac,campaign_1,blacklist target of hardcoded manager (Execute call) Jul-Oct 2025
avalanche,0x6f02cade20342a425597eb26e46b31ac2014b412,0xce54c175880ff4edaa5d80b2dc66dda0e34a36ac,campaign_1,blacklist target of hardcoded manager (Execute call) Jul-Oct 2025
avalanche,0x6f0b04e9e67ca2b019f86edde06168231252960d,0xce54c175880ff4edaa5d80b2dc66dda0e34a36ac,campaign_1,blacklist target of hardcoded manager (Execute call) Jul-Oct 2025
avalanche,0x6f1544a4e81d92ae1b1c02873ec1bf41550ef481,0xce54c175880ff4edaa5d80b2dc66dda0e34a36ac,campaign_1,blacklist target of hardcoded manager (Execute call) Jul-Oct 2025
avalanche,0x6f17eefffc899001a4935f5cd377f7a92675664e,0xce54c175880ff4edaa5d80b2dc66dda0e34a36ac,campaign_1,blacklist target of hardcoded manager (Execute call) Jul-Oct 2025
avalanche,0x6f268197e39f0d261b7f59bd77fc3e0e553a8c80,0xce54c175880ff4edaa5d80b2dc66dda0e34a36ac,campaign_1,blacklist target of hardcoded manager (Execute call) Jul-Oct 2025
avalanche,0x6f33cf4ef3bb1243ff4eb621ea74f26b91561d79,0xce54c175880ff4edaa5d80b2dc66dda0e34a36ac,campaign_1,blacklist target of hardcoded manager (Execute call) Jul-Oct 2025
avalanche,0x6f61c52f8484fa158add1f09f7b3647f643369a0,0xce54c175880ff4edaa5d80b2dc66dda0e34a36ac,campaign_1,blacklist target of hardcoded manager (Execute call) Jul-Oct 2025
avalanche,0x6f6ec89c98c77c79ed15c2b60f309b45c3b27dd7,0xce54c175880ff4edaa5d80b2dc66dda0e34a36ac,campaign_1,blacklist target of hardcoded manager (Execute call) Jul-Oct 2025
avalanche,0x6f72399d06a9eacac3ff2b56376e82138ca60ca9,0xce54c175880ff4edaa5d80b2dc66dda0e34a36ac,campaign_1,blacklist target of hardcoded manager (Execute call) Jul-Oct 2025
avalanche,0x6f81b5aa0992182bc3701ecf14943a2761a0f2bf,0xce54c175880ff4edaa5d80b2dc66dda0e34a36ac,campaign_1,blacklist target of hardcoded manager (Execute call) Jul-Oct 2025
avalanche,0x6f82f529bf5318ea2e82fcdf0c1c1f9f0268b160,0xce54c175880ff4edaa5d80b2dc66dda0e34a36ac,campaign_1,blacklist target of hardcoded manager (Execute call) Jul-Oct 2025
avalanche,0x6f843e32f4b5ceb27ece613a7a42887903eb94a7,0xce54c175880ff4edaa5d80b2dc66dda0e34a36ac,campaign_1,blacklist target of hardcoded manager (Execute call) Jul-Oct 2025
avalanche,0x6f86fc1b65181ba4139f24ca910536bb35ade85c,0xce54c175880ff4edaa5d80b2dc66dda0e34a36ac,campaign_1,blacklist target of hardcoded manager (Execute call) Jul-Oct 2025
avalanche,0x6f992c23a07e160675fbb822bde31add9b6f5a40,0xce54c175880ff4edaa5d80b2dc66dda0e34a36ac,campaign_1,blacklist target of hardcoded manager (Execute call) Jul-Oct 2025
avalanche,0x6fbc0fff38efeb25cb709de2beeb03e127ad5af1,0xce54c175880ff4edaa5d80b2dc66dda0e34a36ac,campaign_1,blacklist target of hardcoded manager (Execute call) Jul-Oct 2025
avalanche,0x6fcd813dce84b149d8dedcbc73c84faf460e716a,0xce54c175880ff4edaa5d80b2dc66dda0e34a36ac,campaign_1,blacklist target of hardcoded manager (Execute call) Jul-Oct 2025
avalanche,0x6fcfd62bc7a40ee74218f851188409c3879f1531,0xce54c175880ff4edaa5d80b2dc66dda0e34a36ac,campaign_1,blacklist target of hardcoded manager (Execute call) Jul-Oct 2025
avalanche,0x6fd00dc6658e7a5bd2496b79a928c33963af04dd,0xce54c175880ff4edaa5d80b2dc66dda0e34a36ac,campaign_1,blacklist target of hardcoded manager (Execute call) Jul-Oct 2025
avalanche,0x701686ce19cdee507b7bc17d0e168af9ca6197e3,0xce54c175880ff4edaa5d80b2dc66dda0e34a36ac,campaign_1,blacklist target of hardcoded manager (Execute call) Jul-Oct 2025
avalanche,0x7018608a6dd7c765aeb77a5d6d95529dad54ef42,0xce54c175880ff4edaa5d80b2dc66dda0e34a36ac,campaign_1,blacklist target of hardcoded manager (Execute call) Jul-Oct 2025
avalanche,0x70205a6b257f277d1b031e6780dd8ae645b24f37,0xce54c175880ff4edaa5d80b2dc66dda0e34a36ac,campaign_1,blacklist target of hardcoded manager (Execute call) Jul-Oct 2025
avalanche,0x7023b0a24fbc5321e486c2f7cd79fe14a12a6faf,0xce54c175880ff4edaa5d80b2dc66dda0e34a36ac,campaign_1,blacklist target of hardcoded manager (Execute call) Jul-Oct 2025
avalanche,0x70345394a2aa23dd1c7c5aaf6235ec3e0bf67990,0xce54c175880ff4edaa5d80b2dc66dda0e34a36ac,campaign_1,blacklist target of hardcoded manager (Execute call) Jul-Oct 2025
avalanche,0x704258a0f6ded0ef8b699132ebd3d41f22080b98,0xce54c175880ff4edaa5d80b2dc66dda0e34a36ac,campaign_1,blacklist target of hardcoded manager (Execute call) Jul-Oct 2025
avalanche,0x705307272a7d9d9c0355f6faeead1a51bc28c8a6,0xce54c175880ff4edaa5d80b2dc66dda0e34a36ac,campaign_1,blacklist target of hardcoded manager (Execute call) Jul-Oct 2025
avalanche,0x70561f435b153d4459b82203c931291d01eb69ca,0xce54c175880ff4edaa5d80b2dc66dda0e34a36ac,campaign_1,blacklist target of hardcoded manager (Execute call) Jul-Oct 2025
avalanche,0x70662c7094a0b6c5d29c16b2ed3d7c475c683e0f,0xce54c175880ff4edaa5d80b2dc66dda0e34a36ac,campaign_1,blacklist target of hardcoded manager (Execute call) Jul-Oct 2025
avalanche,0x70710adf831138da6d89deb53e0f80747f7b0f11,0xce54c175880ff4edaa5d80b2dc66dda0e34a36ac,campaign_1,blacklist target of hardcoded manager (Execute call) Jul-Oct 2025
avalanche,0x708c3f4ccc5609537ed731b36b912f4622e379df,0xce54c175880ff4edaa5d80b2dc66dda0e34a36ac,campaign_1,blacklist target of hardcoded manager (Execute call) Jul-Oct 2025
avalanche,0x708eacf33f49439b13e3fc04d75b342f55b98add,0xce54c175880ff4edaa5d80b2dc66dda0e34a36ac,campaign_1,blacklist target of hardcoded manager (Execute call) Jul-Oct 2025
avalanche,0x70f0a8629d75d0d1d96f575e69dd57934c8dea63,0xce54c175880ff4edaa5d80b2dc66dda0e34a36ac,campaign_1,blacklist target of hardcoded manager (Execute call) Jul-Oct 2025
avalanche,0x70fd4ef773e2799245c706f896c66461ef5dd061,0xce54c175880ff4edaa5d80b2dc66dda0e34a36ac,campaign_1,blacklist target of hardcoded manager (Execute call) Jul-Oct 2025
avalanche,0x712bdbc476133852f14563abb54421e9f8ca5fe7,0xce54c175880ff4edaa5d80b2dc66dda0e34a36ac,campaign_1,blacklist target of hardcoded manager (Execute call) Jul-Oct 2025
avalanche,0x713dc0f86a757991b8a6aeccc999816bc2062ac9,0xce54c175880ff4edaa5d80b2dc66dda0e34a36ac,campaign_1,blacklist target of hardcoded manager (Execute call) Jul-Oct 2025
avalanche,0x713fe5e9424d7c806b1a1275c0963450c8da95be,0xce54c175880ff4edaa5d80b2dc66dda0e34a36ac,campaign_1,blacklist target of hardcoded manager (Execute call) Jul-Oct 2025
avalanche,0x714b5716333805c3fe2be401475160f040287e29,0xce54c175880ff4edaa5d80b2dc66dda0e34a36ac,campaign_1,blacklist target of hardcoded manager (Execute call) Jul-Oct 2025
avalanche,0x717f88cfe21301d3d2c278b65a0e703b702062a2,0xce54c175880ff4edaa5d80b2dc66dda0e34a36ac,campaign_1,blacklist target of hardcoded manager (Execute call) Jul-Oct 2025
avalanche,0x71990ba95379f9d2103c910763a45d559dd20a62,0xce54c175880ff4edaa5d80b2dc66dda0e34a36ac,campaign_1,blacklist target of hardcoded manager (Execute call) Jul-Oct 2025
avalanche,0x71ae35e41376d1b6194406fd6f4e70eccb5f7b2f,0xce54c175880ff4edaa5d80b2dc66dda0e34a36ac,campaign_1,blacklist target of hardcoded manager (Execute call) Jul-Oct 2025
avalanche,0x71b0f602bba6b7b973e3b78830a5a9c16fdc4b58,0xce54c175880ff4edaa5d80b2dc66dda0e34a36ac,campaign_1,blacklist target of hardcoded manager (Execute call) Jul-Oct 2025
avalanche,0x71b72e90d6bb8c53ec12687eceecc9e9f2e23a04,0xce54c175880ff4edaa5d80b2dc66dda0e34a36ac,campaign_1,blacklist target of hardcoded manager (Execute call) Jul-Oct 2025
avalanche,0x71bb8d8d71ff87d6889aa182c78681ce4b8f2441,0xce54c175880ff4edaa5d80b2dc66dda0e34a36ac,campaign_1,blacklist target of hardcoded manager (Execute call) Jul-Oct 2025
avalanche,0x71bc81a2f8c0effc208b666a0410fd6eea8b6e2d,0xce54c175880ff4edaa5d80b2dc66dda0e34a36ac,campaign_1,blacklist target of hardcoded manager (Execute call) Jul-Oct 2025
avalanche,0x71ce86d4ad2733704ca4527d157b71ec5d70e01a,0xce54c175880ff4edaa5d80b2dc66dda0e34a36ac,campaign_1,blacklist target of hardcoded manager (Execute call) Jul-Oct 2025
avalanche,0x71d2e63eb7688aee57dda98ce376652814dc13c0,0xce54c175880ff4edaa5d80b2dc66dda0e34a36ac,campaign_1,blacklist target of hardcoded manager (Execute call) Jul-Oct 2025
avalanche,0x71d2ffe0fb02a2267a9a5f21668d3e073dfc9ffc,0xce54c175880ff4edaa5d80b2dc66dda0e34a36ac,campaign_1,blacklist target of hardcoded manager (Execute call) Jul-Oct 2025
avalanche,0x71dbadf9fe9bcf0ff57f4ca25e944007d95ec499,0xce54c175880ff4edaa5d80b2dc66dda0e34a36ac,campaign_1,blacklist target of hardcoded manager (Execute call) Jul-Oct 2025
avalanche,0x71eea8828033d2adc43c7f8249889147cd173eee,0xce54c175880ff4edaa5d80b2dc66dda0e34a36ac,campaign_1,blacklist target of hardcoded manager (Execute call) Jul-Oct 2025
avalanche,0x71f9e072a6c516cf0abd59d0f09b07f43b5c9625,0xce54c175880ff4edaa5d80b2dc66dda0e34a36ac,campaign_1,blacklist target of hardcoded manager (Execute call) Jul-Oct 2025
avalanche,0x71fae13ae1a9e584eadb215da3c786fdf2bbf96b,0xce54c175880ff4edaa5d80b2dc66dda0e34a36ac,campaign_1,blacklist target of hardcoded manager (Execute call) Jul-Oct 2025
avalanche,0x71fefdac3bc8a1017f83002c79134752c1fcb3e1,0xce54c175880ff4edaa5d80b2dc66dda0e34a36ac,campaign_1,blacklist target of hardcoded manager (Execute call) Jul-Oct 2025
avalanche,0x720cd713a8e23ad09cead38b768d7c7898596dd6,0xce54c175880ff4edaa5d80b2dc66dda0e34a36ac,campaign_1,blacklist target of hardcoded manager (Execute call) Jul-Oct 2025
avalanche,0x720d3104cd4e09441ae557eea5c2a444cb5280dc,0xce54c175880ff4edaa5d80b2dc66dda0e34a36ac,campaign_1,blacklist target of hardcoded manager (Execute call) Jul-Oct 2025
avalanche,0x720dda0d1f916f2e186e083a15f4ec36875fcf46,0xce54c175880ff4edaa5d80b2dc66dda0e34a36ac,campaign_1,blacklist target of hardcoded manager (Execute call) Jul-Oct 2025
avalanche,0x72184cbebb5e0e1b96959c18a4680e7a65effc84,0xce54c175880ff4edaa5d80b2dc66dda0e34a36ac,campaign_1,blacklist target of hardcoded manager (Execute call) Jul-Oct 2025
avalanche,0x721c172a94c3f643d98127b6c01533bad1304dee,0xce54c175880ff4edaa5d80b2dc66dda0e34a36ac,campaign_1,blacklist target of hardcoded manager (Execute call) Jul-Oct 2025
avalanche,0x722ed6898836f24ecfb306fc165cdbff08947ec3,0xce54c175880ff4edaa5d80b2dc66dda0e34a36ac,campaign_1,blacklist target of hardcoded manager (Execute call) Jul-Oct 2025
avalanche,0x723ed8eaa63838ff751d7a961511ca266f381e47,0xce54c175880ff4edaa5d80b2dc66dda0e34a36ac,campaign_1,blacklist target of hardcoded manager (Execute call) Jul-Oct 2025
avalanche,0x724ef04a1af9baa34bc2aa12e48a795d7f61761e,0xce54c175880ff4edaa5d80b2dc66dda0e34a36ac,campaign_1,blacklist target of hardcoded manager (Execute call) Jul-Oct 2025
avalanche,0x7261cfcfb4ab1da968b00cdd6cf3aa646de8e6a2,0xce54c175880ff4edaa5d80b2dc66dda0e34a36ac,campaign_1,blacklist target of hardcoded manager (Execute call) Jul-Oct 2025
avalanche,0x72a7923c2ed0b14cadc109e667f81c2297d5b7c1,0xce54c175880ff4edaa5d80b2dc66dda0e34a36ac,campaign_1,blacklist target of hardcoded manager (Execute call) Jul-Oct 2025
avalanche,0x72a7ed2c8dd0c022686ed4e9ab833ddeee72a5da,0xce54c175880ff4edaa5d80b2dc66dda0e34a36ac,campaign_1,blacklist target of hardcoded manager (Execute call) Jul-Oct 2025
avalanche,0x72aafc5aec82ac5474904faa1ea84ee802ba9f58,0xce54c175880ff4edaa5d80b2dc66dda0e34a36ac,campaign_1,blacklist target of hardcoded manager (Execute call) Jul-Oct 2025
avalanche,0x72aba3e9ee09f729c8a717fb273b1d97acc50d29,0xce54c175880ff4edaa5d80b2dc66dda0e34a36ac,campaign_1,blacklist target of hardcoded manager (Execute call) Jul-Oct 2025
avalanche,0x72cbb63895ca030900d1757d91a775eba969bddb,0xce54c175880ff4edaa5d80b2dc66dda0e34a36ac,campaign_1,blacklist target of hardcoded manager (Execute call) Jul-Oct 2025
avalanche,0x72db1cfff09ca5a8a8ef75ce56e91a5b13431c3a,0xce54c175880ff4edaa5d80b2dc66dda0e34a36ac,campaign_1,blacklist target of hardcoded manager (Execute call) Jul-Oct 2025
avalanche,0x72f9a7a48942f3c3ee753b39235fdc75a2f9b069,0xce54c175880ff4edaa5d80b2dc66dda0e34a36ac,campaign_1,blacklist target of hardcoded manager (Execute call) Jul-Oct 2025
avalanche,0x73010012115c6c585049777524edd20e4757c6a7,0xce54c175880ff4edaa5d80b2dc66dda0e34a36ac,campaign_1,blacklist target of hardcoded manager (Execute call) Jul-Oct 2025
avalanche,0x7301413ccb038c1be29b31111bfc1b4e14f459a5,0xce54c175880ff4edaa5d80b2dc66dda0e34a36ac,campaign_1,blacklist target of hardcoded manager (Execute call) Jul-Oct 2025
avalanche,0x731c66a7615f5e98c3190a6e8ac3559fe81176f4,0xce54c175880ff4edaa5d80b2dc66dda0e34a36ac,campaign_1,blacklist target of hardcoded manager (Execute call) Jul-Oct 2025
avalanche,0x7324234fc65bd68a9488ee24f34be39dfefcfa28,0xce54c175880ff4edaa5d80b2dc66dda0e34a36ac,campaign_1,blacklist target of hardcoded manager (Execute call) Jul-Oct 2025
avalanche,0x73366cfed08ab08260cb0a16eec9e3bd8b29c2d3,0xce54c175880ff4edaa5d80b2dc66dda0e34a36ac,campaign_1,blacklist target of hardcoded manager (Execute call) Jul-Oct 2025
avalanche,0x734f0e819ca0eb78bf29b38506fce06eb12e4a9c,0xce54c175880ff4edaa5d80b2dc66dda0e34a36ac,campaign_1,blacklist target of hardcoded manager (Execute call) Jul-Oct 2025
avalanche,0x7353695d1ec7fbe1e18165569dcee84941b51e87,0xce54c175880ff4edaa5d80b2dc66dda0e34a36ac,campaign_1,blacklist target of hardcoded manager (Execute call) Jul-Oct 2025
avalanche,0x735558124a5b11f4f046d5a6f7553e5c41e12d5e,0xce54c175880ff4edaa5d80b2dc66dda0e34a36ac,campaign_1,blacklist target of hardcoded manager (Execute call) Jul-Oct 2025
avalanche,0x7358b758cf69ab6e5843af6581141b870d0008e2,0xce54c175880ff4edaa5d80b2dc66dda0e34a36ac,campaign_1,blacklist target of hardcoded manager (Execute call) Jul-Oct 2025
avalanche,0x735f52c289f2e79a8849733a3b22e1ed86a21276,0xce54c175880ff4edaa5d80b2dc66dda0e34a36ac,campaign_1,blacklist target of hardcoded manager (Execute call) Jul-Oct 2025
avalanche,0x73664ae9afa2f8a026e8f017d06c5989963b44ef,0xce54c175880ff4edaa5d80b2dc66dda0e34a36ac,campaign_1,blacklist target of hardcoded manager (Execute call) Jul-Oct 2025
avalanche,0x7367114e5a85068e7b0d532423a46c0bbfd0ed01,0xce54c175880ff4edaa5d80b2dc66dda0e34a36ac,campaign_1,blacklist target of hardcoded manager (Execute call) Jul-Oct 2025
avalanche,0x736d5b83ab0f0c99830dc53f5b34ad97868e9e90,0xce54c175880ff4edaa5d80b2dc66dda0e34a36ac,campaign_1,blacklist target of hardcoded manager (Execute call) Jul-Oct 2025
avalanche,0x7373527bde03ecf97980263c29747b837d159c91,0xce54c175880ff4edaa5d80b2dc66dda0e34a36ac,campaign_1,blacklist target of hardcoded manager (Execute call) Jul-Oct 2025
avalanche,0x738a10b7d95d41c5c90feb1c44e7c77db962b5a9,0xce54c175880ff4edaa5d80b2dc66dda0e34a36ac,campaign_1,blacklist target of hardcoded manager (Execute call) Jul-Oct 2025
avalanche,0x7392e44df97fe24c0174a78a13ce74046eee6034,0xce54c175880ff4edaa5d80b2dc66dda0e34a36ac,campaign_1,blacklist target of hardcoded manager (Execute call) Jul-Oct 2025
avalanche,0x739809fe2bf05dec2a4a5213abfc268d4d878468,0xce54c175880ff4edaa5d80b2dc66dda0e34a36ac,campaign_1,blacklist target of hardcoded manager (Execute call) Jul-Oct 2025
avalanche,0x73b09467c9cb703f72817b1f5ca02cdb84f1e7ed,0xce54c175880ff4edaa5d80b2dc66dda0e34a36ac,campaign_1,blacklist target of hardcoded manager (Execute call) Jul-Oct 2025
avalanche,0x73bc54e78e9a23b5cedccf272233f6298023342c,0xce54c175880ff4edaa5d80b2dc66dda0e34a36ac,campaign_1,blacklist target of hardcoded manager (Execute call) Jul-Oct 2025
avalanche,0x73bdc2aa1f6b8f2e22c6c79ad0becfbf96c17f2d,0xce54c175880ff4edaa5d80b2dc66dda0e34a36ac,campaign_1,blacklist target of hardcoded manager (Execute call) Jul-Oct 2025
avalanche,0x73bdf626d053c2ac1e012e936400f92378971e0e,0xce54c175880ff4edaa5d80b2dc66dda0e34a36ac,campaign_1,blacklist target of hardcoded manager (Execute call) Jul-Oct 2025
avalanche,0x73c947f27cd20c345081c2a854c15f2bbbd785ad,0xce54c175880ff4edaa5d80b2dc66dda0e34a36ac,campaign_1,blacklist target of hardcoded manager (Execute call) Jul-Oct 2025
avalanche,0x73e2acb3367f132cab5020c9e7736c1f5e704444,0xce54c175880ff4edaa5d80b2dc66dda0e34a36ac,campaign_1,blacklist target of hardcoded manager (Execute call) Jul-Oct 2025
avalanche,0x73ea6b768c7ebdb1fc6d4cb9b6ca2678308a0f44,0xce54c175880ff4edaa5d80b2dc66dda0e34a36ac,campaign_1,blacklist target of hardcoded manager (Execute call) Jul-Oct 2025
avalanche,0x73eca171359cc86062f94feeef612f7d441e6635,0xce54c175880ff4edaa5d80b2dc66dda0e34a36ac,campaign_1,blacklist target of hardcoded manager (Execute call) Jul-Oct 2025
avalanche,0x73f63004a644d72d2ba79060f6a883d78513e5e5,0xce54c175880ff4edaa5d80b2dc66dda0e34a36ac,campaign_1,blacklist target of hardcoded manager (Execute call) Jul-Oct 2025
avalanche,0x74097824982ebf7259d3302b2e0f2d39756024d6,0xce54c175880ff4edaa5d80b2dc66dda0e34a36ac,campaign_1,blacklist target of hardcoded manager (Execute call) Jul-Oct 2025
avalanche,0x740c381702b7686e3543ada2d2bd30c123a1cf3d,0xce54c175880ff4edaa5d80b2dc66dda0e34a36ac,campaign_1,blacklist target of hardcoded manager (Execute call) Jul-Oct 2025
avalanche,0x7416092b385f135622dd0916a27d1ee10b98c49c,0xce54c175880ff4edaa5d80b2dc66dda0e34a36ac,campaign_1,blacklist target of hardcoded manager (Execute call) Jul-Oct 2025
avalanche,0x74354007338306b899a3896e9fcd0a450246fd17,0xce54c175880ff4edaa5d80b2dc66dda0e34a36ac,campaign_1,blacklist target of hardcoded manager (Execute call) Jul-Oct 2025
avalanche,0x7439ebe47346c1c6fb7aef4281fc63f68e0b17dd,0xce54c175880ff4edaa5d80b2dc66dda0e34a36ac,campaign_1,blacklist target of hardcoded manager (Execute call) Jul-Oct 2025
avalanche,0x743b2b6959637f61e188a5ee5f8c7be0b1831a75,0xce54c175880ff4edaa5d80b2dc66dda0e34a36ac,campaign_1,blacklist target of hardcoded manager (Execute call) Jul-Oct 2025
avalanche,0x743d96d78b86822a57ec5c3b88ea0955cb071918,0xce54c175880ff4edaa5d80b2dc66dda0e34a36ac,campaign_1,blacklist target of hardcoded manager (Execute call) Jul-Oct 2025
avalanche,0x74418c7afb6bd361a04ef1c9932afd45594a2dd5,0xce54c175880ff4edaa5d80b2dc66dda0e34a36ac,campaign_1,blacklist target of hardcoded manager (Execute call) Jul-Oct 2025
avalanche,0x7471db4e9fac00e40a63a9c107e96e5793e438cc,0xce54c175880ff4edaa5d80b2dc66dda0e34a36ac,campaign_1,blacklist target of hardcoded manager (Execute call) Jul-Oct 2025
avalanche,0x748ec0f51168426a1c69b3c2f9997af998025107,0xce54c175880ff4edaa5d80b2dc66dda0e34a36ac,campaign_1,blacklist target of hardcoded manager (Execute call) Jul-Oct 2025
avalanche,0x74967832bca31722287ef6593a90c10d62586191,0xce54c175880ff4edaa5d80b2dc66dda0e34a36ac,campaign_1,blacklist target of hardcoded manager (Execute call) Jul-Oct 2025
avalanche,0x7497c833904fe5f0fea34f977bdf40961c8ac7b0,0xce54c175880ff4edaa5d80b2dc66dda0e34a36ac,campaign_1,blacklist target of hardcoded manager (Execute call) Jul-Oct 2025
avalanche,0x74a59439391f596e643eddf97ecbe84d094afbb9,0xce54c175880ff4edaa5d80b2dc66dda0e34a36ac,campaign_1,blacklist target of hardcoded manager (Execute call) Jul-Oct 2025
avalanche,0x74a628821863125407fd3d68d9b40fe0d62fc74a,0xce54c175880ff4edaa5d80b2dc66dda0e34a36ac,campaign_1,blacklist target of hardcoded manager (Execute call) Jul-Oct 2025
avalanche,0x74a6604c6fcf5fe81bb81676def02bdd3d6ef1d5,0xce54c175880ff4edaa5d80b2dc66dda0e34a36ac,campaign_1,blacklist target of hardcoded manager (Execute call) Jul-Oct 2025
avalanche,0x74aafcf484a26d058bc53c8b1860d6776e0adf1b,0xce54c175880ff4edaa5d80b2dc66dda0e34a36ac,campaign_1,blacklist target of hardcoded manager (Execute call) Jul-Oct 2025
avalanche,0x74b9d8e6d0be500604f0df49bd08830c659b9758,0xce54c175880ff4edaa5d80b2dc66dda0e34a36ac,campaign_1,blacklist target of hardcoded manager (Execute call) Jul-Oct 2025
avalanche,0x74bd0bf21dbcfd639bc3164c678819e88b05ddcc,0xce54c175880ff4edaa5d80b2dc66dda0e34a36ac,campaign_1,blacklist target of hardcoded manager (Execute call) Jul-Oct 2025
avalanche,0x74bd249d4ff28300455f8e7ec43af1cc224bf43c,0xce54c175880ff4edaa5d80b2dc66dda0e34a36ac,campaign_1,blacklist target of hardcoded manager (Execute call) Jul-Oct 2025
avalanche,0x74c2674622e471fd07d2ee0c7b66b290310a6916,0xce54c175880ff4edaa5d80b2dc66dda0e34a36ac,campaign_1,blacklist target of hardcoded manager (Execute call) Jul-Oct 2025
avalanche,0x74cd9fb6b35a93ef8ed7114f2aed48154d518c9c,0xce54c175880ff4edaa5d80b2dc66dda0e34a36ac,campaign_1,blacklist target of hardcoded manager (Execute call) Jul-Oct 2025
avalanche,0x74e479776bfed4dfd5b8f9ae0ac15f73ffd20d79,0xce54c175880ff4edaa5d80b2dc66dda0e34a36ac,campaign_1,blacklist target of hardcoded manager (Execute call) Jul-Oct 2025
avalanche,0x74eb7e2cfa89a2c56469f59e8d36be9ec7b5561e,0xce54c175880ff4edaa5d80b2dc66dda0e34a36ac,campaign_1,blacklist target of hardcoded manager (Execute call) Jul-Oct 2025
avalanche,0x74ed655591214671b6aaf9b1747535d2ee11f23c,0xce54c175880ff4edaa5d80b2dc66dda0e34a36ac,campaign_1,blacklist target of hardcoded manager (Execute call) Jul-Oct 2025
avalanche,0x74ed818cb8318075c8f6850970232476a9479ebe,0xce54c175880ff4edaa5d80b2dc66dda0e34a36ac,campaign_1,blacklist target of hardcoded manager (Execute call) Jul-Oct 2025
avalanche,0x74fc5d8936e4443acfccf6e872626e604c731242,0xce54c175880ff4edaa5d80b2dc66dda0e34a36ac,campaign_1,blacklist target of hardcoded manager (Execute call) Jul-Oct 2025
avalanche,0x750c6af3cd345f87b381508d8f47d9401cbe9167,0xce54c175880ff4edaa5d80b2dc66dda0e34a36ac,campaign_1,blacklist target of hardcoded manager (Execute call) Jul-Oct 2025
avalanche,0x751e13a9340e36a90e126f951aad2cbc79730eb5,0xce54c175880ff4edaa5d80b2dc66dda0e34a36ac,campaign_1,blacklist target of hardcoded manager (Execute call) Jul-Oct 2025
avalanche,0x752c0f0516a8324d791bc61aa3063d8cce7f37ce,0xce54c175880ff4edaa5d80b2dc66dda0e34a36ac,campaign_1,blacklist target of hardcoded manager (Execute call) Jul-Oct 2025
avalanche,0x753e8fc91dbd2f116e43d9e843afab2810fa8b4f,0xce54c175880ff4edaa5d80b2dc66dda0e34a36ac,campaign_1,blacklist target of hardcoded manager (Execute call) Jul-Oct 2025
avalanche,0x7547d6e01d3a09439e20e2d7cfc889ecac90e614,0xce54c175880ff4edaa5d80b2dc66dda0e34a36ac,campaign_1,blacklist target of hardcoded manager (Execute call) Jul-Oct 2025
avalanche,0x755bedb2ea0150798efc538c61e83d801e567def,0xce54c175880ff4edaa5d80b2dc66dda0e34a36ac,campaign_1,blacklist target of hardcoded manager (Execute call) Jul-Oct 2025
avalanche,0x756149ac605b61f7010551c9baf7e74ba67e322f,0xce54c175880ff4edaa5d80b2dc66dda0e34a36ac,campaign_1,blacklist target of hardcoded manager (Execute call) Jul-Oct 2025
avalanche,0x756c40c1da530b883acab0cd27b39bf778574246,0xce54c175880ff4edaa5d80b2dc66dda0e34a36ac,campaign_1,blacklist target of hardcoded manager (Execute call) Jul-Oct 2025
avalanche,0x757f857b6ab44eb9021da11e6461947c8d459a16,0xce54c175880ff4edaa5d80b2dc66dda0e34a36ac,campaign_1,blacklist target of hardcoded manager (Execute call) Jul-Oct 2025
avalanche,0x75827bd0658be5d502740b2195b956e3d72db97a,0xce54c175880ff4edaa5d80b2dc66dda0e34a36ac,campaign_1,blacklist target of hardcoded manager (Execute call) Jul-Oct 2025
avalanche,0x758d68fb2ec5931a70da0750842bc8708c6a45bf,0xce54c175880ff4edaa5d80b2dc66dda0e34a36ac,campaign_1,blacklist target of hardcoded manager (Execute call) Jul-Oct 2025
avalanche,0x75968f4a88f1da80da9c8f1bc70bc87e83644dd3,0xce54c175880ff4edaa5d80b2dc66dda0e34a36ac,campaign_1,blacklist target of hardcoded manager (Execute call) Jul-Oct 2025
avalanche,0x75997a53c030f64a03f7be0c0797340ec4de6adb,0xce54c175880ff4edaa5d80b2dc66dda0e34a36ac,campaign_1,blacklist target of hardcoded manager (Execute call) Jul-Oct 2025
avalanche,0x75a20b8090bc3c2133592352498043aed0d4f69b,0xce54c175880ff4edaa5d80b2dc66dda0e34a36ac,campaign_1,blacklist target of hardcoded manager (Execute call) Jul-Oct 2025
avalanche,0x75ba2f89906c9eb3bf1ec445e0f2f98b2d1fca2b,0xce54c175880ff4edaa5d80b2dc66dda0e34a36ac,campaign_1,blacklist target of hardcoded manager (Execute call) Jul-Oct 2025
avalanche,0x75cbe00d48e09b814e13caf14b875dce8b1fa3b8,0xce54c175880ff4edaa5d80b2dc66dda0e34a36ac,campaign_1,blacklist target of hardcoded manager (Execute call) Jul-Oct 2025
avalanche,0x75e09d5655d0e8a66050a2330ce3a095c10d21b1,0xce54c175880ff4edaa5d80b2dc66dda0e34a36ac,campaign_1,blacklist target of hardcoded manager (Execute call) Jul-Oct 2025
avalanche,0x75f3bd198f4c21191e3be538591f34971195852a,0xce54c175880ff4edaa5d80b2dc66dda0e34a36ac,campaign_1,blacklist target of hardcoded manager (Execute call) Jul-Oct 2025
avalanche,0x75fc56bfc1e6d23ff970a289e24a6839ad6738f2,0xce54c175880ff4edaa5d80b2dc66dda0e34a36ac,campaign_1,blacklist target of hardcoded manager (Execute call) Jul-Oct 2025
avalanche,0x7618007bfec60ecc1cbac9ecd340350e4037bebf,0xce54c175880ff4edaa5d80b2dc66dda0e34a36ac,campaign_1,blacklist target of hardcoded manager (Execute call) Jul-Oct 2025
avalanche,0x761a8e7140923c73c8921c5d7060e07e5bc79600,0xce54c175880ff4edaa5d80b2dc66dda0e34a36ac,campaign_1,blacklist target of hardcoded manager (Execute call) Jul-Oct 2025
avalanche,0x761b73f113ce60d647a595a93a140c552afe9822,0xce54c175880ff4edaa5d80b2dc66dda0e34a36ac,campaign_1,blacklist target of hardcoded manager (Execute call) Jul-Oct 2025
avalanche,0x7623bb3436ee2efd45739edc7199c2a8612f09ce,0xce54c175880ff4edaa5d80b2dc66dda0e34a36ac,campaign_1,blacklist target of hardcoded manager (Execute call) Jul-Oct 2025
avalanche,0x762b86274d3a212f7f5ebaa81f4e5f349f18406c,0xce54c175880ff4edaa5d80b2dc66dda0e34a36ac,campaign_1,blacklist target of hardcoded manager (Execute call) Jul-Oct 2025
avalanche,0x7638a3dad6df2d034fce7b4637acee50167eb264,0xce54c175880ff4edaa5d80b2dc66dda0e34a36ac,campaign_1,blacklist target of hardcoded manager (Execute call) Jul-Oct 2025
avalanche,0x7643a9b43ca7d353a126c25afb2ae7fca562566f,0xce54c175880ff4edaa5d80b2dc66dda0e34a36ac,campaign_1,blacklist target of hardcoded manager (Execute call) Jul-Oct 2025
avalanche,0x76568146c829a8a187e396ae95afa6f459ec2ab4,0xce54c175880ff4edaa5d80b2dc66dda0e34a36ac,campaign_1,blacklist target of hardcoded manager (Execute call) Jul-Oct 2025
avalanche,0x7656cb6ee0b787207ca7ca99745150be13d3e32f,0xce54c175880ff4edaa5d80b2dc66dda0e34a36ac,campaign_1,blacklist target of hardcoded manager (Execute call) Jul-Oct 2025
avalanche,0x7660c4f92abd02f2b5c538df5b070e0c6f03a11f,0xce54c175880ff4edaa5d80b2dc66dda0e34a36ac,campaign_1,blacklist target of hardcoded manager (Execute call) Jul-Oct 2025
avalanche,0x7672d8365fd073dccc3dec7db83f5f1b5702d44d,0xce54c175880ff4edaa5d80b2dc66dda0e34a36ac,campaign_1,blacklist target of hardcoded manager (Execute call) Jul-Oct 2025
avalanche,0x768deaa9401127931f0f08e7582549f95da20b56,0xce54c175880ff4edaa5d80b2dc66dda0e34a36ac,campaign_1,blacklist target of hardcoded manager (Execute call) Jul-Oct 2025
avalanche,0x76953ab7701e436e623d6d44675a28688987c1bb,0xce54c175880ff4edaa5d80b2dc66dda0e34a36ac,campaign_1,blacklist target of hardcoded manager (Execute call) Jul-Oct 2025
avalanche,0x7696d212e0177315ecf0136c7f67264a31eeaa54,0xce54c175880ff4edaa5d80b2dc66dda0e34a36ac,campaign_1,blacklist target of hardcoded manager (Execute call) Jul-Oct 2025
avalanche,0x7697c8cf0c37dfb00bf6b3289559d11bad25c259,0xce54c175880ff4edaa5d80b2dc66dda0e34a36ac,campaign_1,blacklist target of hardcoded manager (Execute call) Jul-Oct 2025
avalanche,0x7698baf7dba9b6e8508d3a6b0b9ae20d4688c86b,0xce54c175880ff4edaa5d80b2dc66dda0e34a36ac,campaign_1,blacklist target of hardcoded manager (Execute call) Jul-Oct 2025
avalanche,0x76993723f49318fa6365b234623724a97f4d6855,0xce54c175880ff4edaa5d80b2dc66dda0e34a36ac,campaign_1,blacklist target of hardcoded manager (Execute call) Jul-Oct 2025
avalanche,0x76b68667d63c2c2da8e4e2e9c4dad9da7cd391ee,0xce54c175880ff4edaa5d80b2dc66dda0e34a36ac,campaign_1,blacklist target of hardcoded manager (Execute call) Jul-Oct 2025
avalanche,0x76d7ac1a5ecaabc9d45d40c0dcbfa1abce571e12,0xce54c175880ff4edaa5d80b2dc66dda0e34a36ac,campaign_1,blacklist target of hardcoded manager (Execute call) Jul-Oct 2025
avalanche,0x76f03fe37b1290727c4af2551bbe9a40bad14911,0xce54c175880ff4edaa5d80b2dc66dda0e34a36ac,campaign_1,blacklist target of hardcoded manager (Execute call) Jul-Oct 2025
avalanche,0x770528d0df7115d42761d93836bf905df86fd8f7,0xce54c175880ff4edaa5d80b2dc66dda0e34a36ac,campaign_1,blacklist target of hardcoded manager (Execute call) Jul-Oct 2025
avalanche,0x771e3dfed73aca1c6d3232199c51797a7acac83b,0xce54c175880ff4edaa5d80b2dc66dda0e34a36ac,campaign_1,blacklist target of hardcoded manager (Execute call) Jul-Oct 2025
avalanche,0x77335a27794a10aaaced5db8d84cb1b5f8219e23,0xce54c175880ff4edaa5d80b2dc66dda0e34a36ac,campaign_1,blacklist target of hardcoded manager (Execute call) Jul-Oct 2025
avalanche,0x7737a1b52ce8910abeca40f45ebff3657744bcea,0xce54c175880ff4edaa5d80b2dc66dda0e34a36ac,campaign_1,blacklist target of hardcoded manager (Execute call) Jul-Oct 2025
avalanche,0x7750a544323d8416e79911ec84f82f74a3a77c8a,0xce54c175880ff4edaa5d80b2dc66dda0e34a36ac,campaign_1,blacklist target of hardcoded manager (Execute call) Jul-Oct 2025
avalanche,0x7754f367ecb214780486f7a600a36d030a9a494c,0xce54c175880ff4edaa5d80b2dc66dda0e34a36ac,campaign_1,blacklist target of hardcoded manager (Execute call) Jul-Oct 2025
avalanche,0x7767419874d5a35d389b44bb9fafa348e3b5d64a,0xce54c175880ff4edaa5d80b2dc66dda0e34a36ac,campaign_1,blacklist target of hardcoded manager (Execute call) Jul-Oct 2025
avalanche,0x779d2b2a13c22d890eec00528bf5e5ac1ed60775,0xce54c175880ff4edaa5d80b2dc66dda0e34a36ac,campaign_1,blacklist target of hardcoded manager (Execute call) Jul-Oct 2025
avalanche,0x77e1bcaa6adbab964807424204db150ce39a4a89,0xce54c175880ff4edaa5d80b2dc66dda0e34a36ac,campaign_1,blacklist target of hardcoded manager (Execute call) Jul-Oct 2025
avalanche,0x77e4f46ffa04ec5cb7f8a2edc76a41712fe35ad8,0xce54c175880ff4edaa5d80b2dc66dda0e34a36ac,campaign_1,blacklist target of hardcoded manager (Execute call) Jul-Oct 2025
avalanche,0x77e8aa501f1863189f072ce1d392257f9a1847a0,0xce54c175880ff4edaa5d80b2dc66dda0e34a36ac,campaign_1,blacklist target of hardcoded manager (Execute call) Jul-Oct 2025
avalanche,0x77f2f4e2300f6b343df403ededb09041dfd0aa6a,0xce54c175880ff4edaa5d80b2dc66dda0e34a36ac,campaign_1,blacklist target of hardcoded manager (Execute call) Jul-Oct 2025
avalanche,0x77f9ba7a1c059a13a47afca4818eafaa1762f3f2,0xce54c175880ff4edaa5d80b2dc66dda0e34a36ac,campaign_1,blacklist target of hardcoded manager (Execute call) Jul-Oct 2025
avalanche,0x7818fb9e0af04122dec2650c6eb0969876499614,0xce54c175880ff4edaa5d80b2dc66dda0e34a36ac,campaign_1,blacklist target of hardcoded manager (Execute call) Jul-Oct 2025
avalanche,0x781a4752462962b7db5dc73ad9dd8e34b4ac4561,0xce54c175880ff4edaa5d80b2dc66dda0e34a36ac,campaign_1,blacklist target of hardcoded manager (Execute call) Jul-Oct 2025
avalanche,0x781b47ec4d0d6a07a40d4fe3888097f8ea2e6635,0xce54c175880ff4edaa5d80b2dc66dda0e34a36ac,campaign_1,blacklist target of hardcoded manager (Execute call) Jul-Oct 2025
avalanche,0x7831809888a7e60c06c3a190d5c08c1d7f58e944,0xce54c175880ff4edaa5d80b2dc66dda0e34a36ac,campaign_1,blacklist target of hardcoded manager (Execute call) Jul-Oct 2025
avalanche,0x783365eea50196d0bfb010569c66efb6aaf5b1a8,0xce54c175880ff4edaa5d80b2dc66dda0e34a36ac,campaign_1,blacklist target of hardcoded manager (Execute call) Jul-Oct 2025
avalanche,0x78366f7ce861bcfbd21f10ab66ffdceeb0f6d8ef,0xce54c175880ff4edaa5d80b2dc66dda0e34a36ac,campaign_1,blacklist target of hardcoded manager (Execute call) Jul-Oct 2025
avalanche,0x783e2a5c414560a82f7c32e790a7ba8d7adb697f,0xce54c175880ff4edaa5d80b2dc66dda0e34a36ac,campaign_1,blacklist target of hardcoded manager (Execute call) Jul-Oct 2025
avalanche,0x787bc4717b2eea2ad5a638b8b6b1da973ab41e58,0xce54c175880ff4edaa5d80b2dc66dda0e34a36ac,campaign_1,blacklist target of hardcoded manager (Execute call) Jul-Oct 2025
avalanche,0x787d0dc5f78e3e97b58de4d676c15f291058004d,0xce54c175880ff4edaa5d80b2dc66dda0e34a36ac,campaign_1,blacklist target of hardcoded manager (Execute call) Jul-Oct 2025
avalanche,0x787f46f477c62dfdefdc1891534b8e87a878e08c,0xce54c175880ff4edaa5d80b2dc66dda0e34a36ac,campaign_1,blacklist target of hardcoded manager (Execute call) Jul-Oct 2025
avalanche,0x78d125efd2e74ef0ea719b675271b4a11a9d6555,0xce54c175880ff4edaa5d80b2dc66dda0e34a36ac,campaign_1,blacklist target of hardcoded manager (Execute call) Jul-Oct 2025
avalanche,0x78d80790e29c865bb0f17f09115f2b2c7bc631ec,0xce54c175880ff4edaa5d80b2dc66dda0e34a36ac,campaign_1,blacklist target of hardcoded manager (Execute call) Jul-Oct 2025
avalanche,0x78e08d2106e2ae4829316a4be4fa3a4eef32f425,0xce54c175880ff4edaa5d80b2dc66dda0e34a36ac,campaign_1,blacklist target of hardcoded manager (Execute call) Jul-Oct 2025
avalanche,0x78e3548f3a267a2995c234dfc2fdfdd39568a447,0xce54c175880ff4edaa5d80b2dc66dda0e34a36ac,campaign_1,blacklist target of hardcoded manager (Execute call) Jul-Oct 2025
avalanche,0x78ef3adf7a6a402c7b2b3a048e721c7fb538fa50,0xce54c175880ff4edaa5d80b2dc66dda0e34a36ac,campaign_1,blacklist target of hardcoded manager (Execute call) Jul-Oct 2025
avalanche,0x78f49e521782e11fc83ebe726a9eac4f9cc268d0,0xce54c175880ff4edaa5d80b2dc66dda0e34a36ac,campaign_1,blacklist target of hardcoded manager (Execute call) Jul-Oct 2025
avalanche,0x78fb973e1ca950bf028b44660146235638f3baeb,0xce54c175880ff4edaa5d80b2dc66dda0e34a36ac,campaign_1,blacklist target of hardcoded manager (Execute call) Jul-Oct 2025
avalanche,0x78fdc74d92b8806284f20e9f5716f8ae4754adce,0xce54c175880ff4edaa5d80b2dc66dda0e34a36ac,campaign_1,blacklist target of hardcoded manager (Execute call) Jul-Oct 2025
avalanche,0x7901ac90c80e73bc7f09d8063cc605b9fe1d789e,0xce54c175880ff4edaa5d80b2dc66dda0e34a36ac,campaign_1,blacklist target of hardcoded manager (Execute call) Jul-Oct 2025
avalanche,0x791870ddcdb24da604edb7b169c76fc57504c395,0xce54c175880ff4edaa5d80b2dc66dda0e34a36ac,campaign_1,blacklist target of hardcoded manager (Execute call) Jul-Oct 2025
avalanche,0x792d5259e5e7b9ce637a417137a183406c9e1c97,0xce54c175880ff4edaa5d80b2dc66dda0e34a36ac,campaign_1,blacklist target of hardcoded manager (Execute call) Jul-Oct 2025
avalanche,0x795180f0958550c2fb6963c1feac2b7255983b69,0xce54c175880ff4edaa5d80b2dc66dda0e34a36ac,campaign_1,blacklist target of hardcoded manager (Execute call) Jul-Oct 2025
avalanche,0x79815102079492503bd13438266056a5c7343d51,0xce54c175880ff4edaa5d80b2dc66dda0e34a36ac,campaign_1,blacklist target of hardcoded manager (Execute call) Jul-Oct 2025
avalanche,0x7985cb32fcf20d35562fef6704f58e4b744d17cb,0xce54c175880ff4edaa5d80b2dc66dda0e34a36ac,campaign_1,blacklist target of hardcoded manager (Execute call) Jul-Oct 2025
avalanche,0x798b4bedbd1748fcb6b715ad48f76d37dd255310,0xce54c175880ff4edaa5d80b2dc66dda0e34a36ac,campaign_1,blacklist target of hardcoded manager (Execute call) Jul-Oct 2025
avalanche,0x798c29c00a6d8691e966b9b69d85989f0e3ad553,0xce54c175880ff4edaa5d80b2dc66dda0e34a36ac,campaign_1,blacklist target of hardcoded manager (Execute call) Jul-Oct 2025
avalanche,0x798f24d8c7198739c72a188e13e1f43094b24442,0xce54c175880ff4edaa5d80b2dc66dda0e34a36ac,campaign_1,blacklist target of hardcoded manager (Execute call) Jul-Oct 2025
avalanche,0x799b1e27e18dc54a8610cc5951c2fb9063eecb4b,0xce54c175880ff4edaa5d80b2dc66dda0e34a36ac,campaign_1,blacklist target of hardcoded manager (Execute call) Jul-Oct 2025
avalanche,0x79a4ced83e7e005702cc2746719cd3c1776f0119,0xce54c175880ff4edaa5d80b2dc66dda0e34a36ac,campaign_1,blacklist target of hardcoded manager (Execute call) Jul-Oct 2025
avalanche,0x79a7c81da7486df0491bfc4d135c23b8a06211c4,0xce54c175880ff4edaa5d80b2dc66dda0e34a36ac,campaign_1,blacklist target of hardcoded manager (Execute call) Jul-Oct 2025
avalanche,0x79a9c58a5ec3c97b89697121c082a1f52f0e3180,0xce54c175880ff4edaa5d80b2dc66dda0e34a36ac,campaign_1,blacklist target of hardcoded manager (Execute call) Jul-Oct 2025
avalanche,0x79b6f99615a341ba0a4525bfc66fe008d5095660,0xce54c175880ff4edaa5d80b2dc66dda0e34a36ac,campaign_1,blacklist target of hardcoded manager (Execute call) Jul-Oct 2025
avalanche,0x79c336c1ab6c04070167681ecd40b3be4756d12e,0xce54c175880ff4edaa5d80b2dc66dda0e34a36ac,campaign_1,blacklist target of hardcoded manager (Execute call) Jul-Oct 2025
avalanche,0x79d3c5dfd557098552df5c828e4fd6e6fb60d9c0,0xce54c175880ff4edaa5d80b2dc66dda0e34a36ac,campaign_1,blacklist target of hardcoded manager (Execute call) Jul-Oct 2025
avalanche,0x7a0e36db8a3ca0cdee9ae15424c4ea5ee767a7ff,0xce54c175880ff4edaa5d80b2dc66dda0e34a36ac,campaign_1,blacklist target of hardcoded manager (Execute call) Jul-Oct 2025
avalanche,0x7a19c5906fc3338344634740a0441e47d1dd4d42,0xce54c175880ff4edaa5d80b2dc66dda0e34a36ac,campaign_1,blacklist target of hardcoded manager (Execute call) Jul-Oct 2025
avalanche,0x7a3accdbf1dc6840917bfbf87a50b99a717bfa43,0xce54c175880ff4edaa5d80b2dc66dda0e34a36ac,campaign_1,blacklist target of hardcoded manager (Execute call) Jul-Oct 2025
avalanche,0x7a3d35256adaa25b5899c349c0a5c6f6c73cbaca,0xce54c175880ff4edaa5d80b2dc66dda0e34a36ac,campaign_1,blacklist target of hardcoded manager (Execute call) Jul-Oct 2025
avalanche,0x7a48869a68397b036eefe9efbe02d42fb17dad97,0xce54c175880ff4edaa5d80b2dc66dda0e34a36ac,campaign_1,blacklist target of hardcoded manager (Execute call) Jul-Oct 2025
avalanche,0x7a65346d050027f70cb37baf42fb41cbe6de1f54,0xce54c175880ff4edaa5d80b2dc66dda0e34a36ac,campaign_1,blacklist target of hardcoded manager (Execute call) Jul-Oct 2025
avalanche,0x7a734dc6465748320ac7829debeab67c9138690e,0xce54c175880ff4edaa5d80b2dc66dda0e34a36ac,campaign_1,blacklist target of hardcoded manager (Execute call) Jul-Oct 2025
avalanche,0x7a7cd54d20a4406ba14f898f73d618fe1a245ce2,0xce54c175880ff4edaa5d80b2dc66dda0e34a36ac,campaign_1,blacklist target of hardcoded manager (Execute call) Jul-Oct 2025
avalanche,0x7ac9f98cb2def2b6b4a329c08c8d0721096d1108,0xce54c175880ff4edaa5d80b2dc66dda0e34a36ac,campaign_1,blacklist target of hardcoded manager (Execute call) Jul-Oct 2025
avalanche,0x7ad7ce13e4154d5e34d0b3f22a73be0e3539c08b,0xce54c175880ff4edaa5d80b2dc66dda0e34a36ac,campaign_1,blacklist target of hardcoded manager (Execute call) Jul-Oct 2025
avalanche,0x7adeaa156dfddde056ab592b25eeecc95d3a8488,0xce54c175880ff4edaa5d80b2dc66dda0e34a36ac,campaign_1,blacklist target of hardcoded manager (Execute call) Jul-Oct 2025
avalanche,0x7ae4d8a2cc1148dc6bc4a7408cdbe717ae2a36c6,0xce54c175880ff4edaa5d80b2dc66dda0e34a36ac,campaign_1,blacklist target of hardcoded manager (Execute call) Jul-Oct 2025
avalanche,0x7ae8f899bc94bb9bc5ca521016635d85854f912c,0xce54c175880ff4edaa5d80b2dc66dda0e34a36ac,campaign_1,blacklist target of hardcoded manager (Execute call) Jul-Oct 2025
avalanche,0x7ae9f88f157a485593e6cecc52278b4ae06ab14e,0xce54c175880ff4edaa5d80b2dc66dda0e34a36ac,campaign_1,blacklist target of hardcoded manager (Execute call) Jul-Oct 2025
avalanche,0x7afb6e767b5bc4c50bfe4dcbc20f91132587e220,0xce54c175880ff4edaa5d80b2dc66dda0e34a36ac,campaign_1,blacklist target of hardcoded manager (Execute call) Jul-Oct 2025
avalanche,0x7b04537a397cb45d02de56271608ddedead05c92,0xce54c175880ff4edaa5d80b2dc66dda0e34a36ac,campaign_1,blacklist target of hardcoded manager (Execute call) Jul-Oct 2025
avalanche,0x7b0a1ccb99cc2c3d19f85ff7cf3925ec2302a5fa,0xce54c175880ff4edaa5d80b2dc66dda0e34a36ac,campaign_1,blacklist target of hardcoded manager (Execute call) Jul-Oct 2025
avalanche,0x7b115947a90befd2b40388f6efe22cddf6ec20b8,0xce54c175880ff4edaa5d80b2dc66dda0e34a36ac,campaign_1,blacklist target of hardcoded manager (Execute call) Jul-Oct 2025
avalanche,0x7b4281bfb59cf67b52d78c4a7cfcf7513e21aab5,0xce54c175880ff4edaa5d80b2dc66dda0e34a36ac,campaign_1,blacklist target of hardcoded manager (Execute call) Jul-Oct 2025
avalanche,0x7b48a0e54fc48146036ac9a39fb06e159003e1d0,0xce54c175880ff4edaa5d80b2dc66dda0e34a36ac,campaign_1,blacklist target of hardcoded manager (Execute call) Jul-Oct 2025
avalanche,0x7b50a32d05529f7adb09bc1879e8c37809a20887,0xce54c175880ff4edaa5d80b2dc66dda0e34a36ac,campaign_1,blacklist target of hardcoded manager (Execute call) Jul-Oct 2025
avalanche,0x7b6734f5dbe3b103b2fd9ff192f139fffdac1a9b,0xce54c175880ff4edaa5d80b2dc66dda0e34a36ac,campaign_1,blacklist target of hardcoded manager (Execute call) Jul-Oct 2025
avalanche,0x7b702efaf1a2125c821d0685f77e4ee43b198a44,0xce54c175880ff4edaa5d80b2dc66dda0e34a36ac,campaign_1,blacklist target of hardcoded manager (Execute call) Jul-Oct 2025
avalanche,0x7b8376656bf09443353c6fe7a2c4e3ba32dafbdd,0xce54c175880ff4edaa5d80b2dc66dda0e34a36ac,campaign_1,blacklist target of hardcoded manager (Execute call) Jul-Oct 2025
avalanche,0x7b8bbca15f3deb0ab8be39ac62857d933a3b8dd3,0xce54c175880ff4edaa5d80b2dc66dda0e34a36ac,campaign_1,blacklist target of hardcoded manager (Execute call) Jul-Oct 2025
avalanche,0x7ba7a95bb1af91dba7271fd3148ff604dc8f3e23,0xce54c175880ff4edaa5d80b2dc66dda0e34a36ac,campaign_1,blacklist target of hardcoded manager (Execute call) Jul-Oct 2025
avalanche,0x7baa4458b841dbafec537e1f2215acc50dea39b7,0xce54c175880ff4edaa5d80b2dc66dda0e34a36ac,campaign_1,blacklist target of hardcoded manager (Execute call) Jul-Oct 2025
avalanche,0x7bca2f7e80f51ab81bc3ecae8c1bb06749a380b1,0xce54c175880ff4edaa5d80b2dc66dda0e34a36ac,campaign_1,blacklist target of hardcoded manager (Execute call) Jul-Oct 2025
avalanche,0x7bcb09d4526244fd6558482f2c919aa4008365aa,0xce54c175880ff4edaa5d80b2dc66dda0e34a36ac,campaign_1,blacklist target of hardcoded manager (Execute call) Jul-Oct 2025
avalanche,0x7bcbf7103d7882dceb576be2c1497b87f7d8b272,0xce54c175880ff4edaa5d80b2dc66dda0e34a36ac,campaign_1,blacklist target of hardcoded manager (Execute call) Jul-Oct 2025
avalanche,0x7bccdd143a9ca21024123675870624c531a8a6cc,0xce54c175880ff4edaa5d80b2dc66dda0e34a36ac,campaign_1,blacklist target of hardcoded manager (Execute call) Jul-Oct 2025
avalanche,0x7bd0de2494a16a3677b63e4f11ffde3462a23c1d,0xce54c175880ff4edaa5d80b2dc66dda0e34a36ac,campaign_1,blacklist target of hardcoded manager (Execute call) Jul-Oct 2025
avalanche,0x7bd2ddcb192b7bb577ae901edf82dd297a9bbe76,0xce54c175880ff4edaa5d80b2dc66dda0e34a36ac,campaign_1,blacklist target of hardcoded manager (Execute call) Jul-Oct 2025
avalanche,0x7be509ffa18823cbf8f4aff6526e09fb8e65e848,0xce54c175880ff4edaa5d80b2dc66dda0e34a36ac,campaign_1,blacklist target of hardcoded manager (Execute call) Jul-Oct 2025
avalanche,0x7be88aa97f36797de341fbc0a0337dd693cc0d78,0xce54c175880ff4edaa5d80b2dc66dda0e34a36ac,campaign_1,blacklist target of hardcoded manager (Execute call) Jul-Oct 2025
avalanche,0x7beee65087fecadc7e8e36864ba9faed6893c9be,0xce54c175880ff4edaa5d80b2dc66dda0e34a36ac,campaign_1,blacklist target of hardcoded manager (Execute call) Jul-Oct 2025
avalanche,0x7bfa169df6307032cac659ac513d0ed37a0c9a34,0xce54c175880ff4edaa5d80b2dc66dda0e34a36ac,campaign_1,blacklist target of hardcoded manager (Execute call) Jul-Oct 2025
avalanche,0x7bfae176c8ab2bd60f6099e8842034596fc8f038,0xce54c175880ff4edaa5d80b2dc66dda0e34a36ac,campaign_1,blacklist target of hardcoded manager (Execute call) Jul-Oct 2025
avalanche,0x7c08e17776a142b61a05e07a6131006b0c22f0b0,0xce54c175880ff4edaa5d80b2dc66dda0e34a36ac,campaign_1,blacklist target of hardcoded manager (Execute call) Jul-Oct 2025
avalanche,0x7c15087972aaa64d1e49f508cfa8e607b72f6888,0xce54c175880ff4edaa5d80b2dc66dda0e34a36ac,campaign_1,blacklist target of hardcoded manager (Execute call) Jul-Oct 2025
avalanche,0x7c3c62cc39cf50e40840af553f5ff2a150cdcab6,0xce54c175880ff4edaa5d80b2dc66dda0e34a36ac,campaign_1,blacklist target of hardcoded manager (Execute call) Jul-Oct 2025
avalanche,0x7c4fe2975c4ca56bc70ed50b02968d653c0a0606,0xce54c175880ff4edaa5d80b2dc66dda0e34a36ac,campaign_1,blacklist target of hardcoded manager (Execute call) Jul-Oct 2025
avalanche,0x7c678b63dd6a8bdbe582b108dc985e92b8250a7d,0xce54c175880ff4edaa5d80b2dc66dda0e34a36ac,campaign_1,blacklist target of hardcoded manager (Execute call) Jul-Oct 2025
avalanche,0x7c6b011630d8ce3e6aca2ade0f253ea6ecbd1122,0xce54c175880ff4edaa5d80b2dc66dda0e34a36ac,campaign_1,blacklist target of hardcoded manager (Execute call) Jul-Oct 2025
avalanche,0x7c79660efe3f8436c28b7b5f1994109d4be3afff,0xce54c175880ff4edaa5d80b2dc66dda0e34a36ac,campaign_1,blacklist target of hardcoded manager (Execute call) Jul-Oct 2025
avalanche,0x7c79773294b78ab430aa652b656fa3e384fb6cf7,0xce54c175880ff4edaa5d80b2dc66dda0e34a36ac,campaign_1,blacklist target of hardcoded manager (Execute call) Jul-Oct 2025
avalanche,0x7c820098792b02bd8dfc1852272271a9fe61ae5b,0xce54c175880ff4edaa5d80b2dc66dda0e34a36ac,campaign_1,blacklist target of hardcoded manager (Execute call) Jul-Oct 2025
avalanche,0x7c9c8163db34d1b6cf4ef14cb0d6b5b644f7bca7,0xce54c175880ff4edaa5d80b2dc66dda0e34a36ac,campaign_1,blacklist target of hardcoded manager (Execute call) Jul-Oct 2025
avalanche,0x7caa358b4b79088e773dfb456c0c2c60b771272b,0xce54c175880ff4edaa5d80b2dc66dda0e34a36ac,campaign_1,blacklist target of hardcoded manager (Execute call) Jul-Oct 2025
avalanche,0x7caab118c1198dd305a6fe66862273d707e2597c,0xce54c175880ff4edaa5d80b2dc66dda0e34a36ac,campaign_1,blacklist target of hardcoded manager (Execute call) Jul-Oct 2025
avalanche,0x7cc293c0d5816033485f6c83be92ac0e70929eb2,0xce54c175880ff4edaa5d80b2dc66dda0e34a36ac,campaign_1,blacklist target of hardcoded manager (Execute call) Jul-Oct 2025
avalanche,0x7ce505b5f34cdb62def5450aefabf88255a31596,0xce54c175880ff4edaa5d80b2dc66dda0e34a36ac,campaign_1,blacklist target of hardcoded manager (Execute call) Jul-Oct 2025
avalanche,0x7ce7145e6a58ce579f7e8568f00a6d24158ca699,0xce54c175880ff4edaa5d80b2dc66dda0e34a36ac,campaign_1,blacklist target of hardcoded manager (Execute call) Jul-Oct 2025
avalanche,0x7ce8f84b71d5cfae183ddd14dfa7bcf2660899bd,0xce54c175880ff4edaa5d80b2dc66dda0e34a36ac,campaign_1,blacklist target of hardcoded manager (Execute call) Jul-Oct 2025
avalanche,0x7ceb7f01756515a7be66f56bcbf66234839ab1e0,0xce54c175880ff4edaa5d80b2dc66dda0e34a36ac,campaign_1,blacklist target of hardcoded manager (Execute call) Jul-Oct 2025
avalanche,0x7cf07d9220f221d8a0957e20c69ae28c34cb4ab6,0xce54c175880ff4edaa5d80b2dc66dda0e34a36ac,campaign_1,blacklist target of hardcoded manager (Execute call) Jul-Oct 2025
avalanche,0x7cf1782631b00d24ee57af99400c908ce9433fb6,0xce54c175880ff4edaa5d80b2dc66dda0e34a36ac,campaign_1,blacklist target of hardcoded manager (Execute call) Jul-Oct 2025
avalanche,0x7d106ad33f6086bace088e6cdc8fa5f2eb23ddeb,0xce54c175880ff4edaa5d80b2dc66dda0e34a36ac,campaign_1,blacklist target of hardcoded manager (Execute call) Jul-Oct 2025
avalanche,0x7d1c1356046f60f7994ed843d1cde45b83feb40f,0xce54c175880ff4edaa5d80b2dc66dda0e34a36ac,campaign_1,blacklist target of hardcoded manager (Execute call) Jul-Oct 2025
avalanche,0x7d2286a3c32f62be5915c8b4338d9c7301b76e57,0xce54c175880ff4edaa5d80b2dc66dda0e34a36ac,campaign_1,blacklist target of hardcoded manager (Execute call) Jul-Oct 2025
avalanche,0x7d22c9c8e6317004610b07e617c22718cd108667,0xce54c175880ff4edaa5d80b2dc66dda0e34a36ac,campaign_1,blacklist target of hardcoded manager (Execute call) Jul-Oct 2025
avalanche,0x7d24555660dc0defeba8bb621fd0453d2abe5875,0xce54c175880ff4edaa5d80b2dc66dda0e34a36ac,campaign_1,blacklist target of hardcoded manager (Execute call) Jul-Oct 2025
avalanche,0x7d2e2969ef44e65c7ba1cd85c76e29b15c6cf46b,0xce54c175880ff4edaa5d80b2dc66dda0e34a36ac,campaign_1,blacklist target of hardcoded manager (Execute call) Jul-Oct 2025
avalanche,0x7d30f71683517f1e11b6df9a2a9f3aef4b4726d9,0xce54c175880ff4edaa5d80b2dc66dda0e34a36ac,campaign_1,blacklist target of hardcoded manager (Execute call) Jul-Oct 2025
avalanche,0x7d361cf4ea517493c3ab04e09d6446a43ad97a5c,0xce54c175880ff4edaa5d80b2dc66dda0e34a36ac,campaign_1,blacklist target of hardcoded manager (Execute call) Jul-Oct 2025
avalanche,0x7d4b904733be6e95d57a03604412379b5932ce65,0xce54c175880ff4edaa5d80b2dc66dda0e34a36ac,campaign_1,blacklist target of hardcoded manager (Execute call) Jul-Oct 2025
avalanche,0x7d53511cfd6c1b285d2e09ad0dc2b47e4063b0f5,0xce54c175880ff4edaa5d80b2dc66dda0e34a36ac,campaign_1,blacklist target of hardcoded manager (Execute call) Jul-Oct 2025
avalanche,0x7d706541368cc1d97fb027e25da16646bf581ec6,0xce54c175880ff4edaa5d80b2dc66dda0e34a36ac,campaign_1,blacklist target of hardcoded manager (Execute call) Jul-Oct 2025
avalanche,0x7d828ebbed0f7b2d85258fc0a4ce7b3cca5855b4,0xce54c175880ff4edaa5d80b2dc66dda0e34a36ac,campaign_1,blacklist target of hardcoded manager (Execute call) Jul-Oct 2025
avalanche,0x7d8cde66281a7f28f37c40ae8cd715adc28e5d3d,0xce54c175880ff4edaa5d80b2dc66dda0e34a36ac,campaign_1,blacklist target of hardcoded manager (Execute call) Jul-Oct 2025
avalanche,0x7d94871a68f4621079f31b67f1862e26b2ab6ccb,0xce54c175880ff4edaa5d80b2dc66dda0e34a36ac,campaign_1,blacklist target of hardcoded manager (Execute call) Jul-Oct 2025
avalanche,0x7d99a2060d058eba821d686f3b17b98f795e786b,0xce54c175880ff4edaa5d80b2dc66dda0e34a36ac,campaign_1,blacklist target of hardcoded manager (Execute call) Jul-Oct 2025
avalanche,0x7d9c4b77bfc87e1af59e145366ac289a28a19fa5,0xce54c175880ff4edaa5d80b2dc66dda0e34a36ac,campaign_1,blacklist target of hardcoded manager (Execute call) Jul-Oct 2025
avalanche,0x7da7e05d86abad44817cb8dad26358f84ed12dd1,0xce54c175880ff4edaa5d80b2dc66dda0e34a36ac,campaign_1,blacklist target of hardcoded manager (Execute call) Jul-Oct 2025
avalanche,0x7db24eba17c43d5d5b65716549c0ade2027301b5,0xce54c175880ff4edaa5d80b2dc66dda0e34a36ac,campaign_1,blacklist target of hardcoded manager (Execute call) Jul-Oct 2025
avalanche,0x7db524f5178b9b6c58b2029fca8fe1b61058a79a,0xce54c175880ff4edaa5d80b2dc66dda0e34a36ac,campaign_1,blacklist target of hardcoded manager (Execute call) Jul-Oct 2025
avalanche,0x7db958ae964e6334021e5b017dd0434801235c3e,0xce54c175880ff4edaa5d80b2dc66dda0e34a36ac,campaign_1,blacklist target of hardcoded manager (Execute call) Jul-Oct 2025
avalanche,0x7dc7697ed3a90a47f0bf105d63869b86346f880b,0xce54c175880ff4edaa5d80b2dc66dda0e34a36ac,campaign_1,blacklist target of hardcoded manager (Execute call) Jul-Oct 2025
avalanche,0x7dc858bda78b53e0875d394dbb95108a588f358b,0xce54c175880ff4edaa5d80b2dc66dda0e34a36ac,campaign_1,blacklist target of hardcoded manager (Execute call) Jul-Oct 2025
avalanche,0x7dd9968773decf64e0a1b40517118734fae45475,0xce54c175880ff4edaa5d80b2dc66dda0e34a36ac,campaign_1,blacklist target of hardcoded manager (Execute call) Jul-Oct 2025
avalanche,0x7deca248cddafa25f1bf72562a0e00b3f26d9e7c,0xce54c175880ff4edaa5d80b2dc66dda0e34a36ac,campaign_1,blacklist target of hardcoded manager (Execute call) Jul-Oct 2025
avalanche,0x7e06f73260e8ecb17749f4e37975dedca7362ba4,0xce54c175880ff4edaa5d80b2dc66dda0e34a36ac,campaign_1,blacklist target of hardcoded manager (Execute call) Jul-Oct 2025
avalanche,0x7e0c4facb049cfaaa181717cb9dd81804ed13f2b,0xce54c175880ff4edaa5d80b2dc66dda0e34a36ac,campaign_1,blacklist target of hardcoded manager (Execute call) Jul-Oct 2025
avalanche,0x7e1a8b5096a27e11278638c8d5ba001d17e7f509,0xce54c175880ff4edaa5d80b2dc66dda0e34a36ac,campaign_1,blacklist target of hardcoded manager (Execute call) Jul-Oct 2025
avalanche,0x7e2a3b8aff8ee34fb17585a6111dabf6bc6bb3be,0xce54c175880ff4edaa5d80b2dc66dda0e34a36ac,campaign_1,blacklist target of hardcoded manager (Execute call) Jul-Oct 2025
avalanche,0x7e32ede1a35fb136d64980bb808f60b6726685c4,0xce54c175880ff4edaa5d80b2dc66dda0e34a36ac,campaign_1,blacklist target of hardcoded manager (Execute call) Jul-Oct 2025
avalanche,0x7e44c34f955874fd724167a6ec23bf9f91ec9327,0xce54c175880ff4edaa5d80b2dc66dda0e34a36ac,campaign_1,blacklist target of hardcoded manager (Execute call) Jul-Oct 2025
avalanche,0x7e729dcf61f29f29ffc0a8a874ead7167449dad3,0xce54c175880ff4edaa5d80b2dc66dda0e34a36ac,campaign_1,blacklist target of hardcoded manager (Execute call) Jul-Oct 2025
avalanche,0x7e79793011114e083db30f9390255ef1b4074711,0xce54c175880ff4edaa5d80b2dc66dda0e34a36ac,campaign_1,blacklist target of hardcoded manager (Execute call) Jul-Oct 2025
avalanche,0x7ead5fa46d528a7199344d0907ba60a916075486,0xce54c175880ff4edaa5d80b2dc66dda0e34a36ac,campaign_1,blacklist target of hardcoded manager (Execute call) Jul-Oct 2025
avalanche,0x7ebc5bd5aa70b338a62dd8db2d2034ae748c4985,0xce54c175880ff4edaa5d80b2dc66dda0e34a36ac,campaign_1,blacklist target of hardcoded manager (Execute call) Jul-Oct 2025
avalanche,0x7ec22cfa87c424081e6f358a9aa55745c73863f0,0xce54c175880ff4edaa5d80b2dc66dda0e34a36ac,campaign_1,blacklist target of hardcoded manager (Execute call) Jul-Oct 2025
avalanche,0x7eeba772f59930e1e7b873cd2654de275e54507a,0xce54c175880ff4edaa5d80b2dc66dda0e34a36ac,campaign_1,blacklist target of hardcoded manager (Execute call) Jul-Oct 2025
avalanche,0x7eed2860eaae73f51ad3f131093156999c31dc2e,0xce54c175880ff4edaa5d80b2dc66dda0e34a36ac,campaign_1,blacklist target of hardcoded manager (Execute call) Jul-Oct 2025
avalanche,0x7ef1d633c1a0e2a9da546331a12752549853579a,0xce54c175880ff4edaa5d80b2dc66dda0e34a36ac,campaign_1,blacklist target of hardcoded manager (Execute call) Jul-Oct 2025
avalanche,0x7ef721aaa6e6f923a07c283b1f1aff69de0be78b,0xce54c175880ff4edaa5d80b2dc66dda0e34a36ac,campaign_1,blacklist target of hardcoded manager (Execute call) Jul-Oct 2025
avalanche,0x7f03b0bc77fedbf36900aae73ef18d8da72a2e40,0xce54c175880ff4edaa5d80b2dc66dda0e34a36ac,campaign_1,blacklist target of hardcoded manager (Execute call) Jul-Oct 2025
avalanche,0x7f03c5a9a0848558583fb05d9eb5489dab666f3b,0xce54c175880ff4edaa5d80b2dc66dda0e34a36ac,campaign_1,blacklist target of hardcoded manager (Execute call) Jul-Oct 2025
avalanche,0x7f053d1a15abad1a5e4b25f5ab276fa9f79a3679,0xce54c175880ff4edaa5d80b2dc66dda0e34a36ac,campaign_1,blacklist target of hardcoded manager (Execute call) Jul-Oct 2025
avalanche,0x7f05a7c039979e0ebbd475298d86b3aad82d4a07,0xce54c175880ff4edaa5d80b2dc66dda0e34a36ac,campaign_1,blacklist target of hardcoded manager (Execute call) Jul-Oct 2025
avalanche,0x7f1c73251ac473782d260fe376a2d46e3f9fd65d,0xce54c175880ff4edaa5d80b2dc66dda0e34a36ac,campaign_1,blacklist target of hardcoded manager (Execute call) Jul-Oct 2025
avalanche,0x7f2039c0e6624316366f9108ca93e33a80c01230,0xce54c175880ff4edaa5d80b2dc66dda0e34a36ac,campaign_1,blacklist target of hardcoded manager (Execute call) Jul-Oct 2025
avalanche,0x7f4b33dbfab0e5293f0b6e7663e82ee37eabcdfe,0xce54c175880ff4edaa5d80b2dc66dda0e34a36ac,campaign_1,blacklist target of hardcoded manager (Execute call) Jul-Oct 2025
avalanche,0x7f548aa7942c1820265e38561f971c6a383b9bef,0xce54c175880ff4edaa5d80b2dc66dda0e34a36ac,campaign_1,blacklist target of hardcoded manager (Execute call) Jul-Oct 2025
avalanche,0x7f669c1641ca8674f349ce21e3383a591acbac24,0xce54c175880ff4edaa5d80b2dc66dda0e34a36ac,campaign_1,blacklist target of hardcoded manager (Execute call) Jul-Oct 2025
avalanche,0x7f72dffbef38a9318ba228c2887631bedadf4977,0xce54c175880ff4edaa5d80b2dc66dda0e34a36ac,campaign_1,blacklist target of hardcoded manager (Execute call) Jul-Oct 2025
avalanche,0x7f77c31978fbe300dac3dfb8c4086f06a607a895,0xce54c175880ff4edaa5d80b2dc66dda0e34a36ac,campaign_1,blacklist target of hardcoded manager (Execute call) Jul-Oct 2025
avalanche,0x7f977211bf6c053bf1215c53d088f9a3bd483bd4,0xce54c175880ff4edaa5d80b2dc66dda0e34a36ac,campaign_1,blacklist target of hardcoded manager (Execute call) Jul-Oct 2025
avalanche,0x7fa3d07cceb813590afe0c422cd215eb4ba7d121,0xce54c175880ff4edaa5d80b2dc66dda0e34a36ac,campaign_1,blacklist target of hardcoded manager (Execute call) Jul-Oct 2025
avalanche,0x7faa580e64ec8d9131cd4a6020ddda96e37fed5d,0xce54c175880ff4edaa5d80b2dc66dda0e34a36ac,campaign_1,blacklist target of hardcoded manager (Execute call) Jul-Oct 2025
avalanche,0x7fd35d6dc07cdb6042fa392d0d0398a3a5c87fbc,0xce54c175880ff4edaa5d80b2dc66dda0e34a36ac,campaign_1,blacklist target of hardcoded manager (Execute call) Jul-Oct 2025
avalanche,0x7fd4e952eccc8aeea583fc464ad26b345ef62a69,0xce54c175880ff4edaa5d80b2dc66dda0e34a36ac,campaign_1,blacklist target of hardcoded manager (Execute call) Jul-Oct 2025
avalanche,0x7fd6f679038680c2be7898c1c1f2240d88f653a2,0xce54c175880ff4edaa5d80b2dc66dda0e34a36ac,campaign_1,blacklist target of hardcoded manager (Execute call) Jul-Oct 2025
avalanche,0x8004a0b1981604608b9b4c0560adc47551bf3522,0xce54c175880ff4edaa5d80b2dc66dda0e34a36ac,campaign_1,blacklist target of hardcoded manager (Execute call) Jul-Oct 2025
avalanche,0x8012c52ed4391277aa7525f7437032566009d2c3,0xce54c175880ff4edaa5d80b2dc66dda0e34a36ac,campaign_1,blacklist target of hardcoded manager (Execute call) Jul-Oct 2025
avalanche,0x802da4552b7a2225c42612546c9ffa28df6818fa,0xce54c175880ff4edaa5d80b2dc66dda0e34a36ac,campaign_1,blacklist target of hardcoded manager (Execute call) Jul-Oct 2025
avalanche,0x8034cffd10f73fb90f9c80c516a6afeaae6c1ac7,0xce54c175880ff4edaa5d80b2dc66dda0e34a36ac,campaign_1,blacklist target of hardcoded manager (Execute call) Jul-Oct 2025
avalanche,0x8036e22d38970970b8bfc6ab30f2f97ee31053f7,0xce54c175880ff4edaa5d80b2dc66dda0e34a36ac,campaign_1,blacklist target of hardcoded manager (Execute call) Jul-Oct 2025
avalanche,0x80397551ecd0d3c376b9d98b6806ebc56cf94ed0,0xce54c175880ff4edaa5d80b2dc66dda0e34a36ac,campaign_1,blacklist target of hardcoded manager (Execute call) Jul-Oct 2025
avalanche,0x807707ccbdba65ec56fe4eee5be6893da998c210,0xce54c175880ff4edaa5d80b2dc66dda0e34a36ac,campaign_1,blacklist target of hardcoded manager (Execute call) Jul-Oct 2025
avalanche,0x8097a726fe714153b86ac98017f641538f3b00c2,0xce54c175880ff4edaa5d80b2dc66dda0e34a36ac,campaign_1,blacklist target of hardcoded manager (Execute call) Jul-Oct 2025
avalanche,0x80a85a5e2a5fb7b9ebb682747b277138f3b7fd70,0xce54c175880ff4edaa5d80b2dc66dda0e34a36ac,campaign_1,blacklist target of hardcoded manager (Execute call) Jul-Oct 2025
avalanche,0x80c0594a8c1a19a0a22ddc009ac1756a9fa8792e,0xce54c175880ff4edaa5d80b2dc66dda0e34a36ac,campaign_1,blacklist target of hardcoded manager (Execute call) Jul-Oct 2025
avalanche,0x80d12f28395e5acebec6a59940c973df106a7b3e,0xce54c175880ff4edaa5d80b2dc66dda0e34a36ac,campaign_1,blacklist target of hardcoded manager (Execute call) Jul-Oct 2025
avalanche,0x80d168a4fff53f741a40c57cb995c864ca99f831,0xce54c175880ff4edaa5d80b2dc66dda0e34a36ac,campaign_1,blacklist target of hardcoded manager (Execute call) Jul-Oct 2025
avalanche,0x80d3f00dbbccda4b4fee2a555c7e368b615f0219,0xce54c175880ff4edaa5d80b2dc66dda0e34a36ac,campaign_1,blacklist target of hardcoded manager (Execute call) Jul-Oct 2025
avalanche,0x80e037ac4e27d81901b24b7f85f8fb070d1a8720,0xce54c175880ff4edaa5d80b2dc66dda0e34a36ac,campaign_1,blacklist target of hardcoded manager (Execute call) Jul-Oct 2025
avalanche,0x80f1cd5ed4911a55e37bea063f8906191ab9440a,0xce54c175880ff4edaa5d80b2dc66dda0e34a36ac,campaign_1,blacklist target of hardcoded manager (Execute call) Jul-Oct 2025
avalanche,0x80f2e20368c30338ded7218ff6ab89f0f1025e23,0xce54c175880ff4edaa5d80b2dc66dda0e34a36ac,campaign_1,blacklist target of hardcoded manager (Execute call) Jul-Oct 2025
avalanche,0x80fa395be14152bf5a96e2d5fb1033550956946f,0xce54c175880ff4edaa5d80b2dc66dda0e34a36ac,campaign_1,blacklist target of hardcoded manager (Execute call) Jul-Oct 2025
avalanche,0x81121b9c1784e1985388843f0c9be262db4ffc13,0xce54c175880ff4edaa5d80b2dc66dda0e34a36ac,campaign_1,blacklist target of hardcoded manager (Execute call) Jul-Oct 2025
avalanche,0x8118eca722c9fb1448a38103cdc76fc32efbc5ab,0xce54c175880ff4edaa5d80b2dc66dda0e34a36ac,campaign_1,blacklist target of hardcoded manager (Execute call) Jul-Oct 2025
avalanche,0x81212f7fda9f530c8c1d99e410037b489797ede9,0xce54c175880ff4edaa5d80b2dc66dda0e34a36ac,campaign_1,blacklist target of hardcoded manager (Execute call) Jul-Oct 2025
avalanche,0x8137b3883274a4f038018ea112bfed4aba001698,0xce54c175880ff4edaa5d80b2dc66dda0e34a36ac,campaign_1,blacklist target of hardcoded manager (Execute call) Jul-Oct 2025
avalanche,0x813caec95e07f5e66d541ace0593cc964de39cc3,0xce54c175880ff4edaa5d80b2dc66dda0e34a36ac,campaign_1,blacklist target of hardcoded manager (Execute call) Jul-Oct 2025
avalanche,0x81443064ab4f5393b95f5954d84e12ba17cb1b45,0xce54c175880ff4edaa5d80b2dc66dda0e34a36ac,campaign_1,blacklist target of hardcoded manager (Execute call) Jul-Oct 2025
avalanche,0x81584c85ca64f6dde26d6e5fa42707fda7463fb5,0xce54c175880ff4edaa5d80b2dc66dda0e34a36ac,campaign_1,blacklist target of hardcoded manager (Execute call) Jul-Oct 2025
avalanche,0x816d424508f91e12347fcb9732aaea52a5a08fd3,0xce54c175880ff4edaa5d80b2dc66dda0e34a36ac,campaign_1,blacklist target of hardcoded manager (Execute call) Jul-Oct 2025
avalanche,0x8170101caca2166ab358d9dd286584e9e75fceae,0xce54c175880ff4edaa5d80b2dc66dda0e34a36ac,campaign_1,blacklist target of hardcoded manager (Execute call) Jul-Oct 2025
avalanche,0x81769934ee1495686c29f08f78d4807aac044c76,0xce54c175880ff4edaa5d80b2dc66dda0e34a36ac,campaign_1,blacklist target of hardcoded manager (Execute call) Jul-Oct 2025
avalanche,0x8178b743bcf6813abc94a6a2d8f0b6a2c0d44077,0xce54c175880ff4edaa5d80b2dc66dda0e34a36ac,campaign_1,blacklist target of hardcoded manager (Execute call) Jul-Oct 2025
avalanche,0x8180ce6e0344d93274e204e65523263715e263bd,0xce54c175880ff4edaa5d80b2dc66dda0e34a36ac,campaign_1,blacklist target of hardcoded manager (Execute call) Jul-Oct 2025
avalanche,0x818ec999bb482a469ec91a909d8a7029415e6692,0xce54c175880ff4edaa5d80b2dc66dda0e34a36ac,campaign_1,blacklist target of hardcoded manager (Execute call) Jul-Oct 2025
avalanche,0x81a171e3576469798186998cdb0fd865ba8c2cc4,0xce54c175880ff4edaa5d80b2dc66dda0e34a36ac,campaign_1,blacklist target of hardcoded manager (Execute call) Jul-Oct 2025
avalanche,0x81a364115d2a81e4e488948b5e1b0413ea0e5a1e,0xce54c175880ff4edaa5d80b2dc66dda0e34a36ac,campaign_1,blacklist target of hardcoded manager (Execute call) Jul-Oct 2025
avalanche,0x81ad6494cb6f1de93e3c803489c3bbc54370086b,0xce54c175880ff4edaa5d80b2dc66dda0e34a36ac,campaign_1,blacklist target of hardcoded manager (Execute call) Jul-Oct 2025
avalanche,0x81c48bfe63857b5bdcfe7d5475010c8037cdb713,0xce54c175880ff4edaa5d80b2dc66dda0e34a36ac,campaign_1,blacklist target of hardcoded manager (Execute call) Jul-Oct 2025
avalanche,0x81cdc9bdf478ecdab21bb18f81dad632376e888f,0xce54c175880ff4edaa5d80b2dc66dda0e34a36ac,campaign_1,blacklist target of hardcoded manager (Execute call) Jul-Oct 2025
avalanche,0x81f368ece291bcb07628cf5a799affddb1ecb0cd,0xce54c175880ff4edaa5d80b2dc66dda0e34a36ac,campaign_1,blacklist target of hardcoded manager (Execute call) Jul-Oct 2025
avalanche,0x81f88b898098699343f4d47a6331e9d8c047d548,0xce54c175880ff4edaa5d80b2dc66dda0e34a36ac,campaign_1,blacklist target of hardcoded manager (Execute call) Jul-Oct 2025
avalanche,0x81f94a6fc9ef79ab878f68c2d7d50d263484a6a0,0xce54c175880ff4edaa5d80b2dc66dda0e34a36ac,campaign_1,blacklist target of hardcoded manager (Execute call) Jul-Oct 2025
avalanche,0x820417430bbee640228acd4c24ab020b567ed28d,0xce54c175880ff4edaa5d80b2dc66dda0e34a36ac,campaign_1,blacklist target of hardcoded manager (Execute call) Jul-Oct 2025
avalanche,0x8205ed6454673f05a4f3658ca81833b685027ccd,0xce54c175880ff4edaa5d80b2dc66dda0e34a36ac,campaign_1,blacklist target of hardcoded manager (Execute call) Jul-Oct 2025
avalanche,0x82091b1ac0ff66a79d3402119a25adba42c4416c,0xce54c175880ff4edaa5d80b2dc66dda0e34a36ac,campaign_1,blacklist target of hardcoded manager (Execute call) Jul-Oct 2025
avalanche,0x820aedddf01ddae27b39fc664aa1997f7d02789a,0xce54c175880ff4edaa5d80b2dc66dda0e34a36ac,campaign_1,blacklist target of hardcoded manager (Execute call) Jul-Oct 2025
avalanche,0x82115218ed9d9e8c6325b2580d3a1e1a383fb93b,0xce54c175880ff4edaa5d80b2dc66dda0e34a36ac,campaign_1,blacklist target of hardcoded manager (Execute call) Jul-Oct 2025
avalanche,0x821154d495ce89370ce54e53b3f7f2996d94e1ed,0xce54c175880ff4edaa5d80b2dc66dda0e34a36ac,campaign_1,blacklist target of hardcoded manager (Execute call) Jul-Oct 2025
avalanche,0x82164057cea0e7ae326faa77a7649d317ef03980,0xce54c175880ff4edaa5d80b2dc66dda0e34a36ac,campaign_1,blacklist target of hardcoded manager (Execute call) Jul-Oct 2025
avalanche,0x82175272e64438e765b51dd0c6d17bea58c33408,0xce54c175880ff4edaa5d80b2dc66dda0e34a36ac,campaign_1,blacklist target of hardcoded manager (Execute call) Jul-Oct 2025
avalanche,0x824336be5c61d261ee0f4e86a1031f52f4f7a2fe,0xce54c175880ff4edaa5d80b2dc66dda0e34a36ac,campaign_1,blacklist target of hardcoded manager (Execute call) Jul-Oct 2025
avalanche,0x82454b88c6f3b7484922a52bbc348139b81f3088,0xce54c175880ff4edaa5d80b2dc66dda0e34a36ac,campaign_1,blacklist target of hardcoded manager (Execute call) Jul-Oct 2025
avalanche,0x8246012e72d30d38e7738639993137cd3d2073fa,0xce54c175880ff4edaa5d80b2dc66dda0e34a36ac,campaign_1,blacklist target of hardcoded manager (Execute call) Jul-Oct 2025
avalanche,0x82463f68f19f932f579119ab1ff9d07327af9796,0xce54c175880ff4edaa5d80b2dc66dda0e34a36ac,campaign_1,blacklist target of hardcoded manager (Execute call) Jul-Oct 2025
avalanche,0x8256053caa1b308c2e173cd493fc04893c45db85,0xce54c175880ff4edaa5d80b2dc66dda0e34a36ac,campaign_1,blacklist target of hardcoded manager (Execute call) Jul-Oct 2025
avalanche,0x82585c33513990be31f8ef763419beb97bb517d7,0xce54c175880ff4edaa5d80b2dc66dda0e34a36ac,campaign_1,blacklist target of hardcoded manager (Execute call) Jul-Oct 2025
avalanche,0x825f6dc7c5e851140207da90713b338cbd6efa9d,0xce54c175880ff4edaa5d80b2dc66dda0e34a36ac,campaign_1,blacklist target of hardcoded manager (Execute call) Jul-Oct 2025
avalanche,0x8260b31a38e230a9687fd8bc598affd23fabd2c3,0xce54c175880ff4edaa5d80b2dc66dda0e34a36ac,campaign_1,blacklist target of hardcoded manager (Execute call) Jul-Oct 2025
avalanche,0x8261653ccc166d71da5c161fb4fbca1488bdd525,0xce54c175880ff4edaa5d80b2dc66dda0e34a36ac,campaign_1,blacklist target of hardcoded manager (Execute call) Jul-Oct 2025
avalanche,0x82683590b08f40488621427b08054e53f21f41c9,0xce54c175880ff4edaa5d80b2dc66dda0e34a36ac,campaign_1,blacklist target of hardcoded manager (Execute call) Jul-Oct 2025
avalanche,0x82818db52390815be70187b6318c7859ef5a16e5,0xce54c175880ff4edaa5d80b2dc66dda0e34a36ac,campaign_1,blacklist target of hardcoded manager (Execute call) Jul-Oct 2025
avalanche,0x828ce4863eb398870c0c083e951c18c37bc2c711,0xce54c175880ff4edaa5d80b2dc66dda0e34a36ac,campaign_1,blacklist target of hardcoded manager (Execute call) Jul-Oct 2025
avalanche,0x828eee31ca5b33f7e751e17b0cd6625038527bdf,0xce54c175880ff4edaa5d80b2dc66dda0e34a36ac,campaign_1,blacklist target of hardcoded manager (Execute call) Jul-Oct 2025
avalanche,0x8291e5ccf81105c6e985edd4f187ce9d0a78c76e,0xce54c175880ff4edaa5d80b2dc66dda0e34a36ac,campaign_1,blacklist target of hardcoded manager (Execute call) Jul-Oct 2025
avalanche,0x829b5b8e9802aea1fc679d2f7a8ce27fd2efa543,0xce54c175880ff4edaa5d80b2dc66dda0e34a36ac,campaign_1,blacklist target of hardcoded manager (Execute call) Jul-Oct 2025
avalanche,0x82a2df3ca1472e59e7978e908b0df308c9f8b1f2,0xce54c175880ff4edaa5d80b2dc66dda0e34a36ac,campaign_1,blacklist target of hardcoded manager (Execute call) Jul-Oct 2025
avalanche,0x82af06f80a5267e4b597b3dd58618c6756668c9c,0xce54c175880ff4edaa5d80b2dc66dda0e34a36ac,campaign_1,blacklist target of hardcoded manager (Execute call) Jul-Oct 2025
avalanche,0x82b2b15fe10873383f18adf4c8479aa063a8f767,0xce54c175880ff4edaa5d80b2dc66dda0e34a36ac,campaign_1,blacklist target of hardcoded manager (Execute call) Jul-Oct 2025
avalanche,0x82c7679d13c2c65d955b3eaf42534995d40d1707,0xce54c175880ff4edaa5d80b2dc66dda0e34a36ac,campaign_1,blacklist target of hardcoded manager (Execute call) Jul-Oct 2025
avalanche,0x82c7d8edc19f47eb90d275ffe3c71c8ea8a5277a,0xce54c175880ff4edaa5d80b2dc66dda0e34a36ac,campaign_1,blacklist target of hardcoded manager (Execute call) Jul-Oct 2025
avalanche,0x82f110b41fef736811727977b6d23474583a2a50,0xce54c175880ff4edaa5d80b2dc66dda0e34a36ac,campaign_1,blacklist target of hardcoded manager (Execute call) Jul-Oct 2025
avalanche,0x830c03db4e13db0e4ed6ec7c8b12268952101448,0xce54c175880ff4edaa5d80b2dc66dda0e34a36ac,campaign_1,blacklist target of hardcoded manager (Execute call) Jul-Oct 2025
avalanche,0x83124db0269fca0343dd0f225f993a16c182141f,0xce54c175880ff4edaa5d80b2dc66dda0e34a36ac,campaign_1,blacklist target of hardcoded manager (Execute call) Jul-Oct 2025
avalanche,0x832a8cafc02c14675c1611b93d839fcb0bd4a718,0xce54c175880ff4edaa5d80b2dc66dda0e34a36ac,campaign_1,blacklist target of hardcoded manager (Execute call) Jul-Oct 2025
avalanche,0x832d0bc1ac1cff34bfca62715b09cc59b54d9425,0xce54c175880ff4edaa5d80b2dc66dda0e34a36ac,campaign_1,blacklist target of hardcoded manager (Execute call) Jul-Oct 2025
avalanche,0x83469e6ccb20fd8e93a4f048e89155c873041b77,0xce54c175880ff4edaa5d80b2dc66dda0e34a36ac,campaign_1,blacklist target of hardcoded manager (Execute call) Jul-Oct 2025
avalanche,0x834c9332aca6899a22e574bd1735c8d84739c7bc,0xce54c175880ff4edaa5d80b2dc66dda0e34a36ac,campaign_1,blacklist target of hardcoded manager (Execute call) Jul-Oct 2025
avalanche,0x83812b54defc9dad3868e23835fb7c6a20e37154,0xce54c175880ff4edaa5d80b2dc66dda0e34a36ac,campaign_1,blacklist target of hardcoded manager (Execute call) Jul-Oct 2025
avalanche,0x83a40c0ed18964fa3c0f80698357d3bec3524c0d,0xce54c175880ff4edaa5d80b2dc66dda0e34a36ac,campaign_1,blacklist target of hardcoded manager (Execute call) Jul-Oct 2025
avalanche,0x83a61e90aa60a8536e16db6cd9864c4f6de34ef8,0xce54c175880ff4edaa5d80b2dc66dda0e34a36ac,campaign_1,blacklist target of hardcoded manager (Execute call) Jul-Oct 2025
avalanche,0x83bee73906620aafb83946d3adcdf53d0b57c0d7,0xce54c175880ff4edaa5d80b2dc66dda0e34a36ac,campaign_1,blacklist target of hardcoded manager (Execute call) Jul-Oct 2025
avalanche,0x83dd614de21a7497da33f2ba0b90e2ac14bc2945,0xce54c175880ff4edaa5d80b2dc66dda0e34a36ac,campaign_1,blacklist target of hardcoded manager (Execute call) Jul-Oct 2025
avalanche,0x83df09b5a13bade1c27648c0dee04926da175b1d,0xce54c175880ff4edaa5d80b2dc66dda0e34a36ac,campaign_1,blacklist target of hardcoded manager (Execute call) Jul-Oct 2025
avalanche,0x83fc444b2327bd66d8d12a8a72dcc228715a3782,0xce54c175880ff4edaa5d80b2dc66dda0e34a36ac,campaign_1,blacklist target of hardcoded manager (Execute call) Jul-Oct 2025
avalanche,0x840ad46c74538b3ea663a8c1e410cd8e754f32e4,0xce54c175880ff4edaa5d80b2dc66dda0e34a36ac,campaign_1,blacklist target of hardcoded manager (Execute call) Jul-Oct 2025
avalanche,0x840ceb3832f2b77381f5ec3b683abbcde6245ab7,0xce54c175880ff4edaa5d80b2dc66dda0e34a36ac,campaign_1,blacklist target of hardcoded manager (Execute call) Jul-Oct 2025
avalanche,0x8434f5e68de5fe76b54add8b55aed626a09e32f9,0xce54c175880ff4edaa5d80b2dc66dda0e34a36ac,campaign_1,blacklist target of hardcoded manager (Execute call) Jul-Oct 2025
avalanche,0x843f86116fb91a9697bbf65a6d409ba5a88b48b3,0xce54c175880ff4edaa5d80b2dc66dda0e34a36ac,campaign_1,blacklist target of hardcoded manager (Execute call) Jul-Oct 2025
avalanche,0x84449635149a4cad4b37b75985b3b6ab5a5b2358,0xce54c175880ff4edaa5d80b2dc66dda0e34a36ac,campaign_1,blacklist target of hardcoded manager (Execute call) Jul-Oct 2025
avalanche,0x84651fbce0e5a8ec30cb00d874fed35fa3bf79ca,0xce54c175880ff4edaa5d80b2dc66dda0e34a36ac,campaign_1,blacklist target of hardcoded manager (Execute call) Jul-Oct 2025
avalanche,0x846a6d7dcd343f64a5ad5b09ee3a22ee76fb4355,0xce54c175880ff4edaa5d80b2dc66dda0e34a36ac,campaign_1,blacklist target of hardcoded manager (Execute call) Jul-Oct 2025
avalanche,0x8474cbca160d0ac4b45deadcb12773e7ab1c8d18,0xce54c175880ff4edaa5d80b2dc66dda0e34a36ac,campaign_1,blacklist target of hardcoded manager (Execute call) Jul-Oct 2025
avalanche,0x847bfff310ff1e22a960c75a991a55e2cf3fe221,0xce54c175880ff4edaa5d80b2dc66dda0e34a36ac,campaign_1,blacklist target of hardcoded manager (Execute call) Jul-Oct 2025
avalanche,0x84863e58b4e0a273d9a8168a61fe0b32ce592d4b,0xce54c175880ff4edaa5d80b2dc66dda0e34a36ac,campaign_1,blacklist target of hardcoded manager (Execute call) Jul-Oct 2025
avalanche,0x8491630e0b8d867efd89d686e060374dada641c2,0xce54c175880ff4edaa5d80b2dc66dda0e34a36ac,campaign_1,blacklist target of hardcoded manager (Execute call) Jul-Oct 2025
avalanche,0x849fb0113519af0a9d7fdb8f44b9762a3eddeba8,0xce54c175880ff4edaa5d80b2dc66dda0e34a36ac,campaign_1,blacklist target of hardcoded manager (Execute call) Jul-Oct 2025
avalanche,0x84a1a903cb6e5786ca8dd2f74d7306e7d2767eea,0xce54c175880ff4edaa5d80b2dc66dda0e34a36ac,campaign_1,blacklist target of hardcoded manager (Execute call) Jul-Oct 2025
avalanche,0x84ac4ed24de4794b58fabb13a03f3f129b26ea68,0xce54c175880ff4edaa5d80b2dc66dda0e34a36ac,campaign_1,blacklist target of hardcoded manager (Execute call) Jul-Oct 2025
avalanche,0x84b50d39507e0d411821229e496938533b9e439e,0xce54c175880ff4edaa5d80b2dc66dda0e34a36ac,campaign_1,blacklist target of hardcoded manager (Execute call) Jul-Oct 2025
avalanche,0x84c7d610b2b822116e4e454355b5197831e5990c,0xce54c175880ff4edaa5d80b2dc66dda0e34a36ac,campaign_1,blacklist target of hardcoded manager (Execute call) Jul-Oct 2025
avalanche,0x84c965c6371f7f9cec510f9971f91273cd93ce8e,0xce54c175880ff4edaa5d80b2dc66dda0e34a36ac,campaign_1,blacklist target of hardcoded manager (Execute call) Jul-Oct 2025
avalanche,0x84f29da3b378c99f7c98e82503837f27741b4e4d,0xce54c175880ff4edaa5d80b2dc66dda0e34a36ac,campaign_1,blacklist target of hardcoded manager (Execute call) Jul-Oct 2025
avalanche,0x85014850711261b32119a2aad6af6a94fa6cd890,0xce54c175880ff4edaa5d80b2dc66dda0e34a36ac,campaign_1,blacklist target of hardcoded manager (Execute call) Jul-Oct 2025
avalanche,0x85016db69316bee8a5f0b9bd0f9f57ddba497887,0xce54c175880ff4edaa5d80b2dc66dda0e34a36ac,campaign_1,blacklist target of hardcoded manager (Execute call) Jul-Oct 2025
avalanche,0x8516b36156f467de3defd4e25502bb873d751d31,0xce54c175880ff4edaa5d80b2dc66dda0e34a36ac,campaign_1,blacklist target of hardcoded manager (Execute call) Jul-Oct 2025
avalanche,0x851c972d18a2965635c6ce4db37a0484d74dde8a,0xce54c175880ff4edaa5d80b2dc66dda0e34a36ac,campaign_1,blacklist target of hardcoded manager (Execute call) Jul-Oct 2025
avalanche,0x851f416040a6e6d4af05e00f8bc02a7ae9939d14,0xce54c175880ff4edaa5d80b2dc66dda0e34a36ac,campaign_1,blacklist target of hardcoded manager (Execute call) Jul-Oct 2025
avalanche,0x85285f79471aae43cdac6b170b70f7e7419f1392,0xce54c175880ff4edaa5d80b2dc66dda0e34a36ac,campaign_1,blacklist target of hardcoded manager (Execute call) Jul-Oct 2025
avalanche,0x8534e5d69a8a0bee8443d350db9346264defba49,0xce54c175880ff4edaa5d80b2dc66dda0e34a36ac,campaign_1,blacklist target of hardcoded manager (Execute call) Jul-Oct 2025
avalanche,0x85457f8c08cad4e9b2c32eb11ec6048abf671c4d,0xce54c175880ff4edaa5d80b2dc66dda0e34a36ac,campaign_1,blacklist target of hardcoded manager (Execute call) Jul-Oct 2025
avalanche,0x855f94f6cb699323b617f87661f8b096d01434e0,0xce54c175880ff4edaa5d80b2dc66dda0e34a36ac,campaign_1,blacklist target of hardcoded manager (Execute call) Jul-Oct 2025
avalanche,0x8560543b693e3c9fcb66a055bb1a693d5572394d,0xce54c175880ff4edaa5d80b2dc66dda0e34a36ac,campaign_1,blacklist target of hardcoded manager (Execute call) Jul-Oct 2025
avalanche,0x859c9fcf0573bef55f8975ee1cf21619224fe0e7,0xce54c175880ff4edaa5d80b2dc66dda0e34a36ac,campaign_1,blacklist target of hardcoded manager (Execute call) Jul-Oct 2025
avalanche,0x859cab04e5a6827ee3b8a00006c05f5ed8d429c4,0xce54c175880ff4edaa5d80b2dc66dda0e34a36ac,campaign_1,blacklist target of hardcoded manager (Execute call) Jul-Oct 2025
avalanche,0x85a3f4994524badd7eaaa7ab81bc30dab26fe597,0xce54c175880ff4edaa5d80b2dc66dda0e34a36ac,campaign_1,blacklist target of hardcoded manager (Execute call) Jul-Oct 2025
avalanche,0x85aba937705e3627ae72c6d48e6055e99442a117,0xce54c175880ff4edaa5d80b2dc66dda0e34a36ac,campaign_1,blacklist target of hardcoded manager (Execute call) Jul-Oct 2025
avalanche,0x85b617d1fd7aabb0c236e34d3c247d95a8cf4541,0xce54c175880ff4edaa5d80b2dc66dda0e34a36ac,campaign_1,blacklist target of hardcoded manager (Execute call) Jul-Oct 2025
avalanche,0x85bdf1cd290033dacb6919f647c4524922bb83a7,0xce54c175880ff4edaa5d80b2dc66dda0e34a36ac,campaign_1,blacklist target of hardcoded manager (Execute call) Jul-Oct 2025
avalanche,0x85eaed212b98141654827e36cbd1816cb96fb12f,0xce54c175880ff4edaa5d80b2dc66dda0e34a36ac,campaign_1,blacklist target of hardcoded manager (Execute call) Jul-Oct 2025
avalanche,0x86099da7ea67c7d8fc43a74961c58db0b0d77e25,0xce54c175880ff4edaa5d80b2dc66dda0e34a36ac,campaign_1,blacklist target of hardcoded manager (Execute call) Jul-Oct 2025
avalanche,0x86159fe808a6f1d863ce89d2a43aad5b355ed8cf,0xce54c175880ff4edaa5d80b2dc66dda0e34a36ac,campaign_1,blacklist target of hardcoded manager (Execute call) Jul-Oct 2025
avalanche,0x86190f42786c32d62a406b2f141a064daa712812,0xce54c175880ff4edaa5d80b2dc66dda0e34a36ac,campaign_1,blacklist target of hardcoded manager (Execute call) Jul-Oct 2025
avalanche,0x8642a8eba3febf604491d9d9a205aa6b11f2304e,0xce54c175880ff4edaa5d80b2dc66dda0e34a36ac,campaign_1,blacklist target of hardcoded manager (Execute call) Jul-Oct 2025
avalanche,0x864335af9bb5bdec8e2bcd65d8612a91156a6077,0xce54c175880ff4edaa5d80b2dc66dda0e34a36ac,campaign_1,blacklist target of hardcoded manager (Execute call) Jul-Oct 2025
avalanche,0x8653ee74f36f77e7215295a8b8dd10aebe9c2404,0xce54c175880ff4edaa5d80b2dc66dda0e34a36ac,campaign_1,blacklist target of hardcoded manager (Execute call) Jul-Oct 2025
avalanche,0x8654515106013395c90fca7167577e35d79e3311,0xce54c175880ff4edaa5d80b2dc66dda0e34a36ac,campaign_1,blacklist target of hardcoded manager (Execute call) Jul-Oct 2025
avalanche,0x8664b56184ec6bb4267b94083b2128c7cc9372da,0xce54c175880ff4edaa5d80b2dc66dda0e34a36ac,campaign_1,blacklist target of hardcoded manager (Execute call) Jul-Oct 2025
avalanche,0x866c8b0582f51493f15d8d28c1a76eb301444c84,0xce54c175880ff4edaa5d80b2dc66dda0e34a36ac,campaign_1,blacklist target of hardcoded manager (Execute call) Jul-Oct 2025
avalanche,0x867eebf21ecd4835238a61213a8be0697ff21bc2,0xce54c175880ff4edaa5d80b2dc66dda0e34a36ac,campaign_1,blacklist target of hardcoded manager (Execute call) Jul-Oct 2025
avalanche,0x86826d9576cd07035f5c0933d3fe8c5333fb5ff1,0xce54c175880ff4edaa5d80b2dc66dda0e34a36ac,campaign_1,blacklist target of hardcoded manager (Execute call) Jul-Oct 2025
avalanche,0x868e7d8efdeae4de393d33c86274f5ad3f69fbb6,0xce54c175880ff4edaa5d80b2dc66dda0e34a36ac,campaign_1,blacklist target of hardcoded manager (Execute call) Jul-Oct 2025
avalanche,0x86bbfe0d3508099e770bca932ffbb00a4b60bb3d,0xce54c175880ff4edaa5d80b2dc66dda0e34a36ac,campaign_1,blacklist target of hardcoded manager (Execute call) Jul-Oct 2025
avalanche,0x86c2dd244a75330d1abf09eb60467ccd3dc2b7d1,0xce54c175880ff4edaa5d80b2dc66dda0e34a36ac,campaign_1,blacklist target of hardcoded manager (Execute call) Jul-Oct 2025
avalanche,0x86e45b970c7f8fde6d327303692d9e1c0a9cbbf5,0xce54c175880ff4edaa5d80b2dc66dda0e34a36ac,campaign_1,blacklist target of hardcoded manager (Execute call) Jul-Oct 2025
avalanche,0x86eb1ff793b090af10b84b43d30afe21d2d6fe8b,0xce54c175880ff4edaa5d80b2dc66dda0e34a36ac,campaign_1,blacklist target of hardcoded manager (Execute call) Jul-Oct 2025
avalanche,0x86f0efd5ea247d97b04a69b4b06194ed68bfa8f2,0xce54c175880ff4edaa5d80b2dc66dda0e34a36ac,campaign_1,blacklist target of hardcoded manager (Execute call) Jul-Oct 2025
avalanche,0x86fe0553db7a527565b1451ebc1975d0e27ba16d,0xce54c175880ff4edaa5d80b2dc66dda0e34a36ac,campaign_1,blacklist target of hardcoded manager (Execute call) Jul-Oct 2025
avalanche,0x870173974d89ffa07775a84c12ec102ee3e86a5b,0xce54c175880ff4edaa5d80b2dc66dda0e34a36ac,campaign_1,blacklist target of hardcoded manager (Execute call) Jul-Oct 2025
avalanche,0x871249561aa9612582b1ec487bcd5dc6d461a4b5,0xce54c175880ff4edaa5d80b2dc66dda0e34a36ac,campaign_1,blacklist target of hardcoded manager (Execute call) Jul-Oct 2025
avalanche,0x87151d1f34c96251bb3b358080fc32d6ff83a7e4,0xce54c175880ff4edaa5d80b2dc66dda0e34a36ac,campaign_1,blacklist target of hardcoded manager (Execute call) Jul-Oct 2025
avalanche,0x871ff87078cf765d015af85f91984df4a1a5e84f,0xce54c175880ff4edaa5d80b2dc66dda0e34a36ac,campaign_1,blacklist target of hardcoded manager (Execute call) Jul-Oct 2025
avalanche,0x875319bd5b09238d885438afd9f107aa6f3dde64,0xce54c175880ff4edaa5d80b2dc66dda0e34a36ac,campaign_1,blacklist target of hardcoded manager (Execute call) Jul-Oct 2025
avalanche,0x87554aa6741d38885bcd82efb508b159b58a4302,0xce54c175880ff4edaa5d80b2dc66dda0e34a36ac,campaign_1,blacklist target of hardcoded manager (Execute call) Jul-Oct 2025
avalanche,0x8758905966b9bd9a04ceeb3878073b405c54ff0f,0xce54c175880ff4edaa5d80b2dc66dda0e34a36ac,campaign_1,blacklist target of hardcoded manager (Execute call) Jul-Oct 2025
avalanche,0x8762bf5fb41bfef2864acbf5d415231521c52711,0xce54c175880ff4edaa5d80b2dc66dda0e34a36ac,campaign_1,blacklist target of hardcoded manager (Execute call) Jul-Oct 2025
avalanche,0x876e8c27df12ff11a8148284adf2f54f853d8d8c,0xce54c175880ff4edaa5d80b2dc66dda0e34a36ac,campaign_1,blacklist target of hardcoded manager (Execute call) Jul-Oct 2025
avalanche,0x8773717d7c695d522dd8f168f0e86b4020d84f4a,0xce54c175880ff4edaa5d80b2dc66dda0e34a36ac,campaign_1,blacklist target of hardcoded manager (Execute call) Jul-Oct 2025
avalanche,0x87746725ce7e64bf494c4187a55f0e3732d4ea5c,0xce54c175880ff4edaa5d80b2dc66dda0e34a36ac,campaign_1,blacklist target of hardcoded manager (Execute call) Jul-Oct 2025
avalanche,0x8777dcf8f633538530e2d36f91d3553b42e1ee9a,0xce54c175880ff4edaa5d80b2dc66dda0e34a36ac,campaign_1,blacklist target of hardcoded manager (Execute call) Jul-Oct 2025
avalanche,0x8779b5ce229217c8d1ebb686e491f2a5622dcb8d,0xce54c175880ff4edaa5d80b2dc66dda0e34a36ac,campaign_1,blacklist target of hardcoded manager (Execute call) Jul-Oct 2025
avalanche,0x8779b9c013e9c731bb789850969fa0235a133572,0xce54c175880ff4edaa5d80b2dc66dda0e34a36ac,campaign_1,blacklist target of hardcoded manager (Execute call) Jul-Oct 2025
avalanche,0x8780995bfa6ed6ed5f75b847b3e5770ab5148e71,0xce54c175880ff4edaa5d80b2dc66dda0e34a36ac,campaign_1,blacklist target of hardcoded manager (Execute call) Jul-Oct 2025
avalanche,0x87843c3ac23079f708e9f7973ff4a7e53941c121,0xce54c175880ff4edaa5d80b2dc66dda0e34a36ac,campaign_1,blacklist target of hardcoded manager (Execute call) Jul-Oct 2025
avalanche,0x8785bffdc18ecf8d911d7833e60a7b167f4eaabb,0xce54c175880ff4edaa5d80b2dc66dda0e34a36ac,campaign_1,blacklist target of hardcoded manager (Execute call) Jul-Oct 2025
avalanche,0x8792d921c8e09329719c0b9258525dcbf761b763,0xce54c175880ff4edaa5d80b2dc66dda0e34a36ac,campaign_1,blacklist target of hardcoded manager (Execute call) Jul-Oct 2025
avalanche,0x87b3c8be23b2c060dda8e356a3ab63cd40d70470,0xce54c175880ff4edaa5d80b2dc66dda0e34a36ac,campaign_1,blacklist target of hardcoded manager (Execute call) Jul-Oct 2025
avalanche,0x87bfcd4014c29dff25c3afd35e25915c910ccd00,0xce54c175880ff4edaa5d80b2dc66dda0e34a36ac,campaign_1,blacklist target of hardcoded manager (Execute call) Jul-Oct 2025
avalanche,0x87c7b3eb71b344922be0f457dda723d8c588231d,0xce54c175880ff4edaa5d80b2dc66dda0e34a36ac,campaign_1,blacklist target of hardcoded manager (Execute call) Jul-Oct 2025
avalanche,0x87e1929890592f48dff119d060176a2154a9fb19,0xce54c175880ff4edaa5d80b2dc66dda0e34a36ac,campaign_1,blacklist target of hardcoded manager (Execute call) Jul-Oct 2025
avalanche,0x87e95800643a15f72d4fcf234a76d75576f3ab1d,0xce54c175880ff4edaa5d80b2dc66dda0e34a36ac,campaign_1,blacklist target of hardcoded manager (Execute call) Jul-Oct 2025
avalanche,0x87e98125ab8e398c5656faf99f54f0422105e7d1,0xce54c175880ff4edaa5d80b2dc66dda0e34a36ac,campaign_1,blacklist target of hardcoded manager (Execute call) Jul-Oct 2025
avalanche,0x8805b73ee27be790fa9a7fc04a1743998e7856d6,0xce54c175880ff4edaa5d80b2dc66dda0e34a36ac,campaign_1,blacklist target of hardcoded manager (Execute call) Jul-Oct 2025
avalanche,0x8811a9c839cb3ac5172bae06c59fe030df79e348,0xce54c175880ff4edaa5d80b2dc66dda0e34a36ac,campaign_1,blacklist target of hardcoded manager (Execute call) Jul-Oct 2025
avalanche,0x881e5dfa8255df29a81c8709ac766d99172e441a,0xce54c175880ff4edaa5d80b2dc66dda0e34a36ac,campaign_1,blacklist target of hardcoded manager (Execute call) Jul-Oct 2025
avalanche,0x88249fd402b6f217d286fe87a9b185078c2fd516,0xce54c175880ff4edaa5d80b2dc66dda0e34a36ac,campaign_1,blacklist target of hardcoded manager (Execute call) Jul-Oct 2025
avalanche,0x884299c85e1b2bea2b56de70d5d52c703a11fc32,0xce54c175880ff4edaa5d80b2dc66dda0e34a36ac,campaign_1,blacklist target of hardcoded manager (Execute call) Jul-Oct 2025
avalanche,0x884893177f181f7146cfc17ec83ebd0a86e45a4a,0xce54c175880ff4edaa5d80b2dc66dda0e34a36ac,campaign_1,blacklist target of hardcoded manager (Execute call) Jul-Oct 2025
avalanche,0x884fe298d0f16c15478e3abf8d4ad09757eb4228,0xce54c175880ff4edaa5d80b2dc66dda0e34a36ac,campaign_1,blacklist target of hardcoded manager (Execute call) Jul-Oct 2025
avalanche,0x885a13c9751b5f86c18a012a02ed5735a4ea01e0,0xce54c175880ff4edaa5d80b2dc66dda0e34a36ac,campaign_1,blacklist target of hardcoded manager (Execute call) Jul-Oct 2025
avalanche,0x88989aa725d83c8c6217b4ecd0adbbb4767d41c8,0xce54c175880ff4edaa5d80b2dc66dda0e34a36ac,campaign_1,blacklist target of hardcoded manager (Execute call) Jul-Oct 2025
avalanche,0x88abf8c57275a89c82b1a6c9d1ee6a0c44cab57f,0xce54c175880ff4edaa5d80b2dc66dda0e34a36ac,campaign_1,blacklist target of hardcoded manager (Execute call) Jul-Oct 2025
avalanche,0x88b602262d61078585741ba14598aaea1d99ba4c,0xce54c175880ff4edaa5d80b2dc66dda0e34a36ac,campaign_1,blacklist target of hardcoded manager (Execute call) Jul-Oct 2025
avalanche,0x88bd2d308378b87b0aab6c2df801939e5f911cba,0xce54c175880ff4edaa5d80b2dc66dda0e34a36ac,campaign_1,blacklist target of hardcoded manager (Execute call) Jul-Oct 2025
avalanche,0x88f32b9e69a6b6483a0bfbe86ccbeed1b09b1068,0xce54c175880ff4edaa5d80b2dc66dda0e34a36ac,campaign_1,blacklist target of hardcoded manager (Execute call) Jul-Oct 2025
avalanche,0x8916fe820a58aa4b4cdb5043df66c642e74a55e8,0xce54c175880ff4edaa5d80b2dc66dda0e34a36ac,campaign_1,blacklist target of hardcoded manager (Execute call) Jul-Oct 2025
avalanche,0x894294938f7a4f908dd98512678946f185ea31e1,0xce54c175880ff4edaa5d80b2dc66dda0e34a36ac,campaign_1,blacklist target of hardcoded manager (Execute call) Jul-Oct 2025
avalanche,0x894fc4e87011a0f9c21dbf7cc6b478231ac900d8,0xce54c175880ff4edaa5d80b2dc66dda0e34a36ac,campaign_1,blacklist target of hardcoded manager (Execute call) Jul-Oct 2025
avalanche,0x895a0c37225adf1a48f53bdab9d7eb8c4c6a8a77,0xce54c175880ff4edaa5d80b2dc66dda0e34a36ac,campaign_1,blacklist target of hardcoded manager (Execute call) Jul-Oct 2025
avalanche,0x896a9d10e874d6b4d95d1d35d614540f49aabc4d,0xce54c175880ff4edaa5d80b2dc66dda0e34a36ac,campaign_1,blacklist target of hardcoded manager (Execute call) Jul-Oct 2025
avalanche,0x896e08c5b1597afae670f2438d1be5ea5d391709,0xce54c175880ff4edaa5d80b2dc66dda0e34a36ac,campaign_1,blacklist target of hardcoded manager (Execute call) Jul-Oct 2025
avalanche,0x89748377eccd63251e26b988ad4c304b84228aa9,0xce54c175880ff4edaa5d80b2dc66dda0e34a36ac,campaign_1,blacklist target of hardcoded manager (Execute call) Jul-Oct 2025
avalanche,0x897c9d35457fc6f18c68c37c028159bf20331a0b,0xce54c175880ff4edaa5d80b2dc66dda0e34a36ac,campaign_1,blacklist target of hardcoded manager (Execute call) Jul-Oct 2025
avalanche,0x897cd46a8d0a191392e9f7938442783289d2e6c8,0xce54c175880ff4edaa5d80b2dc66dda0e34a36ac,campaign_1,blacklist target of hardcoded manager (Execute call) Jul-Oct 2025
avalanche,0x898d665315fe8c6a0da86bd6340aeac4be288f7a,0xce54c175880ff4edaa5d80b2dc66dda0e34a36ac,campaign_1,blacklist target of hardcoded manager (Execute call) Jul-Oct 2025
avalanche,0x8990b7e4d32cc55fcbab1d8d5c396c3859950e35,0xce54c175880ff4edaa5d80b2dc66dda0e34a36ac,campaign_1,blacklist target of hardcoded manager (Execute call) Jul-Oct 2025
avalanche,0x89a1bd011baca1f8d092a10e4ffd46d4a8434edd,0xce54c175880ff4edaa5d80b2dc66dda0e34a36ac,campaign_1,blacklist target of hardcoded manager (Execute call) Jul-Oct 2025
avalanche,0x89ae946ee3db107add71fca1207b895f999b474e,0xce54c175880ff4edaa5d80b2dc66dda0e34a36ac,campaign_1,blacklist target of hardcoded manager (Execute call) Jul-Oct 2025
avalanche,0x89bd9c0bc1555651b827a0a91579673b4e9a321e,0xce54c175880ff4edaa5d80b2dc66dda0e34a36ac,campaign_1,blacklist target of hardcoded manager (Execute call) Jul-Oct 2025
avalanche,0x89c0e2f90ff2baeade09a18c03a32e165f0a6d10,0xce54c175880ff4edaa5d80b2dc66dda0e34a36ac,campaign_1,blacklist target of hardcoded manager (Execute call) Jul-Oct 2025
avalanche,0x89caa1dc9fc768920ee50a34d77397d8ed176e7d,0xce54c175880ff4edaa5d80b2dc66dda0e34a36ac,campaign_1,blacklist target of hardcoded manager (Execute call) Jul-Oct 2025
avalanche,0x89dcce1d4d4a1ead9a41e2e0b593f882e28e00c7,0xce54c175880ff4edaa5d80b2dc66dda0e34a36ac,campaign_1,blacklist target of hardcoded manager (Execute call) Jul-Oct 2025
avalanche,0x89e436ce2572f04d19ee2212ccd4ef450555d51f,0xce54c175880ff4edaa5d80b2dc66dda0e34a36ac,campaign_1,blacklist target of hardcoded manager (Execute call) Jul-Oct 2025
avalanche,0x89e4ab1a61ee006129bff5308d0d8a29c19241fa,0xce54c175880ff4edaa5d80b2dc66dda0e34a36ac,campaign_1,blacklist target of hardcoded manager (Execute call) Jul-Oct 2025
avalanche,0x89f3349a3c53803efde2500b38d168d0295d6477,0xce54c175880ff4edaa5d80b2dc66dda0e34a36ac,campaign_1,blacklist target of hardcoded manager (Execute call) Jul-Oct 2025
avalanche,0x8a074d814ddc5fdcdb5cf12d7ce23c21b02be6e2,0xce54c175880ff4edaa5d80b2dc66dda0e34a36ac,campaign_1,blacklist target of hardcoded manager (Execute call) Jul-Oct 2025
avalanche,0x8a1ec27b66135988d19269726102c11bac85bfa9,0xce54c175880ff4edaa5d80b2dc66dda0e34a36ac,campaign_1,blacklist target of hardcoded manager (Execute call) Jul-Oct 2025
avalanche,0x8a224dc026d77cdeb901f67cd364a2a816366100,0xce54c175880ff4edaa5d80b2dc66dda0e34a36ac,campaign_1,blacklist target of hardcoded manager (Execute call) Jul-Oct 2025
avalanche,0x8a330cbf9723fc6d3c17321728af2e8b451dff17,0xce54c175880ff4edaa5d80b2dc66dda0e34a36ac,campaign_1,blacklist target of hardcoded manager (Execute call) Jul-Oct 2025
avalanche,0x8a33eb07d8c17197bfb4693f38140333bff9ec9a,0xce54c175880ff4edaa5d80b2dc66dda0e34a36ac,campaign_1,blacklist target of hardcoded manager (Execute call) Jul-Oct 2025
avalanche,0x8a3ddfb76765c630c1e65f3e1fc95ff32340c382,0xce54c175880ff4edaa5d80b2dc66dda0e34a36ac,campaign_1,blacklist target of hardcoded manager (Execute call) Jul-Oct 2025
avalanche,0x8a3e225a0f98be42cabc32311c4396c6872953e1,0xce54c175880ff4edaa5d80b2dc66dda0e34a36ac,campaign_1,blacklist target of hardcoded manager (Execute call) Jul-Oct 2025
avalanche,0x8a5ca8632ff5c8dbe6a89993eac0be0757b5e87d,0xce54c175880ff4edaa5d80b2dc66dda0e34a36ac,campaign_1,blacklist target of hardcoded manager (Execute call) Jul-Oct 2025
avalanche,0x8a6052879c13e8dfba0f3c2217f4d10f8e102185,0xce54c175880ff4edaa5d80b2dc66dda0e34a36ac,campaign_1,blacklist target of hardcoded manager (Execute call) Jul-Oct 2025
avalanche,0x8a6257f17c86d52b8d90750034274bdc91f639bc,0xce54c175880ff4edaa5d80b2dc66dda0e34a36ac,campaign_1,blacklist target of hardcoded manager (Execute call) Jul-Oct 2025
avalanche,0x8a8a64ca80f3b363c9031b8e17fc230b16f8bc88,0xce54c175880ff4edaa5d80b2dc66dda0e34a36ac,campaign_1,blacklist target of hardcoded manager (Execute call) Jul-Oct 2025
avalanche,0x8a93e80826942792de10fb0efdf1f9a1de5ab078,0xce54c175880ff4edaa5d80b2dc66dda0e34a36ac,campaign_1,blacklist target of hardcoded manager (Execute call) Jul-Oct 2025
avalanche,0x8ab43e93545f9d2bd9c192a751029d0377105239,0xce54c175880ff4edaa5d80b2dc66dda0e34a36ac,campaign_1,blacklist target of hardcoded manager (Execute call) Jul-Oct 2025
avalanche,0x8ab9c1cc7268a40982aac89d3c40afe3641cb519,0xce54c175880ff4edaa5d80b2dc66dda0e34a36ac,campaign_1,blacklist target of hardcoded manager (Execute call) Jul-Oct 2025
avalanche,0x8ac022e2bf49b69f9e6e74f34258670f7378b3ec,0xce54c175880ff4edaa5d80b2dc66dda0e34a36ac,campaign_1,blacklist target of hardcoded manager (Execute call) Jul-Oct 2025
avalanche,0x8ac38a9d3625d2adf64ed97c0187be3910976e8e,0xce54c175880ff4edaa5d80b2dc66dda0e34a36ac,campaign_1,blacklist target of hardcoded manager (Execute call) Jul-Oct 2025
avalanche,0x8ac67d548e0df4e1e8ace660f563fb037ab0bcbb,0xce54c175880ff4edaa5d80b2dc66dda0e34a36ac,campaign_1,blacklist target of hardcoded manager (Execute call) Jul-Oct 2025
avalanche,0x8afd32514449c81303391eadbc593c5c26973e18,0xce54c175880ff4edaa5d80b2dc66dda0e34a36ac,campaign_1,blacklist target of hardcoded manager (Execute call) Jul-Oct 2025
avalanche,0x8b08f9043a0ca2bc456337b515b1d08cb6e44df4,0xce54c175880ff4edaa5d80b2dc66dda0e34a36ac,campaign_1,blacklist target of hardcoded manager (Execute call) Jul-Oct 2025
avalanche,0x8b168d85f2749d0dc1d7d7d763a44dac0b5104d6,0xce54c175880ff4edaa5d80b2dc66dda0e34a36ac,campaign_1,blacklist target of hardcoded manager (Execute call) Jul-Oct 2025
avalanche,0x8b20e579b44280ef59223ac77ee3143dcc55070f,0xce54c175880ff4edaa5d80b2dc66dda0e34a36ac,campaign_1,blacklist target of hardcoded manager (Execute call) Jul-Oct 2025
avalanche,0x8b363e682f12c9050e09135999c3672d4a91ef6d,0xce54c175880ff4edaa5d80b2dc66dda0e34a36ac,campaign_1,blacklist target of hardcoded manager (Execute call) Jul-Oct 2025
avalanche,0x8b3b7407671e5b360f9914a5d8e9094c019a0d40,0xce54c175880ff4edaa5d80b2dc66dda0e34a36ac,campaign_1,blacklist target of hardcoded manager (Execute call) Jul-Oct 2025
avalanche,0x8b48eefbe634c39b2915da1242538560f7c4accb,0xce54c175880ff4edaa5d80b2dc66dda0e34a36ac,campaign_1,blacklist target of hardcoded manager (Execute call) Jul-Oct 2025
avalanche,0x8b5d8aae9b6bc55588f7b7f74f9a8f04deb3ea54,0xce54c175880ff4edaa5d80b2dc66dda0e34a36ac,campaign_1,blacklist target of hardcoded manager (Execute call) Jul-Oct 2025
avalanche,0x8b75c9a3e2c3c6630350dd006cf3a1d8af5121ff,0xce54c175880ff4edaa5d80b2dc66dda0e34a36ac,campaign_1,blacklist target of hardcoded manager (Execute call) Jul-Oct 2025
avalanche,0x8b8082a03e44ec1635c100625429db1a03c896b9,0xce54c175880ff4edaa5d80b2dc66dda0e34a36ac,campaign_1,blacklist target of hardcoded manager (Execute call) Jul-Oct 2025
avalanche,0x8b89dfdae040d1d666a945bb3de02860b44c2450,0xce54c175880ff4edaa5d80b2dc66dda0e34a36ac,campaign_1,blacklist target of hardcoded manager (Execute call) Jul-Oct 2025
avalanche,0x8b8c97a076abc2e9aacd491ced5a146e3e297a60,0xce54c175880ff4edaa5d80b2dc66dda0e34a36ac,campaign_1,blacklist target of hardcoded manager (Execute call) Jul-Oct 2025
avalanche,0x8b9289d4b124bf8e8a09aea14e6ee9ee74cc0863,0xce54c175880ff4edaa5d80b2dc66dda0e34a36ac,campaign_1,blacklist target of hardcoded manager (Execute call) Jul-Oct 2025
avalanche,0x8b9adb3fc83c4b81c0e3821cb384426f514c922e,0xce54c175880ff4edaa5d80b2dc66dda0e34a36ac,campaign_1,blacklist target of hardcoded manager (Execute call) Jul-Oct 2025
avalanche,0x8ba41bc0721df339437b2fff14c3a67dbd949f5e,0xce54c175880ff4edaa5d80b2dc66dda0e34a36ac,campaign_1,blacklist target of hardcoded manager (Execute call) Jul-Oct 2025
avalanche,0x8ba71547acdba94bf65226e6e82db98457415479,0xce54c175880ff4edaa5d80b2dc66dda0e34a36ac,campaign_1,blacklist target of hardcoded manager (Execute call) Jul-Oct 2025
avalanche,0x8bbba81d0e558a7893952a508621573036a7e998,0xce54c175880ff4edaa5d80b2dc66dda0e34a36ac,campaign_1,blacklist target of hardcoded manager (Execute call) Jul-Oct 2025
avalanche,0x8bcd7cdcd79882aac803b66de42e8fd22845c79d,0xce54c175880ff4edaa5d80b2dc66dda0e34a36ac,campaign_1,blacklist target of hardcoded manager (Execute call) Jul-Oct 2025
avalanche,0x8bcfac286df5e4045cdd86698b4cd63f020f5ae8,0xce54c175880ff4edaa5d80b2dc66dda0e34a36ac,campaign_1,blacklist target of hardcoded manager (Execute call) Jul-Oct 2025
avalanche,0x8bd53447b7a9f8b67671902a248f00df0f4940f0,0xce54c175880ff4edaa5d80b2dc66dda0e34a36ac,campaign_1,blacklist target of hardcoded manager (Execute call) Jul-Oct 2025
avalanche,0x8bdf6b1b4c3e2ece5db9ad8d8deb3dc16011d538,0xce54c175880ff4edaa5d80b2dc66dda0e34a36ac,campaign_1,blacklist target of hardcoded manager (Execute call) Jul-Oct 2025
avalanche,0x8becd5c6aeca745b3faa97e2eadec2e024f16698,0xce54c175880ff4edaa5d80b2dc66dda0e34a36ac,campaign_1,blacklist target of hardcoded manager (Execute call) Jul-Oct 2025
avalanche,0x8c03d897f105fe61b81607bd93af56a1ee03dabb,0xce54c175880ff4edaa5d80b2dc66dda0e34a36ac,campaign_1,blacklist target of hardcoded manager (Execute call) Jul-Oct 2025
avalanche,0x8c1274423a12fd1af88960e898b4fa107790e0c2,0xce54c175880ff4edaa5d80b2dc66dda0e34a36ac,campaign_1,blacklist target of hardcoded manager (Execute call) Jul-Oct 2025
avalanche,0x8c1f7497a9e43a8a41028da39e1635041a6d6b8a,0xce54c175880ff4edaa5d80b2dc66dda0e34a36ac,campaign_1,blacklist target of hardcoded manager (Execute call) Jul-Oct 2025
avalanche,0x8c35af63f43fef2cb8aceb64f2fbbf381916d196,0xce54c175880ff4edaa5d80b2dc66dda0e34a36ac,campaign_1,blacklist target of hardcoded manager (Execute call) Jul-Oct 2025
avalanche,0x8c428710476f1a88de6aae17b1b93b791905006b,0xce54c175880ff4edaa5d80b2dc66dda0e34a36ac,campaign_1,blacklist target of hardcoded manager (Execute call) Jul-Oct 2025
avalanche,0x8c547fc3f2cbe414b7b3d2d1362526a680ee4664,0xce54c175880ff4edaa5d80b2dc66dda0e34a36ac,campaign_1,blacklist target of hardcoded manager (Execute call) Jul-Oct 2025
avalanche,0x8c610305c69cd3f34f12be6e28ef03bc3a6655f2,0xce54c175880ff4edaa5d80b2dc66dda0e34a36ac,campaign_1,blacklist target of hardcoded manager (Execute call) Jul-Oct 2025
avalanche,0x8c6b62f91449ca3d49d43f344301bec3ad727547,0xce54c175880ff4edaa5d80b2dc66dda0e34a36ac,campaign_1,blacklist target of hardcoded manager (Execute call) Jul-Oct 2025
avalanche,0x8c79a9867f00a0da0d2a65e8fdcb49dce278a4a8,0xce54c175880ff4edaa5d80b2dc66dda0e34a36ac,campaign_1,blacklist target of hardcoded manager (Execute call) Jul-Oct 2025
avalanche,0x8c8423cc9252ff97fb033c2101bae05b28d6109d,0xce54c175880ff4edaa5d80b2dc66dda0e34a36ac,campaign_1,blacklist target of hardcoded manager (Execute call) Jul-Oct 2025
avalanche,0x8c9df39a27322934f1ee1e36979924f7263d202b,0xce54c175880ff4edaa5d80b2dc66dda0e34a36ac,campaign_1,blacklist target of hardcoded manager (Execute call) Jul-Oct 2025
avalanche,0x8caa40c000e061773808d2340c460bf0a0b69f3b,0xce54c175880ff4edaa5d80b2dc66dda0e34a36ac,campaign_1,blacklist target of hardcoded manager (Execute call) Jul-Oct 2025
avalanche,0x8caa97771162290d0b892a714bd5eb7e91463a7f,0xce54c175880ff4edaa5d80b2dc66dda0e34a36ac,campaign_1,blacklist target of hardcoded manager (Execute call) Jul-Oct 2025
avalanche,0x8cb10202d3b563a1f7f95d836e5f0b71b6a3b48c,0xce54c175880ff4edaa5d80b2dc66dda0e34a36ac,campaign_1,blacklist target of hardcoded manager (Execute call) Jul-Oct 2025
avalanche,0x8cb63f2d5c4917566f67b88ec1f1dfe88d8d8de1,0xce54c175880ff4edaa5d80b2dc66dda0e34a36ac,campaign_1,blacklist target of hardcoded manager (Execute call) Jul-Oct 2025
avalanche,0x8cd24d67db92962e1de3d87da84b28dcbbf47e6a,0xce54c175880ff4edaa5d80b2dc66dda0e34a36ac,campaign_1,blacklist target of hardcoded manager (Execute call) Jul-Oct 2025
avalanche,0x8cff78a0d371f25651a8acb68dcec513cc2b0f6b,0xce54c175880ff4edaa5d80b2dc66dda0e34a36ac,campaign_1,blacklist target of hardcoded manager (Execute call) Jul-Oct 2025
avalanche,0x8d03d8a070aba3bd37c5f5e5ad4b4982e46eb1f6,0xce54c175880ff4edaa5d80b2dc66dda0e34a36ac,campaign_1,blacklist target of hardcoded manager (Execute call) Jul-Oct 2025
avalanche,0x8d2860f9b98becd058e11e58b374eb82cff89c78,0xce54c175880ff4edaa5d80b2dc66dda0e34a36ac,campaign_1,blacklist target of hardcoded manager (Execute call) Jul-Oct 2025
avalanche,0x8d49c9550f207bc8700f5e4cd91c32edde9f8735,0xce54c175880ff4edaa5d80b2dc66dda0e34a36ac,campaign_1,blacklist target of hardcoded manager (Execute call) Jul-Oct 2025
avalanche,0x8d4b87b191d3be8bf2d79a1f1e9cd8e486cedb31,0xce54c175880ff4edaa5d80b2dc66dda0e34a36ac,campaign_1,blacklist target of hardcoded manager (Execute call) Jul-Oct 2025
avalanche,0x8d52078215977b836f545556bac14d18a3456653,0xce54c175880ff4edaa5d80b2dc66dda0e34a36ac,campaign_1,blacklist target of hardcoded manager (Execute call) Jul-Oct 2025
avalanche,0x8d75c1214acd9780a5a5d359203de7a95c4ea440,0xce54c175880ff4edaa5d80b2dc66dda0e34a36ac,campaign_1,blacklist target of hardcoded manager (Execute call) Jul-Oct 2025
avalanche,0x8d7b1d5e0358cf7b07d5fdbc7de22069c77bab99,0xce54c175880ff4edaa5d80b2dc66dda0e34a36ac,campaign_1,blacklist target of hardcoded manager (Execute call) Jul-Oct 2025
avalanche,0x8d7e7aa4a160f7a20ecaf315c7fd0eb22710fc90,0xce54c175880ff4edaa5d80b2dc66dda0e34a36ac,campaign_1,blacklist target of hardcoded manager (Execute call) Jul-Oct 2025
avalanche,0x8d8d7f9958db269418493351856e384f5ea16573,0xce54c175880ff4edaa5d80b2dc66dda0e34a36ac,campaign_1,blacklist target of hardcoded manager (Execute call) Jul-Oct 2025
avalanche,0x8d9128d8c863eeecd37647e12b15d15a6c6ac7e6,0xce54c175880ff4edaa5d80b2dc66dda0e34a36ac,campaign_1,blacklist target of hardcoded manager (Execute call) Jul-Oct 2025
avalanche,0x8d931c1ac9bcbea0eab6c0eb937a5560c620b59c,0xce54c175880ff4edaa5d80b2dc66dda0e34a36ac,campaign_1,blacklist target of hardcoded manager (Execute call) Jul-Oct 2025
avalanche,0x8da15de8cf4cd7f93b94741259385196b1f045e5,0xce54c175880ff4edaa5d80b2dc66dda0e34a36ac,campaign_1,blacklist target of hardcoded manager (Execute call) Jul-Oct 2025
avalanche,0x8da20063b143c465b6e9f007f77ec0436d76fff9,0xce54c175880ff4edaa5d80b2dc66dda0e34a36ac,campaign_1,blacklist target of hardcoded manager (Execute call) Jul-Oct 2025
avalanche,0x8db8de6891cc542571ae60c0ddd02267d50b6409,0xce54c175880ff4edaa5d80b2dc66dda0e34a36ac,campaign_1,blacklist target of hardcoded manager (Execute call) Jul-Oct 2025
avalanche,0x8dc208510df923a181aa76f452307ee6d317d371,0xce54c175880ff4edaa5d80b2dc66dda0e34a36ac,campaign_1,blacklist target of hardcoded manager (Execute call) Jul-Oct 2025
avalanche,0x8de32fdf95264436395b8eb47663a6535ffa9e3e,0xce54c175880ff4edaa5d80b2dc66dda0e34a36ac,campaign_1,blacklist target of hardcoded manager (Execute call) Jul-Oct 2025
avalanche,0x8dec87932b3e8fff0f84f45991c820ec5ffc5896,0xce54c175880ff4edaa5d80b2dc66dda0e34a36ac,campaign_1,blacklist target of hardcoded manager (Execute call) Jul-Oct 2025
avalanche,0x8dfc6152a75e7f706f16f76e85fdd8c79cf9c4f0,0xce54c175880ff4edaa5d80b2dc66dda0e34a36ac,campaign_1,blacklist target of hardcoded manager (Execute call) Jul-Oct 2025
avalanche,0x8e131d81786de0015ded5b51c4938cbff7480581,0xce54c175880ff4edaa5d80b2dc66dda0e34a36ac,campaign_1,blacklist target of hardcoded manager (Execute call) Jul-Oct 2025
avalanche,0x8e1556e423fcbde539e832618dcb48a2852bcb84,0xce54c175880ff4edaa5d80b2dc66dda0e34a36ac,campaign_1,blacklist target of hardcoded manager (Execute call) Jul-Oct 2025
avalanche,0x8e1f9c2fff221a387a76e69126ade24179c7ff9b,0xce54c175880ff4edaa5d80b2dc66dda0e34a36ac,campaign_1,blacklist target of hardcoded manager (Execute call) Jul-Oct 2025
avalanche,0x8e38199e278c1208cd1a5c9f67b54eeea54817eb,0xce54c175880ff4edaa5d80b2dc66dda0e34a36ac,campaign_1,blacklist target of hardcoded manager (Execute call) Jul-Oct 2025
avalanche,0x8e4588fa2594a080fcbc0d0f46a5940241c04371,0xce54c175880ff4edaa5d80b2dc66dda0e34a36ac,campaign_1,blacklist target of hardcoded manager (Execute call) Jul-Oct 2025
avalanche,0x8e468187654986b9e8fa6b64a34f93652dd53a16,0xce54c175880ff4edaa5d80b2dc66dda0e34a36ac,campaign_1,blacklist target of hardcoded manager (Execute call) Jul-Oct 2025
avalanche,0x8e5902769bbbd8659ffa7aa9d7a7b8dfca05faf7,0xce54c175880ff4edaa5d80b2dc66dda0e34a36ac,campaign_1,blacklist target of hardcoded manager (Execute call) Jul-Oct 2025
avalanche,0x8e6bbae52f8c56d0fffc3181d0524736609a64f8,0xce54c175880ff4edaa5d80b2dc66dda0e34a36ac,campaign_1,blacklist target of hardcoded manager (Execute call) Jul-Oct 2025
avalanche,0x8e7b7b6c51f98b385856e301cdab0f2d4f965e5e,0xce54c175880ff4edaa5d80b2dc66dda0e34a36ac,campaign_1,blacklist target of hardcoded manager (Execute call) Jul-Oct 2025
avalanche,0x8ea05a5a94b2262c02673342006078106f96b316,0xce54c175880ff4edaa5d80b2dc66dda0e34a36ac,campaign_1,blacklist target of hardcoded manager (Execute call) Jul-Oct 2025
avalanche,0x8eaa4e7db47abd30cd9461e5c263bffcea013f78,0xce54c175880ff4edaa5d80b2dc66dda0e34a36ac,campaign_1,blacklist target of hardcoded manager (Execute call) Jul-Oct 2025
avalanche,0x8eabd64bc97c43d062c73a65cc8eb16379a856dd,0xce54c175880ff4edaa5d80b2dc66dda0e34a36ac,campaign_1,blacklist target of hardcoded manager (Execute call) Jul-Oct 2025
avalanche,0x8ebb7d488f9db2a1d52f48b87d99e1a96bc866f8,0xce54c175880ff4edaa5d80b2dc66dda0e34a36ac,campaign_1,blacklist target of hardcoded manager (Execute call) Jul-Oct 2025
avalanche,0x8ebb97da3e00af518f142e2e691ade256be2e9a9,0xce54c175880ff4edaa5d80b2dc66dda0e34a36ac,campaign_1,blacklist target of hardcoded manager (Execute call) Jul-Oct 2025
avalanche,0x8eca2078ee99164b4c891cf1087b4a40b0c33915,0xce54c175880ff4edaa5d80b2dc66dda0e34a36ac,campaign_1,blacklist target of hardcoded manager (Execute call) Jul-Oct 2025
avalanche,0x8eca589c800baaa412081e9e15123d8f79c7a799,0xce54c175880ff4edaa5d80b2dc66dda0e34a36ac,campaign_1,blacklist target of hardcoded manager (Execute call) Jul-Oct 2025
avalanche,0x8ed205a45f069ba95dffc7b1be5af1f1ef7b883f,0xce54c175880ff4edaa5d80b2dc66dda0e34a36ac,campaign_1,blacklist target of hardcoded manager (Execute call) Jul-Oct 2025
avalanche,0x8ee6abb8e1064bab6466381c35e461df554dbf50,0xce54c175880ff4edaa5d80b2dc66dda0e34a36ac,campaign_1,blacklist target of hardcoded manager (Execute call) Jul-Oct 2025
avalanche,0x8ee9b64607aa161a091591a8a8aef4b4d4950bb7,0xce54c175880ff4edaa5d80b2dc66dda0e34a36ac,campaign_1,blacklist target of hardcoded manager (Execute call) Jul-Oct 2025
avalanche,0x8ef1e6a357a9e831e2600179dfdcc80479995b0e,0xce54c175880ff4edaa5d80b2dc66dda0e34a36ac,campaign_1,blacklist target of hardcoded manager (Execute call) Jul-Oct 2025
avalanche,0x8efbbeced40774507781d641942df1bc21239649,0xce54c175880ff4edaa5d80b2dc66dda0e34a36ac,campaign_1,blacklist target of hardcoded manager (Execute call) Jul-Oct 2025
avalanche,0x8eff0511d6de67a2be059dd0af6f90771e8abc39,0xce54c175880ff4edaa5d80b2dc66dda0e34a36ac,campaign_1,blacklist target of hardcoded manager (Execute call) Jul-Oct 2025
avalanche,0x8f05eef0313cc4964829beef93212ed4f9a00b95,0xce54c175880ff4edaa5d80b2dc66dda0e34a36ac,campaign_1,blacklist target of hardcoded manager (Execute call) Jul-Oct 2025
avalanche,0x8f12f637cc1547cb316305c1faf2a2027168066c,0xce54c175880ff4edaa5d80b2dc66dda0e34a36ac,campaign_1,blacklist target of hardcoded manager (Execute call) Jul-Oct 2025
avalanche,0x8f21829e59ec4c468190f26f92a53dae70437f5f,0xce54c175880ff4edaa5d80b2dc66dda0e34a36ac,campaign_1,blacklist target of hardcoded manager (Execute call) Jul-Oct 2025
avalanche,0x8f2d7f424dac13d4b404d36dfea09346588c579a,0xce54c175880ff4edaa5d80b2dc66dda0e34a36ac,campaign_1,blacklist target of hardcoded manager (Execute call) Jul-Oct 2025
avalanche,0x8f3a400820c82bbae1a1616a85cc20430e3c981f,0xce54c175880ff4edaa5d80b2dc66dda0e34a36ac,campaign_1,blacklist target of hardcoded manager (Execute call) Jul-Oct 2025
avalanche,0x8f401a5e1206bd391abbb2d5565de818a31d8f83,0xce54c175880ff4edaa5d80b2dc66dda0e34a36ac,campaign_1,blacklist target of hardcoded manager (Execute call) Jul-Oct 2025
avalanche,0x8f430f1305b318106fd2539ec5c5a6d82dd19edf,0xce54c175880ff4edaa5d80b2dc66dda0e34a36ac,campaign_1,blacklist target of hardcoded manager (Execute call) Jul-Oct 2025
avalanche,0x8f4378964794ba5efb18ceb4b7cab0341efae9db,0xce54c175880ff4edaa5d80b2dc66dda0e34a36ac,campaign_1,blacklist target of hardcoded manager (Execute call) Jul-Oct 2025
avalanche,0x8f4e6a1a4aabd4aef91a2ac552a648f5a5b9ee1b,0xce54c175880ff4edaa5d80b2dc66dda0e34a36ac,campaign_1,blacklist target of hardcoded manager (Execute call) Jul-Oct 2025
avalanche,0x8f7e94da16006c12c363c789dca5af6ff240d926,0xce54c175880ff4edaa5d80b2dc66dda0e34a36ac,campaign_1,blacklist target of hardcoded manager (Execute call) Jul-Oct 2025
avalanche,0x8f8443bba0b78b931f5c8d03f92b8abb8a814564,0xce54c175880ff4edaa5d80b2dc66dda0e34a36ac,campaign_1,blacklist target of hardcoded manager (Execute call) Jul-Oct 2025
avalanche,0x8f96771262142ab47ec555f4592c8fd27d8408dd,0xce54c175880ff4edaa5d80b2dc66dda0e34a36ac,campaign_1,blacklist target of hardcoded manager (Execute call) Jul-Oct 2025
avalanche,0x8f9a525c40971281ae1727f9ea72393f13f47d80,0xce54c175880ff4edaa5d80b2dc66dda0e34a36ac,campaign_1,blacklist target of hardcoded manager (Execute call) Jul-Oct 2025
avalanche,0x8f9ba449fee297644a591d8eff96cc10a39482a4,0xce54c175880ff4edaa5d80b2dc66dda0e34a36ac,campaign_1,blacklist target of hardcoded manager (Execute call) Jul-Oct 2025
avalanche,0x8f9f069536363d593778cdf4c939364e3e9e2ab4,0xce54c175880ff4edaa5d80b2dc66dda0e34a36ac,campaign_1,blacklist target of hardcoded manager (Execute call) Jul-Oct 2025
avalanche,0x8fa91b139c12de0bc775bbd46e91b0ecc15d3c56,0xce54c175880ff4edaa5d80b2dc66dda0e34a36ac,campaign_1,blacklist target of hardcoded manager (Execute call) Jul-Oct 2025
avalanche,0x8fa96fa081105a28d75c1dedb9eca2ba0d6ca921,0xce54c175880ff4edaa5d80b2dc66dda0e34a36ac,campaign_1,blacklist target of hardcoded manager (Execute call) Jul-Oct 2025
avalanche,0x8fae3faf1660972b1883314c3089a400eb226a5f,0xce54c175880ff4edaa5d80b2dc66dda0e34a36ac,campaign_1,blacklist target of hardcoded manager (Execute call) Jul-Oct 2025
avalanche,0x8fb6226f9ae26622ebfae8da7660b43ed5797fc9,0xce54c175880ff4edaa5d80b2dc66dda0e34a36ac,campaign_1,blacklist target of hardcoded manager (Execute call) Jul-Oct 2025
avalanche,0x8fc017aed7f72f95df5238cc0b371883c965b1e2,0xce54c175880ff4edaa5d80b2dc66dda0e34a36ac,campaign_1,blacklist target of hardcoded manager (Execute call) Jul-Oct 2025
avalanche,0x8fccc5df8a2d55b23d8cc98d86e88342561ab471,0xce54c175880ff4edaa5d80b2dc66dda0e34a36ac,campaign_1,blacklist target of hardcoded manager (Execute call) Jul-Oct 2025
avalanche,0x8fd6e4c7563d11a38317681ca80935e9cddf6eed,0xce54c175880ff4edaa5d80b2dc66dda0e34a36ac,campaign_1,blacklist target of hardcoded manager (Execute call) Jul-Oct 2025
avalanche,0x8fe172b15694bc04687b51cff345f2d355d35806,0xce54c175880ff4edaa5d80b2dc66dda0e34a36ac,campaign_1,blacklist target of hardcoded manager (Execute call) Jul-Oct 2025
avalanche,0x8fe8c4a4f3ce52d3e62e682766536ed15ea19934,0xce54c175880ff4edaa5d80b2dc66dda0e34a36ac,campaign_1,blacklist target of hardcoded manager (Execute call) Jul-Oct 2025
avalanche,0x8fea16a71699607c75c974e9374c27ecec068e35,0xce54c175880ff4edaa5d80b2dc66dda0e34a36ac,campaign_1,blacklist target of hardcoded manager (Execute call) Jul-Oct 2025
avalanche,0x900aaf35cc93755a55d54aa397af5245acd8acde,0xce54c175880ff4edaa5d80b2dc66dda0e34a36ac,campaign_1,blacklist target of hardcoded manager (Execute call) Jul-Oct 2025
avalanche,0x902394f8334f03b16d6409b369080767557df7d0,0xce54c175880ff4edaa5d80b2dc66dda0e34a36ac,campaign_1,blacklist target of hardcoded manager (Execute call) Jul-Oct 2025
avalanche,0x90692005197bf8ccb1fc58930d785a453d7f8e06,0xce54c175880ff4edaa5d80b2dc66dda0e34a36ac,campaign_1,blacklist target of hardcoded manager (Execute call) Jul-Oct 2025
avalanche,0x90718cae8c9e835bd7e78f12c7257b5abaf7f08d,0xce54c175880ff4edaa5d80b2dc66dda0e34a36ac,campaign_1,blacklist target of hardcoded manager (Execute call) Jul-Oct 2025
avalanche,0x909548c173fe5fc15031de660b7fa71cb0a80ee2,0xce54c175880ff4edaa5d80b2dc66dda0e34a36ac,campaign_1,blacklist target of hardcoded manager (Execute call) Jul-Oct 2025
avalanche,0x9096a914b401ca2dd6a51b7d4e0c2e31e1668504,0xce54c175880ff4edaa5d80b2dc66dda0e34a36ac,campaign_1,blacklist target of hardcoded manager (Execute call) Jul-Oct 2025
avalanche,0x909807dbce21b4b700c181e39e02051c02ec15ca,0xce54c175880ff4edaa5d80b2dc66dda0e34a36ac,campaign_1,blacklist target of hardcoded manager (Execute call) Jul-Oct 2025
avalanche,0x90bb4a8b05c3dd81b15e0e05f2c24235b5b16857,0xce54c175880ff4edaa5d80b2dc66dda0e34a36ac,campaign_1,blacklist target of hardcoded manager (Execute call) Jul-Oct 2025
avalanche,0x90d0cf841697b4c287fcff4f513bfa29a74b71bc,0xce54c175880ff4edaa5d80b2dc66dda0e34a36ac,campaign_1,blacklist target of hardcoded manager (Execute call) Jul-Oct 2025
avalanche,0x90d5e22fd15e4a77412ecde2bc4205d516d066b1,0xce54c175880ff4edaa5d80b2dc66dda0e34a36ac,campaign_1,blacklist target of hardcoded manager (Execute call) Jul-Oct 2025
avalanche,0x90dc7cbd70cd04f10500a12617d5ed999b0aa773,0xce54c175880ff4edaa5d80b2dc66dda0e34a36ac,campaign_1,blacklist target of hardcoded manager (Execute call) Jul-Oct 2025
avalanche,0x90e1bd78234b98246fb9c6c4c52aa647fcbdc019,0xce54c175880ff4edaa5d80b2dc66dda0e34a36ac,campaign_1,blacklist target of hardcoded manager (Execute call) Jul-Oct 2025
avalanche,0x90eae5641cab55906e568fc79d1af49fe2d4e52d,0xce54c175880ff4edaa5d80b2dc66dda0e34a36ac,campaign_1,blacklist target of hardcoded manager (Execute call) Jul-Oct 2025
avalanche,0x90f62f4b075f7ecb703a25ee5362672131124fab,0xce54c175880ff4edaa5d80b2dc66dda0e34a36ac,campaign_1,blacklist target of hardcoded manager (Execute call) Jul-Oct 2025
avalanche,0x9101db24238f740a2dee22a687370a9889e9993d,0xce54c175880ff4edaa5d80b2dc66dda0e34a36ac,campaign_1,blacklist target of hardcoded manager (Execute call) Jul-Oct 2025
avalanche,0x9109df1c33dc32e8a401ad1649626802eb970999,0xce54c175880ff4edaa5d80b2dc66dda0e34a36ac,campaign_1,blacklist target of hardcoded manager (Execute call) Jul-Oct 2025
avalanche,0x911448f14d386b0c9c0f1f5324d330e5f0d4009f,0xce54c175880ff4edaa5d80b2dc66dda0e34a36ac,campaign_1,blacklist target of hardcoded manager (Execute call) Jul-Oct 2025
avalanche,0x911a303ba24d6d5211b8f98a48aebca1b2f257c2,0xce54c175880ff4edaa5d80b2dc66dda0e34a36ac,campaign_1,blacklist target of hardcoded manager (Execute call) Jul-Oct 2025
avalanche,0x91326bf49d13a4d964e32bec97394f664021c34c,0xce54c175880ff4edaa5d80b2dc66dda0e34a36ac,campaign_1,blacklist target of hardcoded manager (Execute call) Jul-Oct 2025
avalanche,0x917ed4e7b455bea47999254137bb76c920a4ba77,0xce54c175880ff4edaa5d80b2dc66dda0e34a36ac,campaign_1,blacklist target of hardcoded manager (Execute call) Jul-Oct 2025
avalanche,0x918103d7b897bef66c2a471a753b85638886a868,0xce54c175880ff4edaa5d80b2dc66dda0e34a36ac,campaign_1,blacklist target of hardcoded manager (Execute call) Jul-Oct 2025
avalanche,0x91819fefcf27fe5bc3c83daa36d2edc80b33f213,0xce54c175880ff4edaa5d80b2dc66dda0e34a36ac,campaign_1,blacklist target of hardcoded manager (Execute call) Jul-Oct 2025
avalanche,0x9187b00e3cb0773852961804b583550e5344a5fa,0xce54c175880ff4edaa5d80b2dc66dda0e34a36ac,campaign_1,blacklist target of hardcoded manager (Execute call) Jul-Oct 2025
avalanche,0x918d41249135b77128d9d68e76076fc3ba0735bd,0xce54c175880ff4edaa5d80b2dc66dda0e34a36ac,campaign_1,blacklist target of hardcoded manager (Execute call) Jul-Oct 2025
avalanche,0x91afaa3f7663975db1c4d48197117bdd45f99989,0xce54c175880ff4edaa5d80b2dc66dda0e34a36ac,campaign_1,blacklist target of hardcoded manager (Execute call) Jul-Oct 2025
avalanche,0x91b2954a403d6c7a77c90566c72d0c2105d38f61,0xce54c175880ff4edaa5d80b2dc66dda0e34a36ac,campaign_1,blacklist target of hardcoded manager (Execute call) Jul-Oct 2025
avalanche,0x91e72cb4ebb7a8b86de590ef7267babdd4a97b23,0xce54c175880ff4edaa5d80b2dc66dda0e34a36ac,campaign_1,blacklist target of hardcoded manager (Execute call) Jul-Oct 2025
avalanche,0x91edc82ad259e28103d6b1c6d428f6d9fee5539e,0xce54c175880ff4edaa5d80b2dc66dda0e34a36ac,campaign_1,blacklist target of hardcoded manager (Execute call) Jul-Oct 2025
avalanche,0x92042df0b4cc27cc35ab6f10a0d6b25204a92236,0xce54c175880ff4edaa5d80b2dc66dda0e34a36ac,campaign_1,blacklist target of hardcoded manager (Execute call) Jul-Oct 2025
avalanche,0x920e322ecb31919a206c900df2a9295ca521b415,0xce54c175880ff4edaa5d80b2dc66dda0e34a36ac,campaign_1,blacklist target of hardcoded manager (Execute call) Jul-Oct 2025
avalanche,0x9212e7ceee813e91c08a3ad620c1e45374c6c402,0xce54c175880ff4edaa5d80b2dc66dda0e34a36ac,campaign_1,blacklist target of hardcoded manager (Execute call) Jul-Oct 2025
avalanche,0x921e897b02570a43581591505ba980b18e241016,0xce54c175880ff4edaa5d80b2dc66dda0e34a36ac,campaign_1,blacklist target of hardcoded manager (Execute call) Jul-Oct 2025
avalanche,0x921f234eb2eece105d5c399da7846c4cc6fb9352,0xce54c175880ff4edaa5d80b2dc66dda0e34a36ac,campaign_1,blacklist target of hardcoded manager (Execute call) Jul-Oct 2025
avalanche,0x92400ec8a0fbd50a68b7581618b6b9c0367f6cc1,0xce54c175880ff4edaa5d80b2dc66dda0e34a36ac,campaign_1,blacklist target of hardcoded manager (Execute call) Jul-Oct 2025
avalanche,0x924a7e774758f73647a74bf102f6dd1d65b97432,0xce54c175880ff4edaa5d80b2dc66dda0e34a36ac,campaign_1,blacklist target of hardcoded manager (Execute call) Jul-Oct 2025
avalanche,0x92596c1a7bb2ff44eb7f29c99edcb213f062b05f,0xce54c175880ff4edaa5d80b2dc66dda0e34a36ac,campaign_1,blacklist target of hardcoded manager (Execute call) Jul-Oct 2025
avalanche,0x9270389187e605f86762f2313d8d040baf0eef85,0xce54c175880ff4edaa5d80b2dc66dda0e34a36ac,campaign_1,blacklist target of hardcoded manager (Execute call) Jul-Oct 2025
avalanche,0x9275607792ba3847ff711485244765836d990fa3,0xce54c175880ff4edaa5d80b2dc66dda0e34a36ac,campaign_1,blacklist target of hardcoded manager (Execute call) Jul-Oct 2025
avalanche,0x927c6eae04677e89ba22d7239b63421177addca1,0xce54c175880ff4edaa5d80b2dc66dda0e34a36ac,campaign_1,blacklist target of hardcoded manager (Execute call) Jul-Oct 2025
avalanche,0x928bafb798143ef037f8246a97bef20d4541bb57,0xce54c175880ff4edaa5d80b2dc66dda0e34a36ac,campaign_1,blacklist target of hardcoded manager (Execute call) Jul-Oct 2025
avalanche,0x929df92601ed51ee1342f2d2cb2b97c8270762a9,0xce54c175880ff4edaa5d80b2dc66dda0e34a36ac,campaign_1,blacklist target of hardcoded manager (Execute call) Jul-Oct 2025
avalanche,0x92a5829ffee64fec97d78ada34d2bad84c395e27,0xce54c175880ff4edaa5d80b2dc66dda0e34a36ac,campaign_1,blacklist target of hardcoded manager (Execute call) Jul-Oct 2025
avalanche,0x92a85ba867cf562c36f3927313b08164bdb9f4de,0xce54c175880ff4edaa5d80b2dc66dda0e34a36ac,campaign_1,blacklist target of hardcoded manager (Execute call) Jul-Oct 2025
avalanche,0x92a8bf20b261cacbd7c2d0d73d03b1fb3358e664,0xce54c175880ff4edaa5d80b2dc66dda0e34a36ac,campaign_1,blacklist target of hardcoded manager (Execute call) Jul-Oct 2025
avalanche,0x92bfd3f42f72462321baf50073e69dc3dc072702,0xce54c175880ff4edaa5d80b2dc66dda0e34a36ac,campaign_1,blacklist target of hardcoded manager (Execute call) Jul-Oct 2025
avalanche,0x92c16bea9dcdaca64adf4234176c4aae69083054,0xce54c175880ff4edaa5d80b2dc66dda0e34a36ac,campaign_1,blacklist target of hardcoded manager (Execute call) Jul-Oct 2025
avalanche,0x92c4a5d84d1fb42ef810aef9aa923c43b87e978d,0xce54c175880ff4edaa5d80b2dc66dda0e34a36ac,campaign_1,blacklist target of hardcoded manager (Execute call) Jul-Oct 2025
avalanche,0x92f2c6df80357913d559e794a01cc27269e79deb,0xce54c175880ff4edaa5d80b2dc66dda0e34a36ac,campaign_1,blacklist target of hardcoded manager (Execute call) Jul-Oct 2025
avalanche,0x93066f5626076aecb4356b1087f4b4f984ab87c6,0xce54c175880ff4edaa5d80b2dc66dda0e34a36ac,campaign_1,blacklist target of hardcoded manager (Execute call) Jul-Oct 2025
avalanche,0x930c77aff6db4037dd3706b12d92723697b68dca,0xce54c175880ff4edaa5d80b2dc66dda0e34a36ac,campaign_1,blacklist target of hardcoded manager (Execute call) Jul-Oct 2025
avalanche,0x930eb3820b7373eaab720497767470c4bb875c05,0xce54c175880ff4edaa5d80b2dc66dda0e34a36ac,campaign_1,blacklist target of hardcoded manager (Execute call) Jul-Oct 2025
avalanche,0x932ab44052957d626b4cf6ca7a1e20c52485364a,0xce54c175880ff4edaa5d80b2dc66dda0e34a36ac,campaign_1,blacklist target of hardcoded manager (Execute call) Jul-Oct 2025
avalanche,0x932aea406e46266aca428d5e3634e44cdbfdaf29,0xce54c175880ff4edaa5d80b2dc66dda0e34a36ac,campaign_1,blacklist target of hardcoded manager (Execute call) Jul-Oct 2025
avalanche,0x933321c12263d49a604d52618988258565fd60e4,0xce54c175880ff4edaa5d80b2dc66dda0e34a36ac,campaign_1,blacklist target of hardcoded manager (Execute call) Jul-Oct 2025
avalanche,0x9340b5ef7ed4590cf7c3f91b6766575c19f0a6ff,0xce54c175880ff4edaa5d80b2dc66dda0e34a36ac,campaign_1,blacklist target of hardcoded manager (Execute call) Jul-Oct 2025
avalanche,0x9341c9d5a1e1ef19c4cd81fcac69d1c377e11a82,0xce54c175880ff4edaa5d80b2dc66dda0e34a36ac,campaign_1,blacklist target of hardcoded manager (Execute call) Jul-Oct 2025
avalanche,0x934d0e42f2d184b573a1d2e9e573c2ef90f1a153,0xce54c175880ff4edaa5d80b2dc66dda0e34a36ac,campaign_1,blacklist target of hardcoded manager (Execute call) Jul-Oct 2025
avalanche,0x93544857a3ffa5b78c13a743b9ac98b8f8b74b92,0xce54c175880ff4edaa5d80b2dc66dda0e34a36ac,campaign_1,blacklist target of hardcoded manager (Execute call) Jul-Oct 2025
avalanche,0x936010527570a00dfd2a3b65a1578decdcf864ab,0xce54c175880ff4edaa5d80b2dc66dda0e34a36ac,campaign_1,blacklist target of hardcoded manager (Execute call) Jul-Oct 2025
avalanche,0x93658a669f54e9c539379c1a49d062d2284711ef,0xce54c175880ff4edaa5d80b2dc66dda0e34a36ac,campaign_1,blacklist target of hardcoded manager (Execute call) Jul-Oct 2025
avalanche,0x9367350b0971a04191ed24af1b2d48de49794f5d,0xce54c175880ff4edaa5d80b2dc66dda0e34a36ac,campaign_1,blacklist target of hardcoded manager (Execute call) Jul-Oct 2025
avalanche,0x9380ffef4fd5a02e09bc24e350b0c8ea7f46c74e,0xce54c175880ff4edaa5d80b2dc66dda0e34a36ac,campaign_1,blacklist target of hardcoded manager (Execute call) Jul-Oct 2025
avalanche,0x93a5243313108fdaaf5d18b5f415958ac0f3a9f8,0xce54c175880ff4edaa5d80b2dc66dda0e34a36ac,campaign_1,blacklist target of hardcoded manager (Execute call) Jul-Oct 2025
avalanche,0x93ad093d0ccb5344781df4907f8ff03deda86df2,0xce54c175880ff4edaa5d80b2dc66dda0e34a36ac,campaign_1,blacklist target of hardcoded manager (Execute call) Jul-Oct 2025
avalanche,0x93b0c1d0c74005314a7c6fcaaf9ae5ac9a5c4b96,0xce54c175880ff4edaa5d80b2dc66dda0e34a36ac,campaign_1,blacklist target of hardcoded manager (Execute call) Jul-Oct 2025
avalanche,0x93b1896d58c1bac8848d9873c4381d7a3951c2f1,0xce54c175880ff4edaa5d80b2dc66dda0e34a36ac,campaign_1,blacklist target of hardcoded manager (Execute call) Jul-Oct 2025
avalanche,0x93cded21716538b853738fe20d1904f3df511a7f,0xce54c175880ff4edaa5d80b2dc66dda0e34a36ac,campaign_1,blacklist target of hardcoded manager (Execute call) Jul-Oct 2025
avalanche,0x93e2f7fad4eaad30cadcec01647cfb7266081ef6,0xce54c175880ff4edaa5d80b2dc66dda0e34a36ac,campaign_1,blacklist target of hardcoded manager (Execute call) Jul-Oct 2025
avalanche,0x94044be9daba489a08d07e8c041eccf5d066e0e0,0xce54c175880ff4edaa5d80b2dc66dda0e34a36ac,campaign_1,blacklist target of hardcoded manager (Execute call) Jul-Oct 2025
avalanche,0x9418b3b0dc6bd93e01422206be31779da2c50123,0xce54c175880ff4edaa5d80b2dc66dda0e34a36ac,campaign_1,blacklist target of hardcoded manager (Execute call) Jul-Oct 2025
avalanche,0x9452415429914910968584ba958243b5a365510b,0xce54c175880ff4edaa5d80b2dc66dda0e34a36ac,campaign_1,blacklist target of hardcoded manager (Execute call) Jul-Oct 2025
avalanche,0x946283a8e540105bf0de1bc48b02be123e56f6d0,0xce54c175880ff4edaa5d80b2dc66dda0e34a36ac,campaign_1,blacklist target of hardcoded manager (Execute call) Jul-Oct 2025
avalanche,0x94656d943eacfddbe0dfc8eaef2f22f3836fee45,0xce54c175880ff4edaa5d80b2dc66dda0e34a36ac,campaign_1,blacklist target of hardcoded manager (Execute call) Jul-Oct 2025
avalanche,0x946cb67a2e8f5ef772f6f78cbfe4703315f0860c,0xce54c175880ff4edaa5d80b2dc66dda0e34a36ac,campaign_1,blacklist target of hardcoded manager (Execute call) Jul-Oct 2025
avalanche,0x946cf0ac4ab2278434a42ea1537d46fcadc52271,0xce54c175880ff4edaa5d80b2dc66dda0e34a36ac,campaign_1,blacklist target of hardcoded manager (Execute call) Jul-Oct 2025
avalanche,0x9471fa68fcae7391e0b042c5fdb6369227d70f15,0xce54c175880ff4edaa5d80b2dc66dda0e34a36ac,campaign_1,blacklist target of hardcoded manager (Execute call) Jul-Oct 2025
avalanche,0x9473f89e47e606f027e40b0f1890dbca511be9e4,0xce54c175880ff4edaa5d80b2dc66dda0e34a36ac,campaign_1,blacklist target of hardcoded manager (Execute call) Jul-Oct 2025
avalanche,0x94a330af595ce51c6d7253860b99008ae3e74079,0xce54c175880ff4edaa5d80b2dc66dda0e34a36ac,campaign_1,blacklist target of hardcoded manager (Execute call) Jul-Oct 2025
avalanche,0x94ac0b0516cf7b5e343169b230cae949a02dca8c,0xce54c175880ff4edaa5d80b2dc66dda0e34a36ac,campaign_1,blacklist target of hardcoded manager (Execute call) Jul-Oct 2025
avalanche,0x94b23c18a7ddbcff5a816dfb6a99f98b727da7a9,0xce54c175880ff4edaa5d80b2dc66dda0e34a36ac,campaign_1,blacklist target of hardcoded manager (Execute call) Jul-Oct 2025
avalanche,0x94b3987cb06c81b658cc98db89832013694da056,0xce54c175880ff4edaa5d80b2dc66dda0e34a36ac,campaign_1,blacklist target of hardcoded manager (Execute call) Jul-Oct 2025
avalanche,0x94c395c6be7316dd1d835dc626e482a1814108b1,0xce54c175880ff4edaa5d80b2dc66dda0e34a36ac,campaign_1,blacklist target of hardcoded manager (Execute call) Jul-Oct 2025
avalanche,0x94c708ad7a6a6777b0c8e084802f3c4c649b9cb0,0xce54c175880ff4edaa5d80b2dc66dda0e34a36ac,campaign_1,blacklist target of hardcoded manager (Execute call) Jul-Oct 2025
avalanche,0x94f64d096c3df0bbd2f34b725b8af32c46ef9e94,0xce54c175880ff4edaa5d80b2dc66dda0e34a36ac,campaign_1,blacklist target of hardcoded manager (Execute call) Jul-Oct 2025
avalanche,0x94fbd89cded0556d3436bae0dff297a026553ea3,0xce54c175880ff4edaa5d80b2dc66dda0e34a36ac,campaign_1,blacklist target of hardcoded manager (Execute call) Jul-Oct 2025
avalanche,0x950ad9068be4d29bb4d9e854aa46951d8903b696,0xce54c175880ff4edaa5d80b2dc66dda0e34a36ac,campaign_1,blacklist target of hardcoded manager (Execute call) Jul-Oct 2025
avalanche,0x951357aec7d6496cf50a1852ab1f53d8e62cb344,0xce54c175880ff4edaa5d80b2dc66dda0e34a36ac,campaign_1,blacklist target of hardcoded manager (Execute call) Jul-Oct 2025
avalanche,0x9536dce69b6b5e942a323cdc68a110350b9d2312,0xce54c175880ff4edaa5d80b2dc66dda0e34a36ac,campaign_1,blacklist target of hardcoded manager (Execute call) Jul-Oct 2025
avalanche,0x95440e5d94bd2529205e8d162a5ddc6deeb57488,0xce54c175880ff4edaa5d80b2dc66dda0e34a36ac,campaign_1,blacklist target of hardcoded manager (Execute call) Jul-Oct 2025
avalanche,0x955a53fd9d0414878a413841ff8a0215fb49a837,0xce54c175880ff4edaa5d80b2dc66dda0e34a36ac,campaign_1,blacklist target of hardcoded manager (Execute call) Jul-Oct 2025
avalanche,0x9573aa17bb29d0f4aa263747b8d8426f3c2c84ca,0xce54c175880ff4edaa5d80b2dc66dda0e34a36ac,campaign_1,blacklist target of hardcoded manager (Execute call) Jul-Oct 2025
avalanche,0x958e1f02f756b1e351946d1c8cc3a90747932d21,0xce54c175880ff4edaa5d80b2dc66dda0e34a36ac,campaign_1,blacklist target of hardcoded manager (Execute call) Jul-Oct 2025
avalanche,0x95922f42c0d337074409c1bbec82ad9348135823,0xce54c175880ff4edaa5d80b2dc66dda0e34a36ac,campaign_1,blacklist target of hardcoded manager (Execute call) Jul-Oct 2025
avalanche,0x959325b49db6d396ab88048f47b77ef4a9ce3fd9,0xce54c175880ff4edaa5d80b2dc66dda0e34a36ac,campaign_1,blacklist target of hardcoded manager (Execute call) Jul-Oct 2025
avalanche,0x95a074b0355ec59f94ba3ffb22672c2aedac6469,0xce54c175880ff4edaa5d80b2dc66dda0e34a36ac,campaign_1,blacklist target of hardcoded manager (Execute call) Jul-Oct 2025
avalanche,0x95a70649ff352f94ebfc9a486ccdc7df311bbc45,0xce54c175880ff4edaa5d80b2dc66dda0e34a36ac,campaign_1,blacklist target of hardcoded manager (Execute call) Jul-Oct 2025
avalanche,0x95acac694d7187944a476b41b70656ca3cad4dc4,0xce54c175880ff4edaa5d80b2dc66dda0e34a36ac,campaign_1,blacklist target of hardcoded manager (Execute call) Jul-Oct 2025
avalanche,0x95adeee81a192d657ad5f240df788d2a8cb99f94,0xce54c175880ff4edaa5d80b2dc66dda0e34a36ac,campaign_1,blacklist target of hardcoded manager (Execute call) Jul-Oct 2025
avalanche,0x95ae56eccf2e615d11809cd10db24cde2b86eeef,0xce54c175880ff4edaa5d80b2dc66dda0e34a36ac,campaign_1,blacklist target of hardcoded manager (Execute call) Jul-Oct 2025
avalanche,0x95bc8a8f8236a51f0dc087d9f9aa6a0367390e7a,0xce54c175880ff4edaa5d80b2dc66dda0e34a36ac,campaign_1,blacklist target of hardcoded manager (Execute call) Jul-Oct 2025
avalanche,0x95d56eb52f0ff39997d2ae8521b9486b6d7044f3,0xce54c175880ff4edaa5d80b2dc66dda0e34a36ac,campaign_1,blacklist target of hardcoded manager (Execute call) Jul-Oct 2025
avalanche,0x95d5aaed3a4f06b7dd9733163a4fa7951c251530,0xce54c175880ff4edaa5d80b2dc66dda0e34a36ac,campaign_1,blacklist target of hardcoded manager (Execute call) Jul-Oct 2025
avalanche,0x95f32d811eaa8f03eb5302023022bc8443155a40,0xce54c175880ff4edaa5d80b2dc66dda0e34a36ac,campaign_1,blacklist target of hardcoded manager (Execute call) Jul-Oct 2025
avalanche,0x95f7309e2d3f03fe12f49a3e062fabcf1dc55712,0xce54c175880ff4edaa5d80b2dc66dda0e34a36ac,campaign_1,blacklist target of hardcoded manager (Execute call) Jul-Oct 2025
avalanche,0x960194dd0f1d0b1328c3b262b54abb7dcf1f1640,0xce54c175880ff4edaa5d80b2dc66dda0e34a36ac,campaign_1,blacklist target of hardcoded manager (Execute call) Jul-Oct 2025
avalanche,0x960331f57948c12b58946229aaf1db72872c32df,0xce54c175880ff4edaa5d80b2dc66dda0e34a36ac,campaign_1,blacklist target of hardcoded manager (Execute call) Jul-Oct 2025
avalanche,0x96089bdae64f5fe195355e04140c06d82e60868b,0xce54c175880ff4edaa5d80b2dc66dda0e34a36ac,campaign_1,blacklist target of hardcoded manager (Execute call) Jul-Oct 2025
avalanche,0x9609c8c91cefbbb20e9db7d154f16e0b1661e1b9,0xce54c175880ff4edaa5d80b2dc66dda0e34a36ac,campaign_1,blacklist target of hardcoded manager (Execute call) Jul-Oct 2025
avalanche,0x96166a9024d37e47616b39f4c174c8bdf1b85b05,0xce54c175880ff4edaa5d80b2dc66dda0e34a36ac,campaign_1,blacklist target of hardcoded manager (Execute call) Jul-Oct 2025
avalanche,0x9617f3eaff0c9fb375bf73ef1250985e9da0c710,0xce54c175880ff4edaa5d80b2dc66dda0e34a36ac,campaign_1,blacklist target of hardcoded manager (Execute call) Jul-Oct 2025
avalanche,0x961a9cda731de5c069f8c14cd44f9c64573583c7,0xce54c175880ff4edaa5d80b2dc66dda0e34a36ac,campaign_1,blacklist target of hardcoded manager (Execute call) Jul-Oct 2025
avalanche,0x961eb8e918c7fc2d7be59517653e54930dba4b64,0xce54c175880ff4edaa5d80b2dc66dda0e34a36ac,campaign_1,blacklist target of hardcoded manager (Execute call) Jul-Oct 2025
avalanche,0x963903d015d8449d88ba2f67f374555eeab5812b,0xce54c175880ff4edaa5d80b2dc66dda0e34a36ac,campaign_1,blacklist target of hardcoded manager (Execute call) Jul-Oct 2025
avalanche,0x9648a34bfe7053c57f3f305b62b94bf8c75aba8d,0xce54c175880ff4edaa5d80b2dc66dda0e34a36ac,campaign_1,blacklist target of hardcoded manager (Execute call) Jul-Oct 2025
avalanche,0x9658727b54c4ad59e300c34c0f90b1146aff0c3a,0xce54c175880ff4edaa5d80b2dc66dda0e34a36ac,campaign_1,blacklist target of hardcoded manager (Execute call) Jul-Oct 2025
avalanche,0x9679fc8d10a5756bef62a88e459305c9fb780c8e,0xce54c175880ff4edaa5d80b2dc66dda0e34a36ac,campaign_1,blacklist target of hardcoded manager (Execute call) Jul-Oct 2025
avalanche,0x9680140e945d3bc3d481f1f9d50d276e3b99357a,0xce54c175880ff4edaa5d80b2dc66dda0e34a36ac,campaign_1,blacklist target of hardcoded manager (Execute call) Jul-Oct 2025
avalanche,0x96837a9506d3b734d303a4c827fcebc580495a4f,0xce54c175880ff4edaa5d80b2dc66dda0e34a36ac,campaign_1,blacklist target of hardcoded manager (Execute call) Jul-Oct 2025
avalanche,0x9689e4b8f03a28cdc2743b542059a5fdd8d174ba,0xce54c175880ff4edaa5d80b2dc66dda0e34a36ac,campaign_1,blacklist target of hardcoded manager (Execute call) Jul-Oct 2025
avalanche,0x969241cf526ff14000dc0ed344159a14ac190057,0xce54c175880ff4edaa5d80b2dc66dda0e34a36ac,campaign_1,blacklist target of hardcoded manager (Execute call) Jul-Oct 2025
avalanche,0x96ad26914ba02a411029d69720959ea8677f9139,0xce54c175880ff4edaa5d80b2dc66dda0e34a36ac,campaign_1,blacklist target of hardcoded manager (Execute call) Jul-Oct 2025
avalanche,0x96e333cae337a4180eb9d303c24af2fe3fd578b3,0xce54c175880ff4edaa5d80b2dc66dda0e34a36ac,campaign_1,blacklist target of hardcoded manager (Execute call) Jul-Oct 2025
avalanche,0x96e6e448650c722aa7379daf85ef0b956f0d64c6,0xce54c175880ff4edaa5d80b2dc66dda0e34a36ac,campaign_1,blacklist target of hardcoded manager (Execute call) Jul-Oct 2025
avalanche,0x96f5235f04d19fc3c433568bfc1deb8d25a86510,0xce54c175880ff4edaa5d80b2dc66dda0e34a36ac,campaign_1,blacklist target of hardcoded manager (Execute call) Jul-Oct 2025
avalanche,0x970cdc3744bd7e1af68416a1018ff57adf8ea845,0xce54c175880ff4edaa5d80b2dc66dda0e34a36ac,campaign_1,blacklist target of hardcoded manager (Execute call) Jul-Oct 2025
avalanche,0x9714646d34b19b0299074f09ae750f7f94a7aba8,0xce54c175880ff4edaa5d80b2dc66dda0e34a36ac,campaign_1,blacklist target of hardcoded manager (Execute call) Jul-Oct 2025
avalanche,0x973333652f9b42f8fceaaf05f911b54d55a1342f,0xce54c175880ff4edaa5d80b2dc66dda0e34a36ac,campaign_1,blacklist target of hardcoded manager (Execute call) Jul-Oct 2025
avalanche,0x973fec5d9c63a9327114c91b47f889b8d0c277b2,0xce54c175880ff4edaa5d80b2dc66dda0e34a36ac,campaign_1,blacklist target of hardcoded manager (Execute call) Jul-Oct 2025
avalanche,0x9757f1168cb43ab367d1741e71bb351a980805a6,0xce54c175880ff4edaa5d80b2dc66dda0e34a36ac,campaign_1,blacklist target of hardcoded manager (Execute call) Jul-Oct 2025
avalanche,0x975e8c3bad6f01ee73c1e6a4e7956db901dcaa7d,0xce54c175880ff4edaa5d80b2dc66dda0e34a36ac,campaign_1,blacklist target of hardcoded manager (Execute call) Jul-Oct 2025
avalanche,0x976dd9dbad14b8d30cf25b5e501f32d8e288ee7d,0xce54c175880ff4edaa5d80b2dc66dda0e34a36ac,campaign_1,blacklist target of hardcoded manager (Execute call) Jul-Oct 2025
avalanche,0x9788268bc06ce8fbb46a109f2e04ed8840026dd4,0xce54c175880ff4edaa5d80b2dc66dda0e34a36ac,campaign_1,blacklist target of hardcoded manager (Execute call) Jul-Oct 2025
avalanche,0x9791f9f84fe4968b9c74b5cb0f78b6d7b82a6c5e,0xce54c175880ff4edaa5d80b2dc66dda0e34a36ac,campaign_1,blacklist target of hardcoded manager (Execute call) Jul-Oct 2025
avalanche,0x97972a8a8eaac241d7766ae0af83a7b18f8711f2,0xce54c175880ff4edaa5d80b2dc66dda0e34a36ac,campaign_1,blacklist target of hardcoded manager (Execute call) Jul-Oct 2025
avalanche,0x979b6cec4a834d9a59257132a05081c48aba54fe,0xce54c175880ff4edaa5d80b2dc66dda0e34a36ac,campaign_1,blacklist target of hardcoded manager (Execute call) Jul-Oct 2025
avalanche,0x97a7692a4c3ea869f575557cd6139251177542a8,0xce54c175880ff4edaa5d80b2dc66dda0e34a36ac,campaign_1,blacklist target of hardcoded manager (Execute call) Jul-Oct 2025
avalanche,0x97a7c936df849d395e2f986f7a7012d1de80a806,0xce54c175880ff4edaa5d80b2dc66dda0e34a36ac,campaign_1,blacklist target of hardcoded manager (Execute call) Jul-Oct 2025
avalanche,0x97a8175924dd833298b98d8627251fa13631360f,0xce54c175880ff4edaa5d80b2dc66dda0e34a36ac,campaign_1,blacklist target of hardcoded manager (Execute call) Jul-Oct 2025
avalanche,0x97a94c76f682ac3ce4dcdffcf9b29744b8b405b2,0xce54c175880ff4edaa5d80b2dc66dda0e34a36ac,campaign_1,blacklist target of hardcoded manager (Execute call) Jul-Oct 2025
avalanche,0x97af3892ce22c06bf56e6d342f66e4a5c5aab475,0xce54c175880ff4edaa5d80b2dc66dda0e34a36ac,campaign_1,blacklist target of hardcoded manager (Execute call) Jul-Oct 2025
avalanche,0x97b84c047955d663f163074553b0a14914777574,0xce54c175880ff4edaa5d80b2dc66dda0e34a36ac,campaign_1,blacklist target of hardcoded manager (Execute call) Jul-Oct 2025
avalanche,0x97cafd768599766fcbb76a7e8bd04c2172fab6f0,0xce54c175880ff4edaa5d80b2dc66dda0e34a36ac,campaign_1,blacklist target of hardcoded manager (Execute call) Jul-Oct 2025
avalanche,0x97cebc4e972bccf90409cdfb63b7e30a1c78cb77,0xce54c175880ff4edaa5d80b2dc66dda0e34a36ac,campaign_1,blacklist target of hardcoded manager (Execute call) Jul-Oct 2025
avalanche,0x97d2d6a6e792434d73d853596e8f9fb8b3ab8dbd,0xce54c175880ff4edaa5d80b2dc66dda0e34a36ac,campaign_1,blacklist target of hardcoded manager (Execute call) Jul-Oct 2025
avalanche,0x97d643927a607109f3fd665caa6a126f19d72361,0xce54c175880ff4edaa5d80b2dc66dda0e34a36ac,campaign_1,blacklist target of hardcoded manager (Execute call) Jul-Oct 2025
avalanche,0x97e88f42f7973b832b986b6e76cfc24dc415e06e,0xce54c175880ff4edaa5d80b2dc66dda0e34a36ac,campaign_1,blacklist target of hardcoded manager (Execute call) Jul-Oct 2025
avalanche,0x97e9aee7ef4fab10e29ed8519c12c41259d02d90,0xce54c175880ff4edaa5d80b2dc66dda0e34a36ac,campaign_1,blacklist target of hardcoded manager (Execute call) Jul-Oct 2025
avalanche,0x97f3476df7948935dabf1eb7194f400ab26e70cd,0xce54c175880ff4edaa5d80b2dc66dda0e34a36ac,campaign_1,blacklist target of hardcoded manager (Execute call) Jul-Oct 2025
avalanche,0x981004259a2885802fdd25cd08cc8de4f733662f,0xce54c175880ff4edaa5d80b2dc66dda0e34a36ac,campaign_1,blacklist target of hardcoded manager (Execute call) Jul-Oct 2025
avalanche,0x9815eebdfebc8062c2c2f38969856b8cf53be4cd,0xce54c175880ff4edaa5d80b2dc66dda0e34a36ac,campaign_1,blacklist target of hardcoded manager (Execute call) Jul-Oct 2025
avalanche,0x981cafca5d39b9c0d574b1445674d7ae7f79bee1,0xce54c175880ff4edaa5d80b2dc66dda0e34a36ac,campaign_1,blacklist target of hardcoded manager (Execute call) Jul-Oct 2025
avalanche,0x98388f9c351d430929a66be6158b316762408e3b,0xce54c175880ff4edaa5d80b2dc66dda0e34a36ac,campaign_1,blacklist target of hardcoded manager (Execute call) Jul-Oct 2025
avalanche,0x983dbbcc135a81ddf9bf35c6ce328c10b174b579,0xce54c175880ff4edaa5d80b2dc66dda0e34a36ac,campaign_1,blacklist target of hardcoded manager (Execute call) Jul-Oct 2025
avalanche,0x984bd74ce6bd1acb05ccd6ae08115e3aea415a02,0xce54c175880ff4edaa5d80b2dc66dda0e34a36ac,campaign_1,blacklist target of hardcoded manager (Execute call) Jul-Oct 2025
avalanche,0x985beadd5b77522d72900461aaf3fcd7b185595a,0xce54c175880ff4edaa5d80b2dc66dda0e34a36ac,campaign_1,blacklist target of hardcoded manager (Execute call) Jul-Oct 2025
avalanche,0x985e2d9358f4be459fee2e40858ff024891d30e7,0xce54c175880ff4edaa5d80b2dc66dda0e34a36ac,campaign_1,blacklist target of hardcoded manager (Execute call) Jul-Oct 2025
avalanche,0x9870d50de8f8eed42ccbae76e14827fbbd6aba3b,0xce54c175880ff4edaa5d80b2dc66dda0e34a36ac,campaign_1,blacklist target of hardcoded manager (Execute call) Jul-Oct 2025
avalanche,0x9872d69a0a511cbcf9f148209755aa4f38739044,0xce54c175880ff4edaa5d80b2dc66dda0e34a36ac,campaign_1,blacklist target of hardcoded manager (Execute call) Jul-Oct 2025
avalanche,0x987b7492af7840f5e039213a26350c43b90cc1ea,0xce54c175880ff4edaa5d80b2dc66dda0e34a36ac,campaign_1,blacklist target of hardcoded manager (Execute call) Jul-Oct 2025
avalanche,0x98875f38d4bf3b52ce58b8f4e411a134b634ec6f,0xce54c175880ff4edaa5d80b2dc66dda0e34a36ac,campaign_1,blacklist target of hardcoded manager (Execute call) Jul-Oct 2025
avalanche,0x989ffc68f8687a4e90e09e426545aeeeec6640ea,0xce54c175880ff4edaa5d80b2dc66dda0e34a36ac,campaign_1,blacklist target of hardcoded manager (Execute call) Jul-Oct 2025
avalanche,0x98ae7f5fcf3aba5cca7aad6219549fab0cb93267,0xce54c175880ff4edaa5d80b2dc66dda0e34a36ac,campaign_1,blacklist target of hardcoded manager (Execute call) Jul-Oct 2025
avalanche,0x98d21ec98d8c99bbb3c82f0261e42f562455782a,0xce54c175880ff4edaa5d80b2dc66dda0e34a36ac,campaign_1,blacklist target of hardcoded manager (Execute call) Jul-Oct 2025
avalanche,0x98e5b55f92be3912c3e1f0213988af24dcf99293,0xce54c175880ff4edaa5d80b2dc66dda0e34a36ac,campaign_1,blacklist target of hardcoded manager (Execute call) Jul-Oct 2025
avalanche,0x98fe974e0a36f80e861239c65f1b913f1ad5719f,0xce54c175880ff4edaa5d80b2dc66dda0e34a36ac,campaign_1,blacklist target of hardcoded manager (Execute call) Jul-Oct 2025
avalanche,0x990523299337334010f5b9a5993c6a0cda97cd99,0xce54c175880ff4edaa5d80b2dc66dda0e34a36ac,campaign_1,blacklist target of hardcoded manager (Execute call) Jul-Oct 2025
avalanche,0x9908143281c21685bdfcb4442d0f97b19998cf70,0xce54c175880ff4edaa5d80b2dc66dda0e34a36ac,campaign_1,blacklist target of hardcoded manager (Execute call) Jul-Oct 2025
avalanche,0x990ef565342d7b96f0695f085a59235ded217f62,0xce54c175880ff4edaa5d80b2dc66dda0e34a36ac,campaign_1,blacklist target of hardcoded manager (Execute call) Jul-Oct 2025
avalanche,0x9915418ea4f11337d39237fb80660de44bf5ddad,0xce54c175880ff4edaa5d80b2dc66dda0e34a36ac,campaign_1,blacklist target of hardcoded manager (Execute call) Jul-Oct 2025
avalanche,0x99182d91bb06e6cacbf025a42df40cb1570671d8,0xce54c175880ff4edaa5d80b2dc66dda0e34a36ac,campaign_1,blacklist target of hardcoded manager (Execute call) Jul-Oct 2025
avalanche,0x9943a8a597723da77ae376301905e29f69d82452,0xce54c175880ff4edaa5d80b2dc66dda0e34a36ac,campaign_1,blacklist target of hardcoded manager (Execute call) Jul-Oct 2025
avalanche,0x994a404930bfa813230f4ec1d193000388f7c50c,0xce54c175880ff4edaa5d80b2dc66dda0e34a36ac,campaign_1,blacklist target of hardcoded manager (Execute call) Jul-Oct 2025
avalanche,0x995180b67b645f5c886a768df4050cb4c6ce032f,0xce54c175880ff4edaa5d80b2dc66dda0e34a36ac,campaign_1,blacklist target of hardcoded manager (Execute call) Jul-Oct 2025
avalanche,0x9959909f07f83c5cdccafbff5bf4efc6599f6fec,0xce54c175880ff4edaa5d80b2dc66dda0e34a36ac,campaign_1,blacklist target of hardcoded manager (Execute call) Jul-Oct 2025
avalanche,0x9959a1d728918925bb06f607913c4b7a73c1f791,0xce54c175880ff4edaa5d80b2dc66dda0e34a36ac,campaign_1,blacklist target of hardcoded manager (Execute call) Jul-Oct 2025
avalanche,0x997290ff5126a89a18bd68399daff9feee30c8a1,0xce54c175880ff4edaa5d80b2dc66dda0e34a36ac,campaign_1,blacklist target of hardcoded manager (Execute call) Jul-Oct 2025
avalanche,0x997f5a5d7492b2ad33ea7b9505b97bfcd0e5eb10,0xce54c175880ff4edaa5d80b2dc66dda0e34a36ac,campaign_1,blacklist target of hardcoded manager (Execute call) Jul-Oct 2025
avalanche,0x99817d5d8eb74de3c8187df558678daf8656ceea,0xce54c175880ff4edaa5d80b2dc66dda0e34a36ac,campaign_1,blacklist target of hardcoded manager (Execute call) Jul-Oct 2025
avalanche,0x9998a1c57ad44403885daf5c03e690aaf94abac6,0xce54c175880ff4edaa5d80b2dc66dda0e34a36ac,campaign_1,blacklist target of hardcoded manager (Execute call) Jul-Oct 2025
avalanche,0x999a71d35e6dc4f7f0f4d5f6eea0d59a5a50d173,0xce54c175880ff4edaa5d80b2dc66dda0e34a36ac,campaign_1,blacklist target of hardcoded manager (Execute call) Jul-Oct 2025
avalanche,0x99a47ff1e1e9d19cff6dec1dd73086a5b35e55cb,0xce54c175880ff4edaa5d80b2dc66dda0e34a36ac,campaign_1,blacklist target of hardcoded manager (Execute call) Jul-Oct 2025
avalanche,0x99b40bfaf8a3ddd133d67638b1b16e59ace66397,0xce54c175880ff4edaa5d80b2dc66dda0e34a36ac,campaign_1,blacklist target of hardcoded manager (Execute call) Jul-Oct 2025
avalanche,0x99d31b73c44272a679eb1a2d34703816637539dc,0xce54c175880ff4edaa5d80b2dc66dda0e34a36ac,campaign_1,blacklist target of hardcoded manager (Execute call) Jul-Oct 2025
avalanche,0x99d45144b073f7c037943a51897da9eebc649a6b,0xce54c175880ff4edaa5d80b2dc66dda0e34a36ac,campaign_1,blacklist target of hardcoded manager (Execute call) Jul-Oct 2025
avalanche,0x99da667f6f25f2ffa225786e337d577384eff952,0xce54c175880ff4edaa5d80b2dc66dda0e34a36ac,campaign_1,blacklist target of hardcoded manager (Execute call) Jul-Oct 2025
avalanche,0x99e0a6427b78c77c9a5e3b7d0cac15fe1630236f,0xce54c175880ff4edaa5d80b2dc66dda0e34a36ac,campaign_1,blacklist target of hardcoded manager (Execute call) Jul-Oct 2025
avalanche,0x99f8440edb26cff237ed0cdeaca787cb51499e89,0xce54c175880ff4edaa5d80b2dc66dda0e34a36ac,campaign_1,blacklist target of hardcoded manager (Execute call) Jul-Oct 2025
avalanche,0x9a006c1a969fd445ca5273ad77a284e10fbfb8a5,0xce54c175880ff4edaa5d80b2dc66dda0e34a36ac,campaign_1,blacklist target of hardcoded manager (Execute call) Jul-Oct 2025
avalanche,0x9a039eb5a9cfcd4690da11b1897081934b4fdb90,0xce54c175880ff4edaa5d80b2dc66dda0e34a36ac,campaign_1,blacklist target of hardcoded manager (Execute call) Jul-Oct 2025
avalanche,0x9a0a94c07b99509f2c9ca320adb81d6d7a2c0e44,0xce54c175880ff4edaa5d80b2dc66dda0e34a36ac,campaign_1,blacklist target of hardcoded manager (Execute call) Jul-Oct 2025
avalanche,0x9a1782715fae06b8a1269dab41a3cae1ae43cc01,0xce54c175880ff4edaa5d80b2dc66dda0e34a36ac,campaign_1,blacklist target of hardcoded manager (Execute call) Jul-Oct 2025
avalanche,0x9a1deadd399c25384ee8772f0ed39ddc19e29598,0xce54c175880ff4edaa5d80b2dc66dda0e34a36ac,campaign_1,blacklist target of hardcoded manager (Execute call) Jul-Oct 2025
avalanche,0x9a2acbde184d08603477d07c968975b8e4cd443c,0xce54c175880ff4edaa5d80b2dc66dda0e34a36ac,campaign_1,blacklist target of hardcoded manager (Execute call) Jul-Oct 2025
avalanche,0x9a4300a0e4038c5c6706b05adde4170d97b50f57,0xce54c175880ff4edaa5d80b2dc66dda0e34a36ac,campaign_1,blacklist target of hardcoded manager (Execute call) Jul-Oct 2025
avalanche,0x9a48ed586d6b4adfd6b18a0c3a98a6abd5cea1ab,0xce54c175880ff4edaa5d80b2dc66dda0e34a36ac,campaign_1,blacklist target of hardcoded manager (Execute call) Jul-Oct 2025
avalanche,0x9a5c788b8cccd13b88b520309ef990d7d9787c1b,0xce54c175880ff4edaa5d80b2dc66dda0e34a36ac,campaign_1,blacklist target of hardcoded manager (Execute call) Jul-Oct 2025
avalanche,0x9a6ced03392eba3c961bbed2033e292b6ed2f632,0xce54c175880ff4edaa5d80b2dc66dda0e34a36ac,campaign_1,blacklist target of hardcoded manager (Execute call) Jul-Oct 2025
avalanche,0x9a771b02915d1de8f3a98d8d9bbaf45bd7e7105f,0xce54c175880ff4edaa5d80b2dc66dda0e34a36ac,campaign_1,blacklist target of hardcoded manager (Execute call) Jul-Oct 2025
avalanche,0x9a7f415a2cdfb7148f2658b107fec49def1dcac0,0xce54c175880ff4edaa5d80b2dc66dda0e34a36ac,campaign_1,blacklist target of hardcoded manager (Execute call) Jul-Oct 2025
avalanche,0x9a845a1d9889742456e7bde26fa5abae6efe47fa,0xce54c175880ff4edaa5d80b2dc66dda0e34a36ac,campaign_1,blacklist target of hardcoded manager (Execute call) Jul-Oct 2025
avalanche,0x9a88422735261fa6da5daa49338f607955b429d8,0xce54c175880ff4edaa5d80b2dc66dda0e34a36ac,campaign_1,blacklist target of hardcoded manager (Execute call) Jul-Oct 2025
avalanche,0x9a93ccfec81ccc3363891a8d5e7ec4439c88d82f,0xce54c175880ff4edaa5d80b2dc66dda0e34a36ac,campaign_1,blacklist target of hardcoded manager (Execute call) Jul-Oct 2025
avalanche,0x9ab80ba811e75d6249bc659e5980cec734c7a368,0xce54c175880ff4edaa5d80b2dc66dda0e34a36ac,campaign_1,blacklist target of hardcoded manager (Execute call) Jul-Oct 2025
avalanche,0x9abac2b26fd938bef3db63578fbe1af719fdd3b0,0xce54c175880ff4edaa5d80b2dc66dda0e34a36ac,campaign_1,blacklist target of hardcoded manager (Execute call) Jul-Oct 2025
avalanche,0x9abafb758d3aa8fc0a0567b4435a0544afa26ce8,0xce54c175880ff4edaa5d80b2dc66dda0e34a36ac,campaign_1,blacklist target of hardcoded manager (Execute call) Jul-Oct 2025
avalanche,0x9ad082503264bfcf5ef5ec92e12f4659eb8a1f49,0xce54c175880ff4edaa5d80b2dc66dda0e34a36ac,campaign_1,blacklist target of hardcoded manager (Execute call) Jul-Oct 2025
avalanche,0x9ad0c3cdc66c23d056d6e59a832c70ed66c1bd84,0xce54c175880ff4edaa5d80b2dc66dda0e34a36ac,campaign_1,blacklist target of hardcoded manager (Execute call) Jul-Oct 2025
avalanche,0x9ad6e64b3b226a1776044a3ae1b500c4aa67b715,0xce54c175880ff4edaa5d80b2dc66dda0e34a36ac,campaign_1,blacklist target of hardcoded manager (Execute call) Jul-Oct 2025
avalanche,0x9ad874c0289982d77250fb415371c229dc8f5848,0xce54c175880ff4edaa5d80b2dc66dda0e34a36ac,campaign_1,blacklist target of hardcoded manager (Execute call) Jul-Oct 2025
avalanche,0x9ae7b74c3ba9f09bcb2cd044927d5560fcb2336b,0xce54c175880ff4edaa5d80b2dc66dda0e34a36ac,campaign_1,blacklist target of hardcoded manager (Execute call) Jul-Oct 2025
avalanche,0x9aeec103532f4d77677519e9edfdf8d53c8fd2c9,0xce54c175880ff4edaa5d80b2dc66dda0e34a36ac,campaign_1,blacklist target of hardcoded manager (Execute call) Jul-Oct 2025
avalanche,0x9af6fd13c1cfb3915c8560e3ed7c63e39cd6b64c,0xce54c175880ff4edaa5d80b2dc66dda0e34a36ac,campaign_1,blacklist target of hardcoded manager (Execute call) Jul-Oct 2025
avalanche,0x9af7592699e3e53f5972e493c89d13b940af4a87,0xce54c175880ff4edaa5d80b2dc66dda0e34a36ac,campaign_1,blacklist target of hardcoded manager (Execute call) Jul-Oct 2025
avalanche,0x9b00a7beca6e73a02b3062e0d668ac1d72068ca9,0xce54c175880ff4edaa5d80b2dc66dda0e34a36ac,campaign_1,blacklist target of hardcoded manager (Execute call) Jul-Oct 2025
avalanche,0x9b4046441f7533371675864a3db7e6ede8e1cbc3,0xce54c175880ff4edaa5d80b2dc66dda0e34a36ac,campaign_1,blacklist target of hardcoded manager (Execute call) Jul-Oct 2025
avalanche,0x9b41211da84fc2aa556057f1178e3a0b116cbed6,0xce54c175880ff4edaa5d80b2dc66dda0e34a36ac,campaign_1,blacklist target of hardcoded manager (Execute call) Jul-Oct 2025
avalanche,0x9b54334a7cf5c6d9748b89ead9b7a28492c57b1b,0xce54c175880ff4edaa5d80b2dc66dda0e34a36ac,campaign_1,blacklist target of hardcoded manager (Execute call) Jul-Oct 2025
avalanche,0x9b54836ff8271cc79c743d603cdf63eb0f040621,0xce54c175880ff4edaa5d80b2dc66dda0e34a36ac,campaign_1,blacklist target of hardcoded manager (Execute call) Jul-Oct 2025
avalanche,0x9b54e30f2e7bbc54bfa5ce04b42820e048c18692,0xce54c175880ff4edaa5d80b2dc66dda0e34a36ac,campaign_1,blacklist target of hardcoded manager (Execute call) Jul-Oct 2025
avalanche,0x9b593ca856a81b395aac30d7fca68b4ccc839c74,0xce54c175880ff4edaa5d80b2dc66dda0e34a36ac,campaign_1,blacklist target of hardcoded manager (Execute call) Jul-Oct 2025
avalanche,0x9b61b1983846b9516fa91c41d670da8a3c3736c5,0xce54c175880ff4edaa5d80b2dc66dda0e34a36ac,campaign_1,blacklist target of hardcoded manager (Execute call) Jul-Oct 2025
avalanche,0x9b69e81c498621168dce2a26741f9260dfa194dc,0xce54c175880ff4edaa5d80b2dc66dda0e34a36ac,campaign_1,blacklist target of hardcoded manager (Execute call) Jul-Oct 2025
avalanche,0x9b888356a2c1773cc900d950df837caa31d877f9,0xce54c175880ff4edaa5d80b2dc66dda0e34a36ac,campaign_1,blacklist target of hardcoded manager (Execute call) Jul-Oct 2025
avalanche,0x9bac8d6d088ec33e39dac6f689e25c554adc21ee,0xce54c175880ff4edaa5d80b2dc66dda0e34a36ac,campaign_1,blacklist target of hardcoded manager (Execute call) Jul-Oct 2025
avalanche,0x9bbb09b9cafab7f7989b6651a30f8dc439ea2d86,0xce54c175880ff4edaa5d80b2dc66dda0e34a36ac,campaign_1,blacklist target of hardcoded manager (Execute call) Jul-Oct 2025
avalanche,0x9bc411c5d7987dcb6443ab597dd9f04dc01c5d7b,0xce54c175880ff4edaa5d80b2dc66dda0e34a36ac,campaign_1,blacklist target of hardcoded manager (Execute call) Jul-Oct 2025
avalanche,0x9bcf12e85e6e048003049fbc21c176e51f86ffc2,0xce54c175880ff4edaa5d80b2dc66dda0e34a36ac,campaign_1,blacklist target of hardcoded manager (Execute call) Jul-Oct 2025
avalanche,0x9be03dc0ec8f6c791aaa9d13803327e80dec5cae,0xce54c175880ff4edaa5d80b2dc66dda0e34a36ac,campaign_1,blacklist target of hardcoded manager (Execute call) Jul-Oct 2025
avalanche,0x9bec009a5ff587d73cb3b8475cd1eaf9e05eda3b,0xce54c175880ff4edaa5d80b2dc66dda0e34a36ac,campaign_1,blacklist target of hardcoded manager (Execute call) Jul-Oct 2025
avalanche,0x9bf2d8f60c05e98f60740348ed8f3f04f7bdd8eb,0xce54c175880ff4edaa5d80b2dc66dda0e34a36ac,campaign_1,blacklist target of hardcoded manager (Execute call) Jul-Oct 2025
avalanche,0x9bf603149c11c807c0581dd364941402769eb206,0xce54c175880ff4edaa5d80b2dc66dda0e34a36ac,campaign_1,blacklist target of hardcoded manager (Execute call) Jul-Oct 2025
avalanche,0x9bfc7a6ebc78d8a86855268ba3ed45de2047feef,0xce54c175880ff4edaa5d80b2dc66dda0e34a36ac,campaign_1,blacklist target of hardcoded manager (Execute call) Jul-Oct 2025
avalanche,0x9bfc92b7352e3c402624cd59618fbcc61c0412f4,0xce54c175880ff4edaa5d80b2dc66dda0e34a36ac,campaign_1,blacklist target of hardcoded manager (Execute call) Jul-Oct 2025
avalanche,0x9c0988c03e220f48832e9166a2d29676e5d44591,0xce54c175880ff4edaa5d80b2dc66dda0e34a36ac,campaign_1,blacklist target of hardcoded manager (Execute call) Jul-Oct 2025
avalanche,0x9c33eca82466d3e7a3ef0333a184b4ed5348c495,0xce54c175880ff4edaa5d80b2dc66dda0e34a36ac,campaign_1,blacklist target of hardcoded manager (Execute call) Jul-Oct 2025
avalanche,0x9c4d6b4aa29accd00f90d89aa77c159337a4463a,0xce54c175880ff4edaa5d80b2dc66dda0e34a36ac,campaign_1,blacklist target of hardcoded manager (Execute call) Jul-Oct 2025
avalanche,0x9c65e218ce0b06d3496ffb202451d39456154417,0xce54c175880ff4edaa5d80b2dc66dda0e34a36ac,campaign_1,blacklist target of hardcoded manager (Execute call) Jul-Oct 2025
avalanche,0x9c6b14a7bc80453b20be5ee47b94816de483fbf6,0xce54c175880ff4edaa5d80b2dc66dda0e34a36ac,campaign_1,blacklist target of hardcoded manager (Execute call) Jul-Oct 2025
avalanche,0x9c7bae98149ae14868b77cd26e85c476b07485ac,0xce54c175880ff4edaa5d80b2dc66dda0e34a36ac,campaign_1,blacklist target of hardcoded manager (Execute call) Jul-Oct 2025
avalanche,0x9c7c1be4a3a159bdb60971e05f8558bd90d0bc1a,0xce54c175880ff4edaa5d80b2dc66dda0e34a36ac,campaign_1,blacklist target of hardcoded manager (Execute call) Jul-Oct 2025
avalanche,0x9c8c5271f90e9be38fa09033f57fade1edefbc47,0xce54c175880ff4edaa5d80b2dc66dda0e34a36ac,campaign_1,blacklist target of hardcoded manager (Execute call) Jul-Oct 2025
avalanche,0x9ca6412cc49e442b011c70947f0f75bd0baf3c2a,0xce54c175880ff4edaa5d80b2dc66dda0e34a36ac,campaign_1,blacklist target of hardcoded manager (Execute call) Jul-Oct 2025
avalanche,0x9cb2f063d3ee63cfe3d86dd6cf83cda2f1b9eaa7,0xce54c175880ff4edaa5d80b2dc66dda0e34a36ac,campaign_1,blacklist target of hardcoded manager (Execute call) Jul-Oct 2025
avalanche,0x9cc7da2d7599bed6450ba82ee7fa51f0444bf076,0xce54c175880ff4edaa5d80b2dc66dda0e34a36ac,campaign_1,blacklist target of hardcoded manager (Execute call) Jul-Oct 2025
avalanche,0x9ccc564735c54df3568d5c3539575620cfc51247,0xce54c175880ff4edaa5d80b2dc66dda0e34a36ac,campaign_1,blacklist target of hardcoded manager (Execute call) Jul-Oct 2025
avalanche,0x9cdb6bed51728d1d37305a0ff0d9e0954a877597,0xce54c175880ff4edaa5d80b2dc66dda0e34a36ac,campaign_1,blacklist target of hardcoded manager (Execute call) Jul-Oct 2025
avalanche,0x9cea04d4b70c0cd716a62217fc3460f148b798c2,0xce54c175880ff4edaa5d80b2dc66dda0e34a36ac,campaign_1,blacklist target of hardcoded manager (Execute call) Jul-Oct 2025
avalanche,0x9ced1ddd5b71bedb2f49dab6c793d7678d0f6627,0xce54c175880ff4edaa5d80b2dc66dda0e34a36ac,campaign_1,blacklist target of hardcoded manager (Execute call) Jul-Oct 2025
avalanche,0x9ced55a3d021d8eb0f972911cada3be075624184,0xce54c175880ff4edaa5d80b2dc66dda0e34a36ac,campaign_1,blacklist target of hardcoded manager (Execute call) Jul-Oct 2025
avalanche,0x9cf4073ef830d1107ec6690adbdeaac17addfbf3,0xce54c175880ff4edaa5d80b2dc66dda0e34a36ac,campaign_1,blacklist target of hardcoded manager (Execute call) Jul-Oct 2025
avalanche,0x9cf87fe86d2988a1d793f1dd87a00619792b5051,0xce54c175880ff4edaa5d80b2dc66dda0e34a36ac,campaign_1,blacklist target of hardcoded manager (Execute call) Jul-Oct 2025
avalanche,0x9d1571104bc69274c967cece5276343e4ec972f2,0xce54c175880ff4edaa5d80b2dc66dda0e34a36ac,campaign_1,blacklist target of hardcoded manager (Execute call) Jul-Oct 2025
avalanche,0x9d1d56b49a38cf868b8168972b24888ab32634d5,0xce54c175880ff4edaa5d80b2dc66dda0e34a36ac,campaign_1,blacklist target of hardcoded manager (Execute call) Jul-Oct 2025
avalanche,0x9d1f8740aac31c405135d73e86fb49ddff00e700,0xce54c175880ff4edaa5d80b2dc66dda0e34a36ac,campaign_1,blacklist target of hardcoded manager (Execute call) Jul-Oct 2025
avalanche,0x9d204111919f85d281a4d3608a00f2a3cc89383a,0xce54c175880ff4edaa5d80b2dc66dda0e34a36ac,campaign_1,blacklist target of hardcoded manager (Execute call) Jul-Oct 2025
avalanche,0x9d382a8af8005cba9111db2c9b0ae8c823ef4385,0xce54c175880ff4edaa5d80b2dc66dda0e34a36ac,campaign_1,blacklist target of hardcoded manager (Execute call) Jul-Oct 2025
avalanche,0x9d4aea1d2668fcd8c1d81f093345be825e4ce86d,0xce54c175880ff4edaa5d80b2dc66dda0e34a36ac,campaign_1,blacklist target of hardcoded manager (Execute call) Jul-Oct 2025
avalanche,0x9d5514d359e282997263a256f606235a4e1b1ec0,0xce54c175880ff4edaa5d80b2dc66dda0e34a36ac,campaign_1,blacklist target of hardcoded manager (Execute call) Jul-Oct 2025
avalanche,0x9d67e382e0c31a908a9f35f26190c51dd1b0ee60,0xce54c175880ff4edaa5d80b2dc66dda0e34a36ac,campaign_1,blacklist target of hardcoded manager (Execute call) Jul-Oct 2025
avalanche,0x9d748129d8e662faa71147f82e111ac889930492,0xce54c175880ff4edaa5d80b2dc66dda0e34a36ac,campaign_1,blacklist target of hardcoded manager (Execute call) Jul-Oct 2025
avalanche,0x9d864b544b3e6960510076d9902b075593edba04,0xce54c175880ff4edaa5d80b2dc66dda0e34a36ac,campaign_1,blacklist target of hardcoded manager (Execute call) Jul-Oct 2025
avalanche,0x9da4719107c40d5dc81c9769cda1ca8a82d68edf,0xce54c175880ff4edaa5d80b2dc66dda0e34a36ac,campaign_1,blacklist target of hardcoded manager (Execute call) Jul-Oct 2025
avalanche,0x9db992ab514ecbe997c0fca1d369abeb94b3ccf1,0xce54c175880ff4edaa5d80b2dc66dda0e34a36ac,campaign_1,blacklist target of hardcoded manager (Execute call) Jul-Oct 2025
avalanche,0x9dbece14a1ff4199ad971bdc5b322cfabfe62b55,0xce54c175880ff4edaa5d80b2dc66dda0e34a36ac,campaign_1,blacklist target of hardcoded manager (Execute call) Jul-Oct 2025
avalanche,0x9dcd82d13b35799fb9eb3c94273cec937d35fd33,0xce54c175880ff4edaa5d80b2dc66dda0e34a36ac,campaign_1,blacklist target of hardcoded manager (Execute call) Jul-Oct 2025
avalanche,0x9dd3d6eca0f67aaf74397346e5c0cd8946ed403c,0xce54c175880ff4edaa5d80b2dc66dda0e34a36ac,campaign_1,blacklist target of hardcoded manager (Execute call) Jul-Oct 2025
avalanche,0x9ddc180ecb84f45614e57abc97a65bfebd752b3b,0xce54c175880ff4edaa5d80b2dc66dda0e34a36ac,campaign_1,blacklist target of hardcoded manager (Execute call) Jul-Oct 2025
avalanche,0x9de2f21bd78dde474e7feb78b80380bda7e3bd8a,0xce54c175880ff4edaa5d80b2dc66dda0e34a36ac,campaign_1,blacklist target of hardcoded manager (Execute call) Jul-Oct 2025
avalanche,0x9df09833fc432e0d5fa663029c6de2758353893b,0xce54c175880ff4edaa5d80b2dc66dda0e34a36ac,campaign_1,blacklist target of hardcoded manager (Execute call) Jul-Oct 2025
avalanche,0x9e02ce148d9a7cea0f932a623e287486aee9f991,0xce54c175880ff4edaa5d80b2dc66dda0e34a36ac,campaign_1,blacklist target of hardcoded manager (Execute call) Jul-Oct 2025
avalanche,0x9e0571f6412d0b502dcdd862c9f955baaa30350a,0xce54c175880ff4edaa5d80b2dc66dda0e34a36ac,campaign_1,blacklist target of hardcoded manager (Execute call) Jul-Oct 2025
avalanche,0x9e1b041f590fb17f4eea750a50939fe2b05fd83e,0xce54c175880ff4edaa5d80b2dc66dda0e34a36ac,campaign_1,blacklist target of hardcoded manager (Execute call) Jul-Oct 2025
avalanche,0x9e220a4e590b90b6ec7c9ae3ed9064baff01d9cf,0xce54c175880ff4edaa5d80b2dc66dda0e34a36ac,campaign_1,blacklist target of hardcoded manager (Execute call) Jul-Oct 2025
avalanche,0x9e250aaee60e9d5ee769ea675eed03ac8d36327a,0xce54c175880ff4edaa5d80b2dc66dda0e34a36ac,campaign_1,blacklist target of hardcoded manager (Execute call) Jul-Oct 2025
avalanche,0x9e3bf38e0c533dd161234a1b4b19052d00df5d7a,0xce54c175880ff4edaa5d80b2dc66dda0e34a36ac,campaign_1,blacklist target of hardcoded manager (Execute call) Jul-Oct 2025
avalanche,0x9e3da881261b69179ab15c772e4d552ee9df1a81,0xce54c175880ff4edaa5d80b2dc66dda0e34a36ac,campaign_1,blacklist target of hardcoded manager (Execute call) Jul-Oct 2025
avalanche,0x9e4b2fbbf00e5e39507e35403f7f0e94f01679fd,0xce54c175880ff4edaa5d80b2dc66dda0e34a36ac,campaign_1,blacklist target of hardcoded manager (Execute call) Jul-Oct 2025
avalanche,0x9e52a818904e31d1d8de02455bbbfc3c804ecdad,0xce54c175880ff4edaa5d80b2dc66dda0e34a36ac,campaign_1,blacklist target of hardcoded manager (Execute call) Jul-Oct 2025
avalanche,0x9e5cad7577f5553a900af3c6eb09fcae9b2f5114,0xce54c175880ff4edaa5d80b2dc66dda0e34a36ac,campaign_1,blacklist target of hardcoded manager (Execute call) Jul-Oct 2025
avalanche,0x9e6987717604ac3ea0840414bb310050da29dd71,0xce54c175880ff4edaa5d80b2dc66dda0e34a36ac,campaign_1,blacklist target of hardcoded manager (Execute call) Jul-Oct 2025
avalanche,0x9e750eeab3c2327442320169cf735c667f4ec8dc,0xce54c175880ff4edaa5d80b2dc66dda0e34a36ac,campaign_1,blacklist target of hardcoded manager (Execute call) Jul-Oct 2025
avalanche,0x9e836affa931ac0ea520651161427c1fba423b72,0xce54c175880ff4edaa5d80b2dc66dda0e34a36ac,campaign_1,blacklist target of hardcoded manager (Execute call) Jul-Oct 2025
avalanche,0x9e8b734ef2f56a1e56764bfe3e61997c9e9080b7,0xce54c175880ff4edaa5d80b2dc66dda0e34a36ac,campaign_1,blacklist target of hardcoded manager (Execute call) Jul-Oct 2025
avalanche,0x9e936a07ca059369d69b1741a5e506c64df7ada1,0xce54c175880ff4edaa5d80b2dc66dda0e34a36ac,campaign_1,blacklist target of hardcoded manager (Execute call) Jul-Oct 2025
avalanche,0x9e9c14923e8532f35a3975aa1837d538ae00d1ab,0xce54c175880ff4edaa5d80b2dc66dda0e34a36ac,campaign_1,blacklist target of hardcoded manager (Execute call) Jul-Oct 2025
avalanche,0x9e9fb2ec80e288db08a3dca1667604c95ba9a320,0xce54c175880ff4edaa5d80b2dc66dda0e34a36ac,campaign_1,blacklist target of hardcoded manager (Execute call) Jul-Oct 2025
avalanche,0x9eb338cdf35d14e94c497d27cba592780279fd79,0xce54c175880ff4edaa5d80b2dc66dda0e34a36ac,campaign_1,blacklist target of hardcoded manager (Execute call) Jul-Oct 2025
avalanche,0x9ed8518d807ae2f5fc6054b9ec160d4d2ca3d58e,0xce54c175880ff4edaa5d80b2dc66dda0e34a36ac,campaign_1,blacklist target of hardcoded manager (Execute call) Jul-Oct 2025
avalanche,0x9ee200ce2afd1bf89afe45eec5d5b67e1256eec4,0xce54c175880ff4edaa5d80b2dc66dda0e34a36ac,campaign_1,blacklist target of hardcoded manager (Execute call) Jul-Oct 2025
avalanche,0x9f28c8932fd3ec72e69a46bc07f77d65b677a0f7,0xce54c175880ff4edaa5d80b2dc66dda0e34a36ac,campaign_1,blacklist target of hardcoded manager (Execute call) Jul-Oct 2025
avalanche,0x9f2b5ffb2a239386b1a1ce8ed6fcff12187c3bb6,0xce54c175880ff4edaa5d80b2dc66dda0e34a36ac,campaign_1,blacklist target of hardcoded manager (Execute call) Jul-Oct 2025
avalanche,0x9f32953a5b6c307e01c1aadec11af4f627b6017e,0xce54c175880ff4edaa5d80b2dc66dda0e34a36ac,campaign_1,blacklist target of hardcoded manager (Execute call) Jul-Oct 2025
avalanche,0x9f374f42f0d2a76218bbdb6a99a5753cea971a86,0xce54c175880ff4edaa5d80b2dc66dda0e34a36ac,campaign_1,blacklist target of hardcoded manager (Execute call) Jul-Oct 2025
avalanche,0x9f3c29f3a2097855f9d8317d05d7a194cfac5fe0,0xce54c175880ff4edaa5d80b2dc66dda0e34a36ac,campaign_1,blacklist target of hardcoded manager (Execute call) Jul-Oct 2025
avalanche,0x9f4611829771443d6991f5da9e0e16053fbe9e5b,0xce54c175880ff4edaa5d80b2dc66dda0e34a36ac,campaign_1,blacklist target of hardcoded manager (Execute call) Jul-Oct 2025
avalanche,0x9f4aa0d9a1a4db3b2c28318600e637394596fdf3,0xce54c175880ff4edaa5d80b2dc66dda0e34a36ac,campaign_1,blacklist target of hardcoded manager (Execute call) Jul-Oct 2025
avalanche,0x9f54c415036e2248d7889b86df20ce23865ee17c,0xce54c175880ff4edaa5d80b2dc66dda0e34a36ac,campaign_1,blacklist target of hardcoded manager (Execute call) Jul-Oct 2025
avalanche,0x9f6213a4ff89cea3f171080fad1ce95c0c9cfd1a,0xce54c175880ff4edaa5d80b2dc66dda0e34a36ac,campaign_1,blacklist target of hardcoded manager (Execute call) Jul-Oct 2025
avalanche,0x9f720e88b45e01a987a8efd05305470a0fafb3e7,0xce54c175880ff4edaa5d80b2dc66dda0e34a36ac,campaign_1,blacklist target of hardcoded manager (Execute call) Jul-Oct 2025
avalanche,0x9f79c09984dfd8b22d4440425713ee0778d97ab1,0xce54c175880ff4edaa5d80b2dc66dda0e34a36ac,campaign_1,blacklist target of hardcoded manager (Execute call) Jul-Oct 2025
avalanche,0x9f7aff02681db54404073265f99e4c295b1c22cb,0xce54c175880ff4edaa5d80b2dc66dda0e34a36ac,campaign_1,blacklist target of hardcoded manager (Execute call) Jul-Oct 2025
avalanche,0x9fa17408d4898ee2af2bee07afaeb0e0b082a4bb,0xce54c175880ff4edaa5d80b2dc66dda0e34a36ac,campaign_1,blacklist target of hardcoded manager (Execute call) Jul-Oct 2025
avalanche,0x9fa2b5887c91be7f40d5fd65bdcb1a641c7da641,0xce54c175880ff4edaa5d80b2dc66dda0e34a36ac,campaign_1,blacklist target of hardcoded manager (Execute call) Jul-Oct 2025
avalanche,0x9fa3af3cd77ed66329c07b137f12899b3af993b1,0xce54c175880ff4edaa5d80b2dc66dda0e34a36ac,campaign_1,blacklist target of hardcoded manager (Execute call) Jul-Oct 2025
avalanche,0x9fc1af3d997fed71457a3f5ebea3a9594bbd8836,0xce54c175880ff4edaa5d80b2dc66dda0e34a36ac,campaign_1,blacklist target of hardcoded manager (Execute call) Jul-Oct 2025
avalanche,0x9fc6231fdba8be34b0878fafe620a1c4829aee5e,0xce54c175880ff4edaa5d80b2dc66dda0e34a36ac,campaign_1,blacklist target of hardcoded manager (Execute call) Jul-Oct 2025
avalanche,0x9fc98345f650a9260ec0b7054ce3c39c87b43531,0xce54c175880ff4edaa5d80b2dc66dda0e34a36ac,campaign_1,blacklist target of hardcoded manager (Execute call) Jul-Oct 2025
avalanche,0x9fcc92b15bbf95d8db6af12d99970125f7399812,0xce54c175880ff4edaa5d80b2dc66dda0e34a36ac,campaign_1,blacklist target of hardcoded manager (Execute call) Jul-Oct 2025
avalanche,0x9fd9221c606a82e91189e52dd6b8692445d86e0b,0xce54c175880ff4edaa5d80b2dc66dda0e34a36ac,campaign_1,blacklist target of hardcoded manager (Execute call) Jul-Oct 2025
avalanche,0x9fecc0acd960f5966fa9a8899dbdbe490d8c0dda,0xce54c175880ff4edaa5d80b2dc66dda0e34a36ac,campaign_1,blacklist target of hardcoded manager (Execute call) Jul-Oct 2025
avalanche,0x9ff285d98977da2e421386d43ad6ffc8d62cc919,0xce54c175880ff4edaa5d80b2dc66dda0e34a36ac,campaign_1,blacklist target of hardcoded manager (Execute call) Jul-Oct 2025
avalanche,0x9ff2b9a91e651180a931da0dcbfea1a8aa6be923,0xce54c175880ff4edaa5d80b2dc66dda0e34a36ac,campaign_1,blacklist target of hardcoded manager (Execute call) Jul-Oct 2025
avalanche,0xa0044600ece501e33a09c461c073d8e2b1e257f2,0xce54c175880ff4edaa5d80b2dc66dda0e34a36ac,campaign_1,blacklist target of hardcoded manager (Execute call) Jul-Oct 2025
avalanche,0xa0477bfc3a8ad74292b46bdbedec79c42bfb2bc5,0xce54c175880ff4edaa5d80b2dc66dda0e34a36ac,campaign_1,blacklist target of hardcoded manager (Execute call) Jul-Oct 2025
avalanche,0xa04eb62dd74e22d27f4f9e2dfc5a81ba9f0008d4,0xce54c175880ff4edaa5d80b2dc66dda0e34a36ac,campaign_1,blacklist target of hardcoded manager (Execute call) Jul-Oct 2025
avalanche,0xa06d352dc8ac17989510d3814be4ba6b6e958370,0xce54c175880ff4edaa5d80b2dc66dda0e34a36ac,campaign_1,blacklist target of hardcoded manager (Execute call) Jul-Oct 2025
avalanche,0xa072909613ee71f52f2e2857f68b5b470b2d176b,0xce54c175880ff4edaa5d80b2dc66dda0e34a36ac,campaign_1,blacklist target of hardcoded manager (Execute call) Jul-Oct 2025
avalanche,0xa08ac549d78283166ab3dad8a1500ee6d9cb1260,0xce54c175880ff4edaa5d80b2dc66dda0e34a36ac,campaign_1,blacklist target of hardcoded manager (Execute call) Jul-Oct 2025
avalanche,0xa0a54c7361d8e6fabece1b4529b737d8561bdf50,0xce54c175880ff4edaa5d80b2dc66dda0e34a36ac,campaign_1,blacklist target of hardcoded manager (Execute call) Jul-Oct 2025
avalanche,0xa0b537d61985328d8e33e303db2a844c2509c7be,0xce54c175880ff4edaa5d80b2dc66dda0e34a36ac,campaign_1,blacklist target of hardcoded manager (Execute call) Jul-Oct 2025
avalanche,0xa0b656df2523ceb7dd763d714d7f3ba1df529913,0xce54c175880ff4edaa5d80b2dc66dda0e34a36ac,campaign_1,blacklist target of hardcoded manager (Execute call) Jul-Oct 2025
avalanche,0xa0b8f4232d654cb4b708f4249096afa5b606e204,0xce54c175880ff4edaa5d80b2dc66dda0e34a36ac,campaign_1,blacklist target of hardcoded manager (Execute call) Jul-Oct 2025
avalanche,0xa0c38f0a91b5e0845dc5c1cfcc9a24f753b262f4,0xce54c175880ff4edaa5d80b2dc66dda0e34a36ac,campaign_1,blacklist target of hardcoded manager (Execute call) Jul-Oct 2025
avalanche,0xa0e56f580af92b27751769de6be0ce44b120027a,0xce54c175880ff4edaa5d80b2dc66dda0e34a36ac,campaign_1,blacklist target of hardcoded manager (Execute call) Jul-Oct 2025
avalanche,0xa0f4316c36dc8fed8e03f96e4bb8d4d49e143e40,0xce54c175880ff4edaa5d80b2dc66dda0e34a36ac,campaign_1,blacklist target of hardcoded manager (Execute call) Jul-Oct 2025
avalanche,0xa0fabe8e0aa10c2696806c3fe6e1005b797759e9,0xce54c175880ff4edaa5d80b2dc66dda0e34a36ac,campaign_1,blacklist target of hardcoded manager (Execute call) Jul-Oct 2025
avalanche,0xa10223cd240692b0497c9367bfa9f226585aa36d,0xce54c175880ff4edaa5d80b2dc66dda0e34a36ac,campaign_1,blacklist target of hardcoded manager (Execute call) Jul-Oct 2025
avalanche,0xa113a56959d21e7ccb0ae7e23575c7e9648596b9,0xce54c175880ff4edaa5d80b2dc66dda0e34a36ac,campaign_1,blacklist target of hardcoded manager (Execute call) Jul-Oct 2025
avalanche,0xa129564cbf58442149bf554690316bcbd4f0d683,0xce54c175880ff4edaa5d80b2dc66dda0e34a36ac,campaign_1,blacklist target of hardcoded manager (Execute call) Jul-Oct 2025
avalanche,0xa13241acbddee6f34fc8eb026e19ab7090dedecb,0xce54c175880ff4edaa5d80b2dc66dda0e34a36ac,campaign_1,blacklist target of hardcoded manager (Execute call) Jul-Oct 2025
avalanche,0xa15974bbc989b57d5f1519caa6fc170b1b0e0c8d,0xce54c175880ff4edaa5d80b2dc66dda0e34a36ac,campaign_1,blacklist target of hardcoded manager (Execute call) Jul-Oct 2025
avalanche,0xa19aafaedf96752c61e6749d984ecf63753d044e,0xce54c175880ff4edaa5d80b2dc66dda0e34a36ac,campaign_1,blacklist target of hardcoded manager (Execute call) Jul-Oct 2025
avalanche,0xa19e8911bfabbcb9cd4cbdf3a1b703c76ec6af3c,0xce54c175880ff4edaa5d80b2dc66dda0e34a36ac,campaign_1,blacklist target of hardcoded manager (Execute call) Jul-Oct 2025
avalanche,0xa1a76dbf001f2db4017a2976d5f30a561d37c4a2,0xce54c175880ff4edaa5d80b2dc66dda0e34a36ac,campaign_1,blacklist target of hardcoded manager (Execute call) Jul-Oct 2025
avalanche,0xa1a8d8a27b019bb71324ce354a2a65b8d29d932c,0xce54c175880ff4edaa5d80b2dc66dda0e34a36ac,campaign_1,blacklist target of hardcoded manager (Execute call) Jul-Oct 2025
avalanche,0xa1c40fbd904cc449f1e0f36c425740365ffe326c,0xce54c175880ff4edaa5d80b2dc66dda0e34a36ac,campaign_1,blacklist target of hardcoded manager (Execute call) Jul-Oct 2025
avalanche,0xa1c60afdcb794394fc5ac13beadfb04e8ef5f16e,0xce54c175880ff4edaa5d80b2dc66dda0e34a36ac,campaign_1,blacklist target of hardcoded manager (Execute call) Jul-Oct 2025
avalanche,0xa1d0f2910f00037b5b022611100a87bfdd849be8,0xce54c175880ff4edaa5d80b2dc66dda0e34a36ac,campaign_1,blacklist target of hardcoded manager (Execute call) Jul-Oct 2025
avalanche,0xa1e86fba7d05364ff7b9af0daade65c90a66feba,0xce54c175880ff4edaa5d80b2dc66dda0e34a36ac,campaign_1,blacklist target of hardcoded manager (Execute call) Jul-Oct 2025
avalanche,0xa1f3edb83bc858630eb9c42881987a93f2f5e0a3,0xce54c175880ff4edaa5d80b2dc66dda0e34a36ac,campaign_1,blacklist target of hardcoded manager (Execute call) Jul-Oct 2025
avalanche,0xa207f872c3847eb6e4e4e6d0394edb718e8065f0,0xce54c175880ff4edaa5d80b2dc66dda0e34a36ac,campaign_1,blacklist target of hardcoded manager (Execute call) Jul-Oct 2025
avalanche,0xa232f20324e75af86e53687b762902d0135b4eb2,0xce54c175880ff4edaa5d80b2dc66dda0e34a36ac,campaign_1,blacklist target of hardcoded manager (Execute call) Jul-Oct 2025
avalanche,0xa241501efb33fed98271c8b3de623d6a2e34d1f4,0xce54c175880ff4edaa5d80b2dc66dda0e34a36ac,campaign_1,blacklist target of hardcoded manager (Execute call) Jul-Oct 2025
avalanche,0xa249fb72533dbfeb0620d16aff56abe8608c84fd,0xce54c175880ff4edaa5d80b2dc66dda0e34a36ac,campaign_1,blacklist target of hardcoded manager (Execute call) Jul-Oct 2025
avalanche,0xa25aa743da761c2c40e9e760c4e0b840f73d51ae,0xce54c175880ff4edaa5d80b2dc66dda0e34a36ac,campaign_1,blacklist target of hardcoded manager (Execute call) Jul-Oct 2025
avalanche,0xa25c1edcadcc097207a9a3a8ec47dd425a93e0df,0xce54c175880ff4edaa5d80b2dc66dda0e34a36ac,campaign_1,blacklist target of hardcoded manager (Execute call) Jul-Oct 2025
avalanche,0xa25de70454e07865d3b11690ca679009484494f6,0xce54c175880ff4edaa5d80b2dc66dda0e34a36ac,campaign_1,blacklist target of hardcoded manager (Execute call) Jul-Oct 2025
avalanche,0xa2699623f2b1802674075833decfa6877cf4942f,0xce54c175880ff4edaa5d80b2dc66dda0e34a36ac,campaign_1,blacklist target of hardcoded manager (Execute call) Jul-Oct 2025
avalanche,0xa26a28dcb44837d43e7a2b25d42031fb73fd51f9,0xce54c175880ff4edaa5d80b2dc66dda0e34a36ac,campaign_1,blacklist target of hardcoded manager (Execute call) Jul-Oct 2025
avalanche,0xa27fe2838abfd5816bd2c335b1fedd600749925d,0xce54c175880ff4edaa5d80b2dc66dda0e34a36ac,campaign_1,blacklist target of hardcoded manager (Execute call) Jul-Oct 2025
avalanche,0xa286d162a4cc6c4103394b6da678f70984cc92ce,0xce54c175880ff4edaa5d80b2dc66dda0e34a36ac,campaign_1,blacklist target of hardcoded manager (Execute call) Jul-Oct 2025
avalanche,0xa2938dd9f807fa04ba34f0ff2c91a30171034468,0xce54c175880ff4edaa5d80b2dc66dda0e34a36ac,campaign_1,blacklist target of hardcoded manager (Execute call) Jul-Oct 2025
avalanche,0xa29cf31b0de810b3eea0a90f3644f9646612cb49,0xce54c175880ff4edaa5d80b2dc66dda0e34a36ac,campaign_1,blacklist target of hardcoded manager (Execute call) Jul-Oct 2025
avalanche,0xa29f1c0bf505b02627d376d5b0325898f977dad2,0xce54c175880ff4edaa5d80b2dc66dda0e34a36ac,campaign_1,blacklist target of hardcoded manager (Execute call) Jul-Oct 2025
avalanche,0xa2a1e39a6f9577dfa77a02b8b3b8ed18c5492fd8,0xce54c175880ff4edaa5d80b2dc66dda0e34a36ac,campaign_1,blacklist target of hardcoded manager (Execute call) Jul-Oct 2025
avalanche,0xa2b08628850e01f72e71f83acd72b4f9446d101a,0xce54c175880ff4edaa5d80b2dc66dda0e34a36ac,campaign_1,blacklist target of hardcoded manager (Execute call) Jul-Oct 2025
avalanche,0xa2b29a12ef30729c9a4c551dcb96eb037ca5da05,0xce54c175880ff4edaa5d80b2dc66dda0e34a36ac,campaign_1,blacklist target of hardcoded manager (Execute call) Jul-Oct 2025
avalanche,0xa2bc53ad4b08f77e1c29b20829e5f13b34511ba0,0xce54c175880ff4edaa5d80b2dc66dda0e34a36ac,campaign_1,blacklist target of hardcoded manager (Execute call) Jul-Oct 2025
avalanche,0xa2c7953e9d78de38e9b5aec37b853677abf8dfd0,0xce54c175880ff4edaa5d80b2dc66dda0e34a36ac,campaign_1,blacklist target of hardcoded manager (Execute call) Jul-Oct 2025
avalanche,0xa3126f492e3beaca697256f1644d1ddfe5535dc3,0xce54c175880ff4edaa5d80b2dc66dda0e34a36ac,campaign_1,blacklist target of hardcoded manager (Execute call) Jul-Oct 2025
avalanche,0xa31e81f49fe13d52705946840184e55da101d0ee,0xce54c175880ff4edaa5d80b2dc66dda0e34a36ac,campaign_1,blacklist target of hardcoded manager (Execute call) Jul-Oct 2025
avalanche,0xa323ae38316080abfa8640931e39d69f6defbdfc,0xce54c175880ff4edaa5d80b2dc66dda0e34a36ac,campaign_1,blacklist target of hardcoded manager (Execute call) Jul-Oct 2025
avalanche,0xa32696d6bd6b60091429b4c9bf4061832ecd5cd1,0xce54c175880ff4edaa5d80b2dc66dda0e34a36ac,campaign_1,blacklist target of hardcoded manager (Execute call) Jul-Oct 2025
avalanche,0xa337b174a592867192d03ea0b9396b1622fbf817,0xce54c175880ff4edaa5d80b2dc66dda0e34a36ac,campaign_1,blacklist target of hardcoded manager (Execute call) Jul-Oct 2025
avalanche,0xa34de703a617f6a3a60fb2c1a18304fe00307def,0xce54c175880ff4edaa5d80b2dc66dda0e34a36ac,campaign_1,blacklist target of hardcoded manager (Execute call) Jul-Oct 2025
avalanche,0xa35249d98ffe1b611d531d01a006280768f6e500,0xce54c175880ff4edaa5d80b2dc66dda0e34a36ac,campaign_1,blacklist target of hardcoded manager (Execute call) Jul-Oct 2025
avalanche,0xa352e618afe696e213ee67d1a6421496952ac579,0xce54c175880ff4edaa5d80b2dc66dda0e34a36ac,campaign_1,blacklist target of hardcoded manager (Execute call) Jul-Oct 2025
avalanche,0xa35e3210a78cc2e640e5b24a1e4b4172cd1eab55,0xce54c175880ff4edaa5d80b2dc66dda0e34a36ac,campaign_1,blacklist target of hardcoded manager (Execute call) Jul-Oct 2025
avalanche,0xa3607cc12c63635a5575d74ad2e3b612f4352b11,0xce54c175880ff4edaa5d80b2dc66dda0e34a36ac,campaign_1,blacklist target of hardcoded manager (Execute call) Jul-Oct 2025
avalanche,0xa36f8067f24995c9f4d70d8f53239aa7bb1993c9,0xce54c175880ff4edaa5d80b2dc66dda0e34a36ac,campaign_1,blacklist target of hardcoded manager (Execute call) Jul-Oct 2025
avalanche,0xa374394eef8e9000fbf9210734c844cf6267d245,0xce54c175880ff4edaa5d80b2dc66dda0e34a36ac,campaign_1,blacklist target of hardcoded manager (Execute call) Jul-Oct 2025
avalanche,0xa375ab0f7c4f510507c3c9d4e91df97f181626a7,0xce54c175880ff4edaa5d80b2dc66dda0e34a36ac,campaign_1,blacklist target of hardcoded manager (Execute call) Jul-Oct 2025
avalanche,0xa3abc329ca8779cd557df4a4cd7af4dd395ad094,0xce54c175880ff4edaa5d80b2dc66dda0e34a36ac,campaign_1,blacklist target of hardcoded manager (Execute call) Jul-Oct 2025
avalanche,0xa3b36432d703ae0ec85a9b6ee3ac706913355960,0xce54c175880ff4edaa5d80b2dc66dda0e34a36ac,campaign_1,blacklist target of hardcoded manager (Execute call) Jul-Oct 2025
avalanche,0xa3b3fe46cd57e01b3b56efcfb56fdd128d26585b,0xce54c175880ff4edaa5d80b2dc66dda0e34a36ac,campaign_1,blacklist target of hardcoded manager (Execute call) Jul-Oct 2025
avalanche,0xa3bcbe480f89d3edb0893662c0ad46208bdcd979,0xce54c175880ff4edaa5d80b2dc66dda0e34a36ac,campaign_1,blacklist target of hardcoded manager (Execute call) Jul-Oct 2025
avalanche,0xa3dc1b0f7758a60d1107ac7d1741cf65b5d4743b,0xce54c175880ff4edaa5d80b2dc66dda0e34a36ac,campaign_1,blacklist target of hardcoded manager (Execute call) Jul-Oct 2025
avalanche,0xa3ed2ea94cd8fb170611ed92a759e8b502257f13,0xce54c175880ff4edaa5d80b2dc66dda0e34a36ac,campaign_1,blacklist target of hardcoded manager (Execute call) Jul-Oct 2025
avalanche,0xa3f4b1cf60425e37b8cc8db97ba5087584e38ea4,0xce54c175880ff4edaa5d80b2dc66dda0e34a36ac,campaign_1,blacklist target of hardcoded manager (Execute call) Jul-Oct 2025
avalanche,0xa3f838b4eafc6f498226d7a6d66934407835e359,0xce54c175880ff4edaa5d80b2dc66dda0e34a36ac,campaign_1,blacklist target of hardcoded manager (Execute call) Jul-Oct 2025
avalanche,0xa4031a48a7dbc2d11a973d6d0121fde73c6357be,0xce54c175880ff4edaa5d80b2dc66dda0e34a36ac,campaign_1,blacklist target of hardcoded manager (Execute call) Jul-Oct 2025
avalanche,0xa4064670c5eef4a97dd452f74a6085bc1785d16c,0xce54c175880ff4edaa5d80b2dc66dda0e34a36ac,campaign_1,blacklist target of hardcoded manager (Execute call) Jul-Oct 2025
avalanche,0xa447fb13208cf31ae443ec9ec70e149f4c191403,0xce54c175880ff4edaa5d80b2dc66dda0e34a36ac,campaign_1,blacklist target of hardcoded manager (Execute call) Jul-Oct 2025
avalanche,0xa457c6e5ee03cf4e8bb1334e22ad36f626bda69b,0xce54c175880ff4edaa5d80b2dc66dda0e34a36ac,campaign_1,blacklist target of hardcoded manager (Execute call) Jul-Oct 2025
avalanche,0xa45ccf3975eb4901edfa3ed7e7051b84849aa81d,0xce54c175880ff4edaa5d80b2dc66dda0e34a36ac,campaign_1,blacklist target of hardcoded manager (Execute call) Jul-Oct 2025
avalanche,0xa46e039661afef5ffa5e5a7c9b4dc5e759bcbba0,0xce54c175880ff4edaa5d80b2dc66dda0e34a36ac,campaign_1,blacklist target of hardcoded manager (Execute call) Jul-Oct 2025
avalanche,0xa46f00d65eea6593ca6ae5c1bc45f21d515fb798,0xce54c175880ff4edaa5d80b2dc66dda0e34a36ac,campaign_1,blacklist target of hardcoded manager (Execute call) Jul-Oct 2025
avalanche,0xa47a1825a694481e2e7f944ca954197d0c8d59de,0xce54c175880ff4edaa5d80b2dc66dda0e34a36ac,campaign_1,blacklist target of hardcoded manager (Execute call) Jul-Oct 2025
avalanche,0xa487f16d82a2263bbc163b062fda315e9168132e,0xce54c175880ff4edaa5d80b2dc66dda0e34a36ac,campaign_1,blacklist target of hardcoded manager (Execute call) Jul-Oct 2025
avalanche,0xa488bd9c417e0bb1902d128d70d893f75b13a858,0xce54c175880ff4edaa5d80b2dc66dda0e34a36ac,campaign_1,blacklist target of hardcoded manager (Execute call) Jul-Oct 2025
avalanche,0xa4a46f89d08ca9db966545df18765257998d71df,0xce54c175880ff4edaa5d80b2dc66dda0e34a36ac,campaign_1,blacklist target of hardcoded manager (Execute call) Jul-Oct 2025
avalanche,0xa4b3f4a80826adeb1d7c323c7c9aaf4f07e5ec21,0xce54c175880ff4edaa5d80b2dc66dda0e34a36ac,campaign_1,blacklist target of hardcoded manager (Execute call) Jul-Oct 2025
avalanche,0xa4b5c1544b82f97fe8decad7dd76f75f59a4db97,0xce54c175880ff4edaa5d80b2dc66dda0e34a36ac,campaign_1,blacklist target of hardcoded manager (Execute call) Jul-Oct 2025
avalanche,0xa4b9fec1aa8657e44e77bb2bb38ffdd7784852e0,0xce54c175880ff4edaa5d80b2dc66dda0e34a36ac,campaign_1,blacklist target of hardcoded manager (Execute call) Jul-Oct 2025
avalanche,0xa4bd18e6067037df4591e8b722f126fec7020f47,0xce54c175880ff4edaa5d80b2dc66dda0e34a36ac,campaign_1,blacklist target of hardcoded manager (Execute call) Jul-Oct 2025
avalanche,0xa4c4d0263cb11ff507b8178cd808f43be49a66d2,0xce54c175880ff4edaa5d80b2dc66dda0e34a36ac,campaign_1,blacklist target of hardcoded manager (Execute call) Jul-Oct 2025
avalanche,0xa4c9a00de2e7cf8fea4efa18332b79606cfffc74,0xce54c175880ff4edaa5d80b2dc66dda0e34a36ac,campaign_1,blacklist target of hardcoded manager (Execute call) Jul-Oct 2025
avalanche,0xa4d150617fd26617a82c932baeb0f7dcf316aeab,0xce54c175880ff4edaa5d80b2dc66dda0e34a36ac,campaign_1,blacklist target of hardcoded manager (Execute call) Jul-Oct 2025
avalanche,0xa4ff10cfb386057edaf473918eb455d8d077351c,0xce54c175880ff4edaa5d80b2dc66dda0e34a36ac,campaign_1,blacklist target of hardcoded manager (Execute call) Jul-Oct 2025
avalanche,0xa507db6cb7222af9c81515fe643d3376cba9a08c,0xce54c175880ff4edaa5d80b2dc66dda0e34a36ac,campaign_1,blacklist target of hardcoded manager (Execute call) Jul-Oct 2025
avalanche,0xa517d866f691c859f31c7bd12110380bad9b069e,0xce54c175880ff4edaa5d80b2dc66dda0e34a36ac,campaign_1,blacklist target of hardcoded manager (Execute call) Jul-Oct 2025
avalanche,0xa523ae59e26a4094f7b7e177fa34e173fd542899,0xce54c175880ff4edaa5d80b2dc66dda0e34a36ac,campaign_1,blacklist target of hardcoded manager (Execute call) Jul-Oct 2025
avalanche,0xa53cee0d62ca2e3701eb13ba23aadfb5d6b96881,0xce54c175880ff4edaa5d80b2dc66dda0e34a36ac,campaign_1,blacklist target of hardcoded manager (Execute call) Jul-Oct 2025
avalanche,0xa5444b270e410c2795b055e85236dea8d546afdf,0xce54c175880ff4edaa5d80b2dc66dda0e34a36ac,campaign_1,blacklist target of hardcoded manager (Execute call) Jul-Oct 2025
avalanche,0xa57305460ccb481d8fcd251efe0de265d1d2a787,0xce54c175880ff4edaa5d80b2dc66dda0e34a36ac,campaign_1,blacklist target of hardcoded manager (Execute call) Jul-Oct 2025
avalanche,0xa574699c3144ab5b81e5b686549012d6f05c2620,0xce54c175880ff4edaa5d80b2dc66dda0e34a36ac,campaign_1,blacklist target of hardcoded manager (Execute call) Jul-Oct 2025
avalanche,0xa57b5ffa617bd1a5c7d0be2e226fe892bb04331d,0xce54c175880ff4edaa5d80b2dc66dda0e34a36ac,campaign_1,blacklist target of hardcoded manager (Execute call) Jul-Oct 2025
avalanche,0xa5819b7def61cd7de02d7d9e4fadd1d1c4cdcdb0,0xce54c175880ff4edaa5d80b2dc66dda0e34a36ac,campaign_1,blacklist target of hardcoded manager (Execute call) Jul-Oct 2025
avalanche,0xa582522f8cfd7d8b6a4520925d00aaa2d1bdae9b,0xce54c175880ff4edaa5d80b2dc66dda0e34a36ac,campaign_1,blacklist target of hardcoded manager (Execute call) Jul-Oct 2025
avalanche,0xa58c0f9313c4293fa9fb6b5e4e80bea6c9a7a596,0xce54c175880ff4edaa5d80b2dc66dda0e34a36ac,campaign_1,blacklist target of hardcoded manager (Execute call) Jul-Oct 2025
avalanche,0xa5a4a6957145928e3a69deb36d9b19238a4415c2,0xce54c175880ff4edaa5d80b2dc66dda0e34a36ac,campaign_1,blacklist target of hardcoded manager (Execute call) Jul-Oct 2025
avalanche,0xa5acba0f18d7e89af42a3b27890e96f1114b37b2,0xce54c175880ff4edaa5d80b2dc66dda0e34a36ac,campaign_1,blacklist target of hardcoded manager (Execute call) Jul-Oct 2025
avalanche,0xa5acd8bfe675a53830358516c417ab54bd57cca6,0xce54c175880ff4edaa5d80b2dc66dda0e34a36ac,campaign_1,blacklist target of hardcoded manager (Execute call) Jul-Oct 2025
avalanche,0xa5bf0a4cc3bebc95bb27d5f59c2ba1a542b9e473,0xce54c175880ff4edaa5d80b2dc66dda0e34a36ac,campaign_1,blacklist target of hardcoded manager (Execute call) Jul-Oct 2025
avalanche,0xa5bfbbdba7a4907b581238352239ebcfb919c17d,0xce54c175880ff4edaa5d80b2dc66dda0e34a36ac,campaign_1,blacklist target of hardcoded manager (Execute call) Jul-Oct 2025
avalanche,0xa5d2ec26392a6eaeec235444a95d6253e0edd02f,0xce54c175880ff4edaa5d80b2dc66dda0e34a36ac,campaign_1,blacklist target of hardcoded manager (Execute call) Jul-Oct 2025
avalanche,0xa60c4d46dedebe735d2c98a66efbcfcee4614b83,0xce54c175880ff4edaa5d80b2dc66dda0e34a36ac,campaign_1,blacklist target of hardcoded manager (Execute call) Jul-Oct 2025
avalanche,0xa6283ae70d512bdbc2ea2e8dbc92fb365ed8fc8b,0xce54c175880ff4edaa5d80b2dc66dda0e34a36ac,campaign_1,blacklist target of hardcoded manager (Execute call) Jul-Oct 2025
avalanche,0xa62fcaacb7586de9cc90c81bbee09a910ead2339,0xce54c175880ff4edaa5d80b2dc66dda0e34a36ac,campaign_1,blacklist target of hardcoded manager (Execute call) Jul-Oct 2025
avalanche,0xa63a93202fba7d019b45e7e5b13e839cf9fb0bd6,0xce54c175880ff4edaa5d80b2dc66dda0e34a36ac,campaign_1,blacklist target of hardcoded manager (Execute call) Jul-Oct 2025
avalanche,0xa650783736f5eeb6818eb0b51626055d821421ad,0xce54c175880ff4edaa5d80b2dc66dda0e34a36ac,campaign_1,blacklist target of hardcoded manager (Execute call) Jul-Oct 2025
avalanche,0xa65e4148fbb8ce64ffbf615fbf86519f8b8bd715,0xce54c175880ff4edaa5d80b2dc66dda0e34a36ac,campaign_1,blacklist target of hardcoded manager (Execute call) Jul-Oct 2025
avalanche,0xa666bb5d69dc7d01b62d5b9520a44d4b1269e02f,0xce54c175880ff4edaa5d80b2dc66dda0e34a36ac,campaign_1,blacklist target of hardcoded manager (Execute call) Jul-Oct 2025
avalanche,0xa674df13d7d39aa230657ed5f11cb29d40b82916,0xce54c175880ff4edaa5d80b2dc66dda0e34a36ac,campaign_1,blacklist target of hardcoded manager (Execute call) Jul-Oct 2025
avalanche,0xa6779a075b36ad4739739f465d2b72d8b32a51fa,0xce54c175880ff4edaa5d80b2dc66dda0e34a36ac,campaign_1,blacklist target of hardcoded manager (Execute call) Jul-Oct 2025
avalanche,0xa688519e48179fada7c534b8f3eac2680001879a,0xce54c175880ff4edaa5d80b2dc66dda0e34a36ac,campaign_1,blacklist target of hardcoded manager (Execute call) Jul-Oct 2025
avalanche,0xa68e810d5760510f307171800f9ca6ca9efaf312,0xce54c175880ff4edaa5d80b2dc66dda0e34a36ac,campaign_1,blacklist target of hardcoded manager (Execute call) Jul-Oct 2025
avalanche,0xa69e3fd31e8309d78d23c8148018cfe38bdc0fc2,0xce54c175880ff4edaa5d80b2dc66dda0e34a36ac,campaign_1,blacklist target of hardcoded manager (Execute call) Jul-Oct 2025
avalanche,0xa6c06cbe2d5f0ffff9ee326badc17cd0df83fdca,0xce54c175880ff4edaa5d80b2dc66dda0e34a36ac,campaign_1,blacklist target of hardcoded manager (Execute call) Jul-Oct 2025
avalanche,0xa6c17220f925dbdf01075ea1a86d0763d32941cd,0xce54c175880ff4edaa5d80b2dc66dda0e34a36ac,campaign_1,blacklist target of hardcoded manager (Execute call) Jul-Oct 2025
avalanche,0xa6c528e8fa5aac29dee930d43ce3a5f5e947d644,0xce54c175880ff4edaa5d80b2dc66dda0e34a36ac,campaign_1,blacklist target of hardcoded manager (Execute call) Jul-Oct 2025
avalanche,0xa6d5173970e498ae479fa9a5a3a393339bff31bb,0xce54c175880ff4edaa5d80b2dc66dda0e34a36ac,campaign_1,blacklist target of hardcoded manager (Execute call) Jul-Oct 2025
avalanche,0xa6df208cf348b15cff58bf029d29652255074bd1,0xce54c175880ff4edaa5d80b2dc66dda0e34a36ac,campaign_1,blacklist target of hardcoded manager (Execute call) Jul-Oct 2025
avalanche,0xa6f816477b9f5b69d1d7e1240d5ae053bf5452a6,0xce54c175880ff4edaa5d80b2dc66dda0e34a36ac,campaign_1,blacklist target of hardcoded manager (Execute call) Jul-Oct 2025
avalanche,0xa720572ecbc3e1b07f87d5f965ff6a5f9346f362,0xce54c175880ff4edaa5d80b2dc66dda0e34a36ac,campaign_1,blacklist target of hardcoded manager (Execute call) Jul-Oct 2025
avalanche,0xa73c9ab65be68da0a4bff1cb4acb08983cc412f8,0xce54c175880ff4edaa5d80b2dc66dda0e34a36ac,campaign_1,blacklist target of hardcoded manager (Execute call) Jul-Oct 2025
avalanche,0xa744113720bb96e5d20666593215c6538cc2607b,0xce54c175880ff4edaa5d80b2dc66dda0e34a36ac,campaign_1,blacklist target of hardcoded manager (Execute call) Jul-Oct 2025
avalanche,0xa75696d9539b3056688882fcf201359232b3c8dd,0xce54c175880ff4edaa5d80b2dc66dda0e34a36ac,campaign_1,blacklist target of hardcoded manager (Execute call) Jul-Oct 2025
avalanche,0xa789eb0a517695cbfd5036a39cd804b97da8357f,0xce54c175880ff4edaa5d80b2dc66dda0e34a36ac,campaign_1,blacklist target of hardcoded manager (Execute call) Jul-Oct 2025
avalanche,0xa79bc501091416ad455a40b75405dc5a72b026ff,0xce54c175880ff4edaa5d80b2dc66dda0e34a36ac,campaign_1,blacklist target of hardcoded manager (Execute call) Jul-Oct 2025
avalanche,0xa7a9291c16ea90f37e9f8c80ac6e5a2619eb4e17,0xce54c175880ff4edaa5d80b2dc66dda0e34a36ac,campaign_1,blacklist target of hardcoded manager (Execute call) Jul-Oct 2025
avalanche,0xa7aade19ec06993608dbe5ed8110c573a33b6406,0xce54c175880ff4edaa5d80b2dc66dda0e34a36ac,campaign_1,blacklist target of hardcoded manager (Execute call) Jul-Oct 2025
avalanche,0xa7ad29c4ec0e02d6eccb1ce49380011437f81bd9,0xce54c175880ff4edaa5d80b2dc66dda0e34a36ac,campaign_1,blacklist target of hardcoded manager (Execute call) Jul-Oct 2025
avalanche,0xa7ae13d57719e5ad495b535642fbf97a695bb7f7,0xce54c175880ff4edaa5d80b2dc66dda0e34a36ac,campaign_1,blacklist target of hardcoded manager (Execute call) Jul-Oct 2025
avalanche,0xa7bb4db63118613ae3c942d0d1272360c16bd451,0xce54c175880ff4edaa5d80b2dc66dda0e34a36ac,campaign_1,blacklist target of hardcoded manager (Execute call) Jul-Oct 2025
avalanche,0xa7c6b24c3f325fd33cf53886dea216cec8e40156,0xce54c175880ff4edaa5d80b2dc66dda0e34a36ac,campaign_1,blacklist target of hardcoded manager (Execute call) Jul-Oct 2025
avalanche,0xa7d282354589d06b9f6b65c45915d0be5fcb2752,0xce54c175880ff4edaa5d80b2dc66dda0e34a36ac,campaign_1,blacklist target of hardcoded manager (Execute call) Jul-Oct 2025
avalanche,0xa7dceeab7f6a3aff870ad8d07d6c66fb8560967f,0xce54c175880ff4edaa5d80b2dc66dda0e34a36ac,campaign_1,blacklist target of hardcoded manager (Execute call) Jul-Oct 2025
avalanche,0xa7e40168090b272c3d8ba2426e726706b31f1b2f,0xce54c175880ff4edaa5d80b2dc66dda0e34a36ac,campaign_1,blacklist target of hardcoded manager (Execute call) Jul-Oct 2025
avalanche,0xa7f956dabb1967ed5826f220a45f75c8d416c150,0xce54c175880ff4edaa5d80b2dc66dda0e34a36ac,campaign_1,blacklist target of hardcoded manager (Execute call) Jul-Oct 2025
avalanche,0xa803676997612df7da77e50253663c509925fa9d,0xce54c175880ff4edaa5d80b2dc66dda0e34a36ac,campaign_1,blacklist target of hardcoded manager (Execute call) Jul-Oct 2025
avalanche,0xa80cb1c783078177be43d965699a8b68aa927379,0xce54c175880ff4edaa5d80b2dc66dda0e34a36ac,campaign_1,blacklist target of hardcoded manager (Execute call) Jul-Oct 2025
avalanche,0xa82bac848cdc0b76dea2d149b78d61c204846796,0xce54c175880ff4edaa5d80b2dc66dda0e34a36ac,campaign_1,blacklist target of hardcoded manager (Execute call) Jul-Oct 2025
avalanche,0xa83e8b42e9889f3fdec0eba900827f2010ee5fcb,0xce54c175880ff4edaa5d80b2dc66dda0e34a36ac,campaign_1,blacklist target of hardcoded manager (Execute call) Jul-Oct 2025
avalanche,0xa83f9321dd3f159b07f253169e846d92a06baacf,0xce54c175880ff4edaa5d80b2dc66dda0e34a36ac,campaign_1,blacklist target of hardcoded manager (Execute call) Jul-Oct 2025
avalanche,0xa8409650bd6238e020644be710e6812d4318a98e,0xce54c175880ff4edaa5d80b2dc66dda0e34a36ac,campaign_1,blacklist target of hardcoded manager (Execute call) Jul-Oct 2025
avalanche,0xa8435ce13e8afdfc3f0bf9f2228ef674becc8873,0xce54c175880ff4edaa5d80b2dc66dda0e34a36ac,campaign_1,blacklist target of hardcoded manager (Execute call) Jul-Oct 2025
avalanche,0xa8437a473455d20dc91da46615510e47710d23e8,0xce54c175880ff4edaa5d80b2dc66dda0e34a36ac,campaign_1,blacklist target of hardcoded manager (Execute call) Jul-Oct 2025
avalanche,0xa847b2ba9a30529fcf4f4b29e0ec1c0e16a07d39,0xce54c175880ff4edaa5d80b2dc66dda0e34a36ac,campaign_1,blacklist target of hardcoded manager (Execute call) Jul-Oct 2025
avalanche,0xa85433bdd0c418c1756a1062b633317780a69472,0xce54c175880ff4edaa5d80b2dc66dda0e34a36ac,campaign_1,blacklist target of hardcoded manager (Execute call) Jul-Oct 2025
avalanche,0xa858c48d1a613cde5b4ede8d9b848e289e3f40b4,0xce54c175880ff4edaa5d80b2dc66dda0e34a36ac,campaign_1,blacklist target of hardcoded manager (Execute call) Jul-Oct 2025
avalanche,0xa858e46cf4e058337bca0aaaf95566888ae41e02,0xce54c175880ff4edaa5d80b2dc66dda0e34a36ac,campaign_1,blacklist target of hardcoded manager (Execute call) Jul-Oct 2025
avalanche,0xa85f1360215cc1ddcda727a4fa29cf37f7e7d590,0xce54c175880ff4edaa5d80b2dc66dda0e34a36ac,campaign_1,blacklist target of hardcoded manager (Execute call) Jul-Oct 2025
avalanche,0xa8629c61a3c23846d5382dda5c8d4e131cff1e35,0xce54c175880ff4edaa5d80b2dc66dda0e34a36ac,campaign_1,blacklist target of hardcoded manager (Execute call) Jul-Oct 2025
avalanche,0xa86453204fab703606d26ebf7157efecb62daffc,0xce54c175880ff4edaa5d80b2dc66dda0e34a36ac,campaign_1,blacklist target of hardcoded manager (Execute call) Jul-Oct 2025
avalanche,0xa87590d51cbd57b0dc5679c3ea20f1dcfea4f3cc,0xce54c175880ff4edaa5d80b2dc66dda0e34a36ac,campaign_1,blacklist target of hardcoded manager (Execute call) Jul-Oct 2025
avalanche,0xa87aca1af51e82d55fbde83c706d6b1d1d915e32,0xce54c175880ff4edaa5d80b2dc66dda0e34a36ac,campaign_1,blacklist target of hardcoded manager (Execute call) Jul-Oct 2025
avalanche,0xa88d5394a5c49f3ec4ce9cb9829cc60b8470e6b5,0xce54c175880ff4edaa5d80b2dc66dda0e34a36ac,campaign_1,blacklist target of hardcoded manager (Execute call) Jul-Oct 2025
avalanche,0xa88db030f62a48be9c3244e5aad47dfbe4766e6a,0xce54c175880ff4edaa5d80b2dc66dda0e34a36ac,campaign_1,blacklist target of hardcoded manager (Execute call) Jul-Oct 2025
avalanche,0xa89a3881f45f4882057afa1c7b7c398fc7b7fade,0xce54c175880ff4edaa5d80b2dc66dda0e34a36ac,campaign_1,blacklist target of hardcoded manager (Execute call) Jul-Oct 2025
avalanche,0xa89d6a73e71bed3b3bad14189487a0d3777046b5,0xce54c175880ff4edaa5d80b2dc66dda0e34a36ac,campaign_1,blacklist target of hardcoded manager (Execute call) Jul-Oct 2025
avalanche,0xa8d083a36976f3984d6dbb38da100614ff6db209,0xce54c175880ff4edaa5d80b2dc66dda0e34a36ac,campaign_1,blacklist target of hardcoded manager (Execute call) Jul-Oct 2025
avalanche,0xa8d1c58a33983c0bd5f46f3c185030248c6c134e,0xce54c175880ff4edaa5d80b2dc66dda0e34a36ac,campaign_1,blacklist target of hardcoded manager (Execute call) Jul-Oct 2025
avalanche,0xa8d9de870f3feaf53f4475ac1d147506811d9cba,0xce54c175880ff4edaa5d80b2dc66dda0e34a36ac,campaign_1,blacklist target of hardcoded manager (Execute call) Jul-Oct 2025
avalanche,0xa8db5f8e55055e9e4d59f84e37580eddacc3fe2d,0xce54c175880ff4edaa5d80b2dc66dda0e34a36ac,campaign_1,blacklist target of hardcoded manager (Execute call) Jul-Oct 2025
avalanche,0xa8df0649d733bd0da501de51b0807b12fc5c707c,0xce54c175880ff4edaa5d80b2dc66dda0e34a36ac,campaign_1,blacklist target of hardcoded manager (Execute call) Jul-Oct 2025
avalanche,0xa8f88deb7a4f36627a47eec8d0f7554556f20e75,0xce54c175880ff4edaa5d80b2dc66dda0e34a36ac,campaign_1,blacklist target of hardcoded manager (Execute call) Jul-Oct 2025
avalanche,0xa9066ff4fe2ae51770b53a38e2de33a0def6be5f,0xce54c175880ff4edaa5d80b2dc66dda0e34a36ac,campaign_1,blacklist target of hardcoded manager (Execute call) Jul-Oct 2025
avalanche,0xa92805a61510c65bdb0187ecbd3700dc8917dfe1,0xce54c175880ff4edaa5d80b2dc66dda0e34a36ac,campaign_1,blacklist target of hardcoded manager (Execute call) Jul-Oct 2025
avalanche,0xa93c3dfd4db4957f5f2ca33598bcc35ab147131e,0xce54c175880ff4edaa5d80b2dc66dda0e34a36ac,campaign_1,blacklist target of hardcoded manager (Execute call) Jul-Oct 2025
avalanche,0xa94509219f76753c539a888ae4dd47fd00543393,0xce54c175880ff4edaa5d80b2dc66dda0e34a36ac,campaign_1,blacklist target of hardcoded manager (Execute call) Jul-Oct 2025
avalanche,0xa950f79fbf2638597259c6e7cd4a278119544c9c,0xce54c175880ff4edaa5d80b2dc66dda0e34a36ac,campaign_1,blacklist target of hardcoded manager (Execute call) Jul-Oct 2025
avalanche,0xa956baedd10917f716c5a798f5821b1c04dac8e7,0xce54c175880ff4edaa5d80b2dc66dda0e34a36ac,campaign_1,blacklist target of hardcoded manager (Execute call) Jul-Oct 2025
avalanche,0xa95884790ef5b246c972c3449c230355086ba566,0xce54c175880ff4edaa5d80b2dc66dda0e34a36ac,campaign_1,blacklist target of hardcoded manager (Execute call) Jul-Oct 2025
avalanche,0xa965b018cbe8f54fb0637319f5ce85cc838dba99,0xce54c175880ff4edaa5d80b2dc66dda0e34a36ac,campaign_1,blacklist target of hardcoded manager (Execute call) Jul-Oct 2025
avalanche,0xa96d12a2f3b4c91b46e5889f3a1c3ebdfd6d0f12,0xce54c175880ff4edaa5d80b2dc66dda0e34a36ac,campaign_1,blacklist target of hardcoded manager (Execute call) Jul-Oct 2025
avalanche,0xa972dd4f403ff43e4025c5f03be8945c607d4f87,0xce54c175880ff4edaa5d80b2dc66dda0e34a36ac,campaign_1,blacklist target of hardcoded manager (Execute call) Jul-Oct 2025
avalanche,0xa983dd58f2b88e7bbdd292f2f831572421e42770,0xce54c175880ff4edaa5d80b2dc66dda0e34a36ac,campaign_1,blacklist target of hardcoded manager (Execute call) Jul-Oct 2025
avalanche,0xa99ea10ed9ba3b7978a73d3462dacf7b15ed769c,0xce54c175880ff4edaa5d80b2dc66dda0e34a36ac,campaign_1,blacklist target of hardcoded manager (Execute call) Jul-Oct 2025
avalanche,0xa9a200ed4b10bec005e78a9d7d25be23902219cd,0xce54c175880ff4edaa5d80b2dc66dda0e34a36ac,campaign_1,blacklist target of hardcoded manager (Execute call) Jul-Oct 2025
avalanche,0xa9b605af487b4a961f31f85b9d0491f180e370e7,0xce54c175880ff4edaa5d80b2dc66dda0e34a36ac,campaign_1,blacklist target of hardcoded manager (Execute call) Jul-Oct 2025
avalanche,0xa9ba1eb6e7d78b7de67a2edde87140cf6cbb5b46,0xce54c175880ff4edaa5d80b2dc66dda0e34a36ac,campaign_1,blacklist target of hardcoded manager (Execute call) Jul-Oct 2025
avalanche,0xa9c614e90e79b2cca867484de35fe914c555a8b0,0xce54c175880ff4edaa5d80b2dc66dda0e34a36ac,campaign_1,blacklist target of hardcoded manager (Execute call) Jul-Oct 2025
avalanche,0xa9da587f9949a1ca9a482616c39449fefb6e7f7a,0xce54c175880ff4edaa5d80b2dc66dda0e34a36ac,campaign_1,blacklist target of hardcoded manager (Execute call) Jul-Oct 2025
avalanche,0xa9eac35d7c5936395170bb3075b8e1be5c310ed2,0xce54c175880ff4edaa5d80b2dc66dda0e34a36ac,campaign_1,blacklist target of hardcoded manager (Execute call) Jul-Oct 2025
avalanche,0xa9ed2a592f3a9928d23b07d0dbe4262fced006b8,0xce54c175880ff4edaa5d80b2dc66dda0e34a36ac,campaign_1,blacklist target of hardcoded manager (Execute call) Jul-Oct 2025
avalanche,0xa9f4b7d245eb4c90dfef90134c4cf9fd330a3c2b,0xce54c175880ff4edaa5d80b2dc66dda0e34a36ac,campaign_1,blacklist target of hardcoded manager (Execute call) Jul-Oct 2025
avalanche,0xa9f4e8e128070e8fbfc83a9764b5a82df764d881,0xce54c175880ff4edaa5d80b2dc66dda0e34a36ac,campaign_1,blacklist target of hardcoded manager (Execute call) Jul-Oct 2025
avalanche,0xaa1eacb53f05d2139d74d30f0b8e6129e4b2c036,0xce54c175880ff4edaa5d80b2dc66dda0e34a36ac,campaign_1,blacklist target of hardcoded manager (Execute call) Jul-Oct 2025
avalanche,0xaa3c16ae1db134749a87213b473d0dc41973ade7,0xce54c175880ff4edaa5d80b2dc66dda0e34a36ac,campaign_1,blacklist target of hardcoded manager (Execute call) Jul-Oct 2025
avalanche,0xaa49bf1bf6748d802442d08bb86df4b44e2ee582,0xce54c175880ff4edaa5d80b2dc66dda0e34a36ac,campaign_1,blacklist target of hardcoded manager (Execute call) Jul-Oct 2025
avalanche,0xaa49e4d1f8a0420ab4f2bd106a28e3c5caf5ec96,0xce54c175880ff4edaa5d80b2dc66dda0e34a36ac,campaign_1,blacklist target of hardcoded manager (Execute call) Jul-Oct 2025
avalanche,0xaa59258862f92a456b4bb35c93e022ec0708b383,0xce54c175880ff4edaa5d80b2dc66dda0e34a36ac,campaign_1,blacklist target of hardcoded manager (Execute call) Jul-Oct 2025
avalanche,0xaa60d1d642a7e96064f98175509ccaa9b22154c0,0xce54c175880ff4edaa5d80b2dc66dda0e34a36ac,campaign_1,blacklist target of hardcoded manager (Execute call) Jul-Oct 2025
avalanche,0xaa849747826da2a5169555ba57f0cfda1e13f69a,0xce54c175880ff4edaa5d80b2dc66dda0e34a36ac,campaign_1,blacklist target of hardcoded manager (Execute call) Jul-Oct 2025
avalanche,0xaa8dc6e1d053ccbe803006e96df2aff065a368c4,0xce54c175880ff4edaa5d80b2dc66dda0e34a36ac,campaign_1,blacklist target of hardcoded manager (Execute call) Jul-Oct 2025
avalanche,0xaa8eb8d2f6ce8949127ee54239ef613da088537c,0xce54c175880ff4edaa5d80b2dc66dda0e34a36ac,campaign_1,blacklist target of hardcoded manager (Execute call) Jul-Oct 2025
avalanche,0xaa99e893ded049b33527eeed2ef3be4561d7164d,0xce54c175880ff4edaa5d80b2dc66dda0e34a36ac,campaign_1,blacklist target of hardcoded manager (Execute call) Jul-Oct 2025
avalanche,0xaab0c18aafd931a9235011ad49425d66ed2e73af,0xce54c175880ff4edaa5d80b2dc66dda0e34a36ac,campaign_1,blacklist target of hardcoded manager (Execute call) Jul-Oct 2025
avalanche,0xaac12e9766010d3c38174eeffdc26cb44a734f24,0xce54c175880ff4edaa5d80b2dc66dda0e34a36ac,campaign_1,blacklist target of hardcoded manager (Execute call) Jul-Oct 2025
avalanche,0xaac80aa467e58eabd7b633cf08dfc7fc2d8a9055,0xce54c175880ff4edaa5d80b2dc66dda0e34a36ac,campaign_1,blacklist target of hardcoded manager (Execute call) Jul-Oct 2025
avalanche,0xaaf9aa3006ba64c82948d4acf729f08cf7cbf12a,0xce54c175880ff4edaa5d80b2dc66dda0e34a36ac,campaign_1,blacklist target of hardcoded manager (Execute call) Jul-Oct 2025
avalanche,0xab01c3c563af522dba66838933b3baee94afeffc,0xce54c175880ff4edaa5d80b2dc66dda0e34a36ac,campaign_1,blacklist target of hardcoded manager (Execute call) Jul-Oct 2025
avalanche,0xab07f346b201cafb0b7a3374574af20589170efd,0xce54c175880ff4edaa5d80b2dc66dda0e34a36ac,campaign_1,blacklist target of hardcoded manager (Execute call) Jul-Oct 2025
avalanche,0xab166c74b722c94a825a9fc50782a9ad5f2aa24d,0xce54c175880ff4edaa5d80b2dc66dda0e34a36ac,campaign_1,blacklist target of hardcoded manager (Execute call) Jul-Oct 2025
avalanche,0xab25ef7ad64f7dc6b08ed21c4bdcc1883ab59ef5,0xce54c175880ff4edaa5d80b2dc66dda0e34a36ac,campaign_1,blacklist target of hardcoded manager (Execute call) Jul-Oct 2025
avalanche,0xab2f70b77a0eb421a60aea06692bc047a2f0eac7,0xce54c175880ff4edaa5d80b2dc66dda0e34a36ac,campaign_1,blacklist target of hardcoded manager (Execute call) Jul-Oct 2025
avalanche,0xab305b6e59ec0567195b64e1baeeba1562067793,0xce54c175880ff4edaa5d80b2dc66dda0e34a36ac,campaign_1,blacklist target of hardcoded manager (Execute call) Jul-Oct 2025
avalanche,0xab34cc1e9e671b5cfff8103af8c1243b67fbe19a,0xce54c175880ff4edaa5d80b2dc66dda0e34a36ac,campaign_1,blacklist target of hardcoded manager (Execute call) Jul-Oct 2025
avalanche,0xab3dcf7e7a34fdfc895fd44590c4c0ef608f3244,0xce54c175880ff4edaa5d80b2dc66dda0e34a36ac,campaign_1,blacklist target of hardcoded manager (Execute call) Jul-Oct 2025
avalanche,0xab41c6c4ce318b1067da13c7225bde85b66333e4,0xce54c175880ff4edaa5d80b2dc66dda0e34a36ac,campaign_1,blacklist target of hardcoded manager (Execute call) Jul-Oct 2025
avalanche,0xab430a67b59bb13acdf299a02707776f21f03133,0xce54c175880ff4edaa5d80b2dc66dda0e34a36ac,campaign_1,blacklist target of hardcoded manager (Execute call) Jul-Oct 2025
avalanche,0xab532b31c58b949a88d352929022c6c3a9fbf017,0xce54c175880ff4edaa5d80b2dc66dda0e34a36ac,campaign_1,blacklist target of hardcoded manager (Execute call) Jul-Oct 2025
avalanche,0xab5713c44d903f8d7cb63741aff86d955ee2a50f,0xce54c175880ff4edaa5d80b2dc66dda0e34a36ac,campaign_1,blacklist target of hardcoded manager (Execute call) Jul-Oct 2025
avalanche,0xab59c5549103d5623f2e2c19768ab75b52f90be4,0xce54c175880ff4edaa5d80b2dc66dda0e34a36ac,campaign_1,blacklist target of hardcoded manager (Execute call) Jul-Oct 2025
avalanche,0xab67298ae0e89d5f02afb4ef06817bd71e7b08af,0xce54c175880ff4edaa5d80b2dc66dda0e34a36ac,campaign_1,blacklist target of hardcoded manager (Execute call) Jul-Oct 2025
avalanche,0xab733f4dcccf6ab43b65808229936d1194c74501,0xce54c175880ff4edaa5d80b2dc66dda0e34a36ac,campaign_1,blacklist target of hardcoded manager (Execute call) Jul-Oct 2025
avalanche,0xab7567fc86a2a24ca8951f7421a2ddccbb314dc4,0xce54c175880ff4edaa5d80b2dc66dda0e34a36ac,campaign_1,blacklist target of hardcoded manager (Execute call) Jul-Oct 2025
avalanche,0xab80d2d7c75299a6e76b1d17ec20a46f627d7f49,0xce54c175880ff4edaa5d80b2dc66dda0e34a36ac,campaign_1,blacklist target of hardcoded manager (Execute call) Jul-Oct 2025
avalanche,0xabaa9688d106c8d301abe3f44da179db496bb5e6,0xce54c175880ff4edaa5d80b2dc66dda0e34a36ac,campaign_1,blacklist target of hardcoded manager (Execute call) Jul-Oct 2025
avalanche,0xabd86195907d98bf49119c494cbeb28ff3d507f2,0xce54c175880ff4edaa5d80b2dc66dda0e34a36ac,campaign_1,blacklist target of hardcoded manager (Execute call) Jul-Oct 2025
avalanche,0xabed14ea846ace3bfb9f7d24ceb03e8806e2c935,0xce54c175880ff4edaa5d80b2dc66dda0e34a36ac,campaign_1,blacklist target of hardcoded manager (Execute call) Jul-Oct 2025
avalanche,0xabfa0a36acc190914742516005ac4f77a3c166b1,0xce54c175880ff4edaa5d80b2dc66dda0e34a36ac,campaign_1,blacklist target of hardcoded manager (Execute call) Jul-Oct 2025
avalanche,0xabfb0ee6431149a1b2ac171f253a19d3e5cc35db,0xce54c175880ff4edaa5d80b2dc66dda0e34a36ac,campaign_1,blacklist target of hardcoded manager (Execute call) Jul-Oct 2025
avalanche,0xabfc7ec63876757cc6e48b060dc58d6703154fa0,0xce54c175880ff4edaa5d80b2dc66dda0e34a36ac,campaign_1,blacklist target of hardcoded manager (Execute call) Jul-Oct 2025
avalanche,0xabfcb874f270790eacdd541366afaa92946a3f88,0xce54c175880ff4edaa5d80b2dc66dda0e34a36ac,campaign_1,blacklist target of hardcoded manager (Execute call) Jul-Oct 2025
avalanche,0xac11a2ff50bcc7854e600d921bdab01796d622ed,0xce54c175880ff4edaa5d80b2dc66dda0e34a36ac,campaign_1,blacklist target of hardcoded manager (Execute call) Jul-Oct 2025
avalanche,0xac1fa0604798592a9b08fe3cb4a4f805de070e7c,0xce54c175880ff4edaa5d80b2dc66dda0e34a36ac,campaign_1,blacklist target of hardcoded manager (Execute call) Jul-Oct 2025
avalanche,0xac1fca7233f03cce17fd21f5d60d930898995b8b,0xce54c175880ff4edaa5d80b2dc66dda0e34a36ac,campaign_1,blacklist target of hardcoded manager (Execute call) Jul-Oct 2025
avalanche,0xac20096f717e73b2acc5868d7246af52b6939915,0xce54c175880ff4edaa5d80b2dc66dda0e34a36ac,campaign_1,blacklist target of hardcoded manager (Execute call) Jul-Oct 2025
avalanche,0xac221d6ec512a1f2cd9e5715d31ef0e1122e3f10,0xce54c175880ff4edaa5d80b2dc66dda0e34a36ac,campaign_1,blacklist target of hardcoded manager (Execute call) Jul-Oct 2025
avalanche,0xac3fd58760f884d193103057371ffa8b0691f9fa,0xce54c175880ff4edaa5d80b2dc66dda0e34a36ac,campaign_1,blacklist target of hardcoded manager (Execute call) Jul-Oct 2025
avalanche,0xac4205ab80b667176e41a4b2541678010f737048,0xce54c175880ff4edaa5d80b2dc66dda0e34a36ac,campaign_1,blacklist target of hardcoded manager (Execute call) Jul-Oct 2025
avalanche,0xac47b465f28d996ae98424bab7e46f6f212d6096,0xce54c175880ff4edaa5d80b2dc66dda0e34a36ac,campaign_1,blacklist target of hardcoded manager (Execute call) Jul-Oct 2025
avalanche,0xac740b73987ca0dbd8f4b7baa40e611bab745cd6,0xce54c175880ff4edaa5d80b2dc66dda0e34a36ac,campaign_1,blacklist target of hardcoded manager (Execute call) Jul-Oct 2025
avalanche,0xac746d15a76128d755e444acad35921168e1ee24,0xce54c175880ff4edaa5d80b2dc66dda0e34a36ac,campaign_1,blacklist target of hardcoded manager (Execute call) Jul-Oct 2025
avalanche,0xac76368be8791c7e09959ef0eb46a45bdeb0ea86,0xce54c175880ff4edaa5d80b2dc66dda0e34a36ac,campaign_1,blacklist target of hardcoded manager (Execute call) Jul-Oct 2025
avalanche,0xac9e6f7de50f00884920f0362e3fa524fed2d207,0xce54c175880ff4edaa5d80b2dc66dda0e34a36ac,campaign_1,blacklist target of hardcoded manager (Execute call) Jul-Oct 2025
avalanche,0xace2cac2e2366114b13184cf537dfef42f7ec727,0xce54c175880ff4edaa5d80b2dc66dda0e34a36ac,campaign_1,blacklist target of hardcoded manager (Execute call) Jul-Oct 2025
avalanche,0xacf5ba123f87deb950e32497d3ba00d5855182db,0xce54c175880ff4edaa5d80b2dc66dda0e34a36ac,campaign_1,blacklist target of hardcoded manager (Execute call) Jul-Oct 2025
avalanche,0xad0c5a9053c253425a23f54551536fc171a22d75,0xce54c175880ff4edaa5d80b2dc66dda0e34a36ac,campaign_1,blacklist target of hardcoded manager (Execute call) Jul-Oct 2025
avalanche,0xad33b6a18cfad5b4aa1d66addb3836f68dcda5ed,0xce54c175880ff4edaa5d80b2dc66dda0e34a36ac,campaign_1,blacklist target of hardcoded manager (Execute call) Jul-Oct 2025
avalanche,0xad5c6b7f73e1eea56eef273744f43fe1258ba956,0xce54c175880ff4edaa5d80b2dc66dda0e34a36ac,campaign_1,blacklist target of hardcoded manager (Execute call) Jul-Oct 2025
avalanche,0xad5f556624bc879d672b361cdd1b49b27d65bcd3,0xce54c175880ff4edaa5d80b2dc66dda0e34a36ac,campaign_1,blacklist target of hardcoded manager (Execute call) Jul-Oct 2025
avalanche,0xad7dfc5ecadb19c9121df5e53d7aa98c6d0655a5,0xce54c175880ff4edaa5d80b2dc66dda0e34a36ac,campaign_1,blacklist target of hardcoded manager (Execute call) Jul-Oct 2025
avalanche,0xad8bc5b3e57160f2bed45443301145474940e133,0xce54c175880ff4edaa5d80b2dc66dda0e34a36ac,campaign_1,blacklist target of hardcoded manager (Execute call) Jul-Oct 2025
avalanche,0xad931754656300dc6a02f6f8c324699b2bc6a502,0xce54c175880ff4edaa5d80b2dc66dda0e34a36ac,campaign_1,blacklist target of hardcoded manager (Execute call) Jul-Oct 2025
avalanche,0xada49081641ceb88ed3b701de715a22254114aaa,0xce54c175880ff4edaa5d80b2dc66dda0e34a36ac,campaign_1,blacklist target of hardcoded manager (Execute call) Jul-Oct 2025
avalanche,0xadafa1d01e59854570ab837f3fe15117aa42acb4,0xce54c175880ff4edaa5d80b2dc66dda0e34a36ac,campaign_1,blacklist target of hardcoded manager (Execute call) Jul-Oct 2025
avalanche,0xadbb28f17d49edff325d56a0cce569408097e212,0xce54c175880ff4edaa5d80b2dc66dda0e34a36ac,campaign_1,blacklist target of hardcoded manager (Execute call) Jul-Oct 2025
avalanche,0xadc1891e9f81a5df2fc5c52629b6e132128a9e8a,0xce54c175880ff4edaa5d80b2dc66dda0e34a36ac,campaign_1,blacklist target of hardcoded manager (Execute call) Jul-Oct 2025
avalanche,0xadf033f6841d1373c79707263212a8731189a6d1,0xce54c175880ff4edaa5d80b2dc66dda0e34a36ac,campaign_1,blacklist target of hardcoded manager (Execute call) Jul-Oct 2025
avalanche,0xadf040e39efbee97fee819c7a5d3b155d80b6717,0xce54c175880ff4edaa5d80b2dc66dda0e34a36ac,campaign_1,blacklist target of hardcoded manager (Execute call) Jul-Oct 2025
avalanche,0xadfdc19dc3266d91eb87f444c3845248b7e2e6a2,0xce54c175880ff4edaa5d80b2dc66dda0e34a36ac,campaign_1,blacklist target of hardcoded manager (Execute call) Jul-Oct 2025
avalanche,0xae0727002a87308f287efea89c524dc20d00fd67,0xce54c175880ff4edaa5d80b2dc66dda0e34a36ac,campaign_1,blacklist target of hardcoded manager (Execute call) Jul-Oct 2025
avalanche,0xae0c8e5176f33ae6704a10a22546d8d3825d6dbb,0xce54c175880ff4edaa5d80b2dc66dda0e34a36ac,campaign_1,blacklist target of hardcoded manager (Execute call) Jul-Oct 2025
avalanche,0xae14b71f127d31c7a0ea48167b5332ad8130fc6d,0xce54c175880ff4edaa5d80b2dc66dda0e34a36ac,campaign_1,blacklist target of hardcoded manager (Execute call) Jul-Oct 2025
avalanche,0xae2b6c2f493c0931c4768a84a27d482b1e8cda45,0xce54c175880ff4edaa5d80b2dc66dda0e34a36ac,campaign_1,blacklist target of hardcoded manager (Execute call) Jul-Oct 2025
avalanche,0xae2f9ad1f004e82443a4b6a241681c66ee94cddc,0xce54c175880ff4edaa5d80b2dc66dda0e34a36ac,campaign_1,blacklist target of hardcoded manager (Execute call) Jul-Oct 2025
avalanche,0xae38b77eed29c96063f4df800dcb1d23057f2dbc,0xce54c175880ff4edaa5d80b2dc66dda0e34a36ac,campaign_1,blacklist target of hardcoded manager (Execute call) Jul-Oct 2025
avalanche,0xae4503455b451db04e7ff5dd2ce1f3dc1106f07c,0xce54c175880ff4edaa5d80b2dc66dda0e34a36ac,campaign_1,blacklist target of hardcoded manager (Execute call) Jul-Oct 2025
avalanche,0xae4be20632be5cf01585d0f5842845e0383594e5,0xce54c175880ff4edaa5d80b2dc66dda0e34a36ac,campaign_1,blacklist target of hardcoded manager (Execute call) Jul-Oct 2025
avalanche,0xae596face00d6d3298ac0f4f84df339748ab0c62,0xce54c175880ff4edaa5d80b2dc66dda0e34a36ac,campaign_1,blacklist target of hardcoded manager (Execute call) Jul-Oct 2025
avalanche,0xae8eb710dbc7f6cdf35c0a82e8896a5abf1598bf,0xce54c175880ff4edaa5d80b2dc66dda0e34a36ac,campaign_1,blacklist target of hardcoded manager (Execute call) Jul-Oct 2025
avalanche,0xae9d645a0dc8ccb71aabd07750e02d4d0d640d76,0xce54c175880ff4edaa5d80b2dc66dda0e34a36ac,campaign_1,blacklist target of hardcoded manager (Execute call) Jul-Oct 2025
avalanche,0xaea10f0ef7f0cbaa956b3078520edbc60a6af600,0xce54c175880ff4edaa5d80b2dc66dda0e34a36ac,campaign_1,blacklist target of hardcoded manager (Execute call) Jul-Oct 2025
avalanche,0xaeba1ac8a69bb366183477ed6a199ab8d99422ea,0xce54c175880ff4edaa5d80b2dc66dda0e34a36ac,campaign_1,blacklist target of hardcoded manager (Execute call) Jul-Oct 2025
avalanche,0xaeeb54b86d84ce50358ca224754c9b56d5ecf454,0xce54c175880ff4edaa5d80b2dc66dda0e34a36ac,campaign_1,blacklist target of hardcoded manager (Execute call) Jul-Oct 2025
avalanche,0xaeecf25935683397b15675edf382ea8b24e3daaf,0xce54c175880ff4edaa5d80b2dc66dda0e34a36ac,campaign_1,blacklist target of hardcoded manager (Execute call) Jul-Oct 2025
avalanche,0xaef4c0df77b3dc66550e7338ca4e2b5900a8bd49,0xce54c175880ff4edaa5d80b2dc66dda0e34a36ac,campaign_1,blacklist target of hardcoded manager (Execute call) Jul-Oct 2025
avalanche,0xaefa1b3ec3cd30aab8fef3cdce8bf1e3fafd1e05,0xce54c175880ff4edaa5d80b2dc66dda0e34a36ac,campaign_1,blacklist target of hardcoded manager (Execute call) Jul-Oct 2025
avalanche,0xaf0b74840178f88d8e5a6032b41c9c3465bbebde,0xce54c175880ff4edaa5d80b2dc66dda0e34a36ac,campaign_1,blacklist target of hardcoded manager (Execute call) Jul-Oct 2025
avalanche,0xaf1baae84ea83d21de0679b48ea9246b4834ea79,0xce54c175880ff4edaa5d80b2dc66dda0e34a36ac,campaign_1,blacklist target of hardcoded manager (Execute call) Jul-Oct 2025
avalanche,0xaf35062ef26ed95d6bdb539d64e063d7f8846ca4,0xce54c175880ff4edaa5d80b2dc66dda0e34a36ac,campaign_1,blacklist target of hardcoded manager (Execute call) Jul-Oct 2025
avalanche,0xaf459e4762e50d19d9589f49890d1ffc4f96df82,0xce54c175880ff4edaa5d80b2dc66dda0e34a36ac,campaign_1,blacklist target of hardcoded manager (Execute call) Jul-Oct 2025
avalanche,0xaf462d33c5ce40a393f754d5dbcfaa965a7b71f0,0xce54c175880ff4edaa5d80b2dc66dda0e34a36ac,campaign_1,blacklist target of hardcoded manager (Execute call) Jul-Oct 2025
avalanche,0xaf690b77624ca2e4505ff857a1ebeafc77b7fada,0xce54c175880ff4edaa5d80b2dc66dda0e34a36ac,campaign_1,blacklist target of hardcoded manager (Execute call) Jul-Oct 2025
avalanche,0xaf772c8c28ffeac289e42861c6ca188891eb05d0,0xce54c175880ff4edaa5d80b2dc66dda0e34a36ac,campaign_1,blacklist target of hardcoded manager (Execute call) Jul-Oct 2025
avalanche,0xaf7a13dd943599cc82c69e91e0e7c5bbb59b88a8,0xce54c175880ff4edaa5d80b2dc66dda0e34a36ac,campaign_1,blacklist target of hardcoded manager (Execute call) Jul-Oct 2025
avalanche,0xaf9d782f28ff29c571a605760965c517d873f795,0xce54c175880ff4edaa5d80b2dc66dda0e34a36ac,campaign_1,blacklist target of hardcoded manager (Execute call) Jul-Oct 2025
avalanche,0xafb22a6419ada194aeab6feeec3a8a921f4868cb,0xce54c175880ff4edaa5d80b2dc66dda0e34a36ac,campaign_1,blacklist target of hardcoded manager (Execute call) Jul-Oct 2025
avalanche,0xafbb9c845a27ec130fabd5632c9653edd9bd8cec,0xce54c175880ff4edaa5d80b2dc66dda0e34a36ac,campaign_1,blacklist target of hardcoded manager (Execute call) Jul-Oct 2025
avalanche,0xafbfee5809e470027f0d9713a4fb19c8b143acc2,0xce54c175880ff4edaa5d80b2dc66dda0e34a36ac,campaign_1,blacklist target of hardcoded manager (Execute call) Jul-Oct 2025
avalanche,0xafcf0cd0b69019ce59d6b940c25aed7326412ed4,0xce54c175880ff4edaa5d80b2dc66dda0e34a36ac,campaign_1,blacklist target of hardcoded manager (Execute call) Jul-Oct 2025
avalanche,0xafd2fc306530a1aefca5af02e223efc74a8662f3,0xce54c175880ff4edaa5d80b2dc66dda0e34a36ac,campaign_1,blacklist target of hardcoded manager (Execute call) Jul-Oct 2025
avalanche,0xafd60665a42ed967b8ed645aca7cc4f54750bc6b,0xce54c175880ff4edaa5d80b2dc66dda0e34a36ac,campaign_1,blacklist target of hardcoded manager (Execute call) Jul-Oct 2025
avalanche,0xb002dc688581df5eacbdad4dbb98ba179612448a,0xce54c175880ff4edaa5d80b2dc66dda0e34a36ac,campaign_1,blacklist target of hardcoded manager (Execute call) Jul-Oct 2025
avalanche,0xb019b18eb64d02ba8515cb9ff58c678902b64ed7,0xce54c175880ff4edaa5d80b2dc66dda0e34a36ac,campaign_1,blacklist target of hardcoded manager (Execute call) Jul-Oct 2025
avalanche,0xb02173329bcc83ed269d35fa50f692dbcf7009de,0xce54c175880ff4edaa5d80b2dc66dda0e34a36ac,campaign_1,blacklist target of hardcoded manager (Execute call) Jul-Oct 2025
avalanche,0xb0458ee976e6704020b07a60d20a783adafed594,0xce54c175880ff4edaa5d80b2dc66dda0e34a36ac,campaign_1,blacklist target of hardcoded manager (Execute call) Jul-Oct 2025
avalanche,0xb048e99865708423dae415a52056918fdd77a909,0xce54c175880ff4edaa5d80b2dc66dda0e34a36ac,campaign_1,blacklist target of hardcoded manager (Execute call) Jul-Oct 2025
avalanche,0xb05c91f47812032b06410919e0ed9c61315bb59a,0xce54c175880ff4edaa5d80b2dc66dda0e34a36ac,campaign_1,blacklist target of hardcoded manager (Execute call) Jul-Oct 2025
avalanche,0xb06dc01f57e74bd474876526f7cf230e03f7c29f,0xce54c175880ff4edaa5d80b2dc66dda0e34a36ac,campaign_1,blacklist target of hardcoded manager (Execute call) Jul-Oct 2025
avalanche,0xb07360772c1a6653086ab6b6499a905483460ee8,0xce54c175880ff4edaa5d80b2dc66dda0e34a36ac,campaign_1,blacklist target of hardcoded manager (Execute call) Jul-Oct 2025
avalanche,0xb077dd8a259049c9f15338d9969973181ea233e9,0xce54c175880ff4edaa5d80b2dc66dda0e34a36ac,campaign_1,blacklist target of hardcoded manager (Execute call) Jul-Oct 2025
avalanche,0xb0969bd88825dd13a3fe6c172039bcbd7c6b25a4,0xce54c175880ff4edaa5d80b2dc66dda0e34a36ac,campaign_1,blacklist target of hardcoded manager (Execute call) Jul-Oct 2025
avalanche,0xb0ae1745bedc8afc7e6914f4f96c493e2f970ce5,0xce54c175880ff4edaa5d80b2dc66dda0e34a36ac,campaign_1,blacklist target of hardcoded manager (Execute call) Jul-Oct 2025
avalanche,0xb0afd9779daf746689a9ba124fb02d842892c275,0xce54c175880ff4edaa5d80b2dc66dda0e34a36ac,campaign_1,blacklist target of hardcoded manager (Execute call) Jul-Oct 2025
avalanche,0xb0c4e3480c4af4164209e85d504deb1c16e10192,0xce54c175880ff4edaa5d80b2dc66dda0e34a36ac,campaign_1,blacklist target of hardcoded manager (Execute call) Jul-Oct 2025
avalanche,0xb0da2487e6359c8acca40823e6fd8339bc7ff560,0xce54c175880ff4edaa5d80b2dc66dda0e34a36ac,campaign_1,blacklist target of hardcoded manager (Execute call) Jul-Oct 2025
avalanche,0xb0ef43be717e16f49ebb0eb0ae67d515860f9941,0xce54c175880ff4edaa5d80b2dc66dda0e34a36ac,campaign_1,blacklist target of hardcoded manager (Execute call) Jul-Oct 2025
avalanche,0xb1162e408c129e8eeae95694517a4c2a3426b598,0xce54c175880ff4edaa5d80b2dc66dda0e34a36ac,campaign_1,blacklist target of hardcoded manager (Execute call) Jul-Oct 2025
avalanche,0xb11f9e1477df545267b692cc59f16dc5051acf80,0xce54c175880ff4edaa5d80b2dc66dda0e34a36ac,campaign_1,blacklist target of hardcoded manager (Execute call) Jul-Oct 2025
avalanche,0xb129af8ddc259a5a01e3f5607d900741db250631,0xce54c175880ff4edaa5d80b2dc66dda0e34a36ac,campaign_1,blacklist target of hardcoded manager (Execute call) Jul-Oct 2025
avalanche,0xb12ae21aae467cd111804d2186ee92ecf6b1481e,0xce54c175880ff4edaa5d80b2dc66dda0e34a36ac,campaign_1,blacklist target of hardcoded manager (Execute call) Jul-Oct 2025
avalanche,0xb12c2c3434d7e70e0aeecc487e6ab96a5541d3a2,0xce54c175880ff4edaa5d80b2dc66dda0e34a36ac,campaign_1,blacklist target of hardcoded manager (Execute call) Jul-Oct 2025
avalanche,0xb12c5bc4a3ca337d53f1dcbf1466da94848ced21,0xce54c175880ff4edaa5d80b2dc66dda0e34a36ac,campaign_1,blacklist target of hardcoded manager (Execute call) Jul-Oct 2025
avalanche,0xb1411b2e8a7eef567ebfdaea9236b456f0209a2c,0xce54c175880ff4edaa5d80b2dc66dda0e34a36ac,campaign_1,blacklist target of hardcoded manager (Execute call) Jul-Oct 2025
avalanche,0xb14616eaa72810aea8cddcadc4785c39e3b434c0,0xce54c175880ff4edaa5d80b2dc66dda0e34a36ac,campaign_1,blacklist target of hardcoded manager (Execute call) Jul-Oct 2025
avalanche,0xb146fac64fb8c5c6a2eb03fb8c9cc63e5971ffe5,0xce54c175880ff4edaa5d80b2dc66dda0e34a36ac,campaign_1,blacklist target of hardcoded manager (Execute call) Jul-Oct 2025
avalanche,0xb154766b240777782d6d0d1a219ee4ec0be36d2b,0xce54c175880ff4edaa5d80b2dc66dda0e34a36ac,campaign_1,blacklist target of hardcoded manager (Execute call) Jul-Oct 2025
avalanche,0xb1560d724db24bb26647d7f94a7e45e06b5b77e5,0xce54c175880ff4edaa5d80b2dc66dda0e34a36ac,campaign_1,blacklist target of hardcoded manager (Execute call) Jul-Oct 2025
avalanche,0xb15803fe54062b44dcdb545769d4b350dbec6a10,0xce54c175880ff4edaa5d80b2dc66dda0e34a36ac,campaign_1,blacklist target of hardcoded manager (Execute call) Jul-Oct 2025
avalanche,0xb15dbe5de9566f19754146a88012cf8dbfb29bec,0xce54c175880ff4edaa5d80b2dc66dda0e34a36ac,campaign_1,blacklist target of hardcoded manager (Execute call) Jul-Oct 2025
avalanche,0xb17d03e7f9b851af4dfdc09d60d6d1b6309d7f99,0xce54c175880ff4edaa5d80b2dc66dda0e34a36ac,campaign_1,blacklist target of hardcoded manager (Execute call) Jul-Oct 2025
avalanche,0xb181d8533e4fcd562751e00c9ed7cf4b9f3fcc3d,0xce54c175880ff4edaa5d80b2dc66dda0e34a36ac,campaign_1,blacklist target of hardcoded manager (Execute call) Jul-Oct 2025
avalanche,0xb18397fb7604cdab40c62c4c521f78ce30e11c37,0xce54c175880ff4edaa5d80b2dc66dda0e34a36ac,campaign_1,blacklist target of hardcoded manager (Execute call) Jul-Oct 2025
avalanche,0xb18c762b1ba33518ffa4fde2b73bc5bcf7e710a9,0xce54c175880ff4edaa5d80b2dc66dda0e34a36ac,campaign_1,blacklist target of hardcoded manager (Execute call) Jul-Oct 2025
avalanche,0xb18dbf9e4487c3809d129e100a48b97961479bf3,0xce54c175880ff4edaa5d80b2dc66dda0e34a36ac,campaign_1,blacklist target of hardcoded manager (Execute call) Jul-Oct 2025
avalanche,0xb1a836983c8463c4afe79960f3c04043e8b9ab2a,0xce54c175880ff4edaa5d80b2dc66dda0e34a36ac,campaign_1,blacklist target of hardcoded manager (Execute call) Jul-Oct 2025
avalanche,0xb1ae6cd41895b2e0e7331e01b2005a0d73db56f6,0xce54c175880ff4edaa5d80b2dc66dda0e34a36ac,campaign_1,blacklist target of hardcoded manager (Execute call) Jul-Oct 2025
avalanche,0xb1bbbcb8dfb8ae23db8ab16ba099fcb1fefe1a01,0xce54c175880ff4edaa5d80b2dc66dda0e34a36ac,campaign_1,blacklist target of hardcoded manager (Execute call) Jul-Oct 2025
avalanche,0xb1d13c4ec89aeb69be17c159343275543ac6d220,0xce54c175880ff4edaa5d80b2dc66dda0e34a36ac,campaign_1,blacklist target of hardcoded manager (Execute call) Jul-Oct 2025
avalanche,0xb1ec64f3b152cae0a4d1a542824f873fe124c5d1,0xce54c175880ff4edaa5d80b2dc66dda0e34a36ac,campaign_1,blacklist target of hardcoded manager (Execute call) Jul-Oct 2025
avalanche,0xb1f12e65d7569d6520821c68ceca55063176d0b4,0xce54c175880ff4edaa5d80b2dc66dda0e34a36ac,campaign_1,blacklist target of hardcoded manager (Execute call) Jul-Oct 2025
avalanche,0xb1f6840f94af85522ae599a3b6708bf36a28cbfe,0xce54c175880ff4edaa5d80b2dc66dda0e34a36ac,campaign_1,blacklist target of hardcoded manager (Execute call) Jul-Oct 2025
avalanche,0xb2007cc42dbb67de14cd3fa57a334b17bf4973af,0xce54c175880ff4edaa5d80b2dc66dda0e34a36ac,campaign_1,blacklist target of hardcoded manager (Execute call) Jul-Oct 2025
avalanche,0xb2024952fc3cc6e11fe4d64e78353125c70fd93c,0xce54c175880ff4edaa5d80b2dc66dda0e34a36ac,campaign_1,blacklist target of hardcoded manager (Execute call) Jul-Oct 2025
avalanche,0xb20da589696a4b1a17674e1786e289d15a69aafa,0xce54c175880ff4edaa5d80b2dc66dda0e34a36ac,campaign_1,blacklist target of hardcoded manager (Execute call) Jul-Oct 2025
avalanche,0xb20dcb5358012b2f66d5c3e55da125677917fe58,0xce54c175880ff4edaa5d80b2dc66dda0e34a36ac,campaign_1,blacklist target of hardcoded manager (Execute call) Jul-Oct 2025
avalanche,0xb230c9ce57a9a372a27b36348d041b38b4d37cac,0xce54c175880ff4edaa5d80b2dc66dda0e34a36ac,campaign_1,blacklist target of hardcoded manager (Execute call) Jul-Oct 2025
avalanche,0xb238a1a8f863a3ffc58709c5c880cb4c3ed3e93e,0xce54c175880ff4edaa5d80b2dc66dda0e34a36ac,campaign_1,blacklist target of hardcoded manager (Execute call) Jul-Oct 2025
avalanche,0xb23b2c1af7f6d946d0b76cc2c5f3180f635df546,0xce54c175880ff4edaa5d80b2dc66dda0e34a36ac,campaign_1,blacklist target of hardcoded manager (Execute call) Jul-Oct 2025
avalanche,0xb23f3d253f251743e7097ecc02af0ea9bbdd22e0,0xce54c175880ff4edaa5d80b2dc66dda0e34a36ac,campaign_1,blacklist target of hardcoded manager (Execute call) Jul-Oct 2025
avalanche,0xb25555dd94017f07332755edcf82748685a5bc45,0xce54c175880ff4edaa5d80b2dc66dda0e34a36ac,campaign_1,blacklist target of hardcoded manager (Execute call) Jul-Oct 2025
avalanche,0xb2ae3dc9113b0711d22564e43c78709062b14ff2,0xce54c175880ff4edaa5d80b2dc66dda0e34a36ac,campaign_1,blacklist target of hardcoded manager (Execute call) Jul-Oct 2025
avalanche,0xb2b2a954d8cf8734604fb1284e181d531f84bdf5,0xce54c175880ff4edaa5d80b2dc66dda0e34a36ac,campaign_1,blacklist target of hardcoded manager (Execute call) Jul-Oct 2025
avalanche,0xb2c8669e9932dfc774184c9275c10126a5adaea7,0xce54c175880ff4edaa5d80b2dc66dda0e34a36ac,campaign_1,blacklist target of hardcoded manager (Execute call) Jul-Oct 2025
avalanche,0xb2cef5a772b0ac681a936e5b21c45a61c0e1d39e,0xce54c175880ff4edaa5d80b2dc66dda0e34a36ac,campaign_1,blacklist target of hardcoded manager (Execute call) Jul-Oct 2025
avalanche,0xb2e16f330d3bf58cf5d5d9cb9bf4b8cbad1d3b15,0xce54c175880ff4edaa5d80b2dc66dda0e34a36ac,campaign_1,blacklist target of hardcoded manager (Execute call) Jul-Oct 2025
avalanche,0xb2ebbe7c6610732ca9c19659950065760715149a,0xce54c175880ff4edaa5d80b2dc66dda0e34a36ac,campaign_1,blacklist target of hardcoded manager (Execute call) Jul-Oct 2025
avalanche,0xb2fcb33d31d2e3e163eaa08b880d40d9316de8f8,0xce54c175880ff4edaa5d80b2dc66dda0e34a36ac,campaign_1,blacklist target of hardcoded manager (Execute call) Jul-Oct 2025
avalanche,0xb309dccdfea8e4c72eccee09d25b2531bc5b8f30,0xce54c175880ff4edaa5d80b2dc66dda0e34a36ac,campaign_1,blacklist target of hardcoded manager (Execute call) Jul-Oct 2025
avalanche,0xb3112aa1422ded80749e3a8f597a9b7f41839d2e,0xce54c175880ff4edaa5d80b2dc66dda0e34a36ac,campaign_1,blacklist target of hardcoded manager (Execute call) Jul-Oct 2025
avalanche,0xb31bd7323632e368beb5c659f0c044e595f1c6c3,0xce54c175880ff4edaa5d80b2dc66dda0e34a36ac,campaign_1,blacklist target of hardcoded manager (Execute call) Jul-Oct 2025
avalanche,0xb31c1e632ebb2c0692382335fdefadcf8cb411b7,0xce54c175880ff4edaa5d80b2dc66dda0e34a36ac,campaign_1,blacklist target of hardcoded manager (Execute call) Jul-Oct 2025
avalanche,0xb32c73ef162a3aab3f9519c58022114919171d71,0xce54c175880ff4edaa5d80b2dc66dda0e34a36ac,campaign_1,blacklist target of hardcoded manager (Execute call) Jul-Oct 2025
avalanche,0xb3352842a496b35356b01e46fce920b94483fa29,0xce54c175880ff4edaa5d80b2dc66dda0e34a36ac,campaign_1,blacklist target of hardcoded manager (Execute call) Jul-Oct 2025
avalanche,0xb335eb37c2faf9c548207f587f04b671dfa0ecf7,0xce54c175880ff4edaa5d80b2dc66dda0e34a36ac,campaign_1,blacklist target of hardcoded manager (Execute call) Jul-Oct 2025
avalanche,0xb3422c885715fe9af764cd65ebd7af7bc73d5284,0xce54c175880ff4edaa5d80b2dc66dda0e34a36ac,campaign_1,blacklist target of hardcoded manager (Execute call) Jul-Oct 2025
avalanche,0xb34a98129294ae0b3b98cd1f0b7313a66a42ac72,0xce54c175880ff4edaa5d80b2dc66dda0e34a36ac,campaign_1,blacklist target of hardcoded manager (Execute call) Jul-Oct 2025
avalanche,0xb34c5b660a3ed16446dd073bdde9fbc206d946b2,0xce54c175880ff4edaa5d80b2dc66dda0e34a36ac,campaign_1,blacklist target of hardcoded manager (Execute call) Jul-Oct 2025
avalanche,0xb352cf4e8cbfa24c9300009a9cc04d38a8d419fc,0xce54c175880ff4edaa5d80b2dc66dda0e34a36ac,campaign_1,blacklist target of hardcoded manager (Execute call) Jul-Oct 2025
avalanche,0xb354eb66fbafb42114e7147b66b7fa95e975f2eb,0xce54c175880ff4edaa5d80b2dc66dda0e34a36ac,campaign_1,blacklist target of hardcoded manager (Execute call) Jul-Oct 2025
avalanche,0xb360eb9d8c3c368b73443ca0de48aaf1e9a0b634,0xce54c175880ff4edaa5d80b2dc66dda0e34a36ac,campaign_1,blacklist target of hardcoded manager (Execute call) Jul-Oct 2025
avalanche,0xb3799e02628d49821e896f4001e1f9df7cd43ee4,0xce54c175880ff4edaa5d80b2dc66dda0e34a36ac,campaign_1,blacklist target of hardcoded manager (Execute call) Jul-Oct 2025
avalanche,0xb37c6e701a6c9cf35fceff9dec043d8a1c79aa34,0xce54c175880ff4edaa5d80b2dc66dda0e34a36ac,campaign_1,blacklist target of hardcoded manager (Execute call) Jul-Oct 2025
avalanche,0xb37cb055e4e9c736bb355be84a8b8d56a9c5ba67,0xce54c175880ff4edaa5d80b2dc66dda0e34a36ac,campaign_1,blacklist target of hardcoded manager (Execute call) Jul-Oct 2025
avalanche,0xb38025822b3a5e33a4c2bda5c471010162ff61dd,0xce54c175880ff4edaa5d80b2dc66dda0e34a36ac,campaign_1,blacklist target of hardcoded manager (Execute call) Jul-Oct 2025
avalanche,0xb3a6ad22329ad26bfa9765c7e3a45d784993a628,0xce54c175880ff4edaa5d80b2dc66dda0e34a36ac,campaign_1,blacklist target of hardcoded manager (Execute call) Jul-Oct 2025
avalanche,0xb3b8e4027b43cdfedaf0c3ac361dc7f0044af664,0xce54c175880ff4edaa5d80b2dc66dda0e34a36ac,campaign_1,blacklist target of hardcoded manager (Execute call) Jul-Oct 2025
avalanche,0xb3bf35a3893e2ed727f971f8d9c3e308498bb57e,0xce54c175880ff4edaa5d80b2dc66dda0e34a36ac,campaign_1,blacklist target of hardcoded manager (Execute call) Jul-Oct 2025
avalanche,0xb3c8369cdea0ac158d05c9dda54d34b8d895073e,0xce54c175880ff4edaa5d80b2dc66dda0e34a36ac,campaign_1,blacklist target of hardcoded manager (Execute call) Jul-Oct 2025
avalanche,0xb3d745963ee8f30b91de9381e24aa100d42dd7c6,0xce54c175880ff4edaa5d80b2dc66dda0e34a36ac,campaign_1,blacklist target of hardcoded manager (Execute call) Jul-Oct 2025
avalanche,0xb3de07ffdf5888ca6062e483394bdaee4fabf7b9,0xce54c175880ff4edaa5d80b2dc66dda0e34a36ac,campaign_1,blacklist target of hardcoded manager (Execute call) Jul-Oct 2025
avalanche,0xb3e5c2b40d4f07b585e59371e89c9c58f2923064,0xce54c175880ff4edaa5d80b2dc66dda0e34a36ac,campaign_1,blacklist target of hardcoded manager (Execute call) Jul-Oct 2025
avalanche,0xb3f16b3c9c7b94c26b8f89afaae02e83b49d4923,0xce54c175880ff4edaa5d80b2dc66dda0e34a36ac,campaign_1,blacklist target of hardcoded manager (Execute call) Jul-Oct 2025
avalanche,0xb3f17db23df13d666ed72c2a9ba45b460cf82f59,0xce54c175880ff4edaa5d80b2dc66dda0e34a36ac,campaign_1,blacklist target of hardcoded manager (Execute call) Jul-Oct 2025
avalanche,0xb40053cacb44e233c6ed77ba9e04bf6cf8cc1c64,0xce54c175880ff4edaa5d80b2dc66dda0e34a36ac,campaign_1,blacklist target of hardcoded manager (Execute call) Jul-Oct 2025
avalanche,0xb4127cd5e8df8686cece781bac5fb803457014f4,0xce54c175880ff4edaa5d80b2dc66dda0e34a36ac,campaign_1,blacklist target of hardcoded manager (Execute call) Jul-Oct 2025
avalanche,0xb430bfb24cec00d2309e20121c5768f7fb6b321e,0xce54c175880ff4edaa5d80b2dc66dda0e34a36ac,campaign_1,blacklist target of hardcoded manager (Execute call) Jul-Oct 2025
avalanche,0xb43d788b0ed81ff929f52c54dbb8b09328e7e644,0xce54c175880ff4edaa5d80b2dc66dda0e34a36ac,campaign_1,blacklist target of hardcoded manager (Execute call) Jul-Oct 2025
avalanche,0xb46c367ea644a3b3162fd8629465a9720e7e5a5c,0xce54c175880ff4edaa5d80b2dc66dda0e34a36ac,campaign_1,blacklist target of hardcoded manager (Execute call) Jul-Oct 2025
avalanche,0xb47a97299c00d6468f1582249378d2dc90e90766,0xce54c175880ff4edaa5d80b2dc66dda0e34a36ac,campaign_1,blacklist target of hardcoded manager (Execute call) Jul-Oct 2025
avalanche,0xb48072e60b0a45618bc59009d53c532765728211,0xce54c175880ff4edaa5d80b2dc66dda0e34a36ac,campaign_1,blacklist target of hardcoded manager (Execute call) Jul-Oct 2025
avalanche,0xb48584eb9121a6b100d87fa9e28d16e86b4b9dc6,0xce54c175880ff4edaa5d80b2dc66dda0e34a36ac,campaign_1,blacklist target of hardcoded manager (Execute call) Jul-Oct 2025
avalanche,0xb48717491aeb5b70ebe73974fec3504c41a2f92e,0xce54c175880ff4edaa5d80b2dc66dda0e34a36ac,campaign_1,blacklist target of hardcoded manager (Execute call) Jul-Oct 2025
avalanche,0xb4a38539734050b51655bc0fd84a6b23d7b3c9bf,0xce54c175880ff4edaa5d80b2dc66dda0e34a36ac,campaign_1,blacklist target of hardcoded manager (Execute call) Jul-Oct 2025
avalanche,0xb4a9dcff7975650f2ce9ca6a7aa48acdb61d8776,0xce54c175880ff4edaa5d80b2dc66dda0e34a36ac,campaign_1,blacklist target of hardcoded manager (Execute call) Jul-Oct 2025
avalanche,0xb4ae6e77ee120f28d00df2a7f9d0e07c7839871a,0xce54c175880ff4edaa5d80b2dc66dda0e34a36ac,campaign_1,blacklist target of hardcoded manager (Execute call) Jul-Oct 2025
avalanche,0xb4b3b2a3192073856908fa1e8b261f495252f971,0xce54c175880ff4edaa5d80b2dc66dda0e34a36ac,campaign_1,blacklist target of hardcoded manager (Execute call) Jul-Oct 2025
avalanche,0xb4e5c00c01963d294e01629f1af0f51ff6c3771f,0xce54c175880ff4edaa5d80b2dc66dda0e34a36ac,campaign_1,blacklist target of hardcoded manager (Execute call) Jul-Oct 2025
avalanche,0xb4e9e4e471ad1e5ba046c809ae4bc185ca022867,0xce54c175880ff4edaa5d80b2dc66dda0e34a36ac,campaign_1,blacklist target of hardcoded manager (Execute call) Jul-Oct 2025
avalanche,0xb4eddef863b4cfafd2cdf91defb32beba043760f,0xce54c175880ff4edaa5d80b2dc66dda0e34a36ac,campaign_1,blacklist target of hardcoded manager (Execute call) Jul-Oct 2025
avalanche,0xb4f240fb73010bb62948e5114495ad6d5f14b158,0xce54c175880ff4edaa5d80b2dc66dda0e34a36ac,campaign_1,blacklist target of hardcoded manager (Execute call) Jul-Oct 2025
avalanche,0xb4f8f09393596e965a2b9aa94c107517969ff986,0xce54c175880ff4edaa5d80b2dc66dda0e34a36ac,campaign_1,blacklist target of hardcoded manager (Execute call) Jul-Oct 2025
avalanche,0xb4fca82a04418b79bc897647ea35e91e9e6dbc93,0xce54c175880ff4edaa5d80b2dc66dda0e34a36ac,campaign_1,blacklist target of hardcoded manager (Execute call) Jul-Oct 2025
avalanche,0xb51e8ed141587fd8db77425ff099882d5365afe4,0xce54c175880ff4edaa5d80b2dc66dda0e34a36ac,campaign_1,blacklist target of hardcoded manager (Execute call) Jul-Oct 2025
avalanche,0xb523defa22e145ca4b3c3b42e28970b1a2388b26,0xce54c175880ff4edaa5d80b2dc66dda0e34a36ac,campaign_1,blacklist target of hardcoded manager (Execute call) Jul-Oct 2025
avalanche,0xb526031da1b9bf1ad3c475ea1d880e6916e5f751,0xce54c175880ff4edaa5d80b2dc66dda0e34a36ac,campaign_1,blacklist target of hardcoded manager (Execute call) Jul-Oct 2025
avalanche,0xb539d3437ff699ea02eb7c36ff161171ec9cdd0f,0xce54c175880ff4edaa5d80b2dc66dda0e34a36ac,campaign_1,blacklist target of hardcoded manager (Execute call) Jul-Oct 2025
avalanche,0xb53b75c2365b376caa47ff00255b978c6d38ba4f,0xce54c175880ff4edaa5d80b2dc66dda0e34a36ac,campaign_1,blacklist target of hardcoded manager (Execute call) Jul-Oct 2025
avalanche,0xb569bb37d5941a5bafc53204b208151d77e12b73,0xce54c175880ff4edaa5d80b2dc66dda0e34a36ac,campaign_1,blacklist target of hardcoded manager (Execute call) Jul-Oct 2025
avalanche,0xb56bdbdaf77f7a5cfd0e8e79b78f6dc23a48a465,0xce54c175880ff4edaa5d80b2dc66dda0e34a36ac,campaign_1,blacklist target of hardcoded manager (Execute call) Jul-Oct 2025
avalanche,0xb56f58177259fbda12b211d43d28ccff8ee9cf5b,0xce54c175880ff4edaa5d80b2dc66dda0e34a36ac,campaign_1,blacklist target of hardcoded manager (Execute call) Jul-Oct 2025
avalanche,0xb57851522408cb026841d5d98be33d82ae33c4df,0xce54c175880ff4edaa5d80b2dc66dda0e34a36ac,campaign_1,blacklist target of hardcoded manager (Execute call) Jul-Oct 2025
avalanche,0xb57a3830e824d225f1c90ad1be9f2b3be7144a2f,0xce54c175880ff4edaa5d80b2dc66dda0e34a36ac,campaign_1,blacklist target of hardcoded manager (Execute call) Jul-Oct 2025
avalanche,0xb58f53bf80aecda308a899f1ba311877d666b14c,0xce54c175880ff4edaa5d80b2dc66dda0e34a36ac,campaign_1,blacklist target of hardcoded manager (Execute call) Jul-Oct 2025
avalanche,0xb59101ec3ef5994c74a9f3b481a26e6a7aeb6ade,0xce54c175880ff4edaa5d80b2dc66dda0e34a36ac,campaign_1,blacklist target of hardcoded manager (Execute call) Jul-Oct 2025
avalanche,0xb5a8efdddcba803d19d492d5cd09ce747bed86d8,0xce54c175880ff4edaa5d80b2dc66dda0e34a36ac,campaign_1,blacklist target of hardcoded manager (Execute call) Jul-Oct 2025
avalanche,0xb5b1bca6ca275567325f32c039a870272f3ea129,0xce54c175880ff4edaa5d80b2dc66dda0e34a36ac,campaign_1,blacklist target of hardcoded manager (Execute call) Jul-Oct 2025
avalanche,0xb5b25710da0bbc89211424520b05135fc1d5ed1a,0xce54c175880ff4edaa5d80b2dc66dda0e34a36ac,campaign_1,blacklist target of hardcoded manager (Execute call) Jul-Oct 2025
avalanche,0xb5bccc5ed4ea1a64a8d3abf54180d3cea71b50d9,0xce54c175880ff4edaa5d80b2dc66dda0e34a36ac,campaign_1,blacklist target of hardcoded manager (Execute call) Jul-Oct 2025
avalanche,0xb5bdc95903a58468a0da07661a61361ed47c82fa,0xce54c175880ff4edaa5d80b2dc66dda0e34a36ac,campaign_1,blacklist target of hardcoded manager (Execute call) Jul-Oct 2025
avalanche,0xb5f2c5aba8e8dd55150054924e53e5d58c524502,0xce54c175880ff4edaa5d80b2dc66dda0e34a36ac,campaign_1,blacklist target of hardcoded manager (Execute call) Jul-Oct 2025
avalanche,0xb5f6e3eda59ea36fdd9ec870926f100c7964a8be,0xce54c175880ff4edaa5d80b2dc66dda0e34a36ac,campaign_1,blacklist target of hardcoded manager (Execute call) Jul-Oct 2025
avalanche,0xb5f73a490519ea6a5f9d73229ae2db3d948ed4e8,0xce54c175880ff4edaa5d80b2dc66dda0e34a36ac,campaign_1,blacklist target of hardcoded manager (Execute call) Jul-Oct 2025
avalanche,0xb6089bef8e9e03112aeb2eb1c2f4a1d75d7c90fa,0xce54c175880ff4edaa5d80b2dc66dda0e34a36ac,campaign_1,blacklist target of hardcoded manager (Execute call) Jul-Oct 2025
avalanche,0xb6098ecb1f31b0e1ecef9899b7b091e64b0454ea,0xce54c175880ff4edaa5d80b2dc66dda0e34a36ac,campaign_1,blacklist target of hardcoded manager (Execute call) Jul-Oct 2025
avalanche,0xb60a20e1bdbef7cc5fcd47d9d899648b960724a4,0xce54c175880ff4edaa5d80b2dc66dda0e34a36ac,campaign_1,blacklist target of hardcoded manager (Execute call) Jul-Oct 2025
avalanche,0xb62108d458139b92277003bf67fb41340a6d29d6,0xce54c175880ff4edaa5d80b2dc66dda0e34a36ac,campaign_1,blacklist target of hardcoded manager (Execute call) Jul-Oct 2025
avalanche,0xb62b859007de3929e7f3b1d851fcae6a6b8021b7,0xce54c175880ff4edaa5d80b2dc66dda0e34a36ac,campaign_1,blacklist target of hardcoded manager (Execute call) Jul-Oct 2025
avalanche,0xb630fda99c798fc0a8f1239345ae8123f822c9ee,0xce54c175880ff4edaa5d80b2dc66dda0e34a36ac,campaign_1,blacklist target of hardcoded manager (Execute call) Jul-Oct 2025
avalanche,0xb6355614da06892b6cadee8c125bcb530bda58b7,0xce54c175880ff4edaa5d80b2dc66dda0e34a36ac,campaign_1,blacklist target of hardcoded manager (Execute call) Jul-Oct 2025
avalanche,0xb635873813768e418dbf26593d6d8619dd06ec61,0xce54c175880ff4edaa5d80b2dc66dda0e34a36ac,campaign_1,blacklist target of hardcoded manager (Execute call) Jul-Oct 2025
avalanche,0xb637d65d5b5ff23d81d8e2249c543c0e2b69a9d8,0xce54c175880ff4edaa5d80b2dc66dda0e34a36ac,campaign_1,blacklist target of hardcoded manager (Execute call) Jul-Oct 2025
avalanche,0xb6447789e46e7c231ae27c6a67834e34b9f84688,0xce54c175880ff4edaa5d80b2dc66dda0e34a36ac,campaign_1,blacklist target of hardcoded manager (Execute call) Jul-Oct 2025
avalanche,0xb6488ac167eb0c04c457153b88990fc26b1304a2,0xce54c175880ff4edaa5d80b2dc66dda0e34a36ac,campaign_1,blacklist target of hardcoded manager (Execute call) Jul-Oct 2025
avalanche,0xb6617315cea68d5249e3686380145254e2c08108,0xce54c175880ff4edaa5d80b2dc66dda0e34a36ac,campaign_1,blacklist target of hardcoded manager (Execute call) Jul-Oct 2025
avalanche,0xb6633e8a50c1c4e86439fada2a6beda2cda536c5,0xce54c175880ff4edaa5d80b2dc66dda0e34a36ac,campaign_1,blacklist target of hardcoded manager (Execute call) Jul-Oct 2025
avalanche,0xb67b6e5a8115b58779378efb2fd80625f96b36ca,0xce54c175880ff4edaa5d80b2dc66dda0e34a36ac,campaign_1,blacklist target of hardcoded manager (Execute call) Jul-Oct 2025
avalanche,0xb6800ffbff010cb3075dc342a10d9395a800575b,0xce54c175880ff4edaa5d80b2dc66dda0e34a36ac,campaign_1,blacklist target of hardcoded manager (Execute call) Jul-Oct 2025
avalanche,0xb68b584fffb02238fea2a302e5673e2ed71aeb24,0xce54c175880ff4edaa5d80b2dc66dda0e34a36ac,campaign_1,blacklist target of hardcoded manager (Execute call) Jul-Oct 2025
avalanche,0xb693a92a275ec00aa16039b16ca45876606c60ba,0xce54c175880ff4edaa5d80b2dc66dda0e34a36ac,campaign_1,blacklist target of hardcoded manager (Execute call) Jul-Oct 2025
avalanche,0xb6971b7e1a8f9f0d5b052d248ae45fa3d343bee3,0xce54c175880ff4edaa5d80b2dc66dda0e34a36ac,campaign_1,blacklist target of hardcoded manager (Execute call) Jul-Oct 2025
avalanche,0xb6bf3fbb7e69a763e64df9eca11b0c8eca4e5e02,0xce54c175880ff4edaa5d80b2dc66dda0e34a36ac,campaign_1,blacklist target of hardcoded manager (Execute call) Jul-Oct 2025
avalanche,0xb6d74f206953e809141995fb61c67b51ad8b40f9,0xce54c175880ff4edaa5d80b2dc66dda0e34a36ac,campaign_1,blacklist target of hardcoded manager (Execute call) Jul-Oct 2025
avalanche,0xb6da9739b5dbdeabc837c786af2d0f2415feff8f,0xce54c175880ff4edaa5d80b2dc66dda0e34a36ac,campaign_1,blacklist target of hardcoded manager (Execute call) Jul-Oct 2025
avalanche,0xb6e5870b9bc30f02325ae637755f440ea4ee91a1,0xce54c175880ff4edaa5d80b2dc66dda0e34a36ac,campaign_1,blacklist target of hardcoded manager (Execute call) Jul-Oct 2025
avalanche,0xb6f4e26f791532f060e2acc6225a73722bba00f8,0xce54c175880ff4edaa5d80b2dc66dda0e34a36ac,campaign_1,blacklist target of hardcoded manager (Execute call) Jul-Oct 2025
avalanche,0xb70373e0a93f472652a6a9f182da1a8c8b94fb33,0xce54c175880ff4edaa5d80b2dc66dda0e34a36ac,campaign_1,blacklist target of hardcoded manager (Execute call) Jul-Oct 2025
avalanche,0xb71055718485e00fda055d75484ee615fc48ae7d,0xce54c175880ff4edaa5d80b2dc66dda0e34a36ac,campaign_1,blacklist target of hardcoded manager (Execute call) Jul-Oct 2025
avalanche,0xb7118902f11e161f2767a2ada2ff6b22d0584a08,0xce54c175880ff4edaa5d80b2dc66dda0e34a36ac,campaign_1,blacklist target of hardcoded manager (Execute call) Jul-Oct 2025
avalanche,0xb718c939f233d5c37d9d3dede91d7d4e6422b876,0xce54c175880ff4edaa5d80b2dc66dda0e34a36ac,campaign_1,blacklist target of hardcoded manager (Execute call) Jul-Oct 2025
avalanche,0xb71a9076f432c490f435be60ac8d0ae5edf40d17,0xce54c175880ff4edaa5d80b2dc66dda0e34a36ac,campaign_1,blacklist target of hardcoded manager (Execute call) Jul-Oct 2025
avalanche,0xb71fcbb2712bda38c2b820a52cead7b56f26adf8,0xce54c175880ff4edaa5d80b2dc66dda0e34a36ac,campaign_1,blacklist target of hardcoded manager (Execute call) Jul-Oct 2025
avalanche,0xb7258dd8ade21273bc3eff257362d38aa2079d5c,0xce54c175880ff4edaa5d80b2dc66dda0e34a36ac,campaign_1,blacklist target of hardcoded manager (Execute call) Jul-Oct 2025
avalanche,0xb73ba371e7d619ce760a43dcbb4faf3f592f9ad1,0xce54c175880ff4edaa5d80b2dc66dda0e34a36ac,campaign_1,blacklist target of hardcoded manager (Execute call) Jul-Oct 2025
avalanche,0xb73c4f634f60265101ae831e90fcce67b04af61f,0xce54c175880ff4edaa5d80b2dc66dda0e34a36ac,campaign_1,blacklist target of hardcoded manager (Execute call) Jul-Oct 2025
avalanche,0xb7404b464a8ef2c54a91c74b49935c5d7b54e5ad,0xce54c175880ff4edaa5d80b2dc66dda0e34a36ac,campaign_1,blacklist target of hardcoded manager (Execute call) Jul-Oct 2025
avalanche,0xb746bcb2b491072fdff6978d3c108e24266b7d90,0xce54c175880ff4edaa5d80b2dc66dda0e34a36ac,campaign_1,blacklist target of hardcoded manager (Execute call) Jul-Oct 2025
avalanche,0xb74799157d64768849d372d02356ba611b0786f7,0xce54c175880ff4edaa5d80b2dc66dda0e34a36ac,campaign_1,blacklist target of hardcoded manager (Execute call) Jul-Oct 2025
avalanche,0xb7624f7a38d8230c3d4596063542dc3b9ca06402,0xce54c175880ff4edaa5d80b2dc66dda0e34a36ac,campaign_1,blacklist target of hardcoded manager (Execute call) Jul-Oct 2025
avalanche,0xb76740756a906fde3065e2d3a5d0908fa03a3dfc,0xce54c175880ff4edaa5d80b2dc66dda0e34a36ac,campaign_1,blacklist target of hardcoded manager (Execute call) Jul-Oct 2025
avalanche,0xb7740aeff81b6f985185468381f2103994ce0fb0,0xce54c175880ff4edaa5d80b2dc66dda0e34a36ac,campaign_1,blacklist target of hardcoded manager (Execute call) Jul-Oct 2025
avalanche,0xb7839cfc75b9939a39f9e91cebf46c8f70899d01,0xce54c175880ff4edaa5d80b2dc66dda0e34a36ac,campaign_1,blacklist target of hardcoded manager (Execute call) Jul-Oct 2025
avalanche,0xb78d67cc60f313a25f6df23158aa51e5cf6b78c9,0xce54c175880ff4edaa5d80b2dc66dda0e34a36ac,campaign_1,blacklist target of hardcoded manager (Execute call) Jul-Oct 2025
avalanche,0xb78f0f1e6f2f96002d852aee488787892a2fd8da,0xce54c175880ff4edaa5d80b2dc66dda0e34a36ac,campaign_1,blacklist target of hardcoded manager (Execute call) Jul-Oct 2025
avalanche,0xb7bf72c2030c498726b0d796b29e4f018269a641,0xce54c175880ff4edaa5d80b2dc66dda0e34a36ac,campaign_1,blacklist target of hardcoded manager (Execute call) Jul-Oct 2025
avalanche,0xb7c0df2a10b591fe210ac72fc0691c49a71b63b8,0xce54c175880ff4edaa5d80b2dc66dda0e34a36ac,campaign_1,blacklist target of hardcoded manager (Execute call) Jul-Oct 2025
avalanche,0xb7ddb744ecec97a8f4ad9d2c5ef195854a6bad14,0xce54c175880ff4edaa5d80b2dc66dda0e34a36ac,campaign_1,blacklist target of hardcoded manager (Execute call) Jul-Oct 2025
avalanche,0xb7e991837a7d8ed85c0cf2138633e52512f9f639,0xce54c175880ff4edaa5d80b2dc66dda0e34a36ac,campaign_1,blacklist target of hardcoded manager (Execute call) Jul-Oct 2025
avalanche,0xb7ea3a747aece683672029d0f46afd217369baa9,0xce54c175880ff4edaa5d80b2dc66dda0e34a36ac,campaign_1,blacklist target of hardcoded manager (Execute call) Jul-Oct 2025
avalanche,0xb809c4e00df292b942255173c73b107c804cffeb,0xce54c175880ff4edaa5d80b2dc66dda0e34a36ac,campaign_1,blacklist target of hardcoded manager (Execute call) Jul-Oct 2025
avalanche,0xb8188ac3b7fc44cad2286e9d3dc906747dc4f159,0xce54c175880ff4edaa5d80b2dc66dda0e34a36ac,campaign_1,blacklist target of hardcoded manager (Execute call) Jul-Oct 2025
avalanche,0xb82fcf2e4e1d5afb821db14ac9324f7de4753f78,0xce54c175880ff4edaa5d80b2dc66dda0e34a36ac,campaign_1,blacklist target of hardcoded manager (Execute call) Jul-Oct 2025
avalanche,0xb85bae01c8fca26e0eb6ede08443c9c04a9aacb8,0xce54c175880ff4edaa5d80b2dc66dda0e34a36ac,campaign_1,blacklist target of hardcoded manager (Execute call) Jul-Oct 2025
avalanche,0xb861b5a488c92cdab3405f6c671e3562b6fa871d,0xce54c175880ff4edaa5d80b2dc66dda0e34a36ac,campaign_1,blacklist target of hardcoded manager (Execute call) Jul-Oct 2025
avalanche,0xb86d8cf97c07c26e67f3916e62bbbcc1c74b1594,0xce54c175880ff4edaa5d80b2dc66dda0e34a36ac,campaign_1,blacklist target of hardcoded manager (Execute call) Jul-Oct 2025
avalanche,0xb873a042c369eba9c573f361badd7096e10b6782,0xce54c175880ff4edaa5d80b2dc66dda0e34a36ac,campaign_1,blacklist target of hardcoded manager (Execute call) Jul-Oct 2025
avalanche,0xb89d91e7014443b071ce23fe5896140fd6b1b985,0xce54c175880ff4edaa5d80b2dc66dda0e34a36ac,campaign_1,blacklist target of hardcoded manager (Execute call) Jul-Oct 2025
avalanche,0xb8a4711e83c0da5b7dba9d88f833f7f2f4eecc16,0xce54c175880ff4edaa5d80b2dc66dda0e34a36ac,campaign_1,blacklist target of hardcoded manager (Execute call) Jul-Oct 2025
avalanche,0xb8b021ca63ae97da83d653b045ca6b09e5aedddf,0xce54c175880ff4edaa5d80b2dc66dda0e34a36ac,campaign_1,blacklist target of hardcoded manager (Execute call) Jul-Oct 2025
avalanche,0xb8b0e7941b3f3e70f901ec6abfa9c996bcb2acf2,0xce54c175880ff4edaa5d80b2dc66dda0e34a36ac,campaign_1,blacklist target of hardcoded manager (Execute call) Jul-Oct 2025
avalanche,0xb8c9fb20da77ed8aedf61db5211f56cd2d2a4af8,0xce54c175880ff4edaa5d80b2dc66dda0e34a36ac,campaign_1,blacklist target of hardcoded manager (Execute call) Jul-Oct 2025
avalanche,0xb8e76152c20c9630ad70e504687cc179473e4567,0xce54c175880ff4edaa5d80b2dc66dda0e34a36ac,campaign_1,blacklist target of hardcoded manager (Execute call) Jul-Oct 2025
avalanche,0xb8f808bfa52cc0ade45791bd25eb0bc4b3d10e72,0xce54c175880ff4edaa5d80b2dc66dda0e34a36ac,campaign_1,blacklist target of hardcoded manager (Execute call) Jul-Oct 2025
avalanche,0xb8fa52cd5a2bc1eeb0e9e6b626080a4295459c18,0xce54c175880ff4edaa5d80b2dc66dda0e34a36ac,campaign_1,blacklist target of hardcoded manager (Execute call) Jul-Oct 2025
avalanche,0xb91874eaf0cd4cc9827a3e9c08e8cb1d94319d21,0xce54c175880ff4edaa5d80b2dc66dda0e34a36ac,campaign_1,blacklist target of hardcoded manager (Execute call) Jul-Oct 2025
avalanche,0xb9236abf7a8063ffe09ddf7817caffc2967df118,0xce54c175880ff4edaa5d80b2dc66dda0e34a36ac,campaign_1,blacklist target of hardcoded manager (Execute call) Jul-Oct 2025
avalanche,0xb93b83c88a35d268e9acf9b8aeb2153011ff5ef2,0xce54c175880ff4edaa5d80b2dc66dda0e34a36ac,campaign_1,blacklist target of hardcoded manager (Execute call) Jul-Oct 2025
avalanche,0xb93d8dfc4316176b3c1d39ff3278e89c8f0fae06,0xce54c175880ff4edaa5d80b2dc66dda0e34a36ac,campaign_1,blacklist target of hardcoded manager (Execute call) Jul-Oct 2025
avalanche,0xb93f35f78b3122f7d1ba77a85e4d2d4f165ffef3,0xce54c175880ff4edaa5d80b2dc66dda0e34a36ac,campaign_1,blacklist target of hardcoded manager (Execute call) Jul-Oct 2025
avalanche,0xb9581931bbb03c1601594fbe6eec5f50c07b8848,0xce54c175880ff4edaa5d80b2dc66dda0e34a36ac,campaign_1,blacklist target of hardcoded manager (Execute call) Jul-Oct 2025
avalanche,0xb95afa1b47405d1ca31cdbc00a151893e9c860af,0xce54c175880ff4edaa5d80b2dc66dda0e34a36ac,campaign_1,blacklist target of hardcoded manager (Execute call) Jul-Oct 2025
avalanche,0xb95be9ae854390da8b55ea2755f2b6fa8451c647,0xce54c175880ff4edaa5d80b2dc66dda0e34a36ac,campaign_1,blacklist target of hardcoded manager (Execute call) Jul-Oct 2025
avalanche,0xb9608016616cedb312ea95a1f418432db7ae904c,0xce54c175880ff4edaa5d80b2dc66dda0e34a36ac,campaign_1,blacklist target of hardcoded manager (Execute call) Jul-Oct 2025
avalanche,0xb96857117bfbd5904c42c11753180031c563b9a2,0xce54c175880ff4edaa5d80b2dc66dda0e34a36ac,campaign_1,blacklist target of hardcoded manager (Execute call) Jul-Oct 2025
avalanche,0xb96a14ebf6178ca9dd18a596c2113c5459187c66,0xce54c175880ff4edaa5d80b2dc66dda0e34a36ac,campaign_1,blacklist target of hardcoded manager (Execute call) Jul-Oct 2025
avalanche,0xb9782ceb5271a0bcf3ae1eba3dc7b22eca7d42cb,0xce54c175880ff4edaa5d80b2dc66dda0e34a36ac,campaign_1,blacklist target of hardcoded manager (Execute call) Jul-Oct 2025
avalanche,0xb981c7d2fb6f2a0f467edd7e51be0ef36ac57dbd,0xce54c175880ff4edaa5d80b2dc66dda0e34a36ac,campaign_1,blacklist target of hardcoded manager (Execute call) Jul-Oct 2025
avalanche,0xb9843980668cd044c63182945fb95c6b572b2667,0xce54c175880ff4edaa5d80b2dc66dda0e34a36ac,campaign_1,blacklist target of hardcoded manager (Execute call) Jul-Oct 2025
avalanche,0xb984e2fdf7f7b292e4395dda5fdc4c97c79f86b1,0xce54c175880ff4edaa5d80b2dc66dda0e34a36ac,campaign_1,blacklist target of hardcoded manager (Execute call) Jul-Oct 2025
avalanche,0xb98793559e51ed7c79c99e7b20940f1e28f7a501,0xce54c175880ff4edaa5d80b2dc66dda0e34a36ac,campaign_1,blacklist target of hardcoded manager (Execute call) Jul-Oct 2025
avalanche,0xb9916bdb120c56f752818df1283aa1ab3c8987b2,0xce54c175880ff4edaa5d80b2dc66dda0e34a36ac,campaign_1,blacklist target of hardcoded manager (Execute call) Jul-Oct 2025
avalanche,0xb994ed68030ca9bf9eb288824102c0f619565770,0xce54c175880ff4edaa5d80b2dc66dda0e34a36ac,campaign_1,blacklist target of hardcoded manager (Execute call) Jul-Oct 2025
avalanche,0xb99e7b22bf0a6fbdb19e10219a015770428fded1,0xce54c175880ff4edaa5d80b2dc66dda0e34a36ac,campaign_1,blacklist target of hardcoded manager (Execute call) Jul-Oct 2025
avalanche,0xb9a3187eba3af6e9caacba815dbd169180f27b20,0xce54c175880ff4edaa5d80b2dc66dda0e34a36ac,campaign_1,blacklist target of hardcoded manager (Execute call) Jul-Oct 2025
avalanche,0xb9a490ca176df4131263ec4ba32865bb323ee7a1,0xce54c175880ff4edaa5d80b2dc66dda0e34a36ac,campaign_1,blacklist target of hardcoded manager (Execute call) Jul-Oct 2025
avalanche,0xb9bc46017c06398b14c1070783b0956af054d9a7,0xce54c175880ff4edaa5d80b2dc66dda0e34a36ac,campaign_1,blacklist target of hardcoded manager (Execute call) Jul-Oct 2025
avalanche,0xb9bc5dc271f6a4a286c366adf0aa96a62f405718,0xce54c175880ff4edaa5d80b2dc66dda0e34a36ac,campaign_1,blacklist target of hardcoded manager (Execute call) Jul-Oct 2025
avalanche,0xb9be2fa7e5729914651c546b04ec752908c78d4d,0xce54c175880ff4edaa5d80b2dc66dda0e34a36ac,campaign_1,blacklist target of hardcoded manager (Execute call) Jul-Oct 2025
avalanche,0xb9d1bfbcb7e66de2428d9f544d4c2d890dc16b96,0xce54c175880ff4edaa5d80b2dc66dda0e34a36ac,campaign_1,blacklist target of hardcoded manager (Execute call) Jul-Oct 2025
avalanche,0xba1a895285818928a7f307d62133789f535602e5,0xce54c175880ff4edaa5d80b2dc66dda0e34a36ac,campaign_1,blacklist target of hardcoded manager (Execute call) Jul-Oct 2025
avalanche,0xba294ca1e22d682981ce2408959bf113e7ced26b,0xce54c175880ff4edaa5d80b2dc66dda0e34a36ac,campaign_1,blacklist target of hardcoded manager (Execute call) Jul-Oct 2025
avalanche,0xba41fb4e6103bca3db1bb3e34c8bec102234141c,0xce54c175880ff4edaa5d80b2dc66dda0e34a36ac,campaign_1,blacklist target of hardcoded manager (Execute call) Jul-Oct 2025
avalanche,0xba658886da25109d9287384c442640724717f720,0xce54c175880ff4edaa5d80b2dc66dda0e34a36ac,campaign_1,blacklist target of hardcoded manager (Execute call) Jul-Oct 2025
avalanche,0xba7f88bf78b2766e763858ac901e58a72552c9de,0xce54c175880ff4edaa5d80b2dc66dda0e34a36ac,campaign_1,blacklist target of hardcoded manager (Execute call) Jul-Oct 2025
avalanche,0xbac3ee22a512e6c8ad477d48d5f31d34ca35e477,0xce54c175880ff4edaa5d80b2dc66dda0e34a36ac,campaign_1,blacklist target of hardcoded manager (Execute call) Jul-Oct 2025
avalanche,0xbac5d3481e4dfd347354157d249e813ab13f929e,0xce54c175880ff4edaa5d80b2dc66dda0e34a36ac,campaign_1,blacklist target of hardcoded manager (Execute call) Jul-Oct 2025
avalanche,0xbad9a81b77e8c4aa94f60777809aec310220080d,0xce54c175880ff4edaa5d80b2dc66dda0e34a36ac,campaign_1,blacklist target of hardcoded manager (Execute call) Jul-Oct 2025
avalanche,0xbb02d331eab8d18314c8a5c4074d1b7bc38034a8,0xce54c175880ff4edaa5d80b2dc66dda0e34a36ac,campaign_1,blacklist target of hardcoded manager (Execute call) Jul-Oct 2025
avalanche,0xbb04053525ae4496a1308ef5f11273ea22168514,0xce54c175880ff4edaa5d80b2dc66dda0e34a36ac,campaign_1,blacklist target of hardcoded manager (Execute call) Jul-Oct 2025
avalanche,0xbb11c5721c35bc25940fade8a5170f33d6649b80,0xce54c175880ff4edaa5d80b2dc66dda0e34a36ac,campaign_1,blacklist target of hardcoded manager (Execute call) Jul-Oct 2025
avalanche,0xbb19432804e3f9b4947538f4e78de6e120b3dc10,0xce54c175880ff4edaa5d80b2dc66dda0e34a36ac,campaign_1,blacklist target of hardcoded manager (Execute call) Jul-Oct 2025
avalanche,0xbb40f36744ac22bba0265063d12c72ea6f76ffdc,0xce54c175880ff4edaa5d80b2dc66dda0e34a36ac,campaign_1,blacklist target of hardcoded manager (Execute call) Jul-Oct 2025
avalanche,0xbb447dbd8f1b250ce9f8696c53a19f0f81cf5953,0xce54c175880ff4edaa5d80b2dc66dda0e34a36ac,campaign_1,blacklist target of hardcoded manager (Execute call) Jul-Oct 2025
avalanche,0xbb4cae1c3d454ac567fb2f2db96ceec96129ca54,0xce54c175880ff4edaa5d80b2dc66dda0e34a36ac,campaign_1,blacklist target of hardcoded manager (Execute call) Jul-Oct 2025
avalanche,0xbb4d3f544f9d1ffa3949cb0974ffa43dae1b135c,0xce54c175880ff4edaa5d80b2dc66dda0e34a36ac,campaign_1,blacklist target of hardcoded manager (Execute call) Jul-Oct 2025
avalanche,0xbb5db266ab4b44f92cf981dabae69e902d5999fe,0xce54c175880ff4edaa5d80b2dc66dda0e34a36ac,campaign_1,blacklist target of hardcoded manager (Execute call) Jul-Oct 2025
avalanche,0xbb71f23de615187d951b9ba4fc77f78f6aaaab2a,0xce54c175880ff4edaa5d80b2dc66dda0e34a36ac,campaign_1,blacklist target of hardcoded manager (Execute call) Jul-Oct 2025
avalanche,0xbb7472d5691caba1f02a91b9392708bce3c7319b,0xce54c175880ff4edaa5d80b2dc66dda0e34a36ac,campaign_1,blacklist target of hardcoded manager (Execute call) Jul-Oct 2025
avalanche,0xbb7778cbc6c0636e0b645010056ca92e3b754fe9,0xce54c175880ff4edaa5d80b2dc66dda0e34a36ac,campaign_1,blacklist target of hardcoded manager (Execute call) Jul-Oct 2025
avalanche,0xbb8867a7590612cea0554e1f18e552f90cb4866a,0xce54c175880ff4edaa5d80b2dc66dda0e34a36ac,campaign_1,blacklist target of hardcoded manager (Execute call) Jul-Oct 2025
avalanche,0xbb8f87b2d8b82361b9afa09b043d5e1fc1d1cb14,0xce54c175880ff4edaa5d80b2dc66dda0e34a36ac,campaign_1,blacklist target of hardcoded manager (Execute call) Jul-Oct 2025
avalanche,0xbb942aecd55f03d82449b70c6ef547a138204015,0xce54c175880ff4edaa5d80b2dc66dda0e34a36ac,campaign_1,blacklist target of hardcoded manager (Execute call) Jul-Oct 2025
avalanche,0xbb9fbebb4e3c5a149f873d06e13272f0a73b6d77,0xce54c175880ff4edaa5d80b2dc66dda0e34a36ac,campaign_1,blacklist target of hardcoded manager (Execute call) Jul-Oct 2025
avalanche,0xbbb26ce27661b5858f65332a7ad87b237a3f701f,0xce54c175880ff4edaa5d80b2dc66dda0e34a36ac,campaign_1,blacklist target of hardcoded manager (Execute call) Jul-Oct 2025
avalanche,0xbbb500c465d0e689cd96da59bd1e907b7f2404aa,0xce54c175880ff4edaa5d80b2dc66dda0e34a36ac,campaign_1,blacklist target of hardcoded manager (Execute call) Jul-Oct 2025
avalanche,0xbbb89fae23619620a41a2eaf38170517a757ee7b,0xce54c175880ff4edaa5d80b2dc66dda0e34a36ac,campaign_1,blacklist target of hardcoded manager (Execute call) Jul-Oct 2025
avalanche,0xbbba0971f81597bd6569205e27d2421bd5208875,0xce54c175880ff4edaa5d80b2dc66dda0e34a36ac,campaign_1,blacklist target of hardcoded manager (Execute call) Jul-Oct 2025
avalanche,0xbbbba98722b15819ef78406ab1f860fc51029619,0xce54c175880ff4edaa5d80b2dc66dda0e34a36ac,campaign_1,blacklist target of hardcoded manager (Execute call) Jul-Oct 2025
avalanche,0xbbcb93b92abee68aa00a8d8ab1f43cbf9816a376,0xce54c175880ff4edaa5d80b2dc66dda0e34a36ac,campaign_1,blacklist target of hardcoded manager (Execute call) Jul-Oct 2025
avalanche,0xbbd000a59fc9ba90d0a5482a42d6a6d33451f33b,0xce54c175880ff4edaa5d80b2dc66dda0e34a36ac,campaign_1,blacklist target of hardcoded manager (Execute call) Jul-Oct 2025
avalanche,0xbbe2f68ed80c93cb9d75549fa865e7144e4d6aab,0xce54c175880ff4edaa5d80b2dc66dda0e34a36ac,campaign_1,blacklist target of hardcoded manager (Execute call) Jul-Oct 2025
avalanche,0xbbf583225cb88637ccbc4db83e43b2f8abec52a8,0xce54c175880ff4edaa5d80b2dc66dda0e34a36ac,campaign_1,blacklist target of hardcoded manager (Execute call) Jul-Oct 2025
avalanche,0xbc0fc9155c5d7969604a69bcacc830a35ad417e4,0xce54c175880ff4edaa5d80b2dc66dda0e34a36ac,campaign_1,blacklist target of hardcoded manager (Execute call) Jul-Oct 2025
avalanche,0xbc15b2ee1ee420b0f2ee70cb939364783fee0db7,0xce54c175880ff4edaa5d80b2dc66dda0e34a36ac,campaign_1,blacklist target of hardcoded manager (Execute call) Jul-Oct 2025
avalanche,0xbc209653646f689b98b3606cfeccf84981d7997e,0xce54c175880ff4edaa5d80b2dc66dda0e34a36ac,campaign_1,blacklist target of hardcoded manager (Execute call) Jul-Oct 2025
avalanche,0xbc25fbc08ca0e83244ef7f66b1bab54793658bfc,0xce54c175880ff4edaa5d80b2dc66dda0e34a36ac,campaign_1,blacklist target of hardcoded manager (Execute call) Jul-Oct 2025
avalanche,0xbc31bcb438a0fa55f9ac939e813c2db185368388,0xce54c175880ff4edaa5d80b2dc66dda0e34a36ac,campaign_1,blacklist target of hardcoded manager (Execute call) Jul-Oct 2025
avalanche,0xbc37082156c96992b2d770acec40bbffd9b26bdf,0xce54c175880ff4edaa5d80b2dc66dda0e34a36ac,campaign_1,blacklist target of hardcoded manager (Execute call) Jul-Oct 2025
avalanche,0xbc603d9d6292ce2f4c0ad250a727d5150d39320a,0xce54c175880ff4edaa5d80b2dc66dda0e34a36ac,campaign_1,blacklist target of hardcoded manager (Execute call) Jul-Oct 2025
avalanche,0xbc7878ad7475c362543d11aef372dc9f3dd6345a,0xce54c175880ff4edaa5d80b2dc66dda0e34a36ac,campaign_1,blacklist target of hardcoded manager (Execute call) Jul-Oct 2025
avalanche,0xbc793c1c95baf66c5e70186830ee7dda89be9cec,0xce54c175880ff4edaa5d80b2dc66dda0e34a36ac,campaign_1,blacklist target of hardcoded manager (Execute call) Jul-Oct 2025
avalanche,0xbc90163b6be9fc36840484540d52aceb589c2ade,0xce54c175880ff4edaa5d80b2dc66dda0e34a36ac,campaign_1,blacklist target of hardcoded manager (Execute call) Jul-Oct 2025
avalanche,0xbcab65aec1bd558027036768a1c78f684b8625ab,0xce54c175880ff4edaa5d80b2dc66dda0e34a36ac,campaign_1,blacklist target of hardcoded manager (Execute call) Jul-Oct 2025
avalanche,0xbcce2e7c8f3d1fa2e919f89a47abbec7c1924b5b,0xce54c175880ff4edaa5d80b2dc66dda0e34a36ac,campaign_1,blacklist target of hardcoded manager (Execute call) Jul-Oct 2025
avalanche,0xbccf2c596e50f23c23f9cfb7542c6976823773e1,0xce54c175880ff4edaa5d80b2dc66dda0e34a36ac,campaign_1,blacklist target of hardcoded manager (Execute call) Jul-Oct 2025
avalanche,0xbce4404c3004c654d4912f137969c5645aa26113,0xce54c175880ff4edaa5d80b2dc66dda0e34a36ac,campaign_1,blacklist target of hardcoded manager (Execute call) Jul-Oct 2025
avalanche,0xbce9bcd221193c11160b8dcda692e49f1bf55b00,0xce54c175880ff4edaa5d80b2dc66dda0e34a36ac,campaign_1,blacklist target of hardcoded manager (Execute call) Jul-Oct 2025
avalanche,0xbced47a42ae2dbe085d0e77a5f4fa4f72fcdf867,0xce54c175880ff4edaa5d80b2dc66dda0e34a36ac,campaign_1,blacklist target of hardcoded manager (Execute call) Jul-Oct 2025
avalanche,0xbcfb27bc809fc6c72c7d4e0b0c1db3be7c3237f3,0xce54c175880ff4edaa5d80b2dc66dda0e34a36ac,campaign_1,blacklist target of hardcoded manager (Execute call) Jul-Oct 2025
avalanche,0xbcfdc4b59b3a1954058723a4e55b135c8e921eab,0xce54c175880ff4edaa5d80b2dc66dda0e34a36ac,campaign_1,blacklist target of hardcoded manager (Execute call) Jul-Oct 2025
avalanche,0xbd01541eeab5d03a6056b22a337f21f1a815ca9e,0xce54c175880ff4edaa5d80b2dc66dda0e34a36ac,campaign_1,blacklist target of hardcoded manager (Execute call) Jul-Oct 2025
avalanche,0xbd0feaa77cdc615a08f341ac3f078eeeab7efd2d,0xce54c175880ff4edaa5d80b2dc66dda0e34a36ac,campaign_1,blacklist target of hardcoded manager (Execute call) Jul-Oct 2025
avalanche,0xbd141e13ff0a004328f08ec66e240bb1a34f9502,0xce54c175880ff4edaa5d80b2dc66dda0e34a36ac,campaign_1,blacklist target of hardcoded manager (Execute call) Jul-Oct 2025
avalanche,0xbd2d768c5274d4aa4519ded04c627af9e92a0a95,0xce54c175880ff4edaa5d80b2dc66dda0e34a36ac,campaign_1,blacklist target of hardcoded manager (Execute call) Jul-Oct 2025
avalanche,0xbd2fc270b3902abfc3506ee8b1bdc134fab45671,0xce54c175880ff4edaa5d80b2dc66dda0e34a36ac,campaign_1,blacklist target of hardcoded manager (Execute call) Jul-Oct 2025
avalanche,0xbd30638c820730daa95d3988448aebef4f393be9,0xce54c175880ff4edaa5d80b2dc66dda0e34a36ac,campaign_1,blacklist target of hardcoded manager (Execute call) Jul-Oct 2025
avalanche,0xbd3511a68c38a241cc145e70c2f3e0bfec822963,0xce54c175880ff4edaa5d80b2dc66dda0e34a36ac,campaign_1,blacklist target of hardcoded manager (Execute call) Jul-Oct 2025
avalanche,0xbd3e659a711ea962004dcdada9977f752b84d89b,0xce54c175880ff4edaa5d80b2dc66dda0e34a36ac,campaign_1,blacklist target of hardcoded manager (Execute call) Jul-Oct 2025
avalanche,0xbd4b3c8bedb5255932215b70c1b289ddd562db41,0xce54c175880ff4edaa5d80b2dc66dda0e34a36ac,campaign_1,blacklist target of hardcoded manager (Execute call) Jul-Oct 2025
avalanche,0xbd63b4725a58e038b1ad4a7d7cd90cc6f53fc300,0xce54c175880ff4edaa5d80b2dc66dda0e34a36ac,campaign_1,blacklist target of hardcoded manager (Execute call) Jul-Oct 2025
avalanche,0xbd67a128ff58e8566710248fdd362826bf74806b,0xce54c175880ff4edaa5d80b2dc66dda0e34a36ac,campaign_1,blacklist target of hardcoded manager (Execute call) Jul-Oct 2025
avalanche,0xbd6d8f39095bafd2d0842e1233cebdcf451bdbe5,0xce54c175880ff4edaa5d80b2dc66dda0e34a36ac,campaign_1,blacklist target of hardcoded manager (Execute call) Jul-Oct 2025
avalanche,0xbd77e049fe37c02c9ae862ae9a09a15dd730894f,0xce54c175880ff4edaa5d80b2dc66dda0e34a36ac,campaign_1,blacklist target of hardcoded manager (Execute call) Jul-Oct 2025
avalanche,0xbd7a4e93fb7e6641d030e62fa8a6aa8b9985f092,0xce54c175880ff4edaa5d80b2dc66dda0e34a36ac,campaign_1,blacklist target of hardcoded manager (Execute call) Jul-Oct 2025
avalanche,0xbd7ad9b9e1148c5f5d73613911a4f5c145687600,0xce54c175880ff4edaa5d80b2dc66dda0e34a36ac,campaign_1,blacklist target of hardcoded manager (Execute call) Jul-Oct 2025
avalanche,0xbda0dee0cc5b0c5f8e1744ca84276147230fa3bf,0xce54c175880ff4edaa5d80b2dc66dda0e34a36ac,campaign_1,blacklist target of hardcoded manager (Execute call) Jul-Oct 2025
avalanche,0xbda9d772830863dfe039a7b0a9decd81c0080e27,0xce54c175880ff4edaa5d80b2dc66dda0e34a36ac,campaign_1,blacklist target of hardcoded manager (Execute call) Jul-Oct 2025
avalanche,0xbdb010ca7b38064095c547d1b320a133aeef344c,0xce54c175880ff4edaa5d80b2dc66dda0e34a36ac,campaign_1,blacklist target of hardcoded manager (Execute call) Jul-Oct 2025
avalanche,0xbdbb00c0a42ae76df374a7a5c04e644880c8bef0,0xce54c175880ff4edaa5d80b2dc66dda0e34a36ac,campaign_1,blacklist target of hardcoded manager (Execute call) Jul-Oct 2025
avalanche,0xbdbc115fbd3c319cac42c3812995faa7625ef0df,0xce54c175880ff4edaa5d80b2dc66dda0e34a36ac,campaign_1,blacklist target of hardcoded manager (Execute call) Jul-Oct 2025
avalanche,0xbdc1f6175ab24060226ba65d4ec0d548b2d51d35,0xce54c175880ff4edaa5d80b2dc66dda0e34a36ac,campaign_1,blacklist target of hardcoded manager (Execute call) Jul-Oct 2025
avalanche,0xbdd8778d2ef1efa2660b058dbcf8843a36cbb757,0xce54c175880ff4edaa5d80b2dc66dda0e34a36ac,campaign_1,blacklist target of hardcoded manager (Execute call) Jul-Oct 2025
avalanche,0xbe07dda1e40cc47f878c0a9fed24016ef2dde8eb,0xce54c175880ff4edaa5d80b2dc66dda0e34a36ac,campaign_1,blacklist target of hardcoded manager (Execute call) Jul-Oct 2025
avalanche,0xbe08284ff0a9086f180b20f7d14dfdac82961d0e,0xce54c175880ff4edaa5d80b2dc66dda0e34a36ac,campaign_1,blacklist target of hardcoded manager (Execute call) Jul-Oct 2025
avalanche,0xbe0b770924dbf2e87ab9f03a9c8b8031be01d7a7,0xce54c175880ff4edaa5d80b2dc66dda0e34a36ac,campaign_1,blacklist target of hardcoded manager (Execute call) Jul-Oct 2025
avalanche,0xbe1371830588c2a9721bfd4370edf299d3fe2c74,0xce54c175880ff4edaa5d80b2dc66dda0e34a36ac,campaign_1,blacklist target of hardcoded manager (Execute call) Jul-Oct 2025
avalanche,0xbe1db92fb15d0510af165009d9bd2b5784bf64a7,0xce54c175880ff4edaa5d80b2dc66dda0e34a36ac,campaign_1,blacklist target of hardcoded manager (Execute call) Jul-Oct 2025
avalanche,0xbe252f83f796f2c0e5bc40698763df60638f871f,0xce54c175880ff4edaa5d80b2dc66dda0e34a36ac,campaign_1,blacklist target of hardcoded manager (Execute call) Jul-Oct 2025
avalanche,0xbe3d3020401700d9586ccc3eaeaae1e70cfc8bd9,0xce54c175880ff4edaa5d80b2dc66dda0e34a36ac,campaign_1,blacklist target of hardcoded manager (Execute call) Jul-Oct 2025
avalanche,0xbe55b9d455a6ccf3c4b282d34eb764b441fdcc8d,0xce54c175880ff4edaa5d80b2dc66dda0e34a36ac,campaign_1,blacklist target of hardcoded manager (Execute call) Jul-Oct 2025
avalanche,0xbe65c5df730676f5891a752468acfb786d65154d,0xce54c175880ff4edaa5d80b2dc66dda0e34a36ac,campaign_1,blacklist target of hardcoded manager (Execute call) Jul-Oct 2025
avalanche,0xbe77bbaa8ef9b11c95b9db18c6aba953555cb282,0xce54c175880ff4edaa5d80b2dc66dda0e34a36ac,campaign_1,blacklist target of hardcoded manager (Execute call) Jul-Oct 2025
avalanche,0xbe8131dea9d27f9ed333389f374fae84ab0e1795,0xce54c175880ff4edaa5d80b2dc66dda0e34a36ac,campaign_1,blacklist target of hardcoded manager (Execute call) Jul-Oct 2025
avalanche,0xbe9cc39c0a1526940f1b0ad53469fe9b76223f80,0xce54c175880ff4edaa5d80b2dc66dda0e34a36ac,campaign_1,blacklist target of hardcoded manager (Execute call) Jul-Oct 2025
avalanche,0xbeab68d1415cd3fd7dc165395fe563a11780e0d9,0xce54c175880ff4edaa5d80b2dc66dda0e34a36ac,campaign_1,blacklist target of hardcoded manager (Execute call) Jul-Oct 2025
avalanche,0xbeae97fd7a6dd882df095b43ebc4b6ff98b48715,0xce54c175880ff4edaa5d80b2dc66dda0e34a36ac,campaign_1,blacklist target of hardcoded manager (Execute call) Jul-Oct 2025
avalanche,0xbeb4d7beae808eb19bfa7397127b06fefdc823e3,0xce54c175880ff4edaa5d80b2dc66dda0e34a36ac,campaign_1,blacklist target of hardcoded manager (Execute call) Jul-Oct 2025
avalanche,0xbf0c5bb74ddd015540839f9a953311e6336f64f2,0xce54c175880ff4edaa5d80b2dc66dda0e34a36ac,campaign_1,blacklist target of hardcoded manager (Execute call) Jul-Oct 2025
avalanche,0xbf132ef6beeba77b26d96e18b4d9243c5b60500e,0xce54c175880ff4edaa5d80b2dc66dda0e34a36ac,campaign_1,blacklist target of hardcoded manager (Execute call) Jul-Oct 2025
avalanche,0xbf283a870631d017107f6ad40ba8516e761b4b9a,0xce54c175880ff4edaa5d80b2dc66dda0e34a36ac,campaign_1,blacklist target of hardcoded manager (Execute call) Jul-Oct 2025
avalanche,0xbf34c475104f63bb41c337c4b4f8ed43d959bde1,0xce54c175880ff4edaa5d80b2dc66dda0e34a36ac,campaign_1,blacklist target of hardcoded manager (Execute call) Jul-Oct 2025
avalanche,0xbf42992516ee5e891a288eba16f644540a495def,0xce54c175880ff4edaa5d80b2dc66dda0e34a36ac,campaign_1,blacklist target of hardcoded manager (Execute call) Jul-Oct 2025
avalanche,0xbf52470f886cbe509dd1fa14c3a94b89e98aba53,0xce54c175880ff4edaa5d80b2dc66dda0e34a36ac,campaign_1,blacklist target of hardcoded manager (Execute call) Jul-Oct 2025
avalanche,0xbf6ae8456de326a5ee6e8688d72d4b8e08a72612,0xce54c175880ff4edaa5d80b2dc66dda0e34a36ac,campaign_1,blacklist target of hardcoded manager (Execute call) Jul-Oct 2025
avalanche,0xbf70a84660e1dd361470b881a445fce2c87f84c2,0xce54c175880ff4edaa5d80b2dc66dda0e34a36ac,campaign_1,blacklist target of hardcoded manager (Execute call) Jul-Oct 2025
avalanche,0xbf838b109d310c4e0c00bd81dc658134594dbcef,0xce54c175880ff4edaa5d80b2dc66dda0e34a36ac,campaign_1,blacklist target of hardcoded manager (Execute call) Jul-Oct 2025
avalanche,0xbf8869eb8a209c9f650b7af6ba76eb35266bd37f,0xce54c175880ff4edaa5d80b2dc66dda0e34a36ac,campaign_1,blacklist target of hardcoded manager (Execute call) Jul-Oct 2025
avalanche,0xbf8b973259541a4ba85d17c51a9aaef8a0a8da52,0xce54c175880ff4edaa5d80b2dc66dda0e34a36ac,campaign_1,blacklist target of hardcoded manager (Execute call) Jul-Oct 2025
avalanche,0xbf8c0bbe7a67e3e38eabe6aacef0e60d473c655a,0xce54c175880ff4edaa5d80b2dc66dda0e34a36ac,campaign_1,blacklist target of hardcoded manager (Execute call) Jul-Oct 2025
avalanche,0xbfa53ff2181e9b7b6180e929e89b70bf1b048a6b,0xce54c175880ff4edaa5d80b2dc66dda0e34a36ac,campaign_1,blacklist target of hardcoded manager (Execute call) Jul-Oct 2025
avalanche,0xbfa5c534e80ffa10e9d621ebf36f89d137155249,0xce54c175880ff4edaa5d80b2dc66dda0e34a36ac,campaign_1,blacklist target of hardcoded manager (Execute call) Jul-Oct 2025
avalanche,0xbfb30e97dde245f5594894428a717f3846a1bf8e,0xce54c175880ff4edaa5d80b2dc66dda0e34a36ac,campaign_1,blacklist target of hardcoded manager (Execute call) Jul-Oct 2025
avalanche,0xbfb603f77f68941fc146a49a8865045661bd47e6,0xce54c175880ff4edaa5d80b2dc66dda0e34a36ac,campaign_1,blacklist target of hardcoded manager (Execute call) Jul-Oct 2025
avalanche,0xbfd1a150966d1eb352692a1f2af45eddb938e8ed,0xce54c175880ff4edaa5d80b2dc66dda0e34a36ac,campaign_1,blacklist target of hardcoded manager (Execute call) Jul-Oct 2025
avalanche,0xbfd7947b4eaf6f7bf4be287f4624507881d07b22,0xce54c175880ff4edaa5d80b2dc66dda0e34a36ac,campaign_1,blacklist target of hardcoded manager (Execute call) Jul-Oct 2025
avalanche,0xbfe0c73c3c040e4f49ca6d0723533b0023fa8c52,0xce54c175880ff4edaa5d80b2dc66dda0e34a36ac,campaign_1,blacklist target of hardcoded manager (Execute call) Jul-Oct 2025
avalanche,0xc00706ca09b7f99f054b109106764594a4e776d6,0xce54c175880ff4edaa5d80b2dc66dda0e34a36ac,campaign_1,blacklist target of hardcoded manager (Execute call) Jul-Oct 2025
avalanche,0xc01b590f481ab32e3ea30d8a4cbb1be8098adba5,0xce54c175880ff4edaa5d80b2dc66dda0e34a36ac,campaign_1,blacklist target of hardcoded manager (Execute call) Jul-Oct 2025
avalanche,0xc02501cfe34b5e6e19ecb4feba09f94f3158e06d,0xce54c175880ff4edaa5d80b2dc66dda0e34a36ac,campaign_1,blacklist target of hardcoded manager (Execute call) Jul-Oct 2025
avalanche,0xc02e186265f8b3f0df9d4a1213ee4d915b8faf11,0xce54c175880ff4edaa5d80b2dc66dda0e34a36ac,campaign_1,blacklist target of hardcoded manager (Execute call) Jul-Oct 2025
avalanche,0xc03444d8a3817aae51fbb706771552b0d1477e14,0xce54c175880ff4edaa5d80b2dc66dda0e34a36ac,campaign_1,blacklist target of hardcoded manager (Execute call) Jul-Oct 2025
avalanche,0xc0550b95fa19263711151cab59f151ec26bd5b7b,0xce54c175880ff4edaa5d80b2dc66dda0e34a36ac,campaign_1,blacklist target of hardcoded manager (Execute call) Jul-Oct 2025
avalanche,0xc059b322cb943fb813f80d9d6a268970d77af513,0xce54c175880ff4edaa5d80b2dc66dda0e34a36ac,campaign_1,blacklist target of hardcoded manager (Execute call) Jul-Oct 2025
avalanche,0xc0637cdd70e16556b57c57550e9145ed517df3ed,0xce54c175880ff4edaa5d80b2dc66dda0e34a36ac,campaign_1,blacklist target of hardcoded manager (Execute call) Jul-Oct 2025
avalanche,0xc0722ef036b6ed80ee60b9c7b6d4bd134cf92e1b,0xce54c175880ff4edaa5d80b2dc66dda0e34a36ac,campaign_1,blacklist target of hardcoded manager (Execute call) Jul-Oct 2025
avalanche,0xc07bd47d7233a83abf2b8c17fe1eb89a8cbbcdcc,0xce54c175880ff4edaa5d80b2dc66dda0e34a36ac,campaign_1,blacklist target of hardcoded manager (Execute call) Jul-Oct 2025
avalanche,0xc089f6ba4ff0b6bcc54019fe3ce95bc6adb75899,0xce54c175880ff4edaa5d80b2dc66dda0e34a36ac,campaign_1,blacklist target of hardcoded manager (Execute call) Jul-Oct 2025
avalanche,0xc092763505f04d6390cb8ab92c7e39b046caae5e,0xce54c175880ff4edaa5d80b2dc66dda0e34a36ac,campaign_1,blacklist target of hardcoded manager (Execute call) Jul-Oct 2025
avalanche,0xc09e8f26ce99a8617bbdead48be05fb426d658b0,0xce54c175880ff4edaa5d80b2dc66dda0e34a36ac,campaign_1,blacklist target of hardcoded manager (Execute call) Jul-Oct 2025
avalanche,0xc0b0f304529165abecf8083c9358769a5433fea6,0xce54c175880ff4edaa5d80b2dc66dda0e34a36ac,campaign_1,blacklist target of hardcoded manager (Execute call) Jul-Oct 2025
avalanche,0xc0b21d517c3cf6b07e31ae78babac8742b07cdcd,0xce54c175880ff4edaa5d80b2dc66dda0e34a36ac,campaign_1,blacklist target of hardcoded manager (Execute call) Jul-Oct 2025
avalanche,0xc0b68be3bd28d0becc095079a698b2f757e7cc92,0xce54c175880ff4edaa5d80b2dc66dda0e34a36ac,campaign_1,blacklist target of hardcoded manager (Execute call) Jul-Oct 2025
avalanche,0xc0d1798189ba0d845167300b6d8daa9b99d92272,0xce54c175880ff4edaa5d80b2dc66dda0e34a36ac,campaign_1,blacklist target of hardcoded manager (Execute call) Jul-Oct 2025
avalanche,0xc0d179c35cb58dc913a2b6a5d1851594b49cceb9,0xce54c175880ff4edaa5d80b2dc66dda0e34a36ac,campaign_1,blacklist target of hardcoded manager (Execute call) Jul-Oct 2025
avalanche,0xc0d3e2e987b419759c353c9c8bb44f1214905d42,0xce54c175880ff4edaa5d80b2dc66dda0e34a36ac,campaign_1,blacklist target of hardcoded manager (Execute call) Jul-Oct 2025
avalanche,0xc0d74becb0549c56ced65f4be82399de127eb511,0xce54c175880ff4edaa5d80b2dc66dda0e34a36ac,campaign_1,blacklist target of hardcoded manager (Execute call) Jul-Oct 2025
avalanche,0xc0e2364d69f25292c19dd073aae170e2db0357c6,0xce54c175880ff4edaa5d80b2dc66dda0e34a36ac,campaign_1,blacklist target of hardcoded manager (Execute call) Jul-Oct 2025
avalanche,0xc0e7d6d88c1cf93deeb9a58cbe35835d07ffceee,0xce54c175880ff4edaa5d80b2dc66dda0e34a36ac,campaign_1,blacklist target of hardcoded manager (Execute call) Jul-Oct 2025
avalanche,0xc0f2d7757dd081205d2655d56ea636c8ec0779dd,0xce54c175880ff4edaa5d80b2dc66dda0e34a36ac,campaign_1,blacklist target of hardcoded manager (Execute call) Jul-Oct 2025
avalanche,0xc0fbad491ae1eaad53f93350a29432df0a8dd5ad,0xce54c175880ff4edaa5d80b2dc66dda0e34a36ac,campaign_1,blacklist target of hardcoded manager (Execute call) Jul-Oct 2025
avalanche,0xc10f273dfb7db2dfe548e955a69d60a953cea4e5,0xce54c175880ff4edaa5d80b2dc66dda0e34a36ac,campaign_1,blacklist target of hardcoded manager (Execute call) Jul-Oct 2025
avalanche,0xc127f3f11db824bfe06150d2023ea4d66aac0c99,0xce54c175880ff4edaa5d80b2dc66dda0e34a36ac,campaign_1,blacklist target of hardcoded manager (Execute call) Jul-Oct 2025
avalanche,0xc13b3081237ab951d3ddbf025a1901e533ed8859,0xce54c175880ff4edaa5d80b2dc66dda0e34a36ac,campaign_1,blacklist target of hardcoded manager (Execute call) Jul-Oct 2025
avalanche,0xc147e5b2057a87d4df24e1ff8ab84c03b40e0bdd,0xce54c175880ff4edaa5d80b2dc66dda0e34a36ac,campaign_1,blacklist target of hardcoded manager (Execute call) Jul-Oct 2025
avalanche,0xc15532f484626c5f822ebc0b292ffca253435537,0xce54c175880ff4edaa5d80b2dc66dda0e34a36ac,campaign_1,blacklist target of hardcoded manager (Execute call) Jul-Oct 2025
avalanche,0xc15b09e6449f9271708dd94c970465b2df2449ef,0xce54c175880ff4edaa5d80b2dc66dda0e34a36ac,campaign_1,blacklist target of hardcoded manager (Execute call) Jul-Oct 2025
avalanche,0xc167ebe1075893af0917e93267c273ebbc1dd48d,0xce54c175880ff4edaa5d80b2dc66dda0e34a36ac,campaign_1,blacklist target of hardcoded manager (Execute call) Jul-Oct 2025
avalanche,0xc17a5b19d81b05abd62705b90e3df3a9aadfd848,0xce54c175880ff4edaa5d80b2dc66dda0e34a36ac,campaign_1,blacklist target of hardcoded manager (Execute call) Jul-Oct 2025
avalanche,0xc19dbb7e7e41b4b97682afc07362f3444a9a51eb,0xce54c175880ff4edaa5d80b2dc66dda0e34a36ac,campaign_1,blacklist target of hardcoded manager (Execute call) Jul-Oct 2025
avalanche,0xc1a0cef4066b8ba543cbc8804ca373cb7646ebd7,0xce54c175880ff4edaa5d80b2dc66dda0e34a36ac,campaign_1,blacklist target of hardcoded manager (Execute call) Jul-Oct 2025
avalanche,0xc1b0deaeff3abb62dd875e03086fdcf5e477c301,0xce54c175880ff4edaa5d80b2dc66dda0e34a36ac,campaign_1,blacklist target of hardcoded manager (Execute call) Jul-Oct 2025
avalanche,0xc1b27c4027c8d810457ed4cd94eb3b774b381bb5,0xce54c175880ff4edaa5d80b2dc66dda0e34a36ac,campaign_1,blacklist target of hardcoded manager (Execute call) Jul-Oct 2025
avalanche,0xc1c1f117764fbf1d3000b931c95240bc2c778910,0xce54c175880ff4edaa5d80b2dc66dda0e34a36ac,campaign_1,blacklist target of hardcoded manager (Execute call) Jul-Oct 2025
avalanche,0xc1ebd4bd8d5fcdefe9af1945ad5c118b787f1da1,0xce54c175880ff4edaa5d80b2dc66dda0e34a36ac,campaign_1,blacklist target of hardcoded manager (Execute call) Jul-Oct 2025
avalanche,0xc1fdc8e527331f70e320a01064c8189501d09990,0xce54c175880ff4edaa5d80b2dc66dda0e34a36ac,campaign_1,blacklist target of hardcoded manager (Execute call) Jul-Oct 2025
avalanche,0xc1fe56265ae00e06f3fdd3387117d3f13877165c,0xce54c175880ff4edaa5d80b2dc66dda0e34a36ac,campaign_1,blacklist target of hardcoded manager (Execute call) Jul-Oct 2025
avalanche,0xc1fe5c931648efa79ca8f79a6a58d41607f6fa4f,0xce54c175880ff4edaa5d80b2dc66dda0e34a36ac,campaign_1,blacklist target of hardcoded manager (Execute call) Jul-Oct 2025
avalanche,0xc2021d75cf1e803868291a1fc5b2ee9fe423b874,0xce54c175880ff4edaa5d80b2dc66dda0e34a36ac,campaign_1,blacklist target of hardcoded manager (Execute call) Jul-Oct 2025
avalanche,0xc208d7307f51d8dc5ad40281ba109be851ecae09,0xce54c175880ff4edaa5d80b2dc66dda0e34a36ac,campaign_1,blacklist target of hardcoded manager (Execute call) Jul-Oct 2025
avalanche,0xc24a124f59f606bf7b90d143a4df8b0e6f5a986c,0xce54c175880ff4edaa5d80b2dc66dda0e34a36ac,campaign_1,blacklist target of hardcoded manager (Execute call) Jul-Oct 2025
avalanche,0xc24a23cc933355d18c1fa2f25c1ecb7c6b90a43d,0xce54c175880ff4edaa5d80b2dc66dda0e34a36ac,campaign_1,blacklist target of hardcoded manager (Execute call) Jul-Oct 2025
avalanche,0xc24acae4540168c3225c2a65965cfc2618b12584,0xce54c175880ff4edaa5d80b2dc66dda0e34a36ac,campaign_1,blacklist target of hardcoded manager (Execute call) Jul-Oct 2025
avalanche,0xc2563a04c6ac7f4af55a12454ada16e2b48dd570,0xce54c175880ff4edaa5d80b2dc66dda0e34a36ac,campaign_1,blacklist target of hardcoded manager (Execute call) Jul-Oct 2025
avalanche,0xc2596e0e3474e41bd5136d65cf20fd968d6719fa,0xce54c175880ff4edaa5d80b2dc66dda0e34a36ac,campaign_1,blacklist target of hardcoded manager (Execute call) Jul-Oct 2025
avalanche,0xc25dc4ddbfdbf06f273e764533921ccc4ab89466,0xce54c175880ff4edaa5d80b2dc66dda0e34a36ac,campaign_1,blacklist target of hardcoded manager (Execute call) Jul-Oct 2025
avalanche,0xc26c1962324f67b28092d9477521a6e570101b5e,0xce54c175880ff4edaa5d80b2dc66dda0e34a36ac,campaign_1,blacklist target of hardcoded manager (Execute call) Jul-Oct 2025
avalanche,0xc2887d1232b2aa4173e488b9f4d5655eb114d851,0xce54c175880ff4edaa5d80b2dc66dda0e34a36ac,campaign_1,blacklist target of hardcoded manager (Execute call) Jul-Oct 2025
avalanche,0xc2890c55d6fc1094d61f839017769f8f33adba6e,0xce54c175880ff4edaa5d80b2dc66dda0e34a36ac,campaign_1,blacklist target of hardcoded manager (Execute call) Jul-Oct 2025
avalanche,0xc28ca4770d3ac44d257d47b1dff0792ba839dae9,0xce54c175880ff4edaa5d80b2dc66dda0e34a36ac,campaign_1,blacklist target of hardcoded manager (Execute call) Jul-Oct 2025
avalanche,0xc29daaffbd457cbf46e22145e20849354e63726c,0xce54c175880ff4edaa5d80b2dc66dda0e34a36ac,campaign_1,blacklist target of hardcoded manager (Execute call) Jul-Oct 2025
avalanche,0xc2a6d0d5549db69826430122f57be7ead09e6cb4,0xce54c175880ff4edaa5d80b2dc66dda0e34a36ac,campaign_1,blacklist target of hardcoded manager (Execute call) Jul-Oct 2025
avalanche,0xc2abd1bc382382829577ecd5880796b941276ee2,0xce54c175880ff4edaa5d80b2dc66dda0e34a36ac,campaign_1,blacklist target of hardcoded manager (Execute call) Jul-Oct 2025
avalanche,0xc2acc5f29b45dc75952ed40dd9d495af26e27157,0xce54c175880ff4edaa5d80b2dc66dda0e34a36ac,campaign_1,blacklist target of hardcoded manager (Execute call) Jul-Oct 2025
avalanche,0xc2b0423e1bae4472bd46140f4c77e7c903d7815a,0xce54c175880ff4edaa5d80b2dc66dda0e34a36ac,campaign_1,blacklist target of hardcoded manager (Execute call) Jul-Oct 2025
avalanche,0xc2b8a6bc77a7e26c5dec04ab06dca659830aa1af,0xce54c175880ff4edaa5d80b2dc66dda0e34a36ac,campaign_1,blacklist target of hardcoded manager (Execute call) Jul-Oct 2025
avalanche,0xc2c3338055212d4f614851409c68eb11f6411d77,0xce54c175880ff4edaa5d80b2dc66dda0e34a36ac,campaign_1,blacklist target of hardcoded manager (Execute call) Jul-Oct 2025
avalanche,0xc2c9cccde741fe46d0ba914c8ea7b8fa6cdb4b25,0xce54c175880ff4edaa5d80b2dc66dda0e34a36ac,campaign_1,blacklist target of hardcoded manager (Execute call) Jul-Oct 2025
avalanche,0xc2cc8e9f08fbe2c8d052e3b786a3914cc53a6121,0xce54c175880ff4edaa5d80b2dc66dda0e34a36ac,campaign_1,blacklist target of hardcoded manager (Execute call) Jul-Oct 2025
avalanche,0xc2e48f91ca1d19af654586d92a228a6622cc7f26,0xce54c175880ff4edaa5d80b2dc66dda0e34a36ac,campaign_1,blacklist target of hardcoded manager (Execute call) Jul-Oct 2025
avalanche,0xc308c2e561808bd5353fc78870c9272cb66c80f5,0xce54c175880ff4edaa5d80b2dc66dda0e34a36ac,campaign_1,blacklist target of hardcoded manager (Execute call) Jul-Oct 2025
avalanche,0xc31c028186e768b9945d5a2c4440984c491953a1,0xce54c175880ff4edaa5d80b2dc66dda0e34a36ac,campaign_1,blacklist target of hardcoded manager (Execute call) Jul-Oct 2025
avalanche,0xc32f409e6eb187d0c6ba596afc6ba51638d9a6d5,0xce54c175880ff4edaa5d80b2dc66dda0e34a36ac,campaign_1,blacklist target of hardcoded manager (Execute call) Jul-Oct 2025
avalanche,0xc3385c4e9139453312dcf395e8a49d99642e3fe2,0xce54c175880ff4edaa5d80b2dc66dda0e34a36ac,campaign_1,blacklist target of hardcoded manager (Execute call) Jul-Oct 2025
avalanche,0xc3565649ed923282d24e1559e2016b73c2427f68,0xce54c175880ff4edaa5d80b2dc66dda0e34a36ac,campaign_1,blacklist target of hardcoded manager (Execute call) Jul-Oct 2025
avalanche,0xc39a67811ef76122b66d82adfd3f1e3935944f7b,0xce54c175880ff4edaa5d80b2dc66dda0e34a36ac,campaign_1,blacklist target of hardcoded manager (Execute call) Jul-Oct 2025
avalanche,0xc3ad60f0e61736c690932ce08611b65c4f9b9b7c,0xce54c175880ff4edaa5d80b2dc66dda0e34a36ac,campaign_1,blacklist target of hardcoded manager (Execute call) Jul-Oct 2025
avalanche,0xc3ba558cf5cdae2a088e30f9099477145d7dbb2a,0xce54c175880ff4edaa5d80b2dc66dda0e34a36ac,campaign_1,blacklist target of hardcoded manager (Execute call) Jul-Oct 2025
avalanche,0xc3bb048d142b69a26d6a04aea6bca2c5f493d7f4,0xce54c175880ff4edaa5d80b2dc66dda0e34a36ac,campaign_1,blacklist target of hardcoded manager (Execute call) Jul-Oct 2025
avalanche,0xc3c268540fb963f160e95946865094c41fcb7816,0xce54c175880ff4edaa5d80b2dc66dda0e34a36ac,campaign_1,blacklist target of hardcoded manager (Execute call) Jul-Oct 2025
avalanche,0xc3c5ef342c767f6d147a3b6faab90ccbe82f0fbf,0xce54c175880ff4edaa5d80b2dc66dda0e34a36ac,campaign_1,blacklist target of hardcoded manager (Execute call) Jul-Oct 2025
avalanche,0xc3d231790481aa7d04bf4b3f0c0d9b8d3632cfb3,0xce54c175880ff4edaa5d80b2dc66dda0e34a36ac,campaign_1,blacklist target of hardcoded manager (Execute call) Jul-Oct 2025
avalanche,0xc3d4d670132bbf1707828b761915f35cd4f8db36,0xce54c175880ff4edaa5d80b2dc66dda0e34a36ac,campaign_1,blacklist target of hardcoded manager (Execute call) Jul-Oct 2025
avalanche,0xc3d53059144a5c69594667a6443d6bec9bcc2cba,0xce54c175880ff4edaa5d80b2dc66dda0e34a36ac,campaign_1,blacklist target of hardcoded manager (Execute call) Jul-Oct 2025
avalanche,0xc3e34c5de0897e7d5f50a7e023d6299641ada603,0xce54c175880ff4edaa5d80b2dc66dda0e34a36ac,campaign_1,blacklist target of hardcoded manager (Execute call) Jul-Oct 2025
avalanche,0xc3e5d51c0e594e7a113860609a3c6647b0d4f3dd,0xce54c175880ff4edaa5d80b2dc66dda0e34a36ac,campaign_1,blacklist target of hardcoded manager (Execute call) Jul-Oct 2025
avalanche,0xc3e74d29bcb8ef2f577fae58a9d832cc055f0a3b,0xce54c175880ff4edaa5d80b2dc66dda0e34a36ac,campaign_1,blacklist target of hardcoded manager (Execute call) Jul-Oct 2025
avalanche,0xc3ef4de1a086a0406b405493d5c1a4aaed1d3173,0xce54c175880ff4edaa5d80b2dc66dda0e34a36ac,campaign_1,blacklist target of hardcoded manager (Execute call) Jul-Oct 2025
avalanche,0xc3f854061b62cd7217febb92cdeb6e32a8a24b39,0xce54c175880ff4edaa5d80b2dc66dda0e34a36ac,campaign_1,blacklist target of hardcoded manager (Execute call) Jul-Oct 2025
avalanche,0xc4147fa7b028fbb0960448065c36561483a8abfb,0xce54c175880ff4edaa5d80b2dc66dda0e34a36ac,campaign_1,blacklist target of hardcoded manager (Execute call) Jul-Oct 2025
avalanche,0xc4279ca1596d317df332a236c56c1cc1036201cd,0xce54c175880ff4edaa5d80b2dc66dda0e34a36ac,campaign_1,blacklist target of hardcoded manager (Execute call) Jul-Oct 2025
avalanche,0xc447afd22075bbbefae8d9a73164c2616d1c5652,0xce54c175880ff4edaa5d80b2dc66dda0e34a36ac,campaign_1,blacklist target of hardcoded manager (Execute call) Jul-Oct 2025
avalanche,0xc473058e2ed79c59166eeb3dabe08655d0eede98,0xce54c175880ff4edaa5d80b2dc66dda0e34a36ac,campaign_1,blacklist target of hardcoded manager (Execute call) Jul-Oct 2025
avalanche,0xc47afe8f246619ce23a2c03db0c94dc96f03f2eb,0xce54c175880ff4edaa5d80b2dc66dda0e34a36ac,campaign_1,blacklist target of hardcoded manager (Execute call) Jul-Oct 2025
avalanche,0xc4813d47c2e0abb9aa9c0b8b6492480e91c056fd,0xce54c175880ff4edaa5d80b2dc66dda0e34a36ac,campaign_1,blacklist target of hardcoded manager (Execute call) Jul-Oct 2025
avalanche,0xc4a1f7685f6a4979d85cafe320ea8474e4b9060b,0xce54c175880ff4edaa5d80b2dc66dda0e34a36ac,campaign_1,blacklist target of hardcoded manager (Execute call) Jul-Oct 2025
avalanche,0xc4b5861fbd143d3a6a23bf198b8b0df1d4a89776,0xce54c175880ff4edaa5d80b2dc66dda0e34a36ac,campaign_1,blacklist target of hardcoded manager (Execute call) Jul-Oct 2025
avalanche,0xc4d15836910c759bd4490dbf10568257bcd049b9,0xce54c175880ff4edaa5d80b2dc66dda0e34a36ac,campaign_1,blacklist target of hardcoded manager (Execute call) Jul-Oct 2025
avalanche,0xc4dc821a2f4a199f9025e4f30c350cf7f2e688af,0xce54c175880ff4edaa5d80b2dc66dda0e34a36ac,campaign_1,blacklist target of hardcoded manager (Execute call) Jul-Oct 2025
avalanche,0xc4dfb5b54439253cf413d0b0fbb4b324e5332dfe,0xce54c175880ff4edaa5d80b2dc66dda0e34a36ac,campaign_1,blacklist target of hardcoded manager (Execute call) Jul-Oct 2025
avalanche,0xc4e02f86eb1fd89e2249b2da4b2e31271fc62944,0xce54c175880ff4edaa5d80b2dc66dda0e34a36ac,campaign_1,blacklist target of hardcoded manager (Execute call) Jul-Oct 2025
avalanche,0xc4f8c3bac4ad92fb79304c57550d76444a10bb3a,0xce54c175880ff4edaa5d80b2dc66dda0e34a36ac,campaign_1,blacklist target of hardcoded manager (Execute call) Jul-Oct 2025
avalanche,0xc50e3409932aa611676e3b4e1f6413faa9bf77ae,0xce54c175880ff4edaa5d80b2dc66dda0e34a36ac,campaign_1,blacklist target of hardcoded manager (Execute call) Jul-Oct 2025
avalanche,0xc52a41fcf5a900e3842cca2d319de583f0f9b86a,0xce54c175880ff4edaa5d80b2dc66dda0e34a36ac,campaign_1,blacklist target of hardcoded manager (Execute call) Jul-Oct 2025
avalanche,0xc52c7ea46ffb8e838769d3f1892555d8d0990e41,0xce54c175880ff4edaa5d80b2dc66dda0e34a36ac,campaign_1,blacklist target of hardcoded manager (Execute call) Jul-Oct 2025
avalanche,0xc538b934289b85ee29d37699a882707ee807f17f,0xce54c175880ff4edaa5d80b2dc66dda0e34a36ac,campaign_1,blacklist target of hardcoded manager (Execute call) Jul-Oct 2025
avalanche,0xc546b2f9411ffd750b72f80c5dcebbd0491d0d55,0xce54c175880ff4edaa5d80b2dc66dda0e34a36ac,campaign_1,blacklist target of hardcoded manager (Execute call) Jul-Oct 2025
avalanche,0xc5484a18ad4410393642f6efb60fcafbeb0f725f,0xce54c175880ff4edaa5d80b2dc66dda0e34a36ac,campaign_1,blacklist target of hardcoded manager (Execute call) Jul-Oct 2025
avalanche,0xc55269e88a6c2b2508cbdbf055c1db5151df24d0,0xce54c175880ff4edaa5d80b2dc66dda0e34a36ac,campaign_1,blacklist target of hardcoded manager (Execute call) Jul-Oct 2025
avalanche,0xc574a319f51010be008f18f7682ebe7d21918133,0xce54c175880ff4edaa5d80b2dc66dda0e34a36ac,campaign_1,blacklist target of hardcoded manager (Execute call) Jul-Oct 2025
avalanche,0xc57929657a06f1db74aabcdc372a1155a429041c,0xce54c175880ff4edaa5d80b2dc66dda0e34a36ac,campaign_1,blacklist target of hardcoded manager (Execute call) Jul-Oct 2025
avalanche,0xc58c11d869ad136fd7a5acbe04f2ece8a363420a,0xce54c175880ff4edaa5d80b2dc66dda0e34a36ac,campaign_1,blacklist target of hardcoded manager (Execute call) Jul-Oct 2025
avalanche,0xc5dec31c36490588d9b09a00f1aa47e1bb299337,0xce54c175880ff4edaa5d80b2dc66dda0e34a36ac,campaign_1,blacklist target of hardcoded manager (Execute call) Jul-Oct 2025
avalanche,0xc6067f997bc20caaa3b9d4a417e0d68d1c34d727,0xce54c175880ff4edaa5d80b2dc66dda0e34a36ac,campaign_1,blacklist target of hardcoded manager (Execute call) Jul-Oct 2025
avalanche,0xc61c1159377018ffe835830afe97b0e6336b2106,0xce54c175880ff4edaa5d80b2dc66dda0e34a36ac,campaign_1,blacklist target of hardcoded manager (Execute call) Jul-Oct 2025
avalanche,0xc620021f66ebd14a715225c81b16c331c667938f,0xce54c175880ff4edaa5d80b2dc66dda0e34a36ac,campaign_1,blacklist target of hardcoded manager (Execute call) Jul-Oct 2025
avalanche,0xc6267680c31edc89a35b06b7b187e27d878655ce,0xce54c175880ff4edaa5d80b2dc66dda0e34a36ac,campaign_1,blacklist target of hardcoded manager (Execute call) Jul-Oct 2025
avalanche,0xc632a263bbf0c27994b3f6e899ecb14bf1848495,0xce54c175880ff4edaa5d80b2dc66dda0e34a36ac,campaign_1,blacklist target of hardcoded manager (Execute call) Jul-Oct 2025
avalanche,0xc632dfab613855760ea18212096a2b2d3be590d6,0xce54c175880ff4edaa5d80b2dc66dda0e34a36ac,campaign_1,blacklist target of hardcoded manager (Execute call) Jul-Oct 2025
avalanche,0xc63bbf134a5832428b2d698295dcd916e29d3f5c,0xce54c175880ff4edaa5d80b2dc66dda0e34a36ac,campaign_1,blacklist target of hardcoded manager (Execute call) Jul-Oct 2025
avalanche,0xc650d5518813068bc06b693cf21f02369a2a546e,0xce54c175880ff4edaa5d80b2dc66dda0e34a36ac,campaign_1,blacklist target of hardcoded manager (Execute call) Jul-Oct 2025
avalanche,0xc65e8285e4917dfd7e5ad85072c1af3bb536f257,0xce54c175880ff4edaa5d80b2dc66dda0e34a36ac,campaign_1,blacklist target of hardcoded manager (Execute call) Jul-Oct 2025
avalanche,0xc688ab6c1ba74231b87239cac4575c7dcced40f3,0xce54c175880ff4edaa5d80b2dc66dda0e34a36ac,campaign_1,blacklist target of hardcoded manager (Execute call) Jul-Oct 2025
avalanche,0xc69962d9b6b1d36a03a2437c38799f5d53cc20db,0xce54c175880ff4edaa5d80b2dc66dda0e34a36ac,campaign_1,blacklist target of hardcoded manager (Execute call) Jul-Oct 2025
avalanche,0xc6a3844c98728a208c37fe862f50248bc633bc6a,0xce54c175880ff4edaa5d80b2dc66dda0e34a36ac,campaign_1,blacklist target of hardcoded manager (Execute call) Jul-Oct 2025
avalanche,0xc6a399d097e242301e3ac9d49236c5f04806d774,0xce54c175880ff4edaa5d80b2dc66dda0e34a36ac,campaign_1,blacklist target of hardcoded manager (Execute call) Jul-Oct 2025
avalanche,0xc6b0b90e5880ffc68b78f8fe63389d3f48bb7a11,0xce54c175880ff4edaa5d80b2dc66dda0e34a36ac,campaign_1,blacklist target of hardcoded manager (Execute call) Jul-Oct 2025
avalanche,0xc6cd8b931814c7eeb75d8d4d092bae1579ac46d3,0xce54c175880ff4edaa5d80b2dc66dda0e34a36ac,campaign_1,blacklist target of hardcoded manager (Execute call) Jul-Oct 2025
avalanche,0xc6d4e7d9d36e1b17ade71811f02bdcc7f57b286b,0xce54c175880ff4edaa5d80b2dc66dda0e34a36ac,campaign_1,blacklist target of hardcoded manager (Execute call) Jul-Oct 2025
avalanche,0xc6fa57537eb986eb5bad16f945c8fdf79e2e6a61,0xce54c175880ff4edaa5d80b2dc66dda0e34a36ac,campaign_1,blacklist target of hardcoded manager (Execute call) Jul-Oct 2025
avalanche,0xc6fe1de69b9d3f900ccc60d69b22ea0427d275ed,0xce54c175880ff4edaa5d80b2dc66dda0e34a36ac,campaign_1,blacklist target of hardcoded manager (Execute call) Jul-Oct 2025
avalanche,0xc70bf7048dd7595be87be99482a7a2fce39c0d01,0xce54c175880ff4edaa5d80b2dc66dda0e34a36ac,campaign_1,blacklist target of hardcoded manager (Execute call) Jul-Oct 2025
avalanche,0xc725adf0d397751d7a3e62cfb8d95b6d5e210f92,0xce54c175880ff4edaa5d80b2dc66dda0e34a36ac,campaign_1,blacklist target of hardcoded manager (Execute call) Jul-Oct 2025
avalanche,0xc728dcd4fba6d01aa76af077ec335eab22237ef9,0xce54c175880ff4edaa5d80b2dc66dda0e34a36ac,campaign_1,blacklist target of hardcoded manager (Execute call) Jul-Oct 2025
avalanche,0xc72bca8ca20661274e0e2ee184cbd8531f29489b,0xce54c175880ff4edaa5d80b2dc66dda0e34a36ac,campaign_1,blacklist target of hardcoded manager (Execute call) Jul-Oct 2025
avalanche,0xc736a5092ef97a4507f957b2ddf3c738bb7cbaa9,0xce54c175880ff4edaa5d80b2dc66dda0e34a36ac,campaign_1,blacklist target of hardcoded manager (Execute call) Jul-Oct 2025
avalanche,0xc74e24e8ae2072dba5e5ebb33f84b1943522b88a,0xce54c175880ff4edaa5d80b2dc66dda0e34a36ac,campaign_1,blacklist target of hardcoded manager (Execute call) Jul-Oct 2025
avalanche,0xc7621f6fe12c494293d8bcca04b0a05398f1e29a,0xce54c175880ff4edaa5d80b2dc66dda0e34a36ac,campaign_1,blacklist target of hardcoded manager (Execute call) Jul-Oct 2025
avalanche,0xc76b966341a3382535e635d6e8c2452c86ff8512,0xce54c175880ff4edaa5d80b2dc66dda0e34a36ac,campaign_1,blacklist target of hardcoded manager (Execute call) Jul-Oct 2025
avalanche,0xc76c0aa817ff327ef01cc0e52114f708dad81108,0xce54c175880ff4edaa5d80b2dc66dda0e34a36ac,campaign_1,blacklist target of hardcoded manager (Execute call) Jul-Oct 2025
avalanche,0xc77046d48c24a2adee2f51f631e664c0f25669f0,0xce54c175880ff4edaa5d80b2dc66dda0e34a36ac,campaign_1,blacklist target of hardcoded manager (Execute call) Jul-Oct 2025
avalanche,0xc77659fd4052ead31880b139e6ac291aee1bc286,0xce54c175880ff4edaa5d80b2dc66dda0e34a36ac,campaign_1,blacklist target of hardcoded manager (Execute call) Jul-Oct 2025
avalanche,0xc778a530a7cec9b81e661f4980be3e8a14f2ff5b,0xce54c175880ff4edaa5d80b2dc66dda0e34a36ac,campaign_1,blacklist target of hardcoded manager (Execute call) Jul-Oct 2025
avalanche,0xc77ae2c61bffa5dc02f9d0e6edd075b3b62a9033,0xce54c175880ff4edaa5d80b2dc66dda0e34a36ac,campaign_1,blacklist target of hardcoded manager (Execute call) Jul-Oct 2025
avalanche,0xc77cc3c18527e48244e4c17f30a201490d909b32,0xce54c175880ff4edaa5d80b2dc66dda0e34a36ac,campaign_1,blacklist target of hardcoded manager (Execute call) Jul-Oct 2025
avalanche,0xc78e7f69c9dcf672751b5c392603a16136a0410f,0xce54c175880ff4edaa5d80b2dc66dda0e34a36ac,campaign_1,blacklist target of hardcoded manager (Execute call) Jul-Oct 2025
avalanche,0xc794a8909b91570aba41a06c941b7fbeab0842a7,0xce54c175880ff4edaa5d80b2dc66dda0e34a36ac,campaign_1,blacklist target of hardcoded manager (Execute call) Jul-Oct 2025
avalanche,0xc79f56dae0fe686ae3665cd1f7abe9bd21a50db7,0xce54c175880ff4edaa5d80b2dc66dda0e34a36ac,campaign_1,blacklist target of hardcoded manager (Execute call) Jul-Oct 2025
avalanche,0xc7a35dc18e3d3320ffc9b69381a0be10d40f0914,0xce54c175880ff4edaa5d80b2dc66dda0e34a36ac,campaign_1,blacklist target of hardcoded manager (Execute call) Jul-Oct 2025
avalanche,0xc7b9c1f86c402c2867c3cccce9c6e1705c2b2024,0xce54c175880ff4edaa5d80b2dc66dda0e34a36ac,campaign_1,blacklist target of hardcoded manager (Execute call) Jul-Oct 2025
avalanche,0xc7d815a5de7b036a04016145ced729f3cb070cea,0xce54c175880ff4edaa5d80b2dc66dda0e34a36ac,campaign_1,blacklist target of hardcoded manager (Execute call) Jul-Oct 2025
avalanche,0xc811ee2a8be063426803b41fb0cbcacb6d450d1a,0xce54c175880ff4edaa5d80b2dc66dda0e34a36ac,campaign_1,blacklist target of hardcoded manager (Execute call) Jul-Oct 2025
avalanche,0xc81783465742792fd46551a124b0e930dbc2ed51,0xce54c175880ff4edaa5d80b2dc66dda0e34a36ac,campaign_1,blacklist target of hardcoded manager (Execute call) Jul-Oct 2025
avalanche,0xc8352cbda9563fabfd76ef335003bdb309bcde11,0xce54c175880ff4edaa5d80b2dc66dda0e34a36ac,campaign_1,blacklist target of hardcoded manager (Execute call) Jul-Oct 2025
avalanche,0xc83a1288d2b654a232f37ef64cd1cdc0f9086fe8,0xce54c175880ff4edaa5d80b2dc66dda0e34a36ac,campaign_1,blacklist target of hardcoded manager (Execute call) Jul-Oct 2025
avalanche,0xc845022e892df8d8fa1106f04424d05a94f2e326,0xce54c175880ff4edaa5d80b2dc66dda0e34a36ac,campaign_1,blacklist target of hardcoded manager (Execute call) Jul-Oct 2025
avalanche,0xc85b3d8f3cfa870ac8b4d11356653b65d2545738,0xce54c175880ff4edaa5d80b2dc66dda0e34a36ac,campaign_1,blacklist target of hardcoded manager (Execute call) Jul-Oct 2025
avalanche,0xc86dd630c2adb49de714a9f19c6aacaada113750,0xce54c175880ff4edaa5d80b2dc66dda0e34a36ac,campaign_1,blacklist target of hardcoded manager (Execute call) Jul-Oct 2025
avalanche,0xc8722b2aaa63d756ad4e418d75c4c2a7b1e6796b,0xce54c175880ff4edaa5d80b2dc66dda0e34a36ac,campaign_1,blacklist target of hardcoded manager (Execute call) Jul-Oct 2025
avalanche,0xc87d625427b8f6b6d616aac5e0ea63a790847724,0xce54c175880ff4edaa5d80b2dc66dda0e34a36ac,campaign_1,blacklist target of hardcoded manager (Execute call) Jul-Oct 2025
avalanche,0xc87dcba8c2d6a022d756abc798be7cbebf231a77,0xce54c175880ff4edaa5d80b2dc66dda0e34a36ac,campaign_1,blacklist target of hardcoded manager (Execute call) Jul-Oct 2025
avalanche,0xc8853fdf4d3cec7b9281a59d7d5cba17302ad13b,0xce54c175880ff4edaa5d80b2dc66dda0e34a36ac,campaign_1,blacklist target of hardcoded manager (Execute call) Jul-Oct 2025
avalanche,0xc88cad2995e8735bfdac0077b3b9d6e55c0f2468,0xce54c175880ff4edaa5d80b2dc66dda0e34a36ac,campaign_1,blacklist target of hardcoded manager (Execute call) Jul-Oct 2025
avalanche,0xc8a2f4db956b701dab6313094669a8f68d7c9626,0xce54c175880ff4edaa5d80b2dc66dda0e34a36ac,campaign_1,blacklist target of hardcoded manager (Execute call) Jul-Oct 2025
avalanche,0xc8adf32e500214d5dfee56e5f8ffc5fff71453d7,0xce54c175880ff4edaa5d80b2dc66dda0e34a36ac,campaign_1,blacklist target of hardcoded manager (Execute call) Jul-Oct 2025
avalanche,0xc8cf60fba0f3d436fa89a82f571cb6f82bd1e759,0xce54c175880ff4edaa5d80b2dc66dda0e34a36ac,campaign_1,blacklist target of hardcoded manager (Execute call) Jul-Oct 2025
avalanche,0xc8d3c3f715da2195ef44f902b88fc977eeeaaf01,0xce54c175880ff4edaa5d80b2dc66dda0e34a36ac,campaign_1,blacklist target of hardcoded manager (Execute call) Jul-Oct 2025
avalanche,0xc8d81e839b1d3131e93d876363c99669c9d70477,0xce54c175880ff4edaa5d80b2dc66dda0e34a36ac,campaign_1,blacklist target of hardcoded manager (Execute call) Jul-Oct 2025
avalanche,0xc8d9b655bdc00def3131f29f1d7ea0f0f1d1e257,0xce54c175880ff4edaa5d80b2dc66dda0e34a36ac,campaign_1,blacklist target of hardcoded manager (Execute call) Jul-Oct 2025
avalanche,0xc8da9c6dbed5d2a053c33ca05426e4fa497a3f59,0xce54c175880ff4edaa5d80b2dc66dda0e34a36ac,campaign_1,blacklist target of hardcoded manager (Execute call) Jul-Oct 2025
avalanche,0xc8e52c21a675178b25373d8f0d6539048e774d72,0xce54c175880ff4edaa5d80b2dc66dda0e34a36ac,campaign_1,blacklist target of hardcoded manager (Execute call) Jul-Oct 2025
avalanche,0xc8e7358eb0728aa7220f21af9ec41e30a1f1ec7f,0xce54c175880ff4edaa5d80b2dc66dda0e34a36ac,campaign_1,blacklist target of hardcoded manager (Execute call) Jul-Oct 2025
avalanche,0xc8f9aa9bb3e17f12a3e1cbc1d728354b0f6df88f,0xce54c175880ff4edaa5d80b2dc66dda0e34a36ac,campaign_1,blacklist target of hardcoded manager (Execute call) Jul-Oct 2025
avalanche,0xc8f9ddbfd9cf65696785ba9fec866ce56840e835,0xce54c175880ff4edaa5d80b2dc66dda0e34a36ac,campaign_1,blacklist target of hardcoded manager (Execute call) Jul-Oct 2025
avalanche,0xc8fe2dbcbd90772a4008759ede40b4b056b2bc3a,0xce54c175880ff4edaa5d80b2dc66dda0e34a36ac,campaign_1,blacklist target of hardcoded manager (Execute call) Jul-Oct 2025
avalanche,0xc901f888f4c82e89c303f3d1d65b7206f03bf4e7,0xce54c175880ff4edaa5d80b2dc66dda0e34a36ac,campaign_1,blacklist target of hardcoded manager (Execute call) Jul-Oct 2025
avalanche,0xc90610897779928372c8e91c8dfb9a8f109f48b2,0xce54c175880ff4edaa5d80b2dc66dda0e34a36ac,campaign_1,blacklist target of hardcoded manager (Execute call) Jul-Oct 2025
avalanche,0xc91201ec632b64b38161566fbb04246417bed2ed,0xce54c175880ff4edaa5d80b2dc66dda0e34a36ac,campaign_1,blacklist target of hardcoded manager (Execute call) Jul-Oct 2025
avalanche,0xc91983c9d2116fb29984e947f5020cb1ca29948c,0xce54c175880ff4edaa5d80b2dc66dda0e34a36ac,campaign_1,blacklist target of hardcoded manager (Execute call) Jul-Oct 2025
avalanche,0xc93b15e05936f292b19bfa753eda635cefc6abb7,0xce54c175880ff4edaa5d80b2dc66dda0e34a36ac,campaign_1,blacklist target of hardcoded manager (Execute call) Jul-Oct 2025
avalanche,0xc93dace3ffe2dc9e79aa2e50b65c05ca9174dab5,0xce54c175880ff4edaa5d80b2dc66dda0e34a36ac,campaign_1,blacklist target of hardcoded manager (Execute call) Jul-Oct 2025
avalanche,0xc95429abe0ed442ffd5d370c73b80505559b8f85,0xce54c175880ff4edaa5d80b2dc66dda0e34a36ac,campaign_1,blacklist target of hardcoded manager (Execute call) Jul-Oct 2025
avalanche,0xc9631c5e858164a2f33a84d39884adc78f08cb46,0xce54c175880ff4edaa5d80b2dc66dda0e34a36ac,campaign_1,blacklist target of hardcoded manager (Execute call) Jul-Oct 2025
avalanche,0xc9640d94e9d2ff8568904f3da22fe06193c9471e,0xce54c175880ff4edaa5d80b2dc66dda0e34a36ac,campaign_1,blacklist target of hardcoded manager (Execute call) Jul-Oct 2025
avalanche,0xc96bb9e1a2d67fccbfcbb119d0d378d04bc382f2,0xce54c175880ff4edaa5d80b2dc66dda0e34a36ac,campaign_1,blacklist target of hardcoded manager (Execute call) Jul-Oct 2025
avalanche,0xc97a6f7965f411069074dd02277d0883467beaeb,0xce54c175880ff4edaa5d80b2dc66dda0e34a36ac,campaign_1,blacklist target of hardcoded manager (Execute call) Jul-Oct 2025
avalanche,0xc9802dd298dfe6c7fdb73fc995116c1e3d9055cb,0xce54c175880ff4edaa5d80b2dc66dda0e34a36ac,campaign_1,blacklist target of hardcoded manager (Execute call) Jul-Oct 2025
avalanche,0xc987ebfd4ece2739594124c80b2241dd61f54400,0xce54c175880ff4edaa5d80b2dc66dda0e34a36ac,campaign_1,blacklist target of hardcoded manager (Execute call) Jul-Oct 2025
avalanche,0xc9ae36aa198c40df39ab86c811845de263a990ab,0xce54c175880ff4edaa5d80b2dc66dda0e34a36ac,campaign_1,blacklist target of hardcoded manager (Execute call) Jul-Oct 2025
avalanche,0xc9ba53849e833bf060a2e172ac2d2f74f9ee5593,0xce54c175880ff4edaa5d80b2dc66dda0e34a36ac,campaign_1,blacklist target of hardcoded manager (Execute call) Jul-Oct 2025
avalanche,0xc9bc581c67e3f5cf1f77563cade36cac4f945615,0xce54c175880ff4edaa5d80b2dc66dda0e34a36ac,campaign_1,blacklist target of hardcoded manager (Execute call) Jul-Oct 2025
avalanche,0xc9ca049ed73b1b7fdc7db793c6ff06d993424a50,0xce54c175880ff4edaa5d80b2dc66dda0e34a36ac,campaign_1,blacklist target of hardcoded manager (Execute call) Jul-Oct 2025
avalanche,0xc9cd9d975bd71a4a1312302a7d537b81edc10888,0xce54c175880ff4edaa5d80b2dc66dda0e34a36ac,campaign_1,blacklist target of hardcoded manager (Execute call) Jul-Oct 2025
avalanche,0xc9d16e1b1264ac3b08e39089beda86343fc28458,0xce54c175880ff4edaa5d80b2dc66dda0e34a36ac,campaign_1,blacklist target of hardcoded manager (Execute call) Jul-Oct 2025
avalanche,0xc9d5341bee9b7030fe340e4289e3ad6941f3b8d9,0xce54c175880ff4edaa5d80b2dc66dda0e34a36ac,campaign_1,blacklist target of hardcoded manager (Execute call) Jul-Oct 2025
avalanche,0xca1e4811b76880d3677d7c531e608f7e8ac8a771,0xce54c175880ff4edaa5d80b2dc66dda0e34a36ac,campaign_1,blacklist target of hardcoded manager (Execute call) Jul-Oct 2025
avalanche,0xca244f825e6044de7a0a1604760c33fb4fea9691,0xce54c175880ff4edaa5d80b2dc66dda0e34a36ac,campaign_1,blacklist target of hardcoded manager (Execute call) Jul-Oct 2025
avalanche,0xca26b371bd736d3e82dd0b4a687a8ac0220e1611,0xce54c175880ff4edaa5d80b2dc66dda0e34a36ac,campaign_1,blacklist target of hardcoded manager (Execute call) Jul-Oct 2025
avalanche,0xca55c1d3c5d8d1bc01f4d2b56d740e8d3fe9136f,0xce54c175880ff4edaa5d80b2dc66dda0e34a36ac,campaign_1,blacklist target of hardcoded manager (Execute call) Jul-Oct 2025
avalanche,0xca5e66c22dd1e314dba6458adeb9dabdf033a5ff,0xce54c175880ff4edaa5d80b2dc66dda0e34a36ac,campaign_1,blacklist target of hardcoded manager (Execute call) Jul-Oct 2025
avalanche,0xca73a5c25aca0ac0d189d7dadc044f4cf8bcb479,0xce54c175880ff4edaa5d80b2dc66dda0e34a36ac,campaign_1,blacklist target of hardcoded manager (Execute call) Jul-Oct 2025
avalanche,0xcaa5f4237913b5596076dff9951ef44f596d91c7,0xce54c175880ff4edaa5d80b2dc66dda0e34a36ac,campaign_1,blacklist target of hardcoded manager (Execute call) Jul-Oct 2025
avalanche,0xcaac527454bbf487572148b9ffb6025f9007e201,0xce54c175880ff4edaa5d80b2dc66dda0e34a36ac,campaign_1,blacklist target of hardcoded manager (Execute call) Jul-Oct 2025
avalanche,0xcabbbe0d859a10f1451efe4e873d60fb2f5b9e61,0xce54c175880ff4edaa5d80b2dc66dda0e34a36ac,campaign_1,blacklist target of hardcoded manager (Execute call) Jul-Oct 2025
avalanche,0xcad2165b39cb8ce64b58c2d9527b8e18274b58d5,0xce54c175880ff4edaa5d80b2dc66dda0e34a36ac,campaign_1,blacklist target of hardcoded manager (Execute call) Jul-Oct 2025
avalanche,0xcaef271b1aa9fba9b0e7c55e4731ffd88358f919,0xce54c175880ff4edaa5d80b2dc66dda0e34a36ac,campaign_1,blacklist target of hardcoded manager (Execute call) Jul-Oct 2025
avalanche,0xcb00ca60c84f3f687904413138e2a816bdc52fb5,0xce54c175880ff4edaa5d80b2dc66dda0e34a36ac,campaign_1,blacklist target of hardcoded manager (Execute call) Jul-Oct 2025
avalanche,0xcb02c3c44e168400ff705c1514bba81a528a7b5c,0xce54c175880ff4edaa5d80b2dc66dda0e34a36ac,campaign_1,blacklist target of hardcoded manager (Execute call) Jul-Oct 2025
avalanche,0xcb1221daafeda08630a33ae6e9b90d68b116e384,0xce54c175880ff4edaa5d80b2dc66dda0e34a36ac,campaign_1,blacklist target of hardcoded manager (Execute call) Jul-Oct 2025
avalanche,0xcb512656b7e74defee11b403810ea2ff7594b512,0xce54c175880ff4edaa5d80b2dc66dda0e34a36ac,campaign_1,blacklist target of hardcoded manager (Execute call) Jul-Oct 2025
avalanche,0xcb514b7cb16866b46e3127ac9712eac01209b460,0xce54c175880ff4edaa5d80b2dc66dda0e34a36ac,campaign_1,blacklist target of hardcoded manager (Execute call) Jul-Oct 2025
avalanche,0xcb52d2ac75f5459f1c83b5005b4dbf9b138eff34,0xce54c175880ff4edaa5d80b2dc66dda0e34a36ac,campaign_1,blacklist target of hardcoded manager (Execute call) Jul-Oct 2025
avalanche,0xcb539b2f9c0ff1e0dd74dfa4deb36e1535d48d11,0xce54c175880ff4edaa5d80b2dc66dda0e34a36ac,campaign_1,blacklist target of hardcoded manager (Execute call) Jul-Oct 2025
avalanche,0xcb553df6b3a6d008628ae18e8921e78d26a77358,0xce54c175880ff4edaa5d80b2dc66dda0e34a36ac,campaign_1,blacklist target of hardcoded manager (Execute call) Jul-Oct 2025
avalanche,0xcb704d3dcd189279ef0011c1b3205836705426d4,0xce54c175880ff4edaa5d80b2dc66dda0e34a36ac,campaign_1,blacklist target of hardcoded manager (Execute call) Jul-Oct 2025
avalanche,0xcb77e97f1ac3ccb14aa797497aea63ad0747f37f,0xce54c175880ff4edaa5d80b2dc66dda0e34a36ac,campaign_1,blacklist target of hardcoded manager (Execute call) Jul-Oct 2025
avalanche,0xcb82b1c273a00af1cdc3a528a618df26ea6145fc,0xce54c175880ff4edaa5d80b2dc66dda0e34a36ac,campaign_1,blacklist target of hardcoded manager (Execute call) Jul-Oct 2025
avalanche,0xcb8690cf9709558e32c413c7cf1be29f08dcc138,0xce54c175880ff4edaa5d80b2dc66dda0e34a36ac,campaign_1,blacklist target of hardcoded manager (Execute call) Jul-Oct 2025
avalanche,0xcb9b11e08ab129eb61504a889472f92b8cc6cf75,0xce54c175880ff4edaa5d80b2dc66dda0e34a36ac,campaign_1,blacklist target of hardcoded manager (Execute call) Jul-Oct 2025
avalanche,0xcb9dd10ae75a8506fceef6d7589cf6ae349fb5cf,0xce54c175880ff4edaa5d80b2dc66dda0e34a36ac,campaign_1,blacklist target of hardcoded manager (Execute call) Jul-Oct 2025
avalanche,0xcba13d19a9db2ad16a43c29840687bcbac38fad8,0xce54c175880ff4edaa5d80b2dc66dda0e34a36ac,campaign_1,blacklist target of hardcoded manager (Execute call) Jul-Oct 2025
avalanche,0xcba7fad00c66bbbe6a17953fe7a758d0b0a72ec5,0xce54c175880ff4edaa5d80b2dc66dda0e34a36ac,campaign_1,blacklist target of hardcoded manager (Execute call) Jul-Oct 2025
avalanche,0xcbc8e66ec1454d72aa61bb00e14d25cfb43a4896,0xce54c175880ff4edaa5d80b2dc66dda0e34a36ac,campaign_1,blacklist target of hardcoded manager (Execute call) Jul-Oct 2025
avalanche,0xcbeb3510ddd23035c24d0bd361985162439e17eb,0xce54c175880ff4edaa5d80b2dc66dda0e34a36ac,campaign_1,blacklist target of hardcoded manager (Execute call) Jul-Oct 2025
avalanche,0xcbecdaa2d3948a66ad730a6a545da6cad1459e5a,0xce54c175880ff4edaa5d80b2dc66dda0e34a36ac,campaign_1,blacklist target of hardcoded manager (Execute call) Jul-Oct 2025
avalanche,0xcc0f9b88b484a44e08cb05e5a3af8ee65354b696,0xce54c175880ff4edaa5d80b2dc66dda0e34a36ac,campaign_1,blacklist target of hardcoded manager (Execute call) Jul-Oct 2025
avalanche,0xcc1f977526af276f3ac559c96af33064cfc577af,0xce54c175880ff4edaa5d80b2dc66dda0e34a36ac,campaign_1,blacklist target of hardcoded manager (Execute call) Jul-Oct 2025
avalanche,0xcc2572cffb9f13fc99e6f081b4fc2625238950d7,0xce54c175880ff4edaa5d80b2dc66dda0e34a36ac,campaign_1,blacklist target of hardcoded manager (Execute call) Jul-Oct 2025
avalanche,0xcc28103b7fcbb13605fa6e1fce26a1eca2c5d508,0xce54c175880ff4edaa5d80b2dc66dda0e34a36ac,campaign_1,blacklist target of hardcoded manager (Execute call) Jul-Oct 2025
avalanche,0xcc367a7b56bff2cf31b78c61dd651044fb7baaab,0xce54c175880ff4edaa5d80b2dc66dda0e34a36ac,campaign_1,blacklist target of hardcoded manager (Execute call) Jul-Oct 2025
avalanche,0xcc4e5e105ecfad2f79acc886cb3dcf3fd4694fc6,0xce54c175880ff4edaa5d80b2dc66dda0e34a36ac,campaign_1,blacklist target of hardcoded manager (Execute call) Jul-Oct 2025
avalanche,0xcc5014a0c4e1a35f02e68fdeb16cdb0aa8d3027c,0xce54c175880ff4edaa5d80b2dc66dda0e34a36ac,campaign_1,blacklist target of hardcoded manager (Execute call) Jul-Oct 2025
avalanche,0xcc56899cb0d654835bdc284a797e756f847509e3,0xce54c175880ff4edaa5d80b2dc66dda0e34a36ac,campaign_1,blacklist target of hardcoded manager (Execute call) Jul-Oct 2025
avalanche,0xcc605da30afff0f42d61a9fb455624a0feca3742,0xce54c175880ff4edaa5d80b2dc66dda0e34a36ac,campaign_1,blacklist target of hardcoded manager (Execute call) Jul-Oct 2025
avalanche,0xcc8c48108d368f4191efb6bedc05cc79ef8cfaf4,0xce54c175880ff4edaa5d80b2dc66dda0e34a36ac,campaign_1,blacklist target of hardcoded manager (Execute call) Jul-Oct 2025
avalanche,0xcc96e147930a3e2290d46ab40e559bcf20ce2003,0xce54c175880ff4edaa5d80b2dc66dda0e34a36ac,campaign_1,blacklist target of hardcoded manager (Execute call) Jul-Oct 2025
avalanche,0xcca6050d2d34f42397d7b90329675e1808e18113,0xce54c175880ff4edaa5d80b2dc66dda0e34a36ac,campaign_1,blacklist target of hardcoded manager (Execute call) Jul-Oct 2025
avalanche,0xccb5f64729c21700a27f61380c47b8a92c59b40f,0xce54c175880ff4edaa5d80b2dc66dda0e34a36ac,campaign_1,blacklist target of hardcoded manager (Execute call) Jul-Oct 2025
avalanche,0xccc911b568f8ec989d75773fa7d8d5e93e927e4f,0xce54c175880ff4edaa5d80b2dc66dda0e34a36ac,campaign_1,blacklist target of hardcoded manager (Execute call) Jul-Oct 2025
avalanche,0xccd9f67d733cf5e42374d922ad71c82296d67fc6,0xce54c175880ff4edaa5d80b2dc66dda0e34a36ac,campaign_1,blacklist target of hardcoded manager (Execute call) Jul-Oct 2025
avalanche,0xccf4942014eb2e7edd2daf1ff145321890584aa8,0xce54c175880ff4edaa5d80b2dc66dda0e34a36ac,campaign_1,blacklist target of hardcoded manager (Execute call) Jul-Oct 2025
avalanche,0xcd023ee3eed865a44fc8b16c7e4d293c4d52672c,0xce54c175880ff4edaa5d80b2dc66dda0e34a36ac,campaign_1,blacklist target of hardcoded manager (Execute call) Jul-Oct 2025
avalanche,0xcd1fcad3afa453ebfd3b259d6aca3cd9d0db99ae,0xce54c175880ff4edaa5d80b2dc66dda0e34a36ac,campaign_1,blacklist target of hardcoded manager (Execute call) Jul-Oct 2025
avalanche,0xcd368c763fcf4cec6052a73e0deacf4fb6b0f947,0xce54c175880ff4edaa5d80b2dc66dda0e34a36ac,campaign_1,blacklist target of hardcoded manager (Execute call) Jul-Oct 2025
avalanche,0xcd36cd5dbfb280d5b490d6b733ee8eaa96d602ea,0xce54c175880ff4edaa5d80b2dc66dda0e34a36ac,campaign_1,blacklist target of hardcoded manager (Execute call) Jul-Oct 2025
avalanche,0xcd382145c7cd7dd329d028f6dd4d7e100185b182,0xce54c175880ff4edaa5d80b2dc66dda0e34a36ac,campaign_1,blacklist target of hardcoded manager (Execute call) Jul-Oct 2025
avalanche,0xcd5233e8d091095903b61b04f21ac54170ecf02c,0xce54c175880ff4edaa5d80b2dc66dda0e34a36ac,campaign_1,blacklist target of hardcoded manager (Execute call) Jul-Oct 2025
avalanche,0xcd54eb7207084d4b9bb77ca05c52beb2124b7b0a,0xce54c175880ff4edaa5d80b2dc66dda0e34a36ac,campaign_1,blacklist target of hardcoded manager (Execute call) Jul-Oct 2025
avalanche,0xcd597f95ad26a4274af012fd7eaedc01473c2348,0xce54c175880ff4edaa5d80b2dc66dda0e34a36ac,campaign_1,blacklist target of hardcoded manager (Execute call) Jul-Oct 2025
avalanche,0xcd5ae5418f775e55704bb429abff55eef4e5ea17,0xce54c175880ff4edaa5d80b2dc66dda0e34a36ac,campaign_1,blacklist target of hardcoded manager (Execute call) Jul-Oct 2025
avalanche,0xcd64869cfe7474068d773bb98e0f3b49c6c597b8,0xce54c175880ff4edaa5d80b2dc66dda0e34a36ac,campaign_1,blacklist target of hardcoded manager (Execute call) Jul-Oct 2025
avalanche,0xcd65f33d2f933e390fd70e9a366133f9cf23be3d,0xce54c175880ff4edaa5d80b2dc66dda0e34a36ac,campaign_1,blacklist target of hardcoded manager (Execute call) Jul-Oct 2025
avalanche,0xcd709521fdd6ef6ffa9652c6088fead67246e4ce,0xce54c175880ff4edaa5d80b2dc66dda0e34a36ac,campaign_1,blacklist target of hardcoded manager (Execute call) Jul-Oct 2025
avalanche,0xcd8a4051a2fdde74a90faa77a629e3a622c9669a,0xce54c175880ff4edaa5d80b2dc66dda0e34a36ac,campaign_1,blacklist target of hardcoded manager (Execute call) Jul-Oct 2025
avalanche,0xcd8dc19baca40aeece310c659c373179ccafd406,0xce54c175880ff4edaa5d80b2dc66dda0e34a36ac,campaign_1,blacklist target of hardcoded manager (Execute call) Jul-Oct 2025
avalanche,0xcd98c46c4e419de19e34f7de0d03bab8cc69d943,0xce54c175880ff4edaa5d80b2dc66dda0e34a36ac,campaign_1,blacklist target of hardcoded manager (Execute call) Jul-Oct 2025
avalanche,0xcda7ca44f5770afa7e3efc8e18daaa85c5738c11,0xce54c175880ff4edaa5d80b2dc66dda0e34a36ac,campaign_1,blacklist target of hardcoded manager (Execute call) Jul-Oct 2025
avalanche,0xcdabf12f226285a207cb2ab3e69bb48c65bd4e49,0xce54c175880ff4edaa5d80b2dc66dda0e34a36ac,campaign_1,blacklist target of hardcoded manager (Execute call) Jul-Oct 2025
avalanche,0xcdb29eedb3b96bd4259d977f4eaa00243b732842,0xce54c175880ff4edaa5d80b2dc66dda0e34a36ac,campaign_1,blacklist target of hardcoded manager (Execute call) Jul-Oct 2025
avalanche,0xcdb4aed6d6e01eef2068ccf185f906be614f1d27,0xce54c175880ff4edaa5d80b2dc66dda0e34a36ac,campaign_1,blacklist target of hardcoded manager (Execute call) Jul-Oct 2025
avalanche,0xcdca5e8a99b152ceb91d95d6834cc3657c2ef104,0xce54c175880ff4edaa5d80b2dc66dda0e34a36ac,campaign_1,blacklist target of hardcoded manager (Execute call) Jul-Oct 2025
avalanche,0xcdcf456f4a2c2ee9e0bcb04dc3a354235e1dc7fa,0xce54c175880ff4edaa5d80b2dc66dda0e34a36ac,campaign_1,blacklist target of hardcoded manager (Execute call) Jul-Oct 2025
avalanche,0xcdfba5fc3b37a99386cc884749d79cdda24de03c,0xce54c175880ff4edaa5d80b2dc66dda0e34a36ac,campaign_1,blacklist target of hardcoded manager (Execute call) Jul-Oct 2025
avalanche,0xce0db408d0ffc1f6438562f11384893bf992fff9,0xce54c175880ff4edaa5d80b2dc66dda0e34a36ac,campaign_1,blacklist target of hardcoded manager (Execute call) Jul-Oct 2025
avalanche,0xce130ee26d182196fcebbb848984dda954f9a96e,0xce54c175880ff4edaa5d80b2dc66dda0e34a36ac,campaign_1,blacklist target of hardcoded manager (Execute call) Jul-Oct 2025
avalanche,0xce2ab539222f15f4b0cc572da761bb7c57d0e42a,0xce54c175880ff4edaa5d80b2dc66dda0e34a36ac,campaign_1,blacklist target of hardcoded manager (Execute call) Jul-Oct 2025
avalanche,0xce2d56f527b79c481a4be617578dc8850d40689b,0xce54c175880ff4edaa5d80b2dc66dda0e34a36ac,campaign_1,blacklist target of hardcoded manager (Execute call) Jul-Oct 2025
avalanche,0xce2fb727800eafec15486facaad06c23da04cd34,0xce54c175880ff4edaa5d80b2dc66dda0e34a36ac,campaign_1,blacklist target of hardcoded manager (Execute call) Jul-Oct 2025
avalanche,0xce314453c56885f68136dbc6fd185e3169a93ba7,0xce54c175880ff4edaa5d80b2dc66dda0e34a36ac,campaign_1,blacklist target of hardcoded manager (Execute call) Jul-Oct 2025
avalanche,0xce37c0e8de2a3807a6d4be041ffd2560a8861168,0xce54c175880ff4edaa5d80b2dc66dda0e34a36ac,campaign_1,blacklist target of hardcoded manager (Execute call) Jul-Oct 2025
avalanche,0xce41c30c02721b8549f2cc1204abee88dd8dd4af,0xce54c175880ff4edaa5d80b2dc66dda0e34a36ac,campaign_1,blacklist target of hardcoded manager (Execute call) Jul-Oct 2025
avalanche,0xce5441d3b4dd99d4385c167f3760c59340ce000f,0xce54c175880ff4edaa5d80b2dc66dda0e34a36ac,campaign_1,blacklist target of hardcoded manager (Execute call) Jul-Oct 2025
avalanche,0xce77933240d282d7cfb3c8751f20e7436509fc07,0xce54c175880ff4edaa5d80b2dc66dda0e34a36ac,campaign_1,blacklist target of hardcoded manager (Execute call) Jul-Oct 2025
avalanche,0xce867a346dfc0085b0cf9ed7ef9c50293dc3100a,0xce54c175880ff4edaa5d80b2dc66dda0e34a36ac,campaign_1,blacklist target of hardcoded manager (Execute call) Jul-Oct 2025
avalanche,0xce887b7d9ba325871e3b9ad0ff793926e3cba540,0xce54c175880ff4edaa5d80b2dc66dda0e34a36ac,campaign_1,blacklist target of hardcoded manager (Execute call) Jul-Oct 2025
avalanche,0xce8c4513eb65869feba7ff014aaf0a00dd4bdae4,0xce54c175880ff4edaa5d80b2dc66dda0e34a36ac,campaign_1,blacklist target of hardcoded manager (Execute call) Jul-Oct 2025
avalanche,0xceab551ec71c520de34e03f92be6865e43f33e84,0xce54c175880ff4edaa5d80b2dc66dda0e34a36ac,campaign_1,blacklist target of hardcoded manager (Execute call) Jul-Oct 2025
avalanche,0xceb13328b382b8adaa20ac169fb2024567fae22b,0xce54c175880ff4edaa5d80b2dc66dda0e34a36ac,campaign_1,blacklist target of hardcoded manager (Execute call) Jul-Oct 2025
avalanche,0xceb6407f4e11d3be5dae5b40f92eed8eb5af1158,0xce54c175880ff4edaa5d80b2dc66dda0e34a36ac,campaign_1,blacklist target of hardcoded manager (Execute call) Jul-Oct 2025
avalanche,0xcec06d0849a49ab5480e7e2e22affa1684db6577,0xce54c175880ff4edaa5d80b2dc66dda0e34a36ac,campaign_1,blacklist target of hardcoded manager (Execute call) Jul-Oct 2025
avalanche,0xced6f620674b7cf891edeb8a48f5589f3787ef50,0xce54c175880ff4edaa5d80b2dc66dda0e34a36ac,campaign_1,blacklist target of hardcoded manager (Execute call) Jul-Oct 2025
avalanche,0xceda4ed1d0f95946f1afbe50274417f1ce8125b0,0xce54c175880ff4edaa5d80b2dc66dda0e34a36ac,campaign_1,blacklist target of hardcoded manager (Execute call) Jul-Oct 2025
avalanche,0xcef4966d5fca53ad66169f569877a97b8659b49d,0xce54c175880ff4edaa5d80b2dc66dda0e34a36ac,campaign_1,blacklist target of hardcoded manager (Execute call) Jul-Oct 2025
avalanche,0xcf0c8486cec63bac98eff77944bd8794dfecc9d7,0xce54c175880ff4edaa5d80b2dc66dda0e34a36ac,campaign_1,blacklist target of hardcoded manager (Execute call) Jul-Oct 2025
avalanche,0xcf25615d2adf7afdad9b0cf1496446ac789bf067,0xce54c175880ff4edaa5d80b2dc66dda0e34a36ac,campaign_1,blacklist target of hardcoded manager (Execute call) Jul-Oct 2025
avalanche,0xcf2a0c24f0659def798528ddf5a60450f689fc01,0xce54c175880ff4edaa5d80b2dc66dda0e34a36ac,campaign_1,blacklist target of hardcoded manager (Execute call) Jul-Oct 2025
avalanche,0xcf36115957eb8126e338c8f3efe99bb2a9e223fc,0xce54c175880ff4edaa5d80b2dc66dda0e34a36ac,campaign_1,blacklist target of hardcoded manager (Execute call) Jul-Oct 2025
avalanche,0xcf46d9bae4d5108ecc7a7dfbe606d5fefa692d22,0xce54c175880ff4edaa5d80b2dc66dda0e34a36ac,campaign_1,blacklist target of hardcoded manager (Execute call) Jul-Oct 2025
avalanche,0xcf55a612522ee4e98ccab2643821b372e1628ca2,0xce54c175880ff4edaa5d80b2dc66dda0e34a36ac,campaign_1,blacklist target of hardcoded manager (Execute call) Jul-Oct 2025
avalanche,0xcf59282a4c9fe84947b52368f9bf1e486717343c,0xce54c175880ff4edaa5d80b2dc66dda0e34a36ac,campaign_1,blacklist target of hardcoded manager (Execute call) Jul-Oct 2025
avalanche,0xcf59fd64887167a834c231d766dd8ff167bfbde2,0xce54c175880ff4edaa5d80b2dc66dda0e34a36ac,campaign_1,blacklist target of hardcoded manager (Execute call) Jul-Oct 2025
avalanche,0xcf5de1f570932db8edfe95a865b80ca636c4a6c7,0xce54c175880ff4edaa5d80b2dc66dda0e34a36ac,campaign_1,blacklist target of hardcoded manager (Execute call) Jul-Oct 2025
avalanche,0xcf60aa2b8b3a928e31455abd7c69d87e31d8126b,0xce54c175880ff4edaa5d80b2dc66dda0e34a36ac,campaign_1,blacklist target of hardcoded manager (Execute call) Jul-Oct 2025
avalanche,0xcf628709ddff2a20224a2385b6a5f2dc4d70aa1a,0xce54c175880ff4edaa5d80b2dc66dda0e34a36ac,campaign_1,blacklist target of hardcoded manager (Execute call) Jul-Oct 2025
avalanche,0xcf6b43383a57cb38e63eae381eff1e59f49200dd,0xce54c175880ff4edaa5d80b2dc66dda0e34a36ac,campaign_1,blacklist target of hardcoded manager (Execute call) Jul-Oct 2025
avalanche,0xcf9a8ea19921769f8b062116ce936eb41034e3c5,0xce54c175880ff4edaa5d80b2dc66dda0e34a36ac,campaign_1,blacklist target of hardcoded manager (Execute call) Jul-Oct 2025
avalanche,0xcfb2a0d64ce5a097d4774cc0ab22a04e03bcf79e,0xce54c175880ff4edaa5d80b2dc66dda0e34a36ac,campaign_1,blacklist target of hardcoded manager (Execute call) Jul-Oct 2025
avalanche,0xcfb3813263a65877c97cd52409eff26185f31616,0xce54c175880ff4edaa5d80b2dc66dda0e34a36ac,campaign_1,blacklist target of hardcoded manager (Execute call) Jul-Oct 2025
avalanche,0xcfb774281a29df7fba9e5b3c20d0b0719b28c184,0xce54c175880ff4edaa5d80b2dc66dda0e34a36ac,campaign_1,blacklist target of hardcoded manager (Execute call) Jul-Oct 2025
avalanche,0xcfbe3236e275a3d08d05b27047faf46f5d34ef84,0xce54c175880ff4edaa5d80b2dc66dda0e34a36ac,campaign_1,blacklist target of hardcoded manager (Execute call) Jul-Oct 2025
avalanche,0xcfcb24f21fb5e552caae82d4b2ba4b747a23de2d,0xce54c175880ff4edaa5d80b2dc66dda0e34a36ac,campaign_1,blacklist target of hardcoded manager (Execute call) Jul-Oct 2025
avalanche,0xcfd34bf3a7445d930b2c9cae9e42e5477c52e8cb,0xce54c175880ff4edaa5d80b2dc66dda0e34a36ac,campaign_1,blacklist target of hardcoded manager (Execute call) Jul-Oct 2025
avalanche,0xcfdd0b34d9d2a25ec215d35842c69e6b0e1bbb36,0xce54c175880ff4edaa5d80b2dc66dda0e34a36ac,campaign_1,blacklist target of hardcoded manager (Execute call) Jul-Oct 2025
avalanche,0xcfe3541908ee1c867be542674a0878044bfa5462,0xce54c175880ff4edaa5d80b2dc66dda0e34a36ac,campaign_1,blacklist target of hardcoded manager (Execute call) Jul-Oct 2025
avalanche,0xcfe61637d7f9788a5dd118182408954368389c8d,0xce54c175880ff4edaa5d80b2dc66dda0e34a36ac,campaign_1,blacklist target of hardcoded manager (Execute call) Jul-Oct 2025
avalanche,0xcff66f002e9f82b5fae2f11d6934e8b84e0cc977,0xce54c175880ff4edaa5d80b2dc66dda0e34a36ac,campaign_1,blacklist target of hardcoded manager (Execute call) Jul-Oct 2025
avalanche,0xcffa1968d28d88af7fb6e57587f039cf8718e56c,0xce54c175880ff4edaa5d80b2dc66dda0e34a36ac,campaign_1,blacklist target of hardcoded manager (Execute call) Jul-Oct 2025
avalanche,0xd007ce6030966e03a12380ffea1297b3884665fe,0xce54c175880ff4edaa5d80b2dc66dda0e34a36ac,campaign_1,blacklist target of hardcoded manager (Execute call) Jul-Oct 2025
avalanche,0xd027f5e137b2939e844aab05009f3229ac583c5d,0xce54c175880ff4edaa5d80b2dc66dda0e34a36ac,campaign_1,blacklist target of hardcoded manager (Execute call) Jul-Oct 2025
avalanche,0xd029d948c73ce41a7d50f805b59b9151590e1c55,0xce54c175880ff4edaa5d80b2dc66dda0e34a36ac,campaign_1,blacklist target of hardcoded manager (Execute call) Jul-Oct 2025
avalanche,0xd03dece7fc806f8da69496263ec7a448ee592a5f,0xce54c175880ff4edaa5d80b2dc66dda0e34a36ac,campaign_1,blacklist target of hardcoded manager (Execute call) Jul-Oct 2025
avalanche,0xd04929718a9ab0c32bbe6ca613ba758cfaf597f3,0xce54c175880ff4edaa5d80b2dc66dda0e34a36ac,campaign_1,blacklist target of hardcoded manager (Execute call) Jul-Oct 2025
avalanche,0xd05674b70f3b94b95a14ed45b8b82273c805b43f,0xce54c175880ff4edaa5d80b2dc66dda0e34a36ac,campaign_1,blacklist target of hardcoded manager (Execute call) Jul-Oct 2025
avalanche,0xd068310f1c266f47e3f3049485a008c08e39adf8,0xce54c175880ff4edaa5d80b2dc66dda0e34a36ac,campaign_1,blacklist target of hardcoded manager (Execute call) Jul-Oct 2025
avalanche,0xd08bc9572d1b4ac9c0cef4ce48240ba6f614cc97,0xce54c175880ff4edaa5d80b2dc66dda0e34a36ac,campaign_1,blacklist target of hardcoded manager (Execute call) Jul-Oct 2025
avalanche,0xd09968bcc6a6d1639468cbc6d84fd916e7646a1d,0xce54c175880ff4edaa5d80b2dc66dda0e34a36ac,campaign_1,blacklist target of hardcoded manager (Execute call) Jul-Oct 2025
avalanche,0xd0b1df66cff545da378051ddb0dd7ddc09f4a2c2,0xce54c175880ff4edaa5d80b2dc66dda0e34a36ac,campaign_1,blacklist target of hardcoded manager (Execute call) Jul-Oct 2025
avalanche,0xd0b3c70e67cc306941091845d628287e51326665,0xce54c175880ff4edaa5d80b2dc66dda0e34a36ac,campaign_1,blacklist target of hardcoded manager (Execute call) Jul-Oct 2025
avalanche,0xd0d5e80e981feafc414bd92738f6e73d5425edec,0xce54c175880ff4edaa5d80b2dc66dda0e34a36ac,campaign_1,blacklist target of hardcoded manager (Execute call) Jul-Oct 2025
avalanche,0xd0d8e64375c986dce6f78bdc6d36cf3105555b97,0xce54c175880ff4edaa5d80b2dc66dda0e34a36ac,campaign_1,blacklist target of hardcoded manager (Execute call) Jul-Oct 2025
avalanche,0xd0db6a6aae710e7a01d9e62bd51681012222e985,0xce54c175880ff4edaa5d80b2dc66dda0e34a36ac,campaign_1,blacklist target of hardcoded manager (Execute call) Jul-Oct 2025
avalanche,0xd0dcb0cf0aca04f4121801af30a5168500a57716,0xce54c175880ff4edaa5d80b2dc66dda0e34a36ac,campaign_1,blacklist target of hardcoded manager (Execute call) Jul-Oct 2025
avalanche,0xd0dcc3cec25be59d71f2330728fbe8bbc70a30e7,0xce54c175880ff4edaa5d80b2dc66dda0e34a36ac,campaign_1,blacklist target of hardcoded manager (Execute call) Jul-Oct 2025
avalanche,0xd0ef9570cb0de728e2aee231b6d63471c3f75b26,0xce54c175880ff4edaa5d80b2dc66dda0e34a36ac,campaign_1,blacklist target of hardcoded manager (Execute call) Jul-Oct 2025
avalanche,0xd0fc13f09d05840d73de71582bdd687a06ddfa76,0xce54c175880ff4edaa5d80b2dc66dda0e34a36ac,campaign_1,blacklist target of hardcoded manager (Execute call) Jul-Oct 2025
avalanche,0xd152e829d67f5794c51b4f10399e8d79b2ddc437,0xce54c175880ff4edaa5d80b2dc66dda0e34a36ac,campaign_1,blacklist target of hardcoded manager (Execute call) Jul-Oct 2025
avalanche,0xd15c599a743c9b5a26c1e9bfac7b68e1a9185965,0xce54c175880ff4edaa5d80b2dc66dda0e34a36ac,campaign_1,blacklist target of hardcoded manager (Execute call) Jul-Oct 2025
avalanche,0xd1896d600809872117e43a70c78f19a11553f3c3,0xce54c175880ff4edaa5d80b2dc66dda0e34a36ac,campaign_1,blacklist target of hardcoded manager (Execute call) Jul-Oct 2025
avalanche,0xd1a30ecca635c48ee885863ac3d8a75e8ae846d6,0xce54c175880ff4edaa5d80b2dc66dda0e34a36ac,campaign_1,blacklist target of hardcoded manager (Execute call) Jul-Oct 2025
avalanche,0xd1abdac845db99dce27e03ceb3ca0510950fc437,0xce54c175880ff4edaa5d80b2dc66dda0e34a36ac,campaign_1,blacklist target of hardcoded manager (Execute call) Jul-Oct 2025
avalanche,0xd1afb0b85f13281eb4aec0ea59f40f982a765228,0xce54c175880ff4edaa5d80b2dc66dda0e34a36ac,campaign_1,blacklist target of hardcoded manager (Execute call) Jul-Oct 2025
avalanche,0xd1c753c4ac52e1cf906030b2ad4a97a349c6d643,0xce54c175880ff4edaa5d80b2dc66dda0e34a36ac,campaign_1,blacklist target of hardcoded manager (Execute call) Jul-Oct 2025
avalanche,0xd1d332293604a8f41bbfdf3ae8f1f5dc112009cf,0xce54c175880ff4edaa5d80b2dc66dda0e34a36ac,campaign_1,blacklist target of hardcoded manager (Execute call) Jul-Oct 2025
avalanche,0xd1fc2cb09b396bb5b3dcc6d11936fb0546bdbc9d,0xce54c175880ff4edaa5d80b2dc66dda0e34a36ac,campaign_1,blacklist target of hardcoded manager (Execute call) Jul-Oct 2025
avalanche,0xd20cf80784306195df29c5c6277c780bb65d39ed,0xce54c175880ff4edaa5d80b2dc66dda0e34a36ac,campaign_1,blacklist target of hardcoded manager (Execute call) Jul-Oct 2025
avalanche,0xd22bab95a0c1ecb2f975ab40549c7196ec464c82,0xce54c175880ff4edaa5d80b2dc66dda0e34a36ac,campaign_1,blacklist target of hardcoded manager (Execute call) Jul-Oct 2025
avalanche,0xd232e092165d4b85d3108ad485c7c992e052029f,0xce54c175880ff4edaa5d80b2dc66dda0e34a36ac,campaign_1,blacklist target of hardcoded manager (Execute call) Jul-Oct 2025
avalanche,0xd23b8c0b4b012e1226cef309e2427d7ad51b2038,0xce54c175880ff4edaa5d80b2dc66dda0e34a36ac,campaign_1,blacklist target of hardcoded manager (Execute call) Jul-Oct 2025
avalanche,0xd26a848a977d042eb05625726d1d49dd17c9b46d,0xce54c175880ff4edaa5d80b2dc66dda0e34a36ac,campaign_1,blacklist target of hardcoded manager (Execute call) Jul-Oct 2025
avalanche,0xd26c0f1dfbadcb6b439931d7ea8245e4565b47db,0xce54c175880ff4edaa5d80b2dc66dda0e34a36ac,campaign_1,blacklist target of hardcoded manager (Execute call) Jul-Oct 2025
avalanche,0xd27de0ffcf2ace5bad46b34aade0c6697f960ace,0xce54c175880ff4edaa5d80b2dc66dda0e34a36ac,campaign_1,blacklist target of hardcoded manager (Execute call) Jul-Oct 2025
avalanche,0xd28f7ff5b74077f3056759bccc7e0a383ba001d4,0xce54c175880ff4edaa5d80b2dc66dda0e34a36ac,campaign_1,blacklist target of hardcoded manager (Execute call) Jul-Oct 2025
avalanche,0xd291344113e6c2acec3c767e3bb252f3f9d43f35,0xce54c175880ff4edaa5d80b2dc66dda0e34a36ac,campaign_1,blacklist target of hardcoded manager (Execute call) Jul-Oct 2025
avalanche,0xd29a4c0c3824104dbdc33cd6653a4908d49d5fae,0xce54c175880ff4edaa5d80b2dc66dda0e34a36ac,campaign_1,blacklist target of hardcoded manager (Execute call) Jul-Oct 2025
avalanche,0xd29e1cea3817860b1569e90f87e8e663222a6e2a,0xce54c175880ff4edaa5d80b2dc66dda0e34a36ac,campaign_1,blacklist target of hardcoded manager (Execute call) Jul-Oct 2025
avalanche,0xd29eab9a73bd496348a7c96c5a00aae01ef976d7,0xce54c175880ff4edaa5d80b2dc66dda0e34a36ac,campaign_1,blacklist target of hardcoded manager (Execute call) Jul-Oct 2025
avalanche,0xd2a6ea07842bdb3fd99e36e99a3bfa1d8613db0f,0xce54c175880ff4edaa5d80b2dc66dda0e34a36ac,campaign_1,blacklist target of hardcoded manager (Execute call) Jul-Oct 2025
avalanche,0xd2b5342a7867b0cc03d426fbeb0be2ac0ff68bc0,0xce54c175880ff4edaa5d80b2dc66dda0e34a36ac,campaign_1,blacklist target of hardcoded manager (Execute call) Jul-Oct 2025
avalanche,0xd2bf895aab31f09fef598f89715bd496750552e1,0xce54c175880ff4edaa5d80b2dc66dda0e34a36ac,campaign_1,blacklist target of hardcoded manager (Execute call) Jul-Oct 2025
avalanche,0xd2f8727d25f74761834118490162299f3e77669d,0xce54c175880ff4edaa5d80b2dc66dda0e34a36ac,campaign_1,blacklist target of hardcoded manager (Execute call) Jul-Oct 2025
avalanche,0xd312e61ded8e9b1dbc26941de662a37da0581702,0xce54c175880ff4edaa5d80b2dc66dda0e34a36ac,campaign_1,blacklist target of hardcoded manager (Execute call) Jul-Oct 2025
avalanche,0xd3159748d648cb26bb57378d0cac41f8bd485b89,0xce54c175880ff4edaa5d80b2dc66dda0e34a36ac,campaign_1,blacklist target of hardcoded manager (Execute call) Jul-Oct 2025
avalanche,0xd3163cf7bce4a827e300910cf015f0551085ebf3,0xce54c175880ff4edaa5d80b2dc66dda0e34a36ac,campaign_1,blacklist target of hardcoded manager (Execute call) Jul-Oct 2025
avalanche,0xd31e8bbb2bbb77f1687f399806dfa814d6d62a48,0xce54c175880ff4edaa5d80b2dc66dda0e34a36ac,campaign_1,blacklist target of hardcoded manager (Execute call) Jul-Oct 2025
avalanche,0xd32237f5effb6c7c687dac8e555609ba11b71bda,0xce54c175880ff4edaa5d80b2dc66dda0e34a36ac,campaign_1,blacklist target of hardcoded manager (Execute call) Jul-Oct 2025
avalanche,0xd32ba013ada48fdcf9c2e0bdfc4d7fe698835d57,0xce54c175880ff4edaa5d80b2dc66dda0e34a36ac,campaign_1,blacklist target of hardcoded manager (Execute call) Jul-Oct 2025
avalanche,0xd33d92cef4b3046fbe57db9a3249477bb0fe1a82,0xce54c175880ff4edaa5d80b2dc66dda0e34a36ac,campaign_1,blacklist target of hardcoded manager (Execute call) Jul-Oct 2025
avalanche,0xd343f745c0f89cd20c946cec1477fec1064e1828,0xce54c175880ff4edaa5d80b2dc66dda0e34a36ac,campaign_1,blacklist target of hardcoded manager (Execute call) Jul-Oct 2025
avalanche,0xd34efd322ca1b657a0b54b268efca69355c29c4c,0xce54c175880ff4edaa5d80b2dc66dda0e34a36ac,campaign_1,blacklist target of hardcoded manager (Execute call) Jul-Oct 2025
avalanche,0xd35ed00f740dec1830a554cb6dc05dba8b58e96d,0xce54c175880ff4edaa5d80b2dc66dda0e34a36ac,campaign_1,blacklist target of hardcoded manager (Execute call) Jul-Oct 2025
avalanche,0xd38d77ab0e1c0f0559e2b7c09a5a6820d93a6543,0xce54c175880ff4edaa5d80b2dc66dda0e34a36ac,campaign_1,blacklist target of hardcoded manager (Execute call) Jul-Oct 2025
avalanche,0xd3944fd3c3be518951837b62e405c061d6d15e46,0xce54c175880ff4edaa5d80b2dc66dda0e34a36ac,campaign_1,blacklist target of hardcoded manager (Execute call) Jul-Oct 2025
avalanche,0xd39dc84d0b59a8342c07ff4febe5a3ea3c739a13,0xce54c175880ff4edaa5d80b2dc66dda0e34a36ac,campaign_1,blacklist target of hardcoded manager (Execute call) Jul-Oct 2025
avalanche,0xd3aaffdb8e65fb6befea81c81e3c1e8972e46ca1,0xce54c175880ff4edaa5d80b2dc66dda0e34a36ac,campaign_1,blacklist target of hardcoded manager (Execute call) Jul-Oct 2025
avalanche,0xd3ab66aef369aeec59dfa21283e1c194c5cbb691,0xce54c175880ff4edaa5d80b2dc66dda0e34a36ac,campaign_1,blacklist target of hardcoded manager (Execute call) Jul-Oct 2025
avalanche,0xd3b2ae01f36b4aaa9b0d350d82bae74df4e0f1c6,0xce54c175880ff4edaa5d80b2dc66dda0e34a36ac,campaign_1,blacklist target of hardcoded manager (Execute call) Jul-Oct 2025
avalanche,0xd3b2cc51dd88beaa99ba3a37cabf4a91407abe14,0xce54c175880ff4edaa5d80b2dc66dda0e34a36ac,campaign_1,blacklist target of hardcoded manager (Execute call) Jul-Oct 2025
avalanche,0xd3c643d9e5d9dfbf660b3d7f62c62ef3326c1b28,0xce54c175880ff4edaa5d80b2dc66dda0e34a36ac,campaign_1,blacklist target of hardcoded manager (Execute call) Jul-Oct 2025
avalanche,0xd3d0a42171053b07788e220182e47f2d4c036fa6,0xce54c175880ff4edaa5d80b2dc66dda0e34a36ac,campaign_1,blacklist target of hardcoded manager (Execute call) Jul-Oct 2025
avalanche,0xd3d491cb5e4814367bd9168deb493427712c33ee,0xce54c175880ff4edaa5d80b2dc66dda0e34a36ac,campaign_1,blacklist target of hardcoded manager (Execute call) Jul-Oct 2025
avalanche,0xd3dd82d9c03da59afb5612d52a737bae06f53d88,0xce54c175880ff4edaa5d80b2dc66dda0e34a36ac,campaign_1,blacklist target of hardcoded manager (Execute call) Jul-Oct 2025
avalanche,0xd3de831735c5aeef18cbe82bf759584827de5665,0xce54c175880ff4edaa5d80b2dc66dda0e34a36ac,campaign_1,blacklist target of hardcoded manager (Execute call) Jul-Oct 2025
avalanche,0xd3eef3d5790d1677840e32be8c105b66c474ce6a,0xce54c175880ff4edaa5d80b2dc66dda0e34a36ac,campaign_1,blacklist target of hardcoded manager (Execute call) Jul-Oct 2025
avalanche,0xd3f642cc106cf8f011356d239245e6db88d8ba7d,0xce54c175880ff4edaa5d80b2dc66dda0e34a36ac,campaign_1,blacklist target of hardcoded manager (Execute call) Jul-Oct 2025
avalanche,0xd3ff0145183593463aadd8a3a4f9a11f00f13ff7,0xce54c175880ff4edaa5d80b2dc66dda0e34a36ac,campaign_1,blacklist target of hardcoded manager (Execute call) Jul-Oct 2025
avalanche,0xd4047d7c0aadcf781b4e0184c9055b5b77bd659f,0xce54c175880ff4edaa5d80b2dc66dda0e34a36ac,campaign_1,blacklist target of hardcoded manager (Execute call) Jul-Oct 2025
avalanche,0xd43c5fc7cf15df1e7e5a59206031f81e01f92a35,0xce54c175880ff4edaa5d80b2dc66dda0e34a36ac,campaign_1,blacklist target of hardcoded manager (Execute call) Jul-Oct 2025
avalanche,0xd4441c992c22414fc8eac56bcc0175cbf85d1b4c,0xce54c175880ff4edaa5d80b2dc66dda0e34a36ac,campaign_1,blacklist target of hardcoded manager (Execute call) Jul-Oct 2025
avalanche,0xd455199e2821d0a9f58cbb62a444b9f1ff7a3a84,0xce54c175880ff4edaa5d80b2dc66dda0e34a36ac,campaign_1,blacklist target of hardcoded manager (Execute call) Jul-Oct 2025
avalanche,0xd45e4cd2340a5d2b4f20756ac92bdd8b059c7e34,0xce54c175880ff4edaa5d80b2dc66dda0e34a36ac,campaign_1,blacklist target of hardcoded manager (Execute call) Jul-Oct 2025
avalanche,0xd46198e38e9e16d80927999b41e24441a738f6d3,0xce54c175880ff4edaa5d80b2dc66dda0e34a36ac,campaign_1,blacklist target of hardcoded manager (Execute call) Jul-Oct 2025
avalanche,0xd46a4a77f2bd1b3a4d75c635c8bbc7bfe3a05e9d,0xce54c175880ff4edaa5d80b2dc66dda0e34a36ac,campaign_1,blacklist target of hardcoded manager (Execute call) Jul-Oct 2025
avalanche,0xd46c17c755dfb29ed32dc9e0bfe3175e393eb3ec,0xce54c175880ff4edaa5d80b2dc66dda0e34a36ac,campaign_1,blacklist target of hardcoded manager (Execute call) Jul-Oct 2025
avalanche,0xd470986e432890286f2fa8fb8c5baabf8eda9bec,0xce54c175880ff4edaa5d80b2dc66dda0e34a36ac,campaign_1,blacklist target of hardcoded manager (Execute call) Jul-Oct 2025
avalanche,0xd471629f540dfb984b3c5a6eba4898fec7bd8575,0xce54c175880ff4edaa5d80b2dc66dda0e34a36ac,campaign_1,blacklist target of hardcoded manager (Execute call) Jul-Oct 2025
avalanche,0xd47a7329574bc433956d5b67e4c0f77596a781a6,0xce54c175880ff4edaa5d80b2dc66dda0e34a36ac,campaign_1,blacklist target of hardcoded manager (Execute call) Jul-Oct 2025
avalanche,0xd4aaf8554ba91e977468809644d7462f715a0090,0xce54c175880ff4edaa5d80b2dc66dda0e34a36ac,campaign_1,blacklist target of hardcoded manager (Execute call) Jul-Oct 2025
avalanche,0xd4dba884b17b2238257b0fee315847947c93aabb,0xce54c175880ff4edaa5d80b2dc66dda0e34a36ac,campaign_1,blacklist target of hardcoded manager (Execute call) Jul-Oct 2025
avalanche,0xd4ea75488368355a93af6d84a4b1eab6c87813c7,0xce54c175880ff4edaa5d80b2dc66dda0e34a36ac,campaign_1,blacklist target of hardcoded manager (Execute call) Jul-Oct 2025
avalanche,0xd4f2500a7a6eb95a5df5e712d005e0ef998df404,0xce54c175880ff4edaa5d80b2dc66dda0e34a36ac,campaign_1,blacklist target of hardcoded manager (Execute call) Jul-Oct 2025
avalanche,0xd4f4c4249057787a83d1ae42c330651f3bfa6078,0xce54c175880ff4edaa5d80b2dc66dda0e34a36ac,campaign_1,blacklist target of hardcoded manager (Execute call) Jul-Oct 2025
avalanche,0xd52446ddb6537c7db2292556aa2175fd8f2bd053,0xce54c175880ff4edaa5d80b2dc66dda0e34a36ac,campaign_1,blacklist target of hardcoded manager (Execute call) Jul-Oct 2025
avalanche,0xd529247003e00e886e3ed63a1b2cd5a79156b16d,0xce54c175880ff4edaa5d80b2dc66dda0e34a36ac,campaign_1,blacklist target of hardcoded manager (Execute call) Jul-Oct 2025
avalanche,0xd5416e906ed2282b32fec0c85ed1e0391b6c2833,0xce54c175880ff4edaa5d80b2dc66dda0e34a36ac,campaign_1,blacklist target of hardcoded manager (Execute call) Jul-Oct 2025
avalanche,0xd55af1360d47c744c77fc11ca195a62e3df8e727,0xce54c175880ff4edaa5d80b2dc66dda0e34a36ac,campaign_1,blacklist target of hardcoded manager (Execute call) Jul-Oct 2025
avalanche,0xd5633a9252d6eee5aeedd042df49cce4f19e933d,0xce54c175880ff4edaa5d80b2dc66dda0e34a36ac,campaign_1,blacklist target of hardcoded manager (Execute call) Jul-Oct 2025
avalanche,0xd57be8e598611fc7e875a0283cf0245f16343601,0xce54c175880ff4edaa5d80b2dc66dda0e34a36ac,campaign_1,blacklist target of hardcoded manager (Execute call) Jul-Oct 2025
avalanche,0xd58a50307abcb7289fb891c82cb4d5f82b45fd27,0xce54c175880ff4edaa5d80b2dc66dda0e34a36ac,campaign_1,blacklist target of hardcoded manager (Execute call) Jul-Oct 2025
avalanche,0xd59b9e627be8673ee5d1ddd0e4cb2e17096e8e35,0xce54c175880ff4edaa5d80b2dc66dda0e34a36ac,campaign_1,blacklist target of hardcoded manager (Execute call) Jul-Oct 2025
avalanche,0xd5a0e0d4c9e92a19c13c9794b29e306419fcb710,0xce54c175880ff4edaa5d80b2dc66dda0e34a36ac,campaign_1,blacklist target of hardcoded manager (Execute call) Jul-Oct 2025
avalanche,0xd5b393494668a6951df7a69f094abd9142e664da,0xce54c175880ff4edaa5d80b2dc66dda0e34a36ac,campaign_1,blacklist target of hardcoded manager (Execute call) Jul-Oct 2025
avalanche,0xd5b9c20abc69d9cfd2b79b33e50dbf9bfbe7ad80,0xce54c175880ff4edaa5d80b2dc66dda0e34a36ac,campaign_1,blacklist target of hardcoded manager (Execute call) Jul-Oct 2025
avalanche,0xd5c76832e68d691ac7b2b406b239e09b72d5a7a2,0xce54c175880ff4edaa5d80b2dc66dda0e34a36ac,campaign_1,blacklist target of hardcoded manager (Execute call) Jul-Oct 2025
avalanche,0xd5cbf608acf4fb488f6887bd4819280f83e6884d,0xce54c175880ff4edaa5d80b2dc66dda0e34a36ac,campaign_1,blacklist target of hardcoded manager (Execute call) Jul-Oct 2025
avalanche,0xd5ccdd5a423ca8d8edaeea3c9dee775d3f5a7608,0xce54c175880ff4edaa5d80b2dc66dda0e34a36ac,campaign_1,blacklist target of hardcoded manager (Execute call) Jul-Oct 2025
avalanche,0xd5d8720ef8995c52839edcfe0b0c4bada233f7ee,0xce54c175880ff4edaa5d80b2dc66dda0e34a36ac,campaign_1,blacklist target of hardcoded manager (Execute call) Jul-Oct 2025
avalanche,0xd5e71aa0f9b1dfb9d6c309850969b4e693ffb5af,0xce54c175880ff4edaa5d80b2dc66dda0e34a36ac,campaign_1,blacklist target of hardcoded manager (Execute call) Jul-Oct 2025
avalanche,0xd5ec2478ea4eeb3cc3913198ffbd0bcd612bbb0f,0xce54c175880ff4edaa5d80b2dc66dda0e34a36ac,campaign_1,blacklist target of hardcoded manager (Execute call) Jul-Oct 2025
avalanche,0xd5f63e57e837c3601fdcac5cb73c040ca2859bb0,0xce54c175880ff4edaa5d80b2dc66dda0e34a36ac,campaign_1,blacklist target of hardcoded manager (Execute call) Jul-Oct 2025
avalanche,0xd603f07924f80c518b4534958e5ed8b40821ef6a,0xce54c175880ff4edaa5d80b2dc66dda0e34a36ac,campaign_1,blacklist target of hardcoded manager (Execute call) Jul-Oct 2025
avalanche,0xd60623b44d112cb3f4d30e6ae9d27e3e2f0640d0,0xce54c175880ff4edaa5d80b2dc66dda0e34a36ac,campaign_1,blacklist target of hardcoded manager (Execute call) Jul-Oct 2025
avalanche,0xd60c921d51614126e5439e54c21b12900065b1bd,0xce54c175880ff4edaa5d80b2dc66dda0e34a36ac,campaign_1,blacklist target of hardcoded manager (Execute call) Jul-Oct 2025
avalanche,0xd6133b67d1dee2fb381b1cfe31da232485793229,0xce54c175880ff4edaa5d80b2dc66dda0e34a36ac,campaign_1,blacklist target of hardcoded manager (Execute call) Jul-Oct 2025
avalanche,0xd642c7e137d6c578d627ae848de2303b13bff207,0xce54c175880ff4edaa5d80b2dc66dda0e34a36ac,campaign_1,blacklist target of hardcoded manager (Execute call) Jul-Oct 2025
avalanche,0xd65aa92b8619a90c4c97ea489d213b42e3ffcee5,0xce54c175880ff4edaa5d80b2dc66dda0e34a36ac,campaign_1,blacklist target of hardcoded manager (Execute call) Jul-Oct 2025
avalanche,0xd65dc3f0ffb6e49e49f2ccaa055870a5b675ccb9,0xce54c175880ff4edaa5d80b2dc66dda0e34a36ac,campaign_1,blacklist target of hardcoded manager (Execute call) Jul-Oct 2025
avalanche,0xd65f00896bb4081ac89ab467d90dfb8cf21f5f96,0xce54c175880ff4edaa5d80b2dc66dda0e34a36ac,campaign_1,blacklist target of hardcoded manager (Execute call) Jul-Oct 2025
avalanche,0xd663ccbbc03afb9803c691d17a06b95992386c4d,0xce54c175880ff4edaa5d80b2dc66dda0e34a36ac,campaign_1,blacklist target of hardcoded manager (Execute call) Jul-Oct 2025
avalanche,0xd6700ab6ddf54f1d7e19417e6808e9bba9beb2b2,0xce54c175880ff4edaa5d80b2dc66dda0e34a36ac,campaign_1,blacklist target of hardcoded manager (Execute call) Jul-Oct 2025
avalanche,0xd677cbdb6988fdd8255e0702b9f001d21782a00b,0xce54c175880ff4edaa5d80b2dc66dda0e34a36ac,campaign_1,blacklist target of hardcoded manager (Execute call) Jul-Oct 2025
avalanche,0xd6a268014a1c5ba474fa359932f1dd474ad6534f,0xce54c175880ff4edaa5d80b2dc66dda0e34a36ac,campaign_1,blacklist target of hardcoded manager (Execute call) Jul-Oct 2025
avalanche,0xd6a8d0d98bcc345489277930134790722e6edb4f,0xce54c175880ff4edaa5d80b2dc66dda0e34a36ac,campaign_1,blacklist target of hardcoded manager (Execute call) Jul-Oct 2025
avalanche,0xd6ab9a8586265e80a92f8071df40bab87071d8fa,0xce54c175880ff4edaa5d80b2dc66dda0e34a36ac,campaign_1,blacklist target of hardcoded manager (Execute call) Jul-Oct 2025
avalanche,0xd6bfeabf5c06ccac114eb810bca98e2c77552f84,0xce54c175880ff4edaa5d80b2dc66dda0e34a36ac,campaign_1,blacklist target of hardcoded manager (Execute call) Jul-Oct 2025
avalanche,0xd6d0c496474cb4e359dbea8f5bc1a0160b3a57f5,0xce54c175880ff4edaa5d80b2dc66dda0e34a36ac,campaign_1,blacklist target of hardcoded manager (Execute call) Jul-Oct 2025
avalanche,0xd6d5bd9937b603ead36191ba385d534cfcd6df26,0xce54c175880ff4edaa5d80b2dc66dda0e34a36ac,campaign_1,blacklist target of hardcoded manager (Execute call) Jul-Oct 2025
avalanche,0xd6dbe7c188ffcc2b85f7a5209626b61b6c83c4ef,0xce54c175880ff4edaa5d80b2dc66dda0e34a36ac,campaign_1,blacklist target of hardcoded manager (Execute call) Jul-Oct 2025
avalanche,0xd6e63f6263c3b5a3d1e104b2b862f8eb512cbe71,0xce54c175880ff4edaa5d80b2dc66dda0e34a36ac,campaign_1,blacklist target of hardcoded manager (Execute call) Jul-Oct 2025
avalanche,0xd6e69f3554ec57243c8cce5c5af8f119dcb24ebe,0xce54c175880ff4edaa5d80b2dc66dda0e34a36ac,campaign_1,blacklist target of hardcoded manager (Execute call) Jul-Oct 2025
avalanche,0xd6e7a5cd038efc73553abe1d292ed42db55a0b63,0xce54c175880ff4edaa5d80b2dc66dda0e34a36ac,campaign_1,blacklist target of hardcoded manager (Execute call) Jul-Oct 2025
avalanche,0xd703d884411ea9a9c08f6899b008d791e4ebeb4b,0xce54c175880ff4edaa5d80b2dc66dda0e34a36ac,campaign_1,blacklist target of hardcoded manager (Execute call) Jul-Oct 2025
avalanche,0xd73fdac8c451a93bbc42c758c87e83e4626efbaf,0xce54c175880ff4edaa5d80b2dc66dda0e34a36ac,campaign_1,blacklist target of hardcoded manager (Execute call) Jul-Oct 2025
avalanche,0xd74177a0e8264b500e66fbc283a6eff14c98a953,0xce54c175880ff4edaa5d80b2dc66dda0e34a36ac,campaign_1,blacklist target of hardcoded manager (Execute call) Jul-Oct 2025
avalanche,0xd749e9bdb886bea3c4a03b7e2fbed6de407d648e,0xce54c175880ff4edaa5d80b2dc66dda0e34a36ac,campaign_1,blacklist target of hardcoded manager (Execute call) Jul-Oct 2025
avalanche,0xd762ec6763a6c4a9dc57161cd81c8bacf18f2f5a,0xce54c175880ff4edaa5d80b2dc66dda0e34a36ac,campaign_1,blacklist target of hardcoded manager (Execute call) Jul-Oct 2025
avalanche,0xd7661fb38ac3c73ec2066178db1f3a631bfef795,0xce54c175880ff4edaa5d80b2dc66dda0e34a36ac,campaign_1,blacklist target of hardcoded manager (Execute call) Jul-Oct 2025
avalanche,0xd770baec122ce684e3b2f0a5a74357cec69ef08e,0xce54c175880ff4edaa5d80b2dc66dda0e34a36ac,campaign_1,blacklist target of hardcoded manager (Execute call) Jul-Oct 2025
avalanche,0xd775bca32dd3574426d7e44132848985bd93c004,0xce54c175880ff4edaa5d80b2dc66dda0e34a36ac,campaign_1,blacklist target of hardcoded manager (Execute call) Jul-Oct 2025
avalanche,0xd77a80297395dcfcac50d09219975eb818c69609,0xce54c175880ff4edaa5d80b2dc66dda0e34a36ac,campaign_1,blacklist target of hardcoded manager (Execute call) Jul-Oct 2025
avalanche,0xd780993c73e20d9fdd4863673d183603378e9e4e,0xce54c175880ff4edaa5d80b2dc66dda0e34a36ac,campaign_1,blacklist target of hardcoded manager (Execute call) Jul-Oct 2025
avalanche,0xd78256ee54ce4cdf4423e02b63b5e37fb47365d0,0xce54c175880ff4edaa5d80b2dc66dda0e34a36ac,campaign_1,blacklist target of hardcoded manager (Execute call) Jul-Oct 2025
avalanche,0xd7a067547e1c396c03e8ce213a3079eb4e3789c9,0xce54c175880ff4edaa5d80b2dc66dda0e34a36ac,campaign_1,blacklist target of hardcoded manager (Execute call) Jul-Oct 2025
avalanche,0xd7a1b46e62be3a9502211198bf220e07f87b217a,0xce54c175880ff4edaa5d80b2dc66dda0e34a36ac,campaign_1,blacklist target of hardcoded manager (Execute call) Jul-Oct 2025
avalanche,0xd7a270e4693a18e78b05ac0661d8ab96a61c7e0e,0xce54c175880ff4edaa5d80b2dc66dda0e34a36ac,campaign_1,blacklist target of hardcoded manager (Execute call) Jul-Oct 2025
avalanche,0xd7afed6344f3c76477ed0e9e5f30e0dde5199f59,0xce54c175880ff4edaa5d80b2dc66dda0e34a36ac,campaign_1,blacklist target of hardcoded manager (Execute call) Jul-Oct 2025
avalanche,0xd7b5442e18c501c1d64466517a438b47f1131fae,0xce54c175880ff4edaa5d80b2dc66dda0e34a36ac,campaign_1,blacklist target of hardcoded manager (Execute call) Jul-Oct 2025
avalanche,0xd7ca4c37861fe640c2e1925d8c88395c5d3aaf31,0xce54c175880ff4edaa5d80b2dc66dda0e34a36ac,campaign_1,blacklist target of hardcoded manager (Execute call) Jul-Oct 2025
avalanche,0xd7d1c99b53d8b49c1ce487e3883944c3667ee6e8,0xce54c175880ff4edaa5d80b2dc66dda0e34a36ac,campaign_1,blacklist target of hardcoded manager (Execute call) Jul-Oct 2025
avalanche,0xd7d5cc4f814140880318cd7160196f27ceec9bbd,0xce54c175880ff4edaa5d80b2dc66dda0e34a36ac,campaign_1,blacklist target of hardcoded manager (Execute call) Jul-Oct 2025
avalanche,0xd7ef5bbe3fca4c04c4fbd286a549aa246faf0790,0xce54c175880ff4edaa5d80b2dc66dda0e34a36ac,campaign_1,blacklist target of hardcoded manager (Execute call) Jul-Oct 2025
avalanche,0xd7f0c056444cb70d73bfebcc57ecbbfecefebcca,0xce54c175880ff4edaa5d80b2dc66dda0e34a36ac,campaign_1,blacklist target of hardcoded manager (Execute call) Jul-Oct 2025
avalanche,0xd8066b9af3bd2286c1926be140bf34633a7e0fed,0xce54c175880ff4edaa5d80b2dc66dda0e34a36ac,campaign_1,blacklist target of hardcoded manager (Execute call) Jul-Oct 2025
avalanche,0xd80697543d121d8474f947eaaf3ac70e76b710de,0xce54c175880ff4edaa5d80b2dc66dda0e34a36ac,campaign_1,blacklist target of hardcoded manager (Execute call) Jul-Oct 2025
avalanche,0xd82a188c14ef12b1ff61a287598d96ec3334a315,0xce54c175880ff4edaa5d80b2dc66dda0e34a36ac,campaign_1,blacklist target of hardcoded manager (Execute call) Jul-Oct 2025
avalanche,0xd85855d0266ca8c93f48938a0e40828c3b409020,0xce54c175880ff4edaa5d80b2dc66dda0e34a36ac,campaign_1,blacklist target of hardcoded manager (Execute call) Jul-Oct 2025
avalanche,0xd85b642a111e235b21745c3c685faccab2230f04,0xce54c175880ff4edaa5d80b2dc66dda0e34a36ac,campaign_1,blacklist target of hardcoded manager (Execute call) Jul-Oct 2025
avalanche,0xd86b17769eb0a78f3b24907fcb2a81510979bd18,0xce54c175880ff4edaa5d80b2dc66dda0e34a36ac,campaign_1,blacklist target of hardcoded manager (Execute call) Jul-Oct 2025
avalanche,0xd86c3ae669c0bc1b1c948538226432e66c7dcba8,0xce54c175880ff4edaa5d80b2dc66dda0e34a36ac,campaign_1,blacklist target of hardcoded manager (Execute call) Jul-Oct 2025
avalanche,0xd87cdf4c802f5e39879cb5a53f4adbde37a91c95,0xce54c175880ff4edaa5d80b2dc66dda0e34a36ac,campaign_1,blacklist target of hardcoded manager (Execute call) Jul-Oct 2025
avalanche,0xd87e572a5f7007943cd8440262a91268a1e07cc4,0xce54c175880ff4edaa5d80b2dc66dda0e34a36ac,campaign_1,blacklist target of hardcoded manager (Execute call) Jul-Oct 2025
avalanche,0xd88a0feccd47be63dfa2590a5166d1c292bfd1dd,0xce54c175880ff4edaa5d80b2dc66dda0e34a36ac,campaign_1,blacklist target of hardcoded manager (Execute call) Jul-Oct 2025
avalanche,0xd88e18fc691f2ff0fd668515831678151edea9e1,0xce54c175880ff4edaa5d80b2dc66dda0e34a36ac,campaign_1,blacklist target of hardcoded manager (Execute call) Jul-Oct 2025
avalanche,0xd890ea47348815e24d36909b052471600bc30e04,0xce54c175880ff4edaa5d80b2dc66dda0e34a36ac,campaign_1,blacklist target of hardcoded manager (Execute call) Jul-Oct 2025
avalanche,0xd8a1e1fcd5b708c03a2e9ff27289a16919c4b3d1,0xce54c175880ff4edaa5d80b2dc66dda0e34a36ac,campaign_1,blacklist target of hardcoded manager (Execute call) Jul-Oct 2025
avalanche,0xd8b35159d8254c2bf0567ce7123f841f067115e8,0xce54c175880ff4edaa5d80b2dc66dda0e34a36ac,campaign_1,blacklist target of hardcoded manager (Execute call) Jul-Oct 2025
avalanche,0xd8ba12f764789694452d05191908bb38cc4805e4,0xce54c175880ff4edaa5d80b2dc66dda0e34a36ac,campaign_1,blacklist target of hardcoded manager (Execute call) Jul-Oct 2025
avalanche,0xd8d08e9770af7b9e1892c6773b9caa38755937a4,0xce54c175880ff4edaa5d80b2dc66dda0e34a36ac,campaign_1,blacklist target of hardcoded manager (Execute call) Jul-Oct 2025
avalanche,0xd8e6ce257b19a4aaa8521651c77cc55b8b53121b,0xce54c175880ff4edaa5d80b2dc66dda0e34a36ac,campaign_1,blacklist target of hardcoded manager (Execute call) Jul-Oct 2025
avalanche,0xd8eb706bade2dc681dcefb4afb89c5dc453aabf9,0xce54c175880ff4edaa5d80b2dc66dda0e34a36ac,campaign_1,blacklist target of hardcoded manager (Execute call) Jul-Oct 2025
avalanche,0xd8ec4707f0d09facb392f7bd8f67d236b91d41f6,0xce54c175880ff4edaa5d80b2dc66dda0e34a36ac,campaign_1,blacklist target of hardcoded manager (Execute call) Jul-Oct 2025
avalanche,0xd8ec50d908ebc2d6c56daf98b23ee7196b6afc7c,0xce54c175880ff4edaa5d80b2dc66dda0e34a36ac,campaign_1,blacklist target of hardcoded manager (Execute call) Jul-Oct 2025
avalanche,0xd9067f17fca26dc721e51319076964a010482a0d,0xce54c175880ff4edaa5d80b2dc66dda0e34a36ac,campaign_1,blacklist target of hardcoded manager (Execute call) Jul-Oct 2025
avalanche,0xd919996597254f847d1a0efa08bbd8409f70c990,0xce54c175880ff4edaa5d80b2dc66dda0e34a36ac,campaign_1,blacklist target of hardcoded manager (Execute call) Jul-Oct 2025
avalanche,0xd93deba061619308d82568c8a31623958743bff3,0xce54c175880ff4edaa5d80b2dc66dda0e34a36ac,campaign_1,blacklist target of hardcoded manager (Execute call) Jul-Oct 2025
avalanche,0xd98533389d0e17d4a96b6de01500c4dc8eb32b75,0xce54c175880ff4edaa5d80b2dc66dda0e34a36ac,campaign_1,blacklist target of hardcoded manager (Execute call) Jul-Oct 2025
avalanche,0xd9996d76cadb7a54ef8187ad91eb014937508089,0xce54c175880ff4edaa5d80b2dc66dda0e34a36ac,campaign_1,blacklist target of hardcoded manager (Execute call) Jul-Oct 2025
avalanche,0xd9a3411ae18284b80abe539c4be38ebb96b08558,0xce54c175880ff4edaa5d80b2dc66dda0e34a36ac,campaign_1,blacklist target of hardcoded manager (Execute call) Jul-Oct 2025
avalanche,0xd9c16ee35698d968f2a1a5f33882bf80d59f4e0c,0xce54c175880ff4edaa5d80b2dc66dda0e34a36ac,campaign_1,blacklist target of hardcoded manager (Execute call) Jul-Oct 2025
avalanche,0xd9cd491a082158bf0973975989ac79b70ca1f098,0xce54c175880ff4edaa5d80b2dc66dda0e34a36ac,campaign_1,blacklist target of hardcoded manager (Execute call) Jul-Oct 2025
avalanche,0xd9df62fe6764d2cdd54b73fadd2f1e789b62be4e,0xce54c175880ff4edaa5d80b2dc66dda0e34a36ac,campaign_1,blacklist target of hardcoded manager (Execute call) Jul-Oct 2025
avalanche,0xda0acaa6438da7ee6440f49b1d11564a05748005,0xce54c175880ff4edaa5d80b2dc66dda0e34a36ac,campaign_1,blacklist target of hardcoded manager (Execute call) Jul-Oct 2025
avalanche,0xda0b54249ee8b57fad1fadbf6ee00be77d9f42ef,0xce54c175880ff4edaa5d80b2dc66dda0e34a36ac,campaign_1,blacklist target of hardcoded manager (Execute call) Jul-Oct 2025
avalanche,0xda14df760655ccdfdf111a44f0baa671cf3291d9,0xce54c175880ff4edaa5d80b2dc66dda0e34a36ac,campaign_1,blacklist target of hardcoded manager (Execute call) Jul-Oct 2025
avalanche,0xda1f03fe195239258afbc01ba9cb62cbdd5264bc,0xce54c175880ff4edaa5d80b2dc66dda0e34a36ac,campaign_1,blacklist target of hardcoded manager (Execute call) Jul-Oct 2025
avalanche,0xda235c0c85e48ee45eaed1b1741a5e435e69715e,0xce54c175880ff4edaa5d80b2dc66dda0e34a36ac,campaign_1,blacklist target of hardcoded manager (Execute call) Jul-Oct 2025
avalanche,0xda26b419658f0696d4a56ef3bbf19316179eb1f4,0xce54c175880ff4edaa5d80b2dc66dda0e34a36ac,campaign_1,blacklist target of hardcoded manager (Execute call) Jul-Oct 2025
avalanche,0xda303508f4d4ee4c5d7cb8281ecbee5fbd78b62a,0xce54c175880ff4edaa5d80b2dc66dda0e34a36ac,campaign_1,blacklist target of hardcoded manager (Execute call) Jul-Oct 2025
avalanche,0xda4470cc51e3abecc1cd6e6c1d9f859b0bdcf148,0xce54c175880ff4edaa5d80b2dc66dda0e34a36ac,campaign_1,blacklist target of hardcoded manager (Execute call) Jul-Oct 2025
avalanche,0xda597c773e85fa64ee62876bfd7abe19c5c3f584,0xce54c175880ff4edaa5d80b2dc66dda0e34a36ac,campaign_1,blacklist target of hardcoded manager (Execute call) Jul-Oct 2025
avalanche,0xda70aaed60225c5771c6e0af8b857689074ecb8e,0xce54c175880ff4edaa5d80b2dc66dda0e34a36ac,campaign_1,blacklist target of hardcoded manager (Execute call) Jul-Oct 2025
avalanche,0xda71dea51b7e1eb560173f7e755f19e22b20b17b,0xce54c175880ff4edaa5d80b2dc66dda0e34a36ac,campaign_1,blacklist target of hardcoded manager (Execute call) Jul-Oct 2025
avalanche,0xda787b6db17e86fc2c43a9aa4e59609161a3d5ee,0xce54c175880ff4edaa5d80b2dc66dda0e34a36ac,campaign_1,blacklist target of hardcoded manager (Execute call) Jul-Oct 2025
avalanche,0xda7d0d2e6fbfe5e27e1778b6fac516ca07236305,0xce54c175880ff4edaa5d80b2dc66dda0e34a36ac,campaign_1,blacklist target of hardcoded manager (Execute call) Jul-Oct 2025
avalanche,0xda7d1ab83d8860dd495aac2a32f64e995882e7a7,0xce54c175880ff4edaa5d80b2dc66dda0e34a36ac,campaign_1,blacklist target of hardcoded manager (Execute call) Jul-Oct 2025
avalanche,0xda7f534afc75a2e7a2448d7a4a6e78abcb06b677,0xce54c175880ff4edaa5d80b2dc66dda0e34a36ac,campaign_1,blacklist target of hardcoded manager (Execute call) Jul-Oct 2025
avalanche,0xda932a2f1e7586eacc3b6c0b6f41fbd2ff366bde,0xce54c175880ff4edaa5d80b2dc66dda0e34a36ac,campaign_1,blacklist target of hardcoded manager (Execute call) Jul-Oct 2025
avalanche,0xda93310ec3390e784a2105b0beeab8784b3c15b0,0xce54c175880ff4edaa5d80b2dc66dda0e34a36ac,campaign_1,blacklist target of hardcoded manager (Execute call) Jul-Oct 2025
avalanche,0xda9801e19cbd424c952c5e83e49ad2c4c6855176,0xce54c175880ff4edaa5d80b2dc66dda0e34a36ac,campaign_1,blacklist target of hardcoded manager (Execute call) Jul-Oct 2025
avalanche,0xdaa38d36a054e86f62e527f97a4dc4c1ce87e99f,0xce54c175880ff4edaa5d80b2dc66dda0e34a36ac,campaign_1,blacklist target of hardcoded manager (Execute call) Jul-Oct 2025
avalanche,0xdab62d7156cdbb59899cd5953313f50db384a6e8,0xce54c175880ff4edaa5d80b2dc66dda0e34a36ac,campaign_1,blacklist target of hardcoded manager (Execute call) Jul-Oct 2025
avalanche,0xdacf84eefddbc470db4807eeddf3bb4018ffe6fb,0xce54c175880ff4edaa5d80b2dc66dda0e34a36ac,campaign_1,blacklist target of hardcoded manager (Execute call) Jul-Oct 2025
avalanche,0xdae2675479f4877ec60dd590c68d08b32a1e57bf,0xce54c175880ff4edaa5d80b2dc66dda0e34a36ac,campaign_1,blacklist target of hardcoded manager (Execute call) Jul-Oct 2025
avalanche,0xdae8d3d0151eee9ab6ed920bff243f281efdd3d3,0xce54c175880ff4edaa5d80b2dc66dda0e34a36ac,campaign_1,blacklist target of hardcoded manager (Execute call) Jul-Oct 2025
avalanche,0xdaef4cda5d7a6ad8cd86156aff156cf86d3f4ef2,0xce54c175880ff4edaa5d80b2dc66dda0e34a36ac,campaign_1,blacklist target of hardcoded manager (Execute call) Jul-Oct 2025
avalanche,0xdb049a67337bc19161fcb6e9934eb226997098ac,0xce54c175880ff4edaa5d80b2dc66dda0e34a36ac,campaign_1,blacklist target of hardcoded manager (Execute call) Jul-Oct 2025
avalanche,0xdb0c9fbb3e5ef1e2458dd83e5bb69fe74c1b7216,0xce54c175880ff4edaa5d80b2dc66dda0e34a36ac,campaign_1,blacklist target of hardcoded manager (Execute call) Jul-Oct 2025
avalanche,0xdb0ce23904a586d2a9d79440f0cab964d67eb3dc,0xce54c175880ff4edaa5d80b2dc66dda0e34a36ac,campaign_1,blacklist target of hardcoded manager (Execute call) Jul-Oct 2025
avalanche,0xdb2b3ce1501a436b8dfea413348d1514095dbd33,0xce54c175880ff4edaa5d80b2dc66dda0e34a36ac,campaign_1,blacklist target of hardcoded manager (Execute call) Jul-Oct 2025
avalanche,0xdb2bc5ca6fa044708ea59c02fb9d62ea001d730f,0xce54c175880ff4edaa5d80b2dc66dda0e34a36ac,campaign_1,blacklist target of hardcoded manager (Execute call) Jul-Oct 2025
avalanche,0xdb2d51c7d5ab915b5e3965541cdbfbe4acf93119,0xce54c175880ff4edaa5d80b2dc66dda0e34a36ac,campaign_1,blacklist target of hardcoded manager (Execute call) Jul-Oct 2025
avalanche,0xdb300177b7e288b23ed488320b2db95366113e12,0xce54c175880ff4edaa5d80b2dc66dda0e34a36ac,campaign_1,blacklist target of hardcoded manager (Execute call) Jul-Oct 2025
avalanche,0xdb4071b5d8872e282ea1231f94eabb7bd9d17bd0,0xce54c175880ff4edaa5d80b2dc66dda0e34a36ac,campaign_1,blacklist target of hardcoded manager (Execute call) Jul-Oct 2025
avalanche,0xdb4ca9dfc48d5058e345b50c1ec369c7ac3899fc,0xce54c175880ff4edaa5d80b2dc66dda0e34a36ac,campaign_1,blacklist target of hardcoded manager (Execute call) Jul-Oct 2025
avalanche,0xdb597058622d132eb9a390282bc270b6719fb57a,0xce54c175880ff4edaa5d80b2dc66dda0e34a36ac,campaign_1,blacklist target of hardcoded manager (Execute call) Jul-Oct 2025
avalanche,0xdb75af960c90f24af441c0e412441e83684161ff,0xce54c175880ff4edaa5d80b2dc66dda0e34a36ac,campaign_1,blacklist target of hardcoded manager (Execute call) Jul-Oct 2025
avalanche,0xdb7ad2d3a054ba5e0ca5791af88616b9d82b9edc,0xce54c175880ff4edaa5d80b2dc66dda0e34a36ac,campaign_1,blacklist target of hardcoded manager (Execute call) Jul-Oct 2025
avalanche,0xdb8f5d054a533d5f3b45233adff9c714e60d1b80,0xce54c175880ff4edaa5d80b2dc66dda0e34a36ac,campaign_1,blacklist target of hardcoded manager (Execute call) Jul-Oct 2025
avalanche,0xdb94e9456db7fbea67f571c06c53558e8255b822,0xce54c175880ff4edaa5d80b2dc66dda0e34a36ac,campaign_1,blacklist target of hardcoded manager (Execute call) Jul-Oct 2025
avalanche,0xdb97a7c8e55686e6a505868192c9a137c2739d0f,0xce54c175880ff4edaa5d80b2dc66dda0e34a36ac,campaign_1,blacklist target of hardcoded manager (Execute call) Jul-Oct 2025
avalanche,0xdb9dd05247deb64ca3a71a0416ee362453fd547f,0xce54c175880ff4edaa5d80b2dc66dda0e34a36ac,campaign_1,blacklist target of hardcoded manager (Execute call) Jul-Oct 2025
avalanche,0xdb9e69507d66366ec01f36838d1a68bcae1f1e57,0xce54c175880ff4edaa5d80b2dc66dda0e34a36ac,campaign_1,blacklist target of hardcoded manager (Execute call) Jul-Oct 2025
avalanche,0xdbd21015aa2b1624566f866df454a738f5c847e0,0xce54c175880ff4edaa5d80b2dc66dda0e34a36ac,campaign_1,blacklist target of hardcoded manager (Execute call) Jul-Oct 2025
avalanche,0xdbd393eb2876c1404aef26a79fc0ccc8218f9000,0xce54c175880ff4edaa5d80b2dc66dda0e34a36ac,campaign_1,blacklist target of hardcoded manager (Execute call) Jul-Oct 2025
avalanche,0xdbd5690efdd57571116b227e5ba4f980d4ea97d7,0xce54c175880ff4edaa5d80b2dc66dda0e34a36ac,campaign_1,blacklist target of hardcoded manager (Execute call) Jul-Oct 2025
avalanche,0xdbdb4a694bbe9b871f4dcbb9b064bf45ec833eb2,0xce54c175880ff4edaa5d80b2dc66dda0e34a36ac,campaign_1,blacklist target of hardcoded manager (Execute call) Jul-Oct 2025
avalanche,0xdbe92848c085b9d63a58f47b33e299583ff49660,0xce54c175880ff4edaa5d80b2dc66dda0e34a36ac,campaign_1,blacklist target of hardcoded manager (Execute call) Jul-Oct 2025
avalanche,0xdbfbdc97c2012859a0c33dce106460ea93c5cae6,0xce54c175880ff4edaa5d80b2dc66dda0e34a36ac,campaign_1,blacklist target of hardcoded manager (Execute call) Jul-Oct 2025
avalanche,0xdc0551cd652b7c55cb8cce6b8746c9e328ffc7bd,0xce54c175880ff4edaa5d80b2dc66dda0e34a36ac,campaign_1,blacklist target of hardcoded manager (Execute call) Jul-Oct 2025
avalanche,0xdc07ff0922e433e3948fa8c3f631d2ce6fd49231,0xce54c175880ff4edaa5d80b2dc66dda0e34a36ac,campaign_1,blacklist target of hardcoded manager (Execute call) Jul-Oct 2025
avalanche,0xdc142ba6d035398a3d56159b94c6f276344160cb,0xce54c175880ff4edaa5d80b2dc66dda0e34a36ac,campaign_1,blacklist target of hardcoded manager (Execute call) Jul-Oct 2025
avalanche,0xdc1a027e6086f5267faa9479075b782164af5f9b,0xce54c175880ff4edaa5d80b2dc66dda0e34a36ac,campaign_1,blacklist target of hardcoded manager (Execute call) Jul-Oct 2025
avalanche,0xdc4c7cc005a410d863019d3f209fcec20b76f9e9,0xce54c175880ff4edaa5d80b2dc66dda0e34a36ac,campaign_1,blacklist target of hardcoded manager (Execute call) Jul-Oct 2025
avalanche,0xdc87d0cb56403e304574a015dc66ac85c6ce524e,0xce54c175880ff4edaa5d80b2dc66dda0e34a36ac,campaign_1,blacklist target of hardcoded manager (Execute call) Jul-Oct 2025
avalanche,0xdc9e29fc1e5819ad6702830947bf2bdc722fd297,0xce54c175880ff4edaa5d80b2dc66dda0e34a36ac,campaign_1,blacklist target of hardcoded manager (Execute call) Jul-Oct 2025
avalanche,0xdca32554046c13b1509427d6a72ffc32b6ad8a04,0xce54c175880ff4edaa5d80b2dc66dda0e34a36ac,campaign_1,blacklist target of hardcoded manager (Execute call) Jul-Oct 2025
avalanche,0xdcbc49ccc12f23386001a5da2be87e27cbbcb896,0xce54c175880ff4edaa5d80b2dc66dda0e34a36ac,campaign_1,blacklist target of hardcoded manager (Execute call) Jul-Oct 2025
avalanche,0xdcbea66722ea09f21befb0458514cef5784baf50,0xce54c175880ff4edaa5d80b2dc66dda0e34a36ac,campaign_1,blacklist target of hardcoded manager (Execute call) Jul-Oct 2025
avalanche,0xdccf3786e4c2b10f78003603b363e8a8e7f23b03,0xce54c175880ff4edaa5d80b2dc66dda0e34a36ac,campaign_1,blacklist target of hardcoded manager (Execute call) Jul-Oct 2025
avalanche,0xdcd8ce7d88ee38ea1246478474b13ab9bd44c4b6,0xce54c175880ff4edaa5d80b2dc66dda0e34a36ac,campaign_1,blacklist target of hardcoded manager (Execute call) Jul-Oct 2025
avalanche,0xdcebe663464278be128df600803b2d0527a9108d,0xce54c175880ff4edaa5d80b2dc66dda0e34a36ac,campaign_1,blacklist target of hardcoded manager (Execute call) Jul-Oct 2025
avalanche,0xdcfd424ef8b71c86d30e308d975bf7830ddb8d0b,0xce54c175880ff4edaa5d80b2dc66dda0e34a36ac,campaign_1,blacklist target of hardcoded manager (Execute call) Jul-Oct 2025
avalanche,0xdd01f90a920e19af820629be70579d04fb698665,0xce54c175880ff4edaa5d80b2dc66dda0e34a36ac,campaign_1,blacklist target of hardcoded manager (Execute call) Jul-Oct 2025
avalanche,0xdd0fb637922346cdd19d0aa33a26c95b735bea8b,0xce54c175880ff4edaa5d80b2dc66dda0e34a36ac,campaign_1,blacklist target of hardcoded manager (Execute call) Jul-Oct 2025
avalanche,0xdd11c976bc49856a6699d1f61662214e04e6e8c9,0xce54c175880ff4edaa5d80b2dc66dda0e34a36ac,campaign_1,blacklist target of hardcoded manager (Execute call) Jul-Oct 2025
avalanche,0xdd143cdd105acda132913c930f5ba9d3c93fbd6d,0xce54c175880ff4edaa5d80b2dc66dda0e34a36ac,campaign_1,blacklist target of hardcoded manager (Execute call) Jul-Oct 2025
avalanche,0xdd1593af06633fd65201773bd5b2fa97c59c9efd,0xce54c175880ff4edaa5d80b2dc66dda0e34a36ac,campaign_1,blacklist target of hardcoded manager (Execute call) Jul-Oct 2025
avalanche,0xdd1fd09bc21dee632dd8148e83d4bfde84e25cc5,0xce54c175880ff4edaa5d80b2dc66dda0e34a36ac,campaign_1,blacklist target of hardcoded manager (Execute call) Jul-Oct 2025
avalanche,0xdd25efa86ddd65868f20aaa13fa921c51b702e73,0xce54c175880ff4edaa5d80b2dc66dda0e34a36ac,campaign_1,blacklist target of hardcoded manager (Execute call) Jul-Oct 2025
avalanche,0xdd2dcacd14da9d11e889439b7016c79a2108219a,0xce54c175880ff4edaa5d80b2dc66dda0e34a36ac,campaign_1,blacklist target of hardcoded manager (Execute call) Jul-Oct 2025
avalanche,0xdd61a10ec029a5e9c1cc3b78e7d19e1900a52788,0xce54c175880ff4edaa5d80b2dc66dda0e34a36ac,campaign_1,blacklist target of hardcoded manager (Execute call) Jul-Oct 2025
avalanche,0xdd6891d9777c36a065d50008563dc66efe44a795,0xce54c175880ff4edaa5d80b2dc66dda0e34a36ac,campaign_1,blacklist target of hardcoded manager (Execute call) Jul-Oct 2025
avalanche,0xdd81cf1738c826eae0e3522f49a0de4e4867736b,0xce54c175880ff4edaa5d80b2dc66dda0e34a36ac,campaign_1,blacklist target of hardcoded manager (Execute call) Jul-Oct 2025
avalanche,0xdd9ec3d1625cfe38a9515160d944095a0532bcc9,0xce54c175880ff4edaa5d80b2dc66dda0e34a36ac,campaign_1,blacklist target of hardcoded manager (Execute call) Jul-Oct 2025
avalanche,0xdda229cb99c03d8ea6b4b966cfd6fa562800a4e9,0xce54c175880ff4edaa5d80b2dc66dda0e34a36ac,campaign_1,blacklist target of hardcoded manager (Execute call) Jul-Oct 2025
avalanche,0xddb39e4da4e7a96666c7ce082938e1a5dcff68da,0xce54c175880ff4edaa5d80b2dc66dda0e34a36ac,campaign_1,blacklist target of hardcoded manager (Execute call) Jul-Oct 2025
avalanche,0xdddc59473f11525ca1f26da75bf6893d8e26e2c8,0xce54c175880ff4edaa5d80b2dc66dda0e34a36ac,campaign_1,blacklist target of hardcoded manager (Execute call) Jul-Oct 2025
avalanche,0xddf84f12e572bd8459b4dc902376fdd28b94e446,0xce54c175880ff4edaa5d80b2dc66dda0e34a36ac,campaign_1,blacklist target of hardcoded manager (Execute call) Jul-Oct 2025
avalanche,0xddfa4d566679875c392a809306b325f88757979e,0xce54c175880ff4edaa5d80b2dc66dda0e34a36ac,campaign_1,blacklist target of hardcoded manager (Execute call) Jul-Oct 2025
avalanche,0xddfaa72ba1b3b0a60a5066178314ba14cf04d773,0xce54c175880ff4edaa5d80b2dc66dda0e34a36ac,campaign_1,blacklist target of hardcoded manager (Execute call) Jul-Oct 2025
avalanche,0xddff5a15cc6d249bf3796eb7a7080b5f8772c6ec,0xce54c175880ff4edaa5d80b2dc66dda0e34a36ac,campaign_1,blacklist target of hardcoded manager (Execute call) Jul-Oct 2025
avalanche,0xde0836389c11e198a891f1d46303b4079a35ccb2,0xce54c175880ff4edaa5d80b2dc66dda0e34a36ac,campaign_1,blacklist target of hardcoded manager (Execute call) Jul-Oct 2025
avalanche,0xde16277592de5e197e6628dc297efb84e3354a49,0xce54c175880ff4edaa5d80b2dc66dda0e34a36ac,campaign_1,blacklist target of hardcoded manager (Execute call) Jul-Oct 2025
avalanche,0xde1a17b386ad9dde96d4fb998d2e3ef87c05fe58,0xce54c175880ff4edaa5d80b2dc66dda0e34a36ac,campaign_1,blacklist target of hardcoded manager (Execute call) Jul-Oct 2025
avalanche,0xde4aa2b53f8b36fc0bf1419035d9648abf2afb11,0xce54c175880ff4edaa5d80b2dc66dda0e34a36ac,campaign_1,blacklist target of hardcoded manager (Execute call) Jul-Oct 2025
avalanche,0xde4cda779f5d447b933fe49e1d6380968bcee1c6,0xce54c175880ff4edaa5d80b2dc66dda0e34a36ac,campaign_1,blacklist target of hardcoded manager (Execute call) Jul-Oct 2025
avalanche,0xde4e1b68338bd58656dd40391160af50d26a47c2,0xce54c175880ff4edaa5d80b2dc66dda0e34a36ac,campaign_1,blacklist target of hardcoded manager (Execute call) Jul-Oct 2025
avalanche,0xde63be98da5a0658ee4a31de3652c9309116867e,0xce54c175880ff4edaa5d80b2dc66dda0e34a36ac,campaign_1,blacklist target of hardcoded manager (Execute call) Jul-Oct 2025
avalanche,0xde6461b25c7f5b801fa3e8fbd09b140f69739d7f,0xce54c175880ff4edaa5d80b2dc66dda0e34a36ac,campaign_1,blacklist target of hardcoded manager (Execute call) Jul-Oct 2025
avalanche,0xde65e0bb441f375b1cc1dfed1d057aea3e504a3e,0xce54c175880ff4edaa5d80b2dc66dda0e34a36ac,campaign_1,blacklist target of hardcoded manager (Execute call) Jul-Oct 2025
avalanche,0xde6bdff780260308d91ddaa4fa2cb7c68d77f6dc,0xce54c175880ff4edaa5d80b2dc66dda0e34a36ac,campaign_1,blacklist target of hardcoded manager (Execute call) Jul-Oct 2025
avalanche,0xde7140f064c634bc26eba54188a6e70ffd8ffcc4,0xce54c175880ff4edaa5d80b2dc66dda0e34a36ac,campaign_1,blacklist target of hardcoded manager (Execute call) Jul-Oct 2025
avalanche,0xde74933c34116a793bc64a75f59e971ebaf6d122,0xce54c175880ff4edaa5d80b2dc66dda0e34a36ac,campaign_1,blacklist target of hardcoded manager (Execute call) Jul-Oct 2025
avalanche,0xde7655d9eb99ce088823e23e880bc338a3a406a7,0xce54c175880ff4edaa5d80b2dc66dda0e34a36ac,campaign_1,blacklist target of hardcoded manager (Execute call) Jul-Oct 2025
avalanche,0xde7de44f7ebee64f1697d836a61163ff0eda09a4,0xce54c175880ff4edaa5d80b2dc66dda0e34a36ac,campaign_1,blacklist target of hardcoded manager (Execute call) Jul-Oct 2025
avalanche,0xde81570cbe818b0b979c558870a98e20ba5db099,0xce54c175880ff4edaa5d80b2dc66dda0e34a36ac,campaign_1,blacklist target of hardcoded manager (Execute call) Jul-Oct 2025
avalanche,0xde8ff640ed2d75074e2eef94c74bef5fa22f82c6,0xce54c175880ff4edaa5d80b2dc66dda0e34a36ac,campaign_1,blacklist target of hardcoded manager (Execute call) Jul-Oct 2025
avalanche,0xde98c08ef2bc656d14120f7e30bb690a4613d5fe,0xce54c175880ff4edaa5d80b2dc66dda0e34a36ac,campaign_1,blacklist target of hardcoded manager (Execute call) Jul-Oct 2025
avalanche,0xdea4f8400b279c7db54459fa51bdcf112e003d61,0xce54c175880ff4edaa5d80b2dc66dda0e34a36ac,campaign_1,blacklist target of hardcoded manager (Execute call) Jul-Oct 2025
avalanche,0xdeb3fce80559b3315dd18fdfe8aec3034d5083eb,0xce54c175880ff4edaa5d80b2dc66dda0e34a36ac,campaign_1,blacklist target of hardcoded manager (Execute call) Jul-Oct 2025
avalanche,0xdeb4d5419097a443d1f6b77203b23c0ec0443826,0xce54c175880ff4edaa5d80b2dc66dda0e34a36ac,campaign_1,blacklist target of hardcoded manager (Execute call) Jul-Oct 2025
avalanche,0xdec0b11aaf9dfbbd6cc671a080b6215a2ae7b955,0xce54c175880ff4edaa5d80b2dc66dda0e34a36ac,campaign_1,blacklist target of hardcoded manager (Execute call) Jul-Oct 2025
avalanche,0xdec5830480d725445fc641af137c1fd2ac5beb92,0xce54c175880ff4edaa5d80b2dc66dda0e34a36ac,campaign_1,blacklist target of hardcoded manager (Execute call) Jul-Oct 2025
avalanche,0xded65392e24b7875839d6f0d3cbea9bc8f2e7fca,0xce54c175880ff4edaa5d80b2dc66dda0e34a36ac,campaign_1,blacklist target of hardcoded manager (Execute call) Jul-Oct 2025
avalanche,0xded9d884e68a2a15fea4932ea1814ffc386c8135,0xce54c175880ff4edaa5d80b2dc66dda0e34a36ac,campaign_1,blacklist target of hardcoded manager (Execute call) Jul-Oct 2025
avalanche,0xdef7ff52965276b916fc1bbb13978fe7d71df4b5,0xce54c175880ff4edaa5d80b2dc66dda0e34a36ac,campaign_1,blacklist target of hardcoded manager (Execute call) Jul-Oct 2025
avalanche,0xdf01005f6af587d4e4bc10ee29987aabada960ca,0xce54c175880ff4edaa5d80b2dc66dda0e34a36ac,campaign_1,blacklist target of hardcoded manager (Execute call) Jul-Oct 2025
avalanche,0xdf1910a304516da32a231d189262093f08090597,0xce54c175880ff4edaa5d80b2dc66dda0e34a36ac,campaign_1,blacklist target of hardcoded manager (Execute call) Jul-Oct 2025
avalanche,0xdf1db9cc7793d8f08e2fb7ff85fc4284c2e54bf2,0xce54c175880ff4edaa5d80b2dc66dda0e34a36ac,campaign_1,blacklist target of hardcoded manager (Execute call) Jul-Oct 2025
avalanche,0xdf2943373a4bdb11887bc69a00b6972040d0d959,0xce54c175880ff4edaa5d80b2dc66dda0e34a36ac,campaign_1,blacklist target of hardcoded manager (Execute call) Jul-Oct 2025
avalanche,0xdf3681578fef2b1cc2e25bac477e67ef94538790,0xce54c175880ff4edaa5d80b2dc66dda0e34a36ac,campaign_1,blacklist target of hardcoded manager (Execute call) Jul-Oct 2025
avalanche,0xdf368cb3d7a13c5ad03fcab4887c50cf62c7c141,0xce54c175880ff4edaa5d80b2dc66dda0e34a36ac,campaign_1,blacklist target of hardcoded manager (Execute call) Jul-Oct 2025
avalanche,0xdf437dfb56fe98022105bdec4cf7462de931ad3e,0xce54c175880ff4edaa5d80b2dc66dda0e34a36ac,campaign_1,blacklist target of hardcoded manager (Execute call) Jul-Oct 2025
avalanche,0xdf453f74740447cdc0b3a045a5e6967c88aefabd,0xce54c175880ff4edaa5d80b2dc66dda0e34a36ac,campaign_1,blacklist target of hardcoded manager (Execute call) Jul-Oct 2025
avalanche,0xdf636f4173da33166fb7ba055d73f59a88e86da3,0xce54c175880ff4edaa5d80b2dc66dda0e34a36ac,campaign_1,blacklist target of hardcoded manager (Execute call) Jul-Oct 2025
avalanche,0xdf63c9965eb27d3f59c28a5703c394795ff4664b,0xce54c175880ff4edaa5d80b2dc66dda0e34a36ac,campaign_1,blacklist target of hardcoded manager (Execute call) Jul-Oct 2025
avalanche,0xdf68e21bb9f878a3f30339b3d8024173265058c1,0xce54c175880ff4edaa5d80b2dc66dda0e34a36ac,campaign_1,blacklist target of hardcoded manager (Execute call) Jul-Oct 2025
avalanche,0xdf6b38c485f74dc8f62bfc2a5a8198646d469a29,0xce54c175880ff4edaa5d80b2dc66dda0e34a36ac,campaign_1,blacklist target of hardcoded manager (Execute call) Jul-Oct 2025
avalanche,0xdfb1e1e20770098339775d89f36acb81197ee4c1,0xce54c175880ff4edaa5d80b2dc66dda0e34a36ac,campaign_1,blacklist target of hardcoded manager (Execute call) Jul-Oct 2025
avalanche,0xdfb9298f291636d8b034c8b825e3525a2a70ff94,0xce54c175880ff4edaa5d80b2dc66dda0e34a36ac,campaign_1,blacklist target of hardcoded manager (Execute call) Jul-Oct 2025
avalanche,0xdfd0595d95c36cb0d374a38d0aeb8b31ee950566,0xce54c175880ff4edaa5d80b2dc66dda0e34a36ac,campaign_1,blacklist target of hardcoded manager (Execute call) Jul-Oct 2025
avalanche,0xdff3baca5bcb24b060d57adfc65943954af6d590,0xce54c175880ff4edaa5d80b2dc66dda0e34a36ac,campaign_1,blacklist target of hardcoded manager (Execute call) Jul-Oct 2025
avalanche,0xdff939adf070a118fc1eaf786f2b4c518b6adcdf,0xce54c175880ff4edaa5d80b2dc66dda0e34a36ac,campaign_1,blacklist target of hardcoded manager (Execute call) Jul-Oct 2025
avalanche,0xdffbd9a66df7203a18eadedd86ebb793515644ef,0xce54c175880ff4edaa5d80b2dc66dda0e34a36ac,campaign_1,blacklist target of hardcoded manager (Execute call) Jul-Oct 2025
avalanche,0xe00015629124554bb2beabdf69337d988ed8fc77,0xce54c175880ff4edaa5d80b2dc66dda0e34a36ac,campaign_1,blacklist target of hardcoded manager (Execute call) Jul-Oct 2025
avalanche,0xe0111a4038819997a260afe16578527ac7ec0cf5,0xce54c175880ff4edaa5d80b2dc66dda0e34a36ac,campaign_1,blacklist target of hardcoded manager (Execute call) Jul-Oct 2025
avalanche,0xe01ddfded9b3aba22720fa9426c6dfd47c46fcd9,0xce54c175880ff4edaa5d80b2dc66dda0e34a36ac,campaign_1,blacklist target of hardcoded manager (Execute call) Jul-Oct 2025
avalanche,0xe0279ce5d09b78141116bbeed736b5cce57c12a4,0xce54c175880ff4edaa5d80b2dc66dda0e34a36ac,campaign_1,blacklist target of hardcoded manager (Execute call) Jul-Oct 2025
avalanche,0xe029b40211743ec6edd2273d7d5bc358c367dbfb,0xce54c175880ff4edaa5d80b2dc66dda0e34a36ac,campaign_1,blacklist target of hardcoded manager (Execute call) Jul-Oct 2025
avalanche,0xe02b5473e483ac0e8c5e9e763fdad792c11658cf,0xce54c175880ff4edaa5d80b2dc66dda0e34a36ac,campaign_1,blacklist target of hardcoded manager (Execute call) Jul-Oct 2025
avalanche,0xe02cb7c5c917d7aecfcb64190127c6df6f4e2d70,0xce54c175880ff4edaa5d80b2dc66dda0e34a36ac,campaign_1,blacklist target of hardcoded manager (Execute call) Jul-Oct 2025
avalanche,0xe050ff9373c52ef41dee01dedb102b03bb09b81b,0xce54c175880ff4edaa5d80b2dc66dda0e34a36ac,campaign_1,blacklist target of hardcoded manager (Execute call) Jul-Oct 2025
avalanche,0xe05b5fc0af604825d679f60222e865553ad3b585,0xce54c175880ff4edaa5d80b2dc66dda0e34a36ac,campaign_1,blacklist target of hardcoded manager (Execute call) Jul-Oct 2025
avalanche,0xe06bc2d19ca9970fc215ed1f4b4b9b89293abcbb,0xce54c175880ff4edaa5d80b2dc66dda0e34a36ac,campaign_1,blacklist target of hardcoded manager (Execute call) Jul-Oct 2025
avalanche,0xe072d5082c3b6a3a756e1bf9c463e7bd561ff5e6,0xce54c175880ff4edaa5d80b2dc66dda0e34a36ac,campaign_1,blacklist target of hardcoded manager (Execute call) Jul-Oct 2025
avalanche,0xe07f12d0a971b18046c76ad6142f46e04331dc41,0xce54c175880ff4edaa5d80b2dc66dda0e34a36ac,campaign_1,blacklist target of hardcoded manager (Execute call) Jul-Oct 2025
avalanche,0xe08746dc8e61d72ce63972b19c48d5d874db4b7b,0xce54c175880ff4edaa5d80b2dc66dda0e34a36ac,campaign_1,blacklist target of hardcoded manager (Execute call) Jul-Oct 2025
avalanche,0xe09875c7282bc9cc65c095ce3793ca4d2bd5b25a,0xce54c175880ff4edaa5d80b2dc66dda0e34a36ac,campaign_1,blacklist target of hardcoded manager (Execute call) Jul-Oct 2025
avalanche,0xe09ac3431faa15eeb0ef214f79d3eb7416f7508c,0xce54c175880ff4edaa5d80b2dc66dda0e34a36ac,campaign_1,blacklist target of hardcoded manager (Execute call) Jul-Oct 2025
avalanche,0xe09bfa7132d5e6c95f6bab2397bf77e2f735f19a,0xce54c175880ff4edaa5d80b2dc66dda0e34a36ac,campaign_1,blacklist target of hardcoded manager (Execute call) Jul-Oct 2025
avalanche,0xe09f5ca781419a71ff1cf3442af38a0314e8c4fe,0xce54c175880ff4edaa5d80b2dc66dda0e34a36ac,campaign_1,blacklist target of hardcoded manager (Execute call) Jul-Oct 2025
avalanche,0xe0a832313421095e5c53a40e9a774d12c95843cb,0xce54c175880ff4edaa5d80b2dc66dda0e34a36ac,campaign_1,blacklist target of hardcoded manager (Execute call) Jul-Oct 2025
avalanche,0xe0acee9ea19ba66d8702c9b0035c945fec81baf2,0xce54c175880ff4edaa5d80b2dc66dda0e34a36ac,campaign_1,blacklist target of hardcoded manager (Execute call) Jul-Oct 2025
avalanche,0xe0c13c048b83e949d6e6b84d97309b7953efc7bc,0xce54c175880ff4edaa5d80b2dc66dda0e34a36ac,campaign_1,blacklist target of hardcoded manager (Execute call) Jul-Oct 2025
avalanche,0xe0d0d94113a8715540a6c26e4c21c4337a724a5f,0xce54c175880ff4edaa5d80b2dc66dda0e34a36ac,campaign_1,blacklist target of hardcoded manager (Execute call) Jul-Oct 2025
avalanche,0xe0d248e61a824b993160255189e4147b7b056030,0xce54c175880ff4edaa5d80b2dc66dda0e34a36ac,campaign_1,blacklist target of hardcoded manager (Execute call) Jul-Oct 2025
avalanche,0xe0d31981d7f226d1643aeadc526a632e5fecd2bc,0xce54c175880ff4edaa5d80b2dc66dda0e34a36ac,campaign_1,blacklist target of hardcoded manager (Execute call) Jul-Oct 2025
avalanche,0xe0da5a2e9ebcb932b6c50be7550acd2e5691d4e5,0xce54c175880ff4edaa5d80b2dc66dda0e34a36ac,campaign_1,blacklist target of hardcoded manager (Execute call) Jul-Oct 2025
avalanche,0xe0df3e55f237806d173c080061f7d80a4e6d4760,0xce54c175880ff4edaa5d80b2dc66dda0e34a36ac,campaign_1,blacklist target of hardcoded manager (Execute call) Jul-Oct 2025
avalanche,0xe0e17ff981b7e9a656ff76c1dcda20564c7a78d4,0xce54c175880ff4edaa5d80b2dc66dda0e34a36ac,campaign_1,blacklist target of hardcoded manager (Execute call) Jul-Oct 2025
avalanche,0xe0e51dc1930df2e4086279558cbf7d82b4b17d2f,0xce54c175880ff4edaa5d80b2dc66dda0e34a36ac,campaign_1,blacklist target of hardcoded manager (Execute call) Jul-Oct 2025
avalanche,0xe0e693b1b210504db76be7c1ca4b115a09d33048,0xce54c175880ff4edaa5d80b2dc66dda0e34a36ac,campaign_1,blacklist target of hardcoded manager (Execute call) Jul-Oct 2025
avalanche,0xe0f38f1be8a62e1fe3f2305bc02a6bcce199eddc,0xce54c175880ff4edaa5d80b2dc66dda0e34a36ac,campaign_1,blacklist target of hardcoded manager (Execute call) Jul-Oct 2025
avalanche,0xe0f82c7c1887f30982cdd28a447b192b9aa15250,0xce54c175880ff4edaa5d80b2dc66dda0e34a36ac,campaign_1,blacklist target of hardcoded manager (Execute call) Jul-Oct 2025
avalanche,0xe1004f13d54e38b1a8d7f845d6331875f11a2a88,0xce54c175880ff4edaa5d80b2dc66dda0e34a36ac,campaign_1,blacklist target of hardcoded manager (Execute call) Jul-Oct 2025
avalanche,0xe1066c7b23cd64bde995d815c324a972d2f66fa0,0xce54c175880ff4edaa5d80b2dc66dda0e34a36ac,campaign_1,blacklist target of hardcoded manager (Execute call) Jul-Oct 2025
avalanche,0xe1227a64d9504ae68af6ef6f673fb9e5770c51d8,0xce54c175880ff4edaa5d80b2dc66dda0e34a36ac,campaign_1,blacklist target of hardcoded manager (Execute call) Jul-Oct 2025
avalanche,0xe1249f65092d541a9abb4b3ae6668abccac4aeb3,0xce54c175880ff4edaa5d80b2dc66dda0e34a36ac,campaign_1,blacklist target of hardcoded manager (Execute call) Jul-Oct 2025
avalanche,0xe12677777ed58409930cf0190faa825199f75129,0xce54c175880ff4edaa5d80b2dc66dda0e34a36ac,campaign_1,blacklist target of hardcoded manager (Execute call) Jul-Oct 2025
avalanche,0xe12b3de96fe741c9c934e289861c80a1e7f440e9,0xce54c175880ff4edaa5d80b2dc66dda0e34a36ac,campaign_1,blacklist target of hardcoded manager (Execute call) Jul-Oct 2025
avalanche,0xe1302e2835f711fb2c6759b86417f68b51659df4,0xce54c175880ff4edaa5d80b2dc66dda0e34a36ac,campaign_1,blacklist target of hardcoded manager (Execute call) Jul-Oct 2025
avalanche,0xe13fbcaf2e2b07c210bd89f0339dcb4b6e9b4e7e,0xce54c175880ff4edaa5d80b2dc66dda0e34a36ac,campaign_1,blacklist target of hardcoded manager (Execute call) Jul-Oct 2025
avalanche,0xe175c5a53212b7a63656347cfd2dec5589ad6633,0xce54c175880ff4edaa5d80b2dc66dda0e34a36ac,campaign_1,blacklist target of hardcoded manager (Execute call) Jul-Oct 2025
avalanche,0xe18fd4b00feebc47e0970e6c4f2c9bb7cc733e69,0xce54c175880ff4edaa5d80b2dc66dda0e34a36ac,campaign_1,blacklist target of hardcoded manager (Execute call) Jul-Oct 2025
avalanche,0xe1a758d7153a95e4b0c0da5b160306fe5003cc19,0xce54c175880ff4edaa5d80b2dc66dda0e34a36ac,campaign_1,blacklist target of hardcoded manager (Execute call) Jul-Oct 2025
avalanche,0xe1bf4246e0817aa771e7cc06e82288132b802331,0xce54c175880ff4edaa5d80b2dc66dda0e34a36ac,campaign_1,blacklist target of hardcoded manager (Execute call) Jul-Oct 2025
avalanche,0xe2047b1788d8310b28943953934502cf7afb0070,0xce54c175880ff4edaa5d80b2dc66dda0e34a36ac,campaign_1,blacklist target of hardcoded manager (Execute call) Jul-Oct 2025
avalanche,0xe2338e68717f8fa3365efb76f0f0c590b37b223a,0xce54c175880ff4edaa5d80b2dc66dda0e34a36ac,campaign_1,blacklist target of hardcoded manager (Execute call) Jul-Oct 2025
avalanche,0xe24ed29c5074b6bb7b42f21a1870238a58e75b45,0xce54c175880ff4edaa5d80b2dc66dda0e34a36ac,campaign_1,blacklist target of hardcoded manager (Execute call) Jul-Oct 2025
avalanche,0xe264dee4188bdaf43bc3756c7c84af14536a5cb8,0xce54c175880ff4edaa5d80b2dc66dda0e34a36ac,campaign_1,blacklist target of hardcoded manager (Execute call) Jul-Oct 2025
avalanche,0xe2683cef9cd5e2601c8878faf13072302a72d0d3,0xce54c175880ff4edaa5d80b2dc66dda0e34a36ac,campaign_1,blacklist target of hardcoded manager (Execute call) Jul-Oct 2025
avalanche,0xe26cc1517e5a6ee096b048bd62a725bd66bbf9c2,0xce54c175880ff4edaa5d80b2dc66dda0e34a36ac,campaign_1,blacklist target of hardcoded manager (Execute call) Jul-Oct 2025
avalanche,0xe26cf2c3b0b7bccdd353770428564303601163de,0xce54c175880ff4edaa5d80b2dc66dda0e34a36ac,campaign_1,blacklist target of hardcoded manager (Execute call) Jul-Oct 2025
avalanche,0xe27df92663a934537545319cc2300f8aebc2f1e6,0xce54c175880ff4edaa5d80b2dc66dda0e34a36ac,campaign_1,blacklist target of hardcoded manager (Execute call) Jul-Oct 2025
avalanche,0xe28532ff35225f7c26427a0b11e46772afd498d0,0xce54c175880ff4edaa5d80b2dc66dda0e34a36ac,campaign_1,blacklist target of hardcoded manager (Execute call) Jul-Oct 2025
avalanche,0xe28af3e6bf6da666d50382bd4a8e6f2cc50408ae,0xce54c175880ff4edaa5d80b2dc66dda0e34a36ac,campaign_1,blacklist target of hardcoded manager (Execute call) Jul-Oct 2025
avalanche,0xe2aa64233eeea581e303b582f0543a5c1fb7b70f,0xce54c175880ff4edaa5d80b2dc66dda0e34a36ac,campaign_1,blacklist target of hardcoded manager (Execute call) Jul-Oct 2025
avalanche,0xe2bd69c3514215ae315ef4a9b23afad7eaf18c6a,0xce54c175880ff4edaa5d80b2dc66dda0e34a36ac,campaign_1,blacklist target of hardcoded manager (Execute call) Jul-Oct 2025
avalanche,0xe2be7050e54c0b40e57cab410dad10a57f503850,0xce54c175880ff4edaa5d80b2dc66dda0e34a36ac,campaign_1,blacklist target of hardcoded manager (Execute call) Jul-Oct 2025
avalanche,0xe2e22da65ede21a4592fff5cc3b7a3bb75ee9848,0xce54c175880ff4edaa5d80b2dc66dda0e34a36ac,campaign_1,blacklist target of hardcoded manager (Execute call) Jul-Oct 2025
avalanche,0xe2e36362791c4fe82997664ae5bf5338a67f3e3f,0xce54c175880ff4edaa5d80b2dc66dda0e34a36ac,campaign_1,blacklist target of hardcoded manager (Execute call) Jul-Oct 2025
avalanche,0xe2e86d5b8a5a7ffb86b8b7704a96528b46707db5,0xce54c175880ff4edaa5d80b2dc66dda0e34a36ac,campaign_1,blacklist target of hardcoded manager (Execute call) Jul-Oct 2025
avalanche,0xe2ed41e83430bc94b8b576717b804b3b24eef525,0xce54c175880ff4edaa5d80b2dc66dda0e34a36ac,campaign_1,blacklist target of hardcoded manager (Execute call) Jul-Oct 2025
avalanche,0xe2f24ca4d5fe9d2aeaab081b0d65352df0deebdc,0xce54c175880ff4edaa5d80b2dc66dda0e34a36ac,campaign_1,blacklist target of hardcoded manager (Execute call) Jul-Oct 2025
avalanche,0xe2fd8deef454fe92690a1cd9622b426d5791f889,0xce54c175880ff4edaa5d80b2dc66dda0e34a36ac,campaign_1,blacklist target of hardcoded manager (Execute call) Jul-Oct 2025
avalanche,0xe30ba6c96a4dded0f30bce4cfcd1b9e7ab498071,0xce54c175880ff4edaa5d80b2dc66dda0e34a36ac,campaign_1,blacklist target of hardcoded manager (Execute call) Jul-Oct 2025
avalanche,0xe30d68f55c34b5c5803f6e100e5f7a75f8b7d46d,0xce54c175880ff4edaa5d80b2dc66dda0e34a36ac,campaign_1,blacklist target of hardcoded manager (Execute call) Jul-Oct 2025
avalanche,0xe31c7b951f4d11c3cf34701e33d2c0cdfb882838,0xce54c175880ff4edaa5d80b2dc66dda0e34a36ac,campaign_1,blacklist target of hardcoded manager (Execute call) Jul-Oct 2025
avalanche,0xe3213c489a0e2ae571bdb30abbffb5dbea6029bc,0xce54c175880ff4edaa5d80b2dc66dda0e34a36ac,campaign_1,blacklist target of hardcoded manager (Execute call) Jul-Oct 2025
avalanche,0xe33872d426eef23e007b63108ac7253b2a489f8c,0xce54c175880ff4edaa5d80b2dc66dda0e34a36ac,campaign_1,blacklist target of hardcoded manager (Execute call) Jul-Oct 2025
avalanche,0xe340cf7e44dd79c7e74bef274976e7491e1cd80d,0xce54c175880ff4edaa5d80b2dc66dda0e34a36ac,campaign_1,blacklist target of hardcoded manager (Execute call) Jul-Oct 2025
avalanche,0xe35ed080d89400dd2f428c2cab7e4120ca332c3d,0xce54c175880ff4edaa5d80b2dc66dda0e34a36ac,campaign_1,blacklist target of hardcoded manager (Execute call) Jul-Oct 2025
avalanche,0xe36ac22fb9512ba748a177c782b50abdd67e22fa,0xce54c175880ff4edaa5d80b2dc66dda0e34a36ac,campaign_1,blacklist target of hardcoded manager (Execute call) Jul-Oct 2025
avalanche,0xe38995390884729cfa3a3c330d508c1311209930,0xce54c175880ff4edaa5d80b2dc66dda0e34a36ac,campaign_1,blacklist target of hardcoded manager (Execute call) Jul-Oct 2025
avalanche,0xe391cc5adde0d9a09240cc8c182c331e7bac069f,0xce54c175880ff4edaa5d80b2dc66dda0e34a36ac,campaign_1,blacklist target of hardcoded manager (Execute call) Jul-Oct 2025
avalanche,0xe3a1603749e9cc8e0d590a03ac3878bed1e71261,0xce54c175880ff4edaa5d80b2dc66dda0e34a36ac,campaign_1,blacklist target of hardcoded manager (Execute call) Jul-Oct 2025
avalanche,0xe3a1ec2a2833ddb50f1696b7e95a5536f357bcd1,0xce54c175880ff4edaa5d80b2dc66dda0e34a36ac,campaign_1,blacklist target of hardcoded manager (Execute call) Jul-Oct 2025
avalanche,0xe3a6b221e330f374a74506890328fbbb6095c6f0,0xce54c175880ff4edaa5d80b2dc66dda0e34a36ac,campaign_1,blacklist target of hardcoded manager (Execute call) Jul-Oct 2025
avalanche,0xe3daea61523be028a8866f950212ad0b3a232137,0xce54c175880ff4edaa5d80b2dc66dda0e34a36ac,campaign_1,blacklist target of hardcoded manager (Execute call) Jul-Oct 2025
avalanche,0xe3e570cb2e0a9e8d616c8d0f5aa0572cc65a1ec2,0xce54c175880ff4edaa5d80b2dc66dda0e34a36ac,campaign_1,blacklist target of hardcoded manager (Execute call) Jul-Oct 2025
avalanche,0xe3eefb7b8c60a04c84a07925cfad9c4f4cbc9f65,0xce54c175880ff4edaa5d80b2dc66dda0e34a36ac,campaign_1,blacklist target of hardcoded manager (Execute call) Jul-Oct 2025
avalanche,0xe3f4157e4248f15773483880465d18cd55ec53c9,0xce54c175880ff4edaa5d80b2dc66dda0e34a36ac,campaign_1,blacklist target of hardcoded manager (Execute call) Jul-Oct 2025
avalanche,0xe4042d7dcc5199274506ff380d4e306ce4370830,0xce54c175880ff4edaa5d80b2dc66dda0e34a36ac,campaign_1,blacklist target of hardcoded manager (Execute call) Jul-Oct 2025
avalanche,0xe4138005ebf4d9bc555f6efa2965f947c88c4b62,0xce54c175880ff4edaa5d80b2dc66dda0e34a36ac,campaign_1,blacklist target of hardcoded manager (Execute call) Jul-Oct 2025
avalanche,0xe41756de48962a9fd865dad6f5c6945f944c8eb5,0xce54c175880ff4edaa5d80b2dc66dda0e34a36ac,campaign_1,blacklist target of hardcoded manager (Execute call) Jul-Oct 2025
avalanche,0xe421475886429c7545ae2008677d1d5624168808,0xce54c175880ff4edaa5d80b2dc66dda0e34a36ac,campaign_1,blacklist target of hardcoded manager (Execute call) Jul-Oct 2025
avalanche,0xe42739e3464fc968cbe8457699852fcb8f8aeba4,0xce54c175880ff4edaa5d80b2dc66dda0e34a36ac,campaign_1,blacklist target of hardcoded manager (Execute call) Jul-Oct 2025
avalanche,0xe434bae369cc8afb0f43e07ce10635120c748389,0xce54c175880ff4edaa5d80b2dc66dda0e34a36ac,campaign_1,blacklist target of hardcoded manager (Execute call) Jul-Oct 2025
avalanche,0xe43c0b7c4d5022feb7abc1abff4799fc84dabb9d,0xce54c175880ff4edaa5d80b2dc66dda0e34a36ac,campaign_1,blacklist target of hardcoded manager (Execute call) Jul-Oct 2025
avalanche,0xe440ed7da2b238ff95adee4ece7d0515205213e6,0xce54c175880ff4edaa5d80b2dc66dda0e34a36ac,campaign_1,blacklist target of hardcoded manager (Execute call) Jul-Oct 2025
avalanche,0xe44495d1dfc79f436533675f48207050c3bc5fd5,0xce54c175880ff4edaa5d80b2dc66dda0e34a36ac,campaign_1,blacklist target of hardcoded manager (Execute call) Jul-Oct 2025
avalanche,0xe45e4d88ec03f3010ffc2029108b3be2b8ac3cf4,0xce54c175880ff4edaa5d80b2dc66dda0e34a36ac,campaign_1,blacklist target of hardcoded manager (Execute call) Jul-Oct 2025
avalanche,0xe464499a2bc752cfdfcebda04a64bc4ca39db311,0xce54c175880ff4edaa5d80b2dc66dda0e34a36ac,campaign_1,blacklist target of hardcoded manager (Execute call) Jul-Oct 2025
avalanche,0xe4783333b7d02431c4058867a758e2332553d83d,0xce54c175880ff4edaa5d80b2dc66dda0e34a36ac,campaign_1,blacklist target of hardcoded manager (Execute call) Jul-Oct 2025
avalanche,0xe4863f25cf1f1ae957ed683be77ae3f3e368740b,0xce54c175880ff4edaa5d80b2dc66dda0e34a36ac,campaign_1,blacklist target of hardcoded manager (Execute call) Jul-Oct 2025
avalanche,0xe4889640266db85fa698665cd7c55bbd8c8044c3,0xce54c175880ff4edaa5d80b2dc66dda0e34a36ac,campaign_1,blacklist target of hardcoded manager (Execute call) Jul-Oct 2025
avalanche,0xe4914f2c9b0cb1e2e5bf024b7f77bd15ec944205,0xce54c175880ff4edaa5d80b2dc66dda0e34a36ac,campaign_1,blacklist target of hardcoded manager (Execute call) Jul-Oct 2025
avalanche,0xe495d2500c781fd97e000f53ad83753b1ef5c5dc,0xce54c175880ff4edaa5d80b2dc66dda0e34a36ac,campaign_1,blacklist target of hardcoded manager (Execute call) Jul-Oct 2025
avalanche,0xe49d7e1c45646e40059143608f49456b15ab5b5c,0xce54c175880ff4edaa5d80b2dc66dda0e34a36ac,campaign_1,blacklist target of hardcoded manager (Execute call) Jul-Oct 2025
avalanche,0xe4a51d5ee641f707270c3538dca5fe8b9119bb0f,0xce54c175880ff4edaa5d80b2dc66dda0e34a36ac,campaign_1,blacklist target of hardcoded manager (Execute call) Jul-Oct 2025
avalanche,0xe4aa6f5040a06652b9b1ff753d9f1d9e95ed7426,0xce54c175880ff4edaa5d80b2dc66dda0e34a36ac,campaign_1,blacklist target of hardcoded manager (Execute call) Jul-Oct 2025
avalanche,0xe4b34c2e5e8a5b880b84b31d126dfde20350b1b1,0xce54c175880ff4edaa5d80b2dc66dda0e34a36ac,campaign_1,blacklist target of hardcoded manager (Execute call) Jul-Oct 2025
avalanche,0xe4d68b6a4686845506c6683e6e7313409cb9e4c7,0xce54c175880ff4edaa5d80b2dc66dda0e34a36ac,campaign_1,blacklist target of hardcoded manager (Execute call) Jul-Oct 2025
avalanche,0xe4d8697d3785172c5afae28e8570cf8c3db0e4c4,0xce54c175880ff4edaa5d80b2dc66dda0e34a36ac,campaign_1,blacklist target of hardcoded manager (Execute call) Jul-Oct 2025
avalanche,0xe4da9ec4d2b41772745c97a63b54d0bd9d2b00ac,0xce54c175880ff4edaa5d80b2dc66dda0e34a36ac,campaign_1,blacklist target of hardcoded manager (Execute call) Jul-Oct 2025
avalanche,0xe4df4a29f71c7edd44f13442c64c7fa01687b346,0xce54c175880ff4edaa5d80b2dc66dda0e34a36ac,campaign_1,blacklist target of hardcoded manager (Execute call) Jul-Oct 2025
avalanche,0xe4f96ae9b84404c193abe88f9fd43fc8c28c9198,0xce54c175880ff4edaa5d80b2dc66dda0e34a36ac,campaign_1,blacklist target of hardcoded manager (Execute call) Jul-Oct 2025
avalanche,0xe50ca82a61b94e81ccbca557b947ac776351e330,0xce54c175880ff4edaa5d80b2dc66dda0e34a36ac,campaign_1,blacklist target of hardcoded manager (Execute call) Jul-Oct 2025
avalanche,0xe514c549bbe0adb0386f639b651f27b95bc45478,0xce54c175880ff4edaa5d80b2dc66dda0e34a36ac,campaign_1,blacklist target of hardcoded manager (Execute call) Jul-Oct 2025
avalanche,0xe517dbfcb6d8d101a1bb9287b1a0b2885c02ee17,0xce54c175880ff4edaa5d80b2dc66dda0e34a36ac,campaign_1,blacklist target of hardcoded manager (Execute call) Jul-Oct 2025
avalanche,0xe5185a97d36f27a2e77370862e3e4acd8cfc4db2,0xce54c175880ff4edaa5d80b2dc66dda0e34a36ac,campaign_1,blacklist target of hardcoded manager (Execute call) Jul-Oct 2025
avalanche,0xe51cb74ce9ba73baebfc38feb3445a08bb9e3d88,0xce54c175880ff4edaa5d80b2dc66dda0e34a36ac,campaign_1,blacklist target of hardcoded manager (Execute call) Jul-Oct 2025
avalanche,0xe520070d17880041e7fb6f5da2f97d3c313cd9fd,0xce54c175880ff4edaa5d80b2dc66dda0e34a36ac,campaign_1,blacklist target of hardcoded manager (Execute call) Jul-Oct 2025
avalanche,0xe525dd84b26939b66bc37f4069db476b382cd532,0xce54c175880ff4edaa5d80b2dc66dda0e34a36ac,campaign_1,blacklist target of hardcoded manager (Execute call) Jul-Oct 2025
avalanche,0xe52802d6da58ee1a9cb3ead8c965d9cde193b0fa,0xce54c175880ff4edaa5d80b2dc66dda0e34a36ac,campaign_1,blacklist target of hardcoded manager (Execute call) Jul-Oct 2025
avalanche,0xe52d22652240969aa4e0343f2ebaf0dc75e6e5e2,0xce54c175880ff4edaa5d80b2dc66dda0e34a36ac,campaign_1,blacklist target of hardcoded manager (Execute call) Jul-Oct 2025
avalanche,0xe536a75201ad353a58e9def5c0d256d5db8a861b,0xce54c175880ff4edaa5d80b2dc66dda0e34a36ac,campaign_1,blacklist target of hardcoded manager (Execute call) Jul-Oct 2025
avalanche,0xe53f5ac10f5500417cc43a67843fa3439249e127,0xce54c175880ff4edaa5d80b2dc66dda0e34a36ac,campaign_1,blacklist target of hardcoded manager (Execute call) Jul-Oct 2025
avalanche,0xe55888895735ccb81e40992649cb6672368d1c7f,0xce54c175880ff4edaa5d80b2dc66dda0e34a36ac,campaign_1,blacklist target of hardcoded manager (Execute call) Jul-Oct 2025
avalanche,0xe56808e79e7e172021232cb34219a3febf393a17,0xce54c175880ff4edaa5d80b2dc66dda0e34a36ac,campaign_1,blacklist target of hardcoded manager (Execute call) Jul-Oct 2025
avalanche,0xe57401d78c84b7c505df362e40563055a29433fe,0xce54c175880ff4edaa5d80b2dc66dda0e34a36ac,campaign_1,blacklist target of hardcoded manager (Execute call) Jul-Oct 2025
avalanche,0xe58d55dc1931d6313bef417a24d185f70c3b0669,0xce54c175880ff4edaa5d80b2dc66dda0e34a36ac,campaign_1,blacklist target of hardcoded manager (Execute call) Jul-Oct 2025
avalanche,0xe5908b1554f84102703a5ef6880729f4aaaec2ec,0xce54c175880ff4edaa5d80b2dc66dda0e34a36ac,campaign_1,blacklist target of hardcoded manager (Execute call) Jul-Oct 2025
avalanche,0xe5929825cfc2de79fcb92fb6b5f47f2e95ae59ad,0xce54c175880ff4edaa5d80b2dc66dda0e34a36ac,campaign_1,blacklist target of hardcoded manager (Execute call) Jul-Oct 2025
avalanche,0xe5bb043fd475dbf91e2b277591b640d4722beb20,0xce54c175880ff4edaa5d80b2dc66dda0e34a36ac,campaign_1,blacklist target of hardcoded manager (Execute call) Jul-Oct 2025
avalanche,0xe5dacf73e89fbe92d2409336e0829dc073801262,0xce54c175880ff4edaa5d80b2dc66dda0e34a36ac,campaign_1,blacklist target of hardcoded manager (Execute call) Jul-Oct 2025
avalanche,0xe5dea5c0033abff49589d6eec1f1ec0c9a3f7f49,0xce54c175880ff4edaa5d80b2dc66dda0e34a36ac,campaign_1,blacklist target of hardcoded manager (Execute call) Jul-Oct 2025
avalanche,0xe5f60cb3f346078736994d8e64a94c42c08434f0,0xce54c175880ff4edaa5d80b2dc66dda0e34a36ac,campaign_1,blacklist target of hardcoded manager (Execute call) Jul-Oct 2025
avalanche,0xe608ea1a44a7d57a79a3e93ff4b99e5f8186f63e,0xce54c175880ff4edaa5d80b2dc66dda0e34a36ac,campaign_1,blacklist target of hardcoded manager (Execute call) Jul-Oct 2025
avalanche,0xe60a0717a45fd9c1fe7a776a31b12e70f969e1bc,0xce54c175880ff4edaa5d80b2dc66dda0e34a36ac,campaign_1,blacklist target of hardcoded manager (Execute call) Jul-Oct 2025
avalanche,0xe60c49f06300617145627540193810ce42ec861d,0xce54c175880ff4edaa5d80b2dc66dda0e34a36ac,campaign_1,blacklist target of hardcoded manager (Execute call) Jul-Oct 2025
avalanche,0xe60d865c60d328e41789f5c638e6f7525b9df5c6,0xce54c175880ff4edaa5d80b2dc66dda0e34a36ac,campaign_1,blacklist target of hardcoded manager (Execute call) Jul-Oct 2025
avalanche,0xe61c9366ae802c56ee6cef9559a1397529e76b6e,0xce54c175880ff4edaa5d80b2dc66dda0e34a36ac,campaign_1,blacklist target of hardcoded manager (Execute call) Jul-Oct 2025
avalanche,0xe61da06924566c3c7767336f477c11579d07d58a,0xce54c175880ff4edaa5d80b2dc66dda0e34a36ac,campaign_1,blacklist target of hardcoded manager (Execute call) Jul-Oct 2025
avalanche,0xe62d54082f269ffee6c5a3bf32786a41c91d3969,0xce54c175880ff4edaa5d80b2dc66dda0e34a36ac,campaign_1,blacklist target of hardcoded manager (Execute call) Jul-Oct 2025
avalanche,0xe6347bf83f0a559ff7e63aa56e656e492d252503,0xce54c175880ff4edaa5d80b2dc66dda0e34a36ac,campaign_1,blacklist target of hardcoded manager (Execute call) Jul-Oct 2025
avalanche,0xe63a53e3043bcd752182c474d991f5632f0ccdb6,0xce54c175880ff4edaa5d80b2dc66dda0e34a36ac,campaign_1,blacklist target of hardcoded manager (Execute call) Jul-Oct 2025
avalanche,0xe657737362b7adde6f3f2dc46f3999c58cf852d7,0xce54c175880ff4edaa5d80b2dc66dda0e34a36ac,campaign_1,blacklist target of hardcoded manager (Execute call) Jul-Oct 2025
avalanche,0xe65f811f09a75f0a0b29081c7b5065be27f5b143,0xce54c175880ff4edaa5d80b2dc66dda0e34a36ac,campaign_1,blacklist target of hardcoded manager (Execute call) Jul-Oct 2025
avalanche,0xe671e8a222136f4ed3af62a7eddfe9f0af310d6a,0xce54c175880ff4edaa5d80b2dc66dda0e34a36ac,campaign_1,blacklist target of hardcoded manager (Execute call) Jul-Oct 2025
avalanche,0xe67926129ae916b7c6c21fee5170471a6ceb05d9,0xce54c175880ff4edaa5d80b2dc66dda0e34a36ac,campaign_1,blacklist target of hardcoded manager (Execute call) Jul-Oct 2025
avalanche,0xe684e06925e22be7ccb59904d703854b236a98b3,0xce54c175880ff4edaa5d80b2dc66dda0e34a36ac,campaign_1,blacklist target of hardcoded manager (Execute call) Jul-Oct 2025
avalanche,0xe694b5cf31f45af1626d3005ec7662e1ed07a2da,0xce54c175880ff4edaa5d80b2dc66dda0e34a36ac,campaign_1,blacklist target of hardcoded manager (Execute call) Jul-Oct 2025
avalanche,0xe6b22073df323c582c921c688fdc19c7a7480aef,0xce54c175880ff4edaa5d80b2dc66dda0e34a36ac,campaign_1,blacklist target of hardcoded manager (Execute call) Jul-Oct 2025
avalanche,0xe6cbc3c6fc73f4ce351247c4c7412408bce5b71b,0xce54c175880ff4edaa5d80b2dc66dda0e34a36ac,campaign_1,blacklist target of hardcoded manager (Execute call) Jul-Oct 2025
avalanche,0xe6cd3913a3dfd9929b87fbbaef99648872f2053e,0xce54c175880ff4edaa5d80b2dc66dda0e34a36ac,campaign_1,blacklist target of hardcoded manager (Execute call) Jul-Oct 2025
avalanche,0xe6d536315e118503c80e024456f5fcc7d1dbfb81,0xce54c175880ff4edaa5d80b2dc66dda0e34a36ac,campaign_1,blacklist target of hardcoded manager (Execute call) Jul-Oct 2025
avalanche,0xe6d7a8a0a37e0a30f2808fd9bc7c447d161dda49,0xce54c175880ff4edaa5d80b2dc66dda0e34a36ac,campaign_1,blacklist target of hardcoded manager (Execute call) Jul-Oct 2025
avalanche,0xe6ed73c2ae8b5ad501bf2d6a5144b14a102ebf38,0xce54c175880ff4edaa5d80b2dc66dda0e34a36ac,campaign_1,blacklist target of hardcoded manager (Execute call) Jul-Oct 2025
avalanche,0xe6f0079ab51a9c875bf7425595579b02be064283,0xce54c175880ff4edaa5d80b2dc66dda0e34a36ac,campaign_1,blacklist target of hardcoded manager (Execute call) Jul-Oct 2025
avalanche,0xe6f5dfcd9919c6204470ad9b053b96bf5fe94ead,0xce54c175880ff4edaa5d80b2dc66dda0e34a36ac,campaign_1,blacklist target of hardcoded manager (Execute call) Jul-Oct 2025
avalanche,0xe6f7641f23e91984a3b109d1a008ceb21af24b65,0xce54c175880ff4edaa5d80b2dc66dda0e34a36ac,campaign_1,blacklist target of hardcoded manager (Execute call) Jul-Oct 2025
avalanche,0xe6fc6950fa007c1c80abb1cf5c392bee6be470a2,0xce54c175880ff4edaa5d80b2dc66dda0e34a36ac,campaign_1,blacklist target of hardcoded manager (Execute call) Jul-Oct 2025
avalanche,0xe7020bca03d7d0ebdc2ec031c91ba683607c0c46,0xce54c175880ff4edaa5d80b2dc66dda0e34a36ac,campaign_1,blacklist target of hardcoded manager (Execute call) Jul-Oct 2025
avalanche,0xe71623b86042a11a9523bf136cac8479ede80e2d,0xce54c175880ff4edaa5d80b2dc66dda0e34a36ac,campaign_1,blacklist target of hardcoded manager (Execute call) Jul-Oct 2025
avalanche,0xe725d6d7da9cae1e246a1dd1f9b47b5f00771d6e,0xce54c175880ff4edaa5d80b2dc66dda0e34a36ac,campaign_1,blacklist target of hardcoded manager (Execute call) Jul-Oct 2025
avalanche,0xe73a6a3628f69e92d99abb18df1cf78f477e6cbf,0xce54c175880ff4edaa5d80b2dc66dda0e34a36ac,campaign_1,blacklist target of hardcoded manager (Execute call) Jul-Oct 2025
avalanche,0xe752814b3f952173fd6e26aa966c0862c1b8119b,0xce54c175880ff4edaa5d80b2dc66dda0e34a36ac,campaign_1,blacklist target of hardcoded manager (Execute call) Jul-Oct 2025
avalanche,0xe77a1d33fc003317cc3eb5950e4bd7a8b1bd6645,0xce54c175880ff4edaa5d80b2dc66dda0e34a36ac,campaign_1,blacklist target of hardcoded manager (Execute call) Jul-Oct 2025
avalanche,0xe792a8c71aaefba4548da18012d2c651fd33e530,0xce54c175880ff4edaa5d80b2dc66dda0e34a36ac,campaign_1,blacklist target of hardcoded manager (Execute call) Jul-Oct 2025
avalanche,0xe79a4d55a5c2828c981595dbcd348a97692935b3,0xce54c175880ff4edaa5d80b2dc66dda0e34a36ac,campaign_1,blacklist target of hardcoded manager (Execute call) Jul-Oct 2025
avalanche,0xe7a75c93d93085fcca5e0fc625c2ea8d41fed260,0xce54c175880ff4edaa5d80b2dc66dda0e34a36ac,campaign_1,blacklist target of hardcoded manager (Execute call) Jul-Oct 2025
avalanche,0xe7ae3c467b9b92e96bd300badce065db57182eb0,0xce54c175880ff4edaa5d80b2dc66dda0e34a36ac,campaign_1,blacklist target of hardcoded manager (Execute call) Jul-Oct 2025
avalanche,0xe7b62291e4542f65da7a2bec3f9b034210ddd9f3,0xce54c175880ff4edaa5d80b2dc66dda0e34a36ac,campaign_1,blacklist target of hardcoded manager (Execute call) Jul-Oct 2025
avalanche,0xe7c5493cdf5511e88c2d3379d165d5a2d7e23a35,0xce54c175880ff4edaa5d80b2dc66dda0e34a36ac,campaign_1,blacklist target of hardcoded manager (Execute call) Jul-Oct 2025
avalanche,0xe7cf517a4776f9558f483c13938a48010522f665,0xce54c175880ff4edaa5d80b2dc66dda0e34a36ac,campaign_1,blacklist target of hardcoded manager (Execute call) Jul-Oct 2025
avalanche,0xe7d24d921121078fc0e771c90b196bbb068b729e,0xce54c175880ff4edaa5d80b2dc66dda0e34a36ac,campaign_1,blacklist target of hardcoded manager (Execute call) Jul-Oct 2025
avalanche,0xe7d6f438ea0bcc515450ccaa6352efeaa94e0e22,0xce54c175880ff4edaa5d80b2dc66dda0e34a36ac,campaign_1,blacklist target of hardcoded manager (Execute call) Jul-Oct 2025
avalanche,0xe7e53c3ef579804572d68c38d8df6d7d754ac2b8,0xce54c175880ff4edaa5d80b2dc66dda0e34a36ac,campaign_1,blacklist target of hardcoded manager (Execute call) Jul-Oct 2025
avalanche,0xe7fef36d54ba8f9e0d273594da04e4727426082c,0xce54c175880ff4edaa5d80b2dc66dda0e34a36ac,campaign_1,blacklist target of hardcoded manager (Execute call) Jul-Oct 2025
avalanche,0xe803bd443c2ec9cee0ecb4f2d67e93f97f95696b,0xce54c175880ff4edaa5d80b2dc66dda0e34a36ac,campaign_1,blacklist target of hardcoded manager (Execute call) Jul-Oct 2025
avalanche,0xe80f32f20d254c55e9bb89f415f0330f9a948d32,0xce54c175880ff4edaa5d80b2dc66dda0e34a36ac,campaign_1,blacklist target of hardcoded manager (Execute call) Jul-Oct 2025
avalanche,0xe81952ecc215ac511e1531f460b314dce7f75e02,0xce54c175880ff4edaa5d80b2dc66dda0e34a36ac,campaign_1,blacklist target of hardcoded manager (Execute call) Jul-Oct 2025
avalanche,0xe84b143d015acbcb849c3064f460b3692b79a374,0xce54c175880ff4edaa5d80b2dc66dda0e34a36ac,campaign_1,blacklist target of hardcoded manager (Execute call) Jul-Oct 2025
avalanche,0xe84ce3d8b4c2e96c0119b109cf19b2dfc07fa92a,0xce54c175880ff4edaa5d80b2dc66dda0e34a36ac,campaign_1,blacklist target of hardcoded manager (Execute call) Jul-Oct 2025
avalanche,0xe8601f934316c181135bcd555339b427c4909463,0xce54c175880ff4edaa5d80b2dc66dda0e34a36ac,campaign_1,blacklist target of hardcoded manager (Execute call) Jul-Oct 2025
avalanche,0xe86113b977391f34a6c51590c038cdafd287a966,0xce54c175880ff4edaa5d80b2dc66dda0e34a36ac,campaign_1,blacklist target of hardcoded manager (Execute call) Jul-Oct 2025
avalanche,0xe879303969bb35f68e32abfd1e19af0d1f70d45a,0xce54c175880ff4edaa5d80b2dc66dda0e34a36ac,campaign_1,blacklist target of hardcoded manager (Execute call) Jul-Oct 2025
avalanche,0xe87db19a4a45a804f9b6e8038777c9a0ffbc5808,0xce54c175880ff4edaa5d80b2dc66dda0e34a36ac,campaign_1,blacklist target of hardcoded manager (Execute call) Jul-Oct 2025
avalanche,0xe89e81d6bae9533906bb2e07a9b37deecee917bb,0xce54c175880ff4edaa5d80b2dc66dda0e34a36ac,campaign_1,blacklist target of hardcoded manager (Execute call) Jul-Oct 2025
avalanche,0xe8b1a273ee280369c2931aca9f7264c48d289ebe,0xce54c175880ff4edaa5d80b2dc66dda0e34a36ac,campaign_1,blacklist target of hardcoded manager (Execute call) Jul-Oct 2025
avalanche,0xe8bd78f0ce1ae3722523ec20862471f2e66d8dee,0xce54c175880ff4edaa5d80b2dc66dda0e34a36ac,campaign_1,blacklist target of hardcoded manager (Execute call) Jul-Oct 2025
avalanche,0xe8c12ba82160215f22075763740b8ca24f9f040e,0xce54c175880ff4edaa5d80b2dc66dda0e34a36ac,campaign_1,blacklist target of hardcoded manager (Execute call) Jul-Oct 2025
avalanche,0xe8c17884115c14d57ca625cc2545ee652127f20f,0xce54c175880ff4edaa5d80b2dc66dda0e34a36ac,campaign_1,blacklist target of hardcoded manager (Execute call) Jul-Oct 2025
avalanche,0xe8cb2848d3ec4662a65f0111f1686181b565844d,0xce54c175880ff4edaa5d80b2dc66dda0e34a36ac,campaign_1,blacklist target of hardcoded manager (Execute call) Jul-Oct 2025
avalanche,0xe8daf182dec52426f1149e5dca096cd278b39ca5,0xce54c175880ff4edaa5d80b2dc66dda0e34a36ac,campaign_1,blacklist target of hardcoded manager (Execute call) Jul-Oct 2025
avalanche,0xe9009dc29e77d62250e085e51646994ab4e5920e,0xce54c175880ff4edaa5d80b2dc66dda0e34a36ac,campaign_1,blacklist target of hardcoded manager (Execute call) Jul-Oct 2025
avalanche,0xe906e91cde0985bc52a9093083b91364f7b05588,0xce54c175880ff4edaa5d80b2dc66dda0e34a36ac,campaign_1,blacklist target of hardcoded manager (Execute call) Jul-Oct 2025
avalanche,0xe916c6de663737025a7a7f164cfa8ef66bcc9b70,0xce54c175880ff4edaa5d80b2dc66dda0e34a36ac,campaign_1,blacklist target of hardcoded manager (Execute call) Jul-Oct 2025
avalanche,0xe921bb03d12e89705e7fccdb846149f734b3de4e,0xce54c175880ff4edaa5d80b2dc66dda0e34a36ac,campaign_1,blacklist target of hardcoded manager (Execute call) Jul-Oct 2025
avalanche,0xe9270ac45347cbe8f89e45af8b32081015014278,0xce54c175880ff4edaa5d80b2dc66dda0e34a36ac,campaign_1,blacklist target of hardcoded manager (Execute call) Jul-Oct 2025
avalanche,0xe928181b989530f1888f51aad0c5ea47bd276dcc,0xce54c175880ff4edaa5d80b2dc66dda0e34a36ac,campaign_1,blacklist target of hardcoded manager (Execute call) Jul-Oct 2025
avalanche,0xe9470ed69769f6a75f865fc42fdc132a176c7710,0xce54c175880ff4edaa5d80b2dc66dda0e34a36ac,campaign_1,blacklist target of hardcoded manager (Execute call) Jul-Oct 2025
avalanche,0xe951e2a85455aabe1014f6c7c5587a65d5ceb519,0xce54c175880ff4edaa5d80b2dc66dda0e34a36ac,campaign_1,blacklist target of hardcoded manager (Execute call) Jul-Oct 2025
avalanche,0xe952d9e7376e8ad85e74426bc8dd3ba17e308de3,0xce54c175880ff4edaa5d80b2dc66dda0e34a36ac,campaign_1,blacklist target of hardcoded manager (Execute call) Jul-Oct 2025
avalanche,0xe99ab747ee97dfd0b5bcfa00b0173b5811a61b06,0xce54c175880ff4edaa5d80b2dc66dda0e34a36ac,campaign_1,blacklist target of hardcoded manager (Execute call) Jul-Oct 2025
avalanche,0xe9a91f0e7476ddd06f24d7780f4c9b29b886e322,0xce54c175880ff4edaa5d80b2dc66dda0e34a36ac,campaign_1,blacklist target of hardcoded manager (Execute call) Jul-Oct 2025
avalanche,0xe9ac332d61063433adf6b52d2511049ccb338b1f,0xce54c175880ff4edaa5d80b2dc66dda0e34a36ac,campaign_1,blacklist target of hardcoded manager (Execute call) Jul-Oct 2025
avalanche,0xe9b5061bea98a1a0e950dff83827cee0b559ad2b,0xce54c175880ff4edaa5d80b2dc66dda0e34a36ac,campaign_1,blacklist target of hardcoded manager (Execute call) Jul-Oct 2025
avalanche,0xe9bdde703281d0924a808b5131cf70ecb235107b,0xce54c175880ff4edaa5d80b2dc66dda0e34a36ac,campaign_1,blacklist target of hardcoded manager (Execute call) Jul-Oct 2025
avalanche,0xe9c91a0aa9eb04666756874b7d7a705f7268ae93,0xce54c175880ff4edaa5d80b2dc66dda0e34a36ac,campaign_1,blacklist target of hardcoded manager (Execute call) Jul-Oct 2025
avalanche,0xe9ca6735baaf0ffd8817d00e294af1c4b71320bd,0xce54c175880ff4edaa5d80b2dc66dda0e34a36ac,campaign_1,blacklist target of hardcoded manager (Execute call) Jul-Oct 2025
avalanche,0xe9d1e162cb71f58ade0302ec4058e807f93c2fa6,0xce54c175880ff4edaa5d80b2dc66dda0e34a36ac,campaign_1,blacklist target of hardcoded manager (Execute call) Jul-Oct 2025
avalanche,0xe9dae4ed5377a3fa2ec36d2403a06dd8d20922eb,0xce54c175880ff4edaa5d80b2dc66dda0e34a36ac,campaign_1,blacklist target of hardcoded manager (Execute call) Jul-Oct 2025
avalanche,0xe9de917500029fb2c025c00035ad857398d2e098,0xce54c175880ff4edaa5d80b2dc66dda0e34a36ac,campaign_1,blacklist target of hardcoded manager (Execute call) Jul-Oct 2025
avalanche,0xe9df67887a662120776b5415f6268293df96367e,0xce54c175880ff4edaa5d80b2dc66dda0e34a36ac,campaign_1,blacklist target of hardcoded manager (Execute call) Jul-Oct 2025
avalanche,0xe9e44e1963fa546d8ec7da0e1a45fef1bd738413,0xce54c175880ff4edaa5d80b2dc66dda0e34a36ac,campaign_1,blacklist target of hardcoded manager (Execute call) Jul-Oct 2025
avalanche,0xe9e5e949bbb1a1233e6bf6493bfa8dce6073a82d,0xce54c175880ff4edaa5d80b2dc66dda0e34a36ac,campaign_1,blacklist target of hardcoded manager (Execute call) Jul-Oct 2025
avalanche,0xe9ed205352137337b4b004af1f841a70fe5d6442,0xce54c175880ff4edaa5d80b2dc66dda0e34a36ac,campaign_1,blacklist target of hardcoded manager (Execute call) Jul-Oct 2025
avalanche,0xe9fbb6abb066bd0e943e040c02da309da6930cdc,0xce54c175880ff4edaa5d80b2dc66dda0e34a36ac,campaign_1,blacklist target of hardcoded manager (Execute call) Jul-Oct 2025
avalanche,0xea0517100dc5b44580ce37a74ae29ae914eee1fd,0xce54c175880ff4edaa5d80b2dc66dda0e34a36ac,campaign_1,blacklist target of hardcoded manager (Execute call) Jul-Oct 2025
avalanche,0xea07fffcabb066c035810f644c780edb4ad08817,0xce54c175880ff4edaa5d80b2dc66dda0e34a36ac,campaign_1,blacklist target of hardcoded manager (Execute call) Jul-Oct 2025
avalanche,0xea0d79d340eb5e4ec1f0de92d08ff561dd9168cd,0xce54c175880ff4edaa5d80b2dc66dda0e34a36ac,campaign_1,blacklist target of hardcoded manager (Execute call) Jul-Oct 2025
avalanche,0xea14ed58f19d5b2e2c453997c0413da1aee88841,0xce54c175880ff4edaa5d80b2dc66dda0e34a36ac,campaign_1,blacklist target of hardcoded manager (Execute call) Jul-Oct 2025
avalanche,0xea2cc929cb17eb227cd482da5277e218ea01c03d,0xce54c175880ff4edaa5d80b2dc66dda0e34a36ac,campaign_1,blacklist target of hardcoded manager (Execute call) Jul-Oct 2025
avalanche,0xea418c08be0840bac12727b6c62132d10fb65eff,0xce54c175880ff4edaa5d80b2dc66dda0e34a36ac,campaign_1,blacklist target of hardcoded manager (Execute call) Jul-Oct 2025
avalanche,0xea4211ab788ac827f3bd4e4eb1ce60f79f958fbc,0xce54c175880ff4edaa5d80b2dc66dda0e34a36ac,campaign_1,blacklist target of hardcoded manager (Execute call) Jul-Oct 2025
avalanche,0xea4330e2f25d5bc1a8fe4d6c6f2c4b4e605d98e4,0xce54c175880ff4edaa5d80b2dc66dda0e34a36ac,campaign_1,blacklist target of hardcoded manager (Execute call) Jul-Oct 2025
avalanche,0xea55c74a5ffb47a2fd3769e913a76c4f6e35ace5,0xce54c175880ff4edaa5d80b2dc66dda0e34a36ac,campaign_1,blacklist target of hardcoded manager (Execute call) Jul-Oct 2025
avalanche,0xea5c07a4fd4f2f875cb9cfec9adab8af0ca42750,0xce54c175880ff4edaa5d80b2dc66dda0e34a36ac,campaign_1,blacklist target of hardcoded manager (Execute call) Jul-Oct 2025
avalanche,0xea5c1f845d2d7d85f34a1e9f834757c8c2ccd8af,0xce54c175880ff4edaa5d80b2dc66dda0e34a36ac,campaign_1,blacklist target of hardcoded manager (Execute call) Jul-Oct 2025
avalanche,0xea651977e1d75fc55221ccf5bc1334f0746661f7,0xce54c175880ff4edaa5d80b2dc66dda0e34a36ac,campaign_1,blacklist target of hardcoded manager (Execute call) Jul-Oct 2025
avalanche,0xea71b60d0f5a1be487d7a25c72013c3bc08c3b65,0xce54c175880ff4edaa5d80b2dc66dda0e34a36ac,campaign_1,blacklist target of hardcoded manager (Execute call) Jul-Oct 2025
avalanche,0xea7d0ff87163610c96186cdc7d82930288d2830e,0xce54c175880ff4edaa5d80b2dc66dda0e34a36ac,campaign_1,blacklist target of hardcoded manager (Execute call) Jul-Oct 2025
avalanche,0xea7fd9aa1bc28425f2e03c075c9426a87ccc9e93,0xce54c175880ff4edaa5d80b2dc66dda0e34a36ac,campaign_1,blacklist target of hardcoded manager (Execute call) Jul-Oct 2025
avalanche,0xea8ae9c926f8e8c4a7a532797157da9b1a7820bc,0xce54c175880ff4edaa5d80b2dc66dda0e34a36ac,campaign_1,blacklist target of hardcoded manager (Execute call) Jul-Oct 2025
avalanche,0xea8b0cb576577922c5f7153cdb995943de4354d4,0xce54c175880ff4edaa5d80b2dc66dda0e34a36ac,campaign_1,blacklist target of hardcoded manager (Execute call) Jul-Oct 2025
avalanche,0xea9a8bf4573bb1d7a4cdda33dfb06b7f22c74c92,0xce54c175880ff4edaa5d80b2dc66dda0e34a36ac,campaign_1,blacklist target of hardcoded manager (Execute call) Jul-Oct 2025
avalanche,0xeaa1ba922237c66d5ec1c6161eb3f926c46456cb,0xce54c175880ff4edaa5d80b2dc66dda0e34a36ac,campaign_1,blacklist target of hardcoded manager (Execute call) Jul-Oct 2025
avalanche,0xead84c2acd8373c2c317e7f903dd2ffa890dcf43,0xce54c175880ff4edaa5d80b2dc66dda0e34a36ac,campaign_1,blacklist target of hardcoded manager (Execute call) Jul-Oct 2025
avalanche,0xeaf5016e563651328043ad253b2a24c06ef7a29e,0xce54c175880ff4edaa5d80b2dc66dda0e34a36ac,campaign_1,blacklist target of hardcoded manager (Execute call) Jul-Oct 2025
avalanche,0xeaf96a835b3f6275f1d367ea58ed222292e6fe84,0xce54c175880ff4edaa5d80b2dc66dda0e34a36ac,campaign_1,blacklist target of hardcoded manager (Execute call) Jul-Oct 2025
avalanche,0xeb119a69d92bd0ced348101573f10c641bc94f28,0xce54c175880ff4edaa5d80b2dc66dda0e34a36ac,campaign_1,blacklist target of hardcoded manager (Execute call) Jul-Oct 2025
avalanche,0xeb1756ad2ef456370529cc8ebf2a91fcc8948c1a,0xce54c175880ff4edaa5d80b2dc66dda0e34a36ac,campaign_1,blacklist target of hardcoded manager (Execute call) Jul-Oct 2025
avalanche,0xeb1eb362aa01859fe24412beede1bc9fa9533cbe,0xce54c175880ff4edaa5d80b2dc66dda0e34a36ac,campaign_1,blacklist target of hardcoded manager (Execute call) Jul-Oct 2025
avalanche,0xeb319a05c9178f08239b984c516489420c235ff7,0xce54c175880ff4edaa5d80b2dc66dda0e34a36ac,campaign_1,blacklist target of hardcoded manager (Execute call) Jul-Oct 2025
avalanche,0xeb359a702ae7b8b8eb8b7d3cd676f63bedc03a58,0xce54c175880ff4edaa5d80b2dc66dda0e34a36ac,campaign_1,blacklist target of hardcoded manager (Execute call) Jul-Oct 2025
avalanche,0xeb45736438e08c88c00c02df9e52da99517b6ff1,0xce54c175880ff4edaa5d80b2dc66dda0e34a36ac,campaign_1,blacklist target of hardcoded manager (Execute call) Jul-Oct 2025
avalanche,0xeb4f3a88e43f243b7244af0bde4278c558cf3bba,0xce54c175880ff4edaa5d80b2dc66dda0e34a36ac,campaign_1,blacklist target of hardcoded manager (Execute call) Jul-Oct 2025
avalanche,0xeb5ce89eeb675fb078847f1a4e4801998cc6d2a0,0xce54c175880ff4edaa5d80b2dc66dda0e34a36ac,campaign_1,blacklist target of hardcoded manager (Execute call) Jul-Oct 2025
avalanche,0xeb767289dbe104cbbb839d555f4bdea718aa39ed,0xce54c175880ff4edaa5d80b2dc66dda0e34a36ac,campaign_1,blacklist target of hardcoded manager (Execute call) Jul-Oct 2025
avalanche,0xeb77d091c4d3773c198ce911e1d9670222bcca3d,0xce54c175880ff4edaa5d80b2dc66dda0e34a36ac,campaign_1,blacklist target of hardcoded manager (Execute call) Jul-Oct 2025
avalanche,0xeb86e79638c0cb091a227cc77f36458f8410dcdf,0xce54c175880ff4edaa5d80b2dc66dda0e34a36ac,campaign_1,blacklist target of hardcoded manager (Execute call) Jul-Oct 2025
avalanche,0xeb8b2b366e4188c8a8de17ff8229c410b145a2f5,0xce54c175880ff4edaa5d80b2dc66dda0e34a36ac,campaign_1,blacklist target of hardcoded manager (Execute call) Jul-Oct 2025
avalanche,0xeb8dc4fdfbeaa28e5321469ccfc50e78f4353759,0xce54c175880ff4edaa5d80b2dc66dda0e34a36ac,campaign_1,blacklist target of hardcoded manager (Execute call) Jul-Oct 2025
avalanche,0xeb8f613a94166b94ae1bd6bf716b8f97961395ed,0xce54c175880ff4edaa5d80b2dc66dda0e34a36ac,campaign_1,blacklist target of hardcoded manager (Execute call) Jul-Oct 2025
avalanche,0xeba1e59956c1667dabcc4f82cd38fde3002d2e35,0xce54c175880ff4edaa5d80b2dc66dda0e34a36ac,campaign_1,blacklist target of hardcoded manager (Execute call) Jul-Oct 2025
avalanche,0xeba4df76a9d3d219fc79663591f96e49df07b051,0xce54c175880ff4edaa5d80b2dc66dda0e34a36ac,campaign_1,blacklist target of hardcoded manager (Execute call) Jul-Oct 2025
avalanche,0xeba58efd54698eeb903f257e3b107dcef3eb72f6,0xce54c175880ff4edaa5d80b2dc66dda0e34a36ac,campaign_1,blacklist target of hardcoded manager (Execute call) Jul-Oct 2025
avalanche,0xeba6f9f77ca781f89b4ac6fa0fb9d46f18cf5415,0xce54c175880ff4edaa5d80b2dc66dda0e34a36ac,campaign_1,blacklist target of hardcoded manager (Execute call) Jul-Oct 2025
avalanche,0xebb6287dace33b698de0f941f977603397cc53fd,0xce54c175880ff4edaa5d80b2dc66dda0e34a36ac,campaign_1,blacklist target of hardcoded manager (Execute call) Jul-Oct 2025
avalanche,0xebbdb76ba729c5fb2d466babda454e7fd735784b,0xce54c175880ff4edaa5d80b2dc66dda0e34a36ac,campaign_1,blacklist target of hardcoded manager (Execute call) Jul-Oct 2025
avalanche,0xebcbe9b3f3929eff78ab48f7f5263e98bce8f7c6,0xce54c175880ff4edaa5d80b2dc66dda0e34a36ac,campaign_1,blacklist target of hardcoded manager (Execute call) Jul-Oct 2025
avalanche,0xebd1f890f06528a096409d2522e3a4d95cdbb000,0xce54c175880ff4edaa5d80b2dc66dda0e34a36ac,campaign_1,blacklist target of hardcoded manager (Execute call) Jul-Oct 2025
avalanche,0xebded04cf1cd5add0774bccc49b35f32cb814414,0xce54c175880ff4edaa5d80b2dc66dda0e34a36ac,campaign_1,blacklist target of hardcoded manager (Execute call) Jul-Oct 2025
avalanche,0xebedf0540a304d6a5e7869f6868a040e4013c0f3,0xce54c175880ff4edaa5d80b2dc66dda0e34a36ac,campaign_1,blacklist target of hardcoded manager (Execute call) Jul-Oct 2025
avalanche,0xebf385e4876d8313aba6935bb015cbd3ad4687a9,0xce54c175880ff4edaa5d80b2dc66dda0e34a36ac,campaign_1,blacklist target of hardcoded manager (Execute call) Jul-Oct 2025
avalanche,0xebf44ed32d78d36cff1bdd2f9a8809745e8b4506,0xce54c175880ff4edaa5d80b2dc66dda0e34a36ac,campaign_1,blacklist target of hardcoded manager (Execute call) Jul-Oct 2025
avalanche,0xebf997a38d65e03c64f65c418c094b4a1b7b183f,0xce54c175880ff4edaa5d80b2dc66dda0e34a36ac,campaign_1,blacklist target of hardcoded manager (Execute call) Jul-Oct 2025
avalanche,0xec067ca33c4a362be4abec230a3cdd4d453c53d0,0xce54c175880ff4edaa5d80b2dc66dda0e34a36ac,campaign_1,blacklist target of hardcoded manager (Execute call) Jul-Oct 2025
avalanche,0xec150af3c28983cae96f14e981a0232008b84046,0xce54c175880ff4edaa5d80b2dc66dda0e34a36ac,campaign_1,blacklist target of hardcoded manager (Execute call) Jul-Oct 2025
avalanche,0xec1dc43e54cff7566dad53df32d2588868dbc374,0xce54c175880ff4edaa5d80b2dc66dda0e34a36ac,campaign_1,blacklist target of hardcoded manager (Execute call) Jul-Oct 2025
avalanche,0xec2fb88dd0ea07228a8471c9673c342c7b85036d,0xce54c175880ff4edaa5d80b2dc66dda0e34a36ac,campaign_1,blacklist target of hardcoded manager (Execute call) Jul-Oct 2025
avalanche,0xec34cc64e7fedc127b17cb0ce27d7760d2564871,0xce54c175880ff4edaa5d80b2dc66dda0e34a36ac,campaign_1,blacklist target of hardcoded manager (Execute call) Jul-Oct 2025
avalanche,0xec42c465733e85b88dec0733aaf3395669ee0734,0xce54c175880ff4edaa5d80b2dc66dda0e34a36ac,campaign_1,blacklist target of hardcoded manager (Execute call) Jul-Oct 2025
avalanche,0xec4b00a6a2377ea543c9e1dc2a2412a9cfff6861,0xce54c175880ff4edaa5d80b2dc66dda0e34a36ac,campaign_1,blacklist target of hardcoded manager (Execute call) Jul-Oct 2025
avalanche,0xec4e2b2cafc737c3173a0cd272d4835fff84d47f,0xce54c175880ff4edaa5d80b2dc66dda0e34a36ac,campaign_1,blacklist target of hardcoded manager (Execute call) Jul-Oct 2025
avalanche,0xec50045452a2d1ec1456fd3ef4ee02d2d3a9eea2,0xce54c175880ff4edaa5d80b2dc66dda0e34a36ac,campaign_1,blacklist target of hardcoded manager (Execute call) Jul-Oct 2025
avalanche,0xec5b668c20b0d6ac0b1f3c43d0911aa7ad53f2cf,0xce54c175880ff4edaa5d80b2dc66dda0e34a36ac,campaign_1,blacklist target of hardcoded manager (Execute call) Jul-Oct 2025
avalanche,0xec5e8ea6a47dce9288fa30786e59fd60ec41cb5e,0xce54c175880ff4edaa5d80b2dc66dda0e34a36ac,campaign_1,blacklist target of hardcoded manager (Execute call) Jul-Oct 2025
avalanche,0xec759d42efa17c5db028333e265f6973f824c742,0xce54c175880ff4edaa5d80b2dc66dda0e34a36ac,campaign_1,blacklist target of hardcoded manager (Execute call) Jul-Oct 2025
avalanche,0xec82971cd629eb6700e72c94394794a189f8f6d4,0xce54c175880ff4edaa5d80b2dc66dda0e34a36ac,campaign_1,blacklist target of hardcoded manager (Execute call) Jul-Oct 2025
avalanche,0xec9bbb55c75ba856a11a1305b1211fce0cccaada,0xce54c175880ff4edaa5d80b2dc66dda0e34a36ac,campaign_1,blacklist target of hardcoded manager (Execute call) Jul-Oct 2025
avalanche,0xeca1f3b6ea79ad281091ac71ed24612d63085fbf,0xce54c175880ff4edaa5d80b2dc66dda0e34a36ac,campaign_1,blacklist target of hardcoded manager (Execute call) Jul-Oct 2025
avalanche,0xeca84ce5a2c3ed520b389f3c301f275037ab6ad7,0xce54c175880ff4edaa5d80b2dc66dda0e34a36ac,campaign_1,blacklist target of hardcoded manager (Execute call) Jul-Oct 2025
avalanche,0xecb193a443b202f32e4439708837a430f61c03d8,0xce54c175880ff4edaa5d80b2dc66dda0e34a36ac,campaign_1,blacklist target of hardcoded manager (Execute call) Jul-Oct 2025
avalanche,0xecb5b54b3b23ddcdb243b220541a2d1cd3369556,0xce54c175880ff4edaa5d80b2dc66dda0e34a36ac,campaign_1,blacklist target of hardcoded manager (Execute call) Jul-Oct 2025
avalanche,0xecca38f6469f41f2319fffc7b026d39d19ff8e76,0xce54c175880ff4edaa5d80b2dc66dda0e34a36ac,campaign_1,blacklist target of hardcoded manager (Execute call) Jul-Oct 2025
avalanche,0xece92bd447a1cb19332f9096813813b6dc138c77,0xce54c175880ff4edaa5d80b2dc66dda0e34a36ac,campaign_1,blacklist target of hardcoded manager (Execute call) Jul-Oct 2025
avalanche,0xecec6239bdd3d55e771c4a0d6cc1babdaac5686b,0xce54c175880ff4edaa5d80b2dc66dda0e34a36ac,campaign_1,blacklist target of hardcoded manager (Execute call) Jul-Oct 2025
avalanche,0xecfa11f6a8bcf487d3791dafd961dac5acbbd1de,0xce54c175880ff4edaa5d80b2dc66dda0e34a36ac,campaign_1,blacklist target of hardcoded manager (Execute call) Jul-Oct 2025
avalanche,0xed01ba8d31cec529a31c4a56014078238a75ed77,0xce54c175880ff4edaa5d80b2dc66dda0e34a36ac,campaign_1,blacklist target of hardcoded manager (Execute call) Jul-Oct 2025
avalanche,0xed160402d8eecc7fa68eb68e79be19fc2f1f49aa,0xce54c175880ff4edaa5d80b2dc66dda0e34a36ac,campaign_1,blacklist target of hardcoded manager (Execute call) Jul-Oct 2025
avalanche,0xed175c6d3b17fcd532e4e3f0d4e749b777102989,0xce54c175880ff4edaa5d80b2dc66dda0e34a36ac,campaign_1,blacklist target of hardcoded manager (Execute call) Jul-Oct 2025
avalanche,0xed1a76ae668b7aa731f889a208276abac4a83d41,0xce54c175880ff4edaa5d80b2dc66dda0e34a36ac,campaign_1,blacklist target of hardcoded manager (Execute call) Jul-Oct 2025
avalanche,0xed2418437dd0c3fc59bde05a03a29a043855715c,0xce54c175880ff4edaa5d80b2dc66dda0e34a36ac,campaign_1,blacklist target of hardcoded manager (Execute call) Jul-Oct 2025
avalanche,0xed2b1dafe574168e91935ca285896ab7dd03191f,0xce54c175880ff4edaa5d80b2dc66dda0e34a36ac,campaign_1,blacklist target of hardcoded manager (Execute call) Jul-Oct 2025
avalanche,0xed475222c57dd9c83bc06765634988460a167ed7,0xce54c175880ff4edaa5d80b2dc66dda0e34a36ac,campaign_1,blacklist target of hardcoded manager (Execute call) Jul-Oct 2025
avalanche,0xed50b401f7d72be69311eaa1cca53c5b360956c4,0xce54c175880ff4edaa5d80b2dc66dda0e34a36ac,campaign_1,blacklist target of hardcoded manager (Execute call) Jul-Oct 2025
avalanche,0xed77029db5a22ea86e374bcdeef0baf7f30d8755,0xce54c175880ff4edaa5d80b2dc66dda0e34a36ac,campaign_1,blacklist target of hardcoded manager (Execute call) Jul-Oct 2025
avalanche,0xed84a8b9f9c61e4a11aa8fc8ec501a3eaf77cd0a,0xce54c175880ff4edaa5d80b2dc66dda0e34a36ac,campaign_1,blacklist target of hardcoded manager (Execute call) Jul-Oct 2025
avalanche,0xedaad8ffa6a84b5ac6a1ea4bf80ad2565e95445a,0xce54c175880ff4edaa5d80b2dc66dda0e34a36ac,campaign_1,blacklist target of hardcoded manager (Execute call) Jul-Oct 2025
avalanche,0xedb2102b715bd764a7561dd039634614be2f0e81,0xce54c175880ff4edaa5d80b2dc66dda0e34a36ac,campaign_1,blacklist target of hardcoded manager (Execute call) Jul-Oct 2025
avalanche,0xedb79950eec7810d7aab22058c76046178894c09,0xce54c175880ff4edaa5d80b2dc66dda0e34a36ac,campaign_1,blacklist target of hardcoded manager (Execute call) Jul-Oct 2025
avalanche,0xedba475d6bef101f68b6a9abe4d479e708fa7c8e,0xce54c175880ff4edaa5d80b2dc66dda0e34a36ac,campaign_1,blacklist target of hardcoded manager (Execute call) Jul-Oct 2025
avalanche,0xedc29f441eb2d443e43e8148d99120931699dec2,0xce54c175880ff4edaa5d80b2dc66dda0e34a36ac,campaign_1,blacklist target of hardcoded manager (Execute call) Jul-Oct 2025
avalanche,0xedca17b69ee989a1e109dd7bde765565e25327ae,0xce54c175880ff4edaa5d80b2dc66dda0e34a36ac,campaign_1,blacklist target of hardcoded manager (Execute call) Jul-Oct 2025
avalanche,0xedcad881ca979abd1648235e73e0188c4e58a48a,0xce54c175880ff4edaa5d80b2dc66dda0e34a36ac,campaign_1,blacklist target of hardcoded manager (Execute call) Jul-Oct 2025
avalanche,0xede08d059a40fbfcc661c7623c698aa89af391c2,0xce54c175880ff4edaa5d80b2dc66dda0e34a36ac,campaign_1,blacklist target of hardcoded manager (Execute call) Jul-Oct 2025
avalanche,0xedf7b940ee99c31bed42ba702a87cb017fb95a7c,0xce54c175880ff4edaa5d80b2dc66dda0e34a36ac,campaign_1,blacklist target of hardcoded manager (Execute call) Jul-Oct 2025
avalanche,0xedf7bb702fb703d38e4a8bb81398fd1bdf4e9048,0xce54c175880ff4edaa5d80b2dc66dda0e34a36ac,campaign_1,blacklist target of hardcoded manager (Execute call) Jul-Oct 2025
avalanche,0xee11b2165ce743317c2d9bdd7b9c84b6fc23ea8e,0xce54c175880ff4edaa5d80b2dc66dda0e34a36ac,campaign_1,blacklist target of hardcoded manager (Execute call) Jul-Oct 2025
avalanche,0xee124345db6e4823ef17266eb4054490e2605192,0xce54c175880ff4edaa5d80b2dc66dda0e34a36ac,campaign_1,blacklist target of hardcoded manager (Execute call) Jul-Oct 2025
avalanche,0xee1a618c463d35e489dbd749f5167053a8987c5e,0xce54c175880ff4edaa5d80b2dc66dda0e34a36ac,campaign_1,blacklist target of hardcoded manager (Execute call) Jul-Oct 2025
avalanche,0xee257cd1cbc16f3a255e2e1c2196f5e2b276b5a3,0xce54c175880ff4edaa5d80b2dc66dda0e34a36ac,campaign_1,blacklist target of hardcoded manager (Execute call) Jul-Oct 2025
avalanche,0xee38eb4df54040d5d792b37d74d4a5417f55fa4d,0xce54c175880ff4edaa5d80b2dc66dda0e34a36ac,campaign_1,blacklist target of hardcoded manager (Execute call) Jul-Oct 2025
avalanche,0xee39640a4c2e3d2f2630f48b50028effaf1d0f94,0xce54c175880ff4edaa5d80b2dc66dda0e34a36ac,campaign_1,blacklist target of hardcoded manager (Execute call) Jul-Oct 2025
avalanche,0xee3fe0a2c0c0951ec20c5702fc4d227e9bc696e4,0xce54c175880ff4edaa5d80b2dc66dda0e34a36ac,campaign_1,blacklist target of hardcoded manager (Execute call) Jul-Oct 2025
avalanche,0xee439f6cd3588dfcfce195b98d65618903752339,0xce54c175880ff4edaa5d80b2dc66dda0e34a36ac,campaign_1,blacklist target of hardcoded manager (Execute call) Jul-Oct 2025
avalanche,0xee4fe7eaa08c8bc3e948b50fbce74fc4b4a026c1,0xce54c175880ff4edaa5d80b2dc66dda0e34a36ac,campaign_1,blacklist target of hardcoded manager (Execute call) Jul-Oct 2025
avalanche,0xee5b11d0045f8e17e148add2f85776cb47bfa07d,0xce54c175880ff4edaa5d80b2dc66dda0e34a36ac,campaign_1,blacklist target of hardcoded manager (Execute call) Jul-Oct 2025
avalanche,0xee74c62ddb2271e34b8dcf4ea6c2803fbad7dfe6,0xce54c175880ff4edaa5d80b2dc66dda0e34a36ac,campaign_1,blacklist target of hardcoded manager (Execute call) Jul-Oct 2025
avalanche,0xee90b9e8492f8b28a501893b279f098871aaa035,0xce54c175880ff4edaa5d80b2dc66dda0e34a36ac,campaign_1,blacklist target of hardcoded manager (Execute call) Jul-Oct 2025
avalanche,0xee9163ad3cb1f31e60d66517af79c2ac65dc9f08,0xce54c175880ff4edaa5d80b2dc66dda0e34a36ac,campaign_1,blacklist target of hardcoded manager (Execute call) Jul-Oct 2025
avalanche,0xee97f5d8509d5dccc361b469bca26ef24b769291,0xce54c175880ff4edaa5d80b2dc66dda0e34a36ac,campaign_1,blacklist target of hardcoded manager (Execute call) Jul-Oct 2025
avalanche,0xeeaf6f85e204b84d459226051f1397128b1dd322,0xce54c175880ff4edaa5d80b2dc66dda0e34a36ac,campaign_1,blacklist target of hardcoded manager (Execute call) Jul-Oct 2025
avalanche,0xeeba62b1dace1215efe0149590118e974df41734,0xce54c175880ff4edaa5d80b2dc66dda0e34a36ac,campaign_1,blacklist target of hardcoded manager (Execute call) Jul-Oct 2025
avalanche,0xeecb1c6274b3a85b9cbf2c288339c15df95f83eb,0xce54c175880ff4edaa5d80b2dc66dda0e34a36ac,campaign_1,blacklist target of hardcoded manager (Execute call) Jul-Oct 2025
avalanche,0xeed843c1c271fe2f4b6a29cf8674f29ac4dd6458,0xce54c175880ff4edaa5d80b2dc66dda0e34a36ac,campaign_1,blacklist target of hardcoded manager (Execute call) Jul-Oct 2025
avalanche,0xeee9dd2d93ff7f3680a064392f6b7b1095237712,0xce54c175880ff4edaa5d80b2dc66dda0e34a36ac,campaign_1,blacklist target of hardcoded manager (Execute call) Jul-Oct 2025
avalanche,0xeefcc25004c4e16f799a0ff94026bac4d695f1b3,0xce54c175880ff4edaa5d80b2dc66dda0e34a36ac,campaign_1,blacklist target of hardcoded manager (Execute call) Jul-Oct 2025
avalanche,0xef0b090b2b0fa6783bd919266767359d6930839a,0xce54c175880ff4edaa5d80b2dc66dda0e34a36ac,campaign_1,blacklist target of hardcoded manager (Execute call) Jul-Oct 2025
avalanche,0xef2ca04811d7000775b7adda3b6810f5b9a60243,0xce54c175880ff4edaa5d80b2dc66dda0e34a36ac,campaign_1,blacklist target of hardcoded manager (Execute call) Jul-Oct 2025
avalanche,0xef3d234352de661614ab746a66150dbc594fe135,0xce54c175880ff4edaa5d80b2dc66dda0e34a36ac,campaign_1,blacklist target of hardcoded manager (Execute call) Jul-Oct 2025
avalanche,0xef3fa71eca554e916829be6787438e29f0644004,0xce54c175880ff4edaa5d80b2dc66dda0e34a36ac,campaign_1,blacklist target of hardcoded manager (Execute call) Jul-Oct 2025
avalanche,0xef442d37838cb9a9a2ca5f1b957ff95f511e15dc,0xce54c175880ff4edaa5d80b2dc66dda0e34a36ac,campaign_1,blacklist target of hardcoded manager (Execute call) Jul-Oct 2025
avalanche,0xef4af4792e4924d90d3a38db09f866bffe8c1adf,0xce54c175880ff4edaa5d80b2dc66dda0e34a36ac,campaign_1,blacklist target of hardcoded manager (Execute call) Jul-Oct 2025
avalanche,0xef5fea86701317deb2768010d7e51dde78866172,0xce54c175880ff4edaa5d80b2dc66dda0e34a36ac,campaign_1,blacklist target of hardcoded manager (Execute call) Jul-Oct 2025
avalanche,0xef83d4c4d0bfe6a40c70ac932c7a2a4902c38bc5,0xce54c175880ff4edaa5d80b2dc66dda0e34a36ac,campaign_1,blacklist target of hardcoded manager (Execute call) Jul-Oct 2025
avalanche,0xef8e4b89ff2dd0b7053dcd03b66d5d6d2e85e9a4,0xce54c175880ff4edaa5d80b2dc66dda0e34a36ac,campaign_1,blacklist target of hardcoded manager (Execute call) Jul-Oct 2025
avalanche,0xef91fd21d8dc1af6867218a936f9effcc5cda192,0xce54c175880ff4edaa5d80b2dc66dda0e34a36ac,campaign_1,blacklist target of hardcoded manager (Execute call) Jul-Oct 2025
avalanche,0xef9dce213deb9b4e2c9234d0855ff27a81045130,0xce54c175880ff4edaa5d80b2dc66dda0e34a36ac,campaign_1,blacklist target of hardcoded manager (Execute call) Jul-Oct 2025
avalanche,0xefa7d73c4a7c3494420f9a93cd978a7a93b1e482,0xce54c175880ff4edaa5d80b2dc66dda0e34a36ac,campaign_1,blacklist target of hardcoded manager (Execute call) Jul-Oct 2025
avalanche,0xefab36cff1697e508331644f496c18d6b890808e,0xce54c175880ff4edaa5d80b2dc66dda0e34a36ac,campaign_1,blacklist target of hardcoded manager (Execute call) Jul-Oct 2025
avalanche,0xefb800cb5880a696f4fa71f3cd175c9c93daa00d,0xce54c175880ff4edaa5d80b2dc66dda0e34a36ac,campaign_1,blacklist target of hardcoded manager (Execute call) Jul-Oct 2025
avalanche,0xefc1307dff1d59e060775a4b93dcd47d091166fe,0xce54c175880ff4edaa5d80b2dc66dda0e34a36ac,campaign_1,blacklist target of hardcoded manager (Execute call) Jul-Oct 2025
avalanche,0xefc1b641c1ed99f1a399ada6c9ad07b3a3d627a6,0xce54c175880ff4edaa5d80b2dc66dda0e34a36ac,campaign_1,blacklist target of hardcoded manager (Execute call) Jul-Oct 2025
avalanche,0xeff1d6bac1fd727fd2feb1478c7f27d88ef39cc8,0xce54c175880ff4edaa5d80b2dc66dda0e34a36ac,campaign_1,blacklist target of hardcoded manager (Execute call) Jul-Oct 2025
avalanche,0xeff6e82aefb81da2b3890aaad5a52d74d0320648,0xce54c175880ff4edaa5d80b2dc66dda0e34a36ac,campaign_1,blacklist target of hardcoded manager (Execute call) Jul-Oct 2025
avalanche,0xf009b1d480fbab12390572211234dc8ce86820c5,0xce54c175880ff4edaa5d80b2dc66dda0e34a36ac,campaign_1,blacklist target of hardcoded manager (Execute call) Jul-Oct 2025
avalanche,0xf00ffc6b8eb452e2969595fd70d63a8933848507,0xce54c175880ff4edaa5d80b2dc66dda0e34a36ac,campaign_1,blacklist target of hardcoded manager (Execute call) Jul-Oct 2025
avalanche,0xf0118419e18f86181c8319a63cddea3141de2722,0xce54c175880ff4edaa5d80b2dc66dda0e34a36ac,campaign_1,blacklist target of hardcoded manager (Execute call) Jul-Oct 2025
avalanche,0xf02e58933f8fbe43cc949d2638105eeea4df8da3,0xce54c175880ff4edaa5d80b2dc66dda0e34a36ac,campaign_1,blacklist target of hardcoded manager (Execute call) Jul-Oct 2025
avalanche,0xf03114b949485f0f391f85b2436175a4bc958ebf,0xce54c175880ff4edaa5d80b2dc66dda0e34a36ac,campaign_1,blacklist target of hardcoded manager (Execute call) Jul-Oct 2025
avalanche,0xf032f2417ab0a0bbacdc2e500b149e4f94abc53f,0xce54c175880ff4edaa5d80b2dc66dda0e34a36ac,campaign_1,blacklist target of hardcoded manager (Execute call) Jul-Oct 2025
avalanche,0xf037ae1ab43b7aea38fc8df2a242efc370893caf,0xce54c175880ff4edaa5d80b2dc66dda0e34a36ac,campaign_1,blacklist target of hardcoded manager (Execute call) Jul-Oct 2025
avalanche,0xf03ef9745789190d01b802b544b83d23ddf58ffb,0xce54c175880ff4edaa5d80b2dc66dda0e34a36ac,campaign_1,blacklist target of hardcoded manager (Execute call) Jul-Oct 2025
avalanche,0xf050e7575730cb7a9de31fcb023e3b9b609ae6b2,0xce54c175880ff4edaa5d80b2dc66dda0e34a36ac,campaign_1,blacklist target of hardcoded manager (Execute call) Jul-Oct 2025
avalanche,0xf0690f371a58899e8f55c15ffa275cd12f9c4fae,0xce54c175880ff4edaa5d80b2dc66dda0e34a36ac,campaign_1,blacklist target of hardcoded manager (Execute call) Jul-Oct 2025
avalanche,0xf0769105dd1086990de7b2dbcd8a47e31e73572a,0xce54c175880ff4edaa5d80b2dc66dda0e34a36ac,campaign_1,blacklist target of hardcoded manager (Execute call) Jul-Oct 2025
avalanche,0xf07d36d00a148141e8d4758b19f05bd06019d76d,0xce54c175880ff4edaa5d80b2dc66dda0e34a36ac,campaign_1,blacklist target of hardcoded manager (Execute call) Jul-Oct 2025
avalanche,0xf0abb92e1ba7f8dc7de11819b4d8660fbfe98528,0xce54c175880ff4edaa5d80b2dc66dda0e34a36ac,campaign_1,blacklist target of hardcoded manager (Execute call) Jul-Oct 2025
avalanche,0xf0bfbbc1c9e363453dadd3653c0a3e0e47da7bef,0xce54c175880ff4edaa5d80b2dc66dda0e34a36ac,campaign_1,blacklist target of hardcoded manager (Execute call) Jul-Oct 2025
avalanche,0xf0d943b784c9349cb4d3d8d6a358a97c5b5ef5d2,0xce54c175880ff4edaa5d80b2dc66dda0e34a36ac,campaign_1,blacklist target of hardcoded manager (Execute call) Jul-Oct 2025
avalanche,0xf0dfe48ac5f2921ae02e28d3e7b8ffde85994491,0xce54c175880ff4edaa5d80b2dc66dda0e34a36ac,campaign_1,blacklist target of hardcoded manager (Execute call) Jul-Oct 2025
avalanche,0xf0e0586a7dd80ce0a80f583cc84e35d12a40ee86,0xce54c175880ff4edaa5d80b2dc66dda0e34a36ac,campaign_1,blacklist target of hardcoded manager (Execute call) Jul-Oct 2025
avalanche,0xf0f4d059501e429477d38c10a70ff95b7ae7adc4,0xce54c175880ff4edaa5d80b2dc66dda0e34a36ac,campaign_1,blacklist target of hardcoded manager (Execute call) Jul-Oct 2025
avalanche,0xf0f9c46dfe6550ad3d3bbd18bbef5220ccfa5265,0xce54c175880ff4edaa5d80b2dc66dda0e34a36ac,campaign_1,blacklist target of hardcoded manager (Execute call) Jul-Oct 2025
avalanche,0xf0fc848a48f8f6df3381cf036aef8f32bc293422,0xce54c175880ff4edaa5d80b2dc66dda0e34a36ac,campaign_1,blacklist target of hardcoded manager (Execute call) Jul-Oct 2025
avalanche,0xf114c0232777068e9a29e1d3a78cfdc3420b7ef3,0xce54c175880ff4edaa5d80b2dc66dda0e34a36ac,campaign_1,blacklist target of hardcoded manager (Execute call) Jul-Oct 2025
avalanche,0xf1251e84d4ca048f4d2979c639e4443548299cf5,0xce54c175880ff4edaa5d80b2dc66dda0e34a36ac,campaign_1,blacklist target of hardcoded manager (Execute call) Jul-Oct 2025
avalanche,0xf12a1e519d73125b193509d5a7492a35cb64d326,0xce54c175880ff4edaa5d80b2dc66dda0e34a36ac,campaign_1,blacklist target of hardcoded manager (Execute call) Jul-Oct 2025
avalanche,0xf12bbcacea8d920b3c5db74777c207963e979c2e,0xce54c175880ff4edaa5d80b2dc66dda0e34a36ac,campaign_1,blacklist target of hardcoded manager (Execute call) Jul-Oct 2025
avalanche,0xf13db30a8cab88e302e3abb9fb280d5104b5b2ff,0xce54c175880ff4edaa5d80b2dc66dda0e34a36ac,campaign_1,blacklist target of hardcoded manager (Execute call) Jul-Oct 2025
avalanche,0xf1455c99e24a68088cb94ba4e87e277033a04111,0xce54c175880ff4edaa5d80b2dc66dda0e34a36ac,campaign_1,blacklist target of hardcoded manager (Execute call) Jul-Oct 2025
avalanche,0xf149da919f72ba3cc39bd994523f0209b83801cd,0xce54c175880ff4edaa5d80b2dc66dda0e34a36ac,campaign_1,blacklist target of hardcoded manager (Execute call) Jul-Oct 2025
avalanche,0xf15fff024f56781fde06240823f3b9427309d073,0xce54c175880ff4edaa5d80b2dc66dda0e34a36ac,campaign_1,blacklist target of hardcoded manager (Execute call) Jul-Oct 2025
avalanche,0xf181c026ed5f4fad9c87587d8592ee57c58f2986,0xce54c175880ff4edaa5d80b2dc66dda0e34a36ac,campaign_1,blacklist target of hardcoded manager (Execute call) Jul-Oct 2025
avalanche,0xf18cec81a9149a098ae899d416bc37e4beeec658,0xce54c175880ff4edaa5d80b2dc66dda0e34a36ac,campaign_1,blacklist target of hardcoded manager (Execute call) Jul-Oct 2025
avalanche,0xf19de33f33b581101446946d87278a3089dc0e8e,0xce54c175880ff4edaa5d80b2dc66dda0e34a36ac,campaign_1,blacklist target of hardcoded manager (Execute call) Jul-Oct 2025
avalanche,0xf1bcd51901ce6f7330adb473e36a14af38f4f18b,0xce54c175880ff4edaa5d80b2dc66dda0e34a36ac,campaign_1,blacklist target of hardcoded manager (Execute call) Jul-Oct 2025
avalanche,0xf1c3c5b945801fd927ac01702b52658bef68b396,0xce54c175880ff4edaa5d80b2dc66dda0e34a36ac,campaign_1,blacklist target of hardcoded manager (Execute call) Jul-Oct 2025
avalanche,0xf1c5f61dce05d61a75b713e94a18d001703f1229,0xce54c175880ff4edaa5d80b2dc66dda0e34a36ac,campaign_1,blacklist target of hardcoded manager (Execute call) Jul-Oct 2025
avalanche,0xf1c6230b306baba45f29223dd77629c31f417696,0xce54c175880ff4edaa5d80b2dc66dda0e34a36ac,campaign_1,blacklist target of hardcoded manager (Execute call) Jul-Oct 2025
avalanche,0xf1c73f1e00534e626b8b9ff1fd3364c9dcb8b309,0xce54c175880ff4edaa5d80b2dc66dda0e34a36ac,campaign_1,blacklist target of hardcoded manager (Execute call) Jul-Oct 2025
avalanche,0xf1d3f3932beed9d56fa268b9518c5f2706ebff54,0xce54c175880ff4edaa5d80b2dc66dda0e34a36ac,campaign_1,blacklist target of hardcoded manager (Execute call) Jul-Oct 2025
avalanche,0xf1d475a15431f6dbe8bf3161e5b16c0966a86db2,0xce54c175880ff4edaa5d80b2dc66dda0e34a36ac,campaign_1,blacklist target of hardcoded manager (Execute call) Jul-Oct 2025
avalanche,0xf22d2d8027078f4afd07bc7a6362fd62de73c886,0xce54c175880ff4edaa5d80b2dc66dda0e34a36ac,campaign_1,blacklist target of hardcoded manager (Execute call) Jul-Oct 2025
avalanche,0xf2358cf23e3a97537c6139da987043793845f8ce,0xce54c175880ff4edaa5d80b2dc66dda0e34a36ac,campaign_1,blacklist target of hardcoded manager (Execute call) Jul-Oct 2025
avalanche,0xf24c7823ee543b0230ed5fce9cbba4113750c628,0xce54c175880ff4edaa5d80b2dc66dda0e34a36ac,campaign_1,blacklist target of hardcoded manager (Execute call) Jul-Oct 2025
avalanche,0xf25824194edc87a7e8eab8943850cd536f8870f3,0xce54c175880ff4edaa5d80b2dc66dda0e34a36ac,campaign_1,blacklist target of hardcoded manager (Execute call) Jul-Oct 2025
avalanche,0xf259af8e1a55b763e6735d9f28d83d3c450bc575,0xce54c175880ff4edaa5d80b2dc66dda0e34a36ac,campaign_1,blacklist target of hardcoded manager (Execute call) Jul-Oct 2025
avalanche,0xf25b61a833be5a2a6e980be4018f3c13ae21ef83,0xce54c175880ff4edaa5d80b2dc66dda0e34a36ac,campaign_1,blacklist target of hardcoded manager (Execute call) Jul-Oct 2025
avalanche,0xf25bc52cec30f0419a79dab62b89694e790d323a,0xce54c175880ff4edaa5d80b2dc66dda0e34a36ac,campaign_1,blacklist target of hardcoded manager (Execute call) Jul-Oct 2025
avalanche,0xf28658afe5874ed34ebdd3c44b54d02b5e2dc7b0,0xce54c175880ff4edaa5d80b2dc66dda0e34a36ac,campaign_1,blacklist target of hardcoded manager (Execute call) Jul-Oct 2025
avalanche,0xf287033c7b533089ef37b4825711e688aa691356,0xce54c175880ff4edaa5d80b2dc66dda0e34a36ac,campaign_1,blacklist target of hardcoded manager (Execute call) Jul-Oct 2025
avalanche,0xf28741b748d7a6cde466b1980ba1fbec064808d1,0xce54c175880ff4edaa5d80b2dc66dda0e34a36ac,campaign_1,blacklist target of hardcoded manager (Execute call) Jul-Oct 2025
avalanche,0xf292a1df7fe58cf9f395b250fea340f831dbb25e,0xce54c175880ff4edaa5d80b2dc66dda0e34a36ac,campaign_1,blacklist target of hardcoded manager (Execute call) Jul-Oct 2025
avalanche,0xf294d7996ae315aeb493226e8fce4508b2cf931c,0xce54c175880ff4edaa5d80b2dc66dda0e34a36ac,campaign_1,blacklist target of hardcoded manager (Execute call) Jul-Oct 2025
avalanche,0xf29ba94f6b4e1d812647fb7ae6570b9debad2024,0xce54c175880ff4edaa5d80b2dc66dda0e34a36ac,campaign_1,blacklist target of hardcoded manager (Execute call) Jul-Oct 2025
avalanche,0xf29c36e772eaf69fdf0c38d1daa8ffe89ba34a1a,0xce54c175880ff4edaa5d80b2dc66dda0e34a36ac,campaign_1,blacklist target of hardcoded manager (Execute call) Jul-Oct 2025
avalanche,0xf2ad20e4283fcd8c3fd89da553f03519ddc0a2a9,0xce54c175880ff4edaa5d80b2dc66dda0e34a36ac,campaign_1,blacklist target of hardcoded manager (Execute call) Jul-Oct 2025
avalanche,0xf2cec72ab5db20f98b3f679e70bd2c0590b828dd,0xce54c175880ff4edaa5d80b2dc66dda0e34a36ac,campaign_1,blacklist target of hardcoded manager (Execute call) Jul-Oct 2025
avalanche,0xf2e1083736b010f9d47e6328baa7ad2ed8e3293c,0xce54c175880ff4edaa5d80b2dc66dda0e34a36ac,campaign_1,blacklist target of hardcoded manager (Execute call) Jul-Oct 2025
avalanche,0xf2e6ff64ce8cb365c5510ced2ffad4059638b9bd,0xce54c175880ff4edaa5d80b2dc66dda0e34a36ac,campaign_1,blacklist target of hardcoded manager (Execute call) Jul-Oct 2025
avalanche,0xf2e9c1a06900c86fa74d2310df52074808c3ec09,0xce54c175880ff4edaa5d80b2dc66dda0e34a36ac,campaign_1,blacklist target of hardcoded manager (Execute call) Jul-Oct 2025
avalanche,0xf2eee57f7dc1e16e1ba8496100842c53b38805c9,0xce54c175880ff4edaa5d80b2dc66dda0e34a36ac,campaign_1,blacklist target of hardcoded manager (Execute call) Jul-Oct 2025
avalanche,0xf2ef5e9869658bf35b1e4f970f03c1ad57311883,0xce54c175880ff4edaa5d80b2dc66dda0e34a36ac,campaign_1,blacklist target of hardcoded manager (Execute call) Jul-Oct 2025
avalanche,0xf35734256151006024b795f620154a3f45952348,0xce54c175880ff4edaa5d80b2dc66dda0e34a36ac,campaign_1,blacklist target of hardcoded manager (Execute call) Jul-Oct 2025
avalanche,0xf36ef847b51f2535d1d48ad82f5d4a8f8b087267,0xce54c175880ff4edaa5d80b2dc66dda0e34a36ac,campaign_1,blacklist target of hardcoded manager (Execute call) Jul-Oct 2025
avalanche,0xf37b5e556a1005edf4e08f3eda0eb2c8d9aacbe9,0xce54c175880ff4edaa5d80b2dc66dda0e34a36ac,campaign_1,blacklist target of hardcoded manager (Execute call) Jul-Oct 2025
avalanche,0xf384807e50938984387bc586bf35d10e0a19dafa,0xce54c175880ff4edaa5d80b2dc66dda0e34a36ac,campaign_1,blacklist target of hardcoded manager (Execute call) Jul-Oct 2025
avalanche,0xf38777687cfda9d0f01daafb01f6325454c00598,0xce54c175880ff4edaa5d80b2dc66dda0e34a36ac,campaign_1,blacklist target of hardcoded manager (Execute call) Jul-Oct 2025
avalanche,0xf3945ac09862c8f05274d50b3c50cc0a4f925cd3,0xce54c175880ff4edaa5d80b2dc66dda0e34a36ac,campaign_1,blacklist target of hardcoded manager (Execute call) Jul-Oct 2025
avalanche,0xf397be8278168afc94f3d95e24e1397c17562d86,0xce54c175880ff4edaa5d80b2dc66dda0e34a36ac,campaign_1,blacklist target of hardcoded manager (Execute call) Jul-Oct 2025
avalanche,0xf3a27dbfcc69d095bf2eff5be45cd84ae64fb723,0xce54c175880ff4edaa5d80b2dc66dda0e34a36ac,campaign_1,blacklist target of hardcoded manager (Execute call) Jul-Oct 2025
avalanche,0xf3aacaffdf2b283dde5301f62d26893481ffafde,0xce54c175880ff4edaa5d80b2dc66dda0e34a36ac,campaign_1,blacklist target of hardcoded manager (Execute call) Jul-Oct 2025
avalanche,0xf3c4b52a1bd7861c73f8d23da5ff671b70f22784,0xce54c175880ff4edaa5d80b2dc66dda0e34a36ac,campaign_1,blacklist target of hardcoded manager (Execute call) Jul-Oct 2025
avalanche,0xf3c752336ed7b2f56100094424dfff3c009c6eb8,0xce54c175880ff4edaa5d80b2dc66dda0e34a36ac,campaign_1,blacklist target of hardcoded manager (Execute call) Jul-Oct 2025
avalanche,0xf3ccd7e9d9cf8125422192eb42f44e002a3bb15c,0xce54c175880ff4edaa5d80b2dc66dda0e34a36ac,campaign_1,blacklist target of hardcoded manager (Execute call) Jul-Oct 2025
avalanche,0xf3de4252414bf5dd5fd946dd7529895f9f8b0e42,0xce54c175880ff4edaa5d80b2dc66dda0e34a36ac,campaign_1,blacklist target of hardcoded manager (Execute call) Jul-Oct 2025
avalanche,0xf3fa322d6263b222d73b3d30348a755b0c595362,0xce54c175880ff4edaa5d80b2dc66dda0e34a36ac,campaign_1,blacklist target of hardcoded manager (Execute call) Jul-Oct 2025
avalanche,0xf3fba1b3995f849268706fec11fe5e1e66c2e805,0xce54c175880ff4edaa5d80b2dc66dda0e34a36ac,campaign_1,blacklist target of hardcoded manager (Execute call) Jul-Oct 2025
avalanche,0xf3ff5a999d1fa27e323201837be52d918d95c072,0xce54c175880ff4edaa5d80b2dc66dda0e34a36ac,campaign_1,blacklist target of hardcoded manager (Execute call) Jul-Oct 2025
avalanche,0xf40f124665cca5fc8823901431d66a85b4d95ad4,0xce54c175880ff4edaa5d80b2dc66dda0e34a36ac,campaign_1,blacklist target of hardcoded manager (Execute call) Jul-Oct 2025
avalanche,0xf42e0552ca8a3fff189fc23c467e2d59d448ac85,0xce54c175880ff4edaa5d80b2dc66dda0e34a36ac,campaign_1,blacklist target of hardcoded manager (Execute call) Jul-Oct 2025
avalanche,0xf445be17ad884238ec20a55759edf711c4956a48,0xce54c175880ff4edaa5d80b2dc66dda0e34a36ac,campaign_1,blacklist target of hardcoded manager (Execute call) Jul-Oct 2025
avalanche,0xf44f0fe6d0c3678947981a6852cabcee081dd0b9,0xce54c175880ff4edaa5d80b2dc66dda0e34a36ac,campaign_1,blacklist target of hardcoded manager (Execute call) Jul-Oct 2025
avalanche,0xf452b74a315af8c68faccad40545f3d506cebb78,0xce54c175880ff4edaa5d80b2dc66dda0e34a36ac,campaign_1,blacklist target of hardcoded manager (Execute call) Jul-Oct 2025
avalanche,0xf46b62cdff2e42e5c967fb7e76849207ad280811,0xce54c175880ff4edaa5d80b2dc66dda0e34a36ac,campaign_1,blacklist target of hardcoded manager (Execute call) Jul-Oct 2025
avalanche,0xf47cc47cbdc74fd41bcfae80745848028609e232,0xce54c175880ff4edaa5d80b2dc66dda0e34a36ac,campaign_1,blacklist target of hardcoded manager (Execute call) Jul-Oct 2025
avalanche,0xf48262038e14cb4fc1bbd9be2c288653975dc58f,0xce54c175880ff4edaa5d80b2dc66dda0e34a36ac,campaign_1,blacklist target of hardcoded manager (Execute call) Jul-Oct 2025
avalanche,0xf49226661feb3b9c6022c8f41bcbc36cb254aa05,0xce54c175880ff4edaa5d80b2dc66dda0e34a36ac,campaign_1,blacklist target of hardcoded manager (Execute call) Jul-Oct 2025
avalanche,0xf4940cc3e90ac0f074dedace36bf71d5c15f9d37,0xce54c175880ff4edaa5d80b2dc66dda0e34a36ac,campaign_1,blacklist target of hardcoded manager (Execute call) Jul-Oct 2025
avalanche,0xf494b8ebe0a349093423bac16fd71453bbefa971,0xce54c175880ff4edaa5d80b2dc66dda0e34a36ac,campaign_1,blacklist target of hardcoded manager (Execute call) Jul-Oct 2025
avalanche,0xf4ab57ea66d6feebec25eacf5eef304703ef78d4,0xce54c175880ff4edaa5d80b2dc66dda0e34a36ac,campaign_1,blacklist target of hardcoded manager (Execute call) Jul-Oct 2025
avalanche,0xf4b37c04db4fa138e2afd5502ef09eba8baa1ebb,0xce54c175880ff4edaa5d80b2dc66dda0e34a36ac,campaign_1,blacklist target of hardcoded manager (Execute call) Jul-Oct 2025
avalanche,0xf4b3c293ee8b7b2b9760d61ddce2cfd148572efc,0xce54c175880ff4edaa5d80b2dc66dda0e34a36ac,campaign_1,blacklist target of hardcoded manager (Execute call) Jul-Oct 2025
avalanche,0xf4b769fa7862f0a4fd08e744745734dfdd71c047,0xce54c175880ff4edaa5d80b2dc66dda0e34a36ac,campaign_1,blacklist target of hardcoded manager (Execute call) Jul-Oct 2025
avalanche,0xf4c5d2239f3b37d26ea9cbc86ee1e71142675311,0xce54c175880ff4edaa5d80b2dc66dda0e34a36ac,campaign_1,blacklist target of hardcoded manager (Execute call) Jul-Oct 2025
avalanche,0xf4d2b2bbddcc2ffe8c6af4fc8d60027cec2a1f85,0xce54c175880ff4edaa5d80b2dc66dda0e34a36ac,campaign_1,blacklist target of hardcoded manager (Execute call) Jul-Oct 2025
avalanche,0xf4dbbbb214ec74927ae52fd885bc72f7f4caef90,0xce54c175880ff4edaa5d80b2dc66dda0e34a36ac,campaign_1,blacklist target of hardcoded manager (Execute call) Jul-Oct 2025
avalanche,0xf4f49d82bf55bdffaa9be1a6d5fa171c90b6c3b8,0xce54c175880ff4edaa5d80b2dc66dda0e34a36ac,campaign_1,blacklist target of hardcoded manager (Execute call) Jul-Oct 2025
avalanche,0xf50291ec6e1a9a5e1072ac44c03add581535bc7a,0xce54c175880ff4edaa5d80b2dc66dda0e34a36ac,campaign_1,blacklist target of hardcoded manager (Execute call) Jul-Oct 2025
avalanche,0xf5109167969e5892cf5d12a18574f8eaef6dcd05,0xce54c175880ff4edaa5d80b2dc66dda0e34a36ac,campaign_1,blacklist target of hardcoded manager (Execute call) Jul-Oct 2025
avalanche,0xf51493d35a9f7dedb1d2ffe122eac61be1a723af,0xce54c175880ff4edaa5d80b2dc66dda0e34a36ac,campaign_1,blacklist target of hardcoded manager (Execute call) Jul-Oct 2025
avalanche,0xf5184f390ca196738f539d30d4cdeadf9f81fd2b,0xce54c175880ff4edaa5d80b2dc66dda0e34a36ac,campaign_1,blacklist target of hardcoded manager (Execute call) Jul-Oct 2025
avalanche,0xf52ad9046cbdc376ccb0ec08ddd5497870a71058,0xce54c175880ff4edaa5d80b2dc66dda0e34a36ac,campaign_1,blacklist target of hardcoded manager (Execute call) Jul-Oct 2025
avalanche,0xf52b4666841e0c6db1ab310b9cacc3df7475eeb6,0xce54c175880ff4edaa5d80b2dc66dda0e34a36ac,campaign_1,blacklist target of hardcoded manager (Execute call) Jul-Oct 2025
avalanche,0xf549d14eb000357b82522d222edc06bebccb8e7c,0xce54c175880ff4edaa5d80b2dc66dda0e34a36ac,campaign_1,blacklist target of hardcoded manager (Execute call) Jul-Oct 2025
avalanche,0xf54fab77eaacb4a248cc43c775042f5135b23cfd,0xce54c175880ff4edaa5d80b2dc66dda0e34a36ac,campaign_1,blacklist target of hardcoded manager (Execute call) Jul-Oct 2025
avalanche,0xf574470d09deedb5c26a4b8e107b2aee36aa38bc,0xce54c175880ff4edaa5d80b2dc66dda0e34a36ac,campaign_1,blacklist target of hardcoded manager (Execute call) Jul-Oct 2025
avalanche,0xf57dc3595b6ff28fbbf3e3641aa303217c04ad92,0xce54c175880ff4edaa5d80b2dc66dda0e34a36ac,campaign_1,blacklist target of hardcoded manager (Execute call) Jul-Oct 2025
avalanche,0xf586c149e59564d5f578b20227c7eb0884780529,0xce54c175880ff4edaa5d80b2dc66dda0e34a36ac,campaign_1,blacklist target of hardcoded manager (Execute call) Jul-Oct 2025
avalanche,0xf58899b768efa16beb70eb9f6d0eea668c97cef4,0xce54c175880ff4edaa5d80b2dc66dda0e34a36ac,campaign_1,blacklist target of hardcoded manager (Execute call) Jul-Oct 2025
avalanche,0xf5b3c5108cc0defbc461afcab82e7faa40a11d70,0xce54c175880ff4edaa5d80b2dc66dda0e34a36ac,campaign_1,blacklist target of hardcoded manager (Execute call) Jul-Oct 2025
avalanche,0xf5d3323e33b9bd49679867364032a7103862d161,0xce54c175880ff4edaa5d80b2dc66dda0e34a36ac,campaign_1,blacklist target of hardcoded manager (Execute call) Jul-Oct 2025
avalanche,0xf5d57f7503269867ce0e9ca06d48871d0d45834d,0xce54c175880ff4edaa5d80b2dc66dda0e34a36ac,campaign_1,blacklist target of hardcoded manager (Execute call) Jul-Oct 2025
avalanche,0xf5e0b25c2a1e723e21cf8c872e8432acc7a29e7b,0xce54c175880ff4edaa5d80b2dc66dda0e34a36ac,campaign_1,blacklist target of hardcoded manager (Execute call) Jul-Oct 2025
avalanche,0xf5e0ec71636285d0270db986aceb0f2c8adaec35,0xce54c175880ff4edaa5d80b2dc66dda0e34a36ac,campaign_1,blacklist target of hardcoded manager (Execute call) Jul-Oct 2025
avalanche,0xf5e400b29714d76a10779720792ecbc45c02d545,0xce54c175880ff4edaa5d80b2dc66dda0e34a36ac,campaign_1,blacklist target of hardcoded manager (Execute call) Jul-Oct 2025
avalanche,0xf5fcfb719762eb3c223c3f2874d8c46bf0a46dbf,0xce54c175880ff4edaa5d80b2dc66dda0e34a36ac,campaign_1,blacklist target of hardcoded manager (Execute call) Jul-Oct 2025
avalanche,0xf5ff914786b2b16e4d67f667bd84ac5620a7672d,0xce54c175880ff4edaa5d80b2dc66dda0e34a36ac,campaign_1,blacklist target of hardcoded manager (Execute call) Jul-Oct 2025
avalanche,0xf609ea33f90e27942bdfefb001895230fa1e2195,0xce54c175880ff4edaa5d80b2dc66dda0e34a36ac,campaign_1,blacklist target of hardcoded manager (Execute call) Jul-Oct 2025
avalanche,0xf60df3380c4db59d8ff755f8908b18e087d375fa,0xce54c175880ff4edaa5d80b2dc66dda0e34a36ac,campaign_1,blacklist target of hardcoded manager (Execute call) Jul-Oct 2025
avalanche,0xf63661bd20f58323107a57b0510d9b869010568c,0xce54c175880ff4edaa5d80b2dc66dda0e34a36ac,campaign_1,blacklist target of hardcoded manager (Execute call) Jul-Oct 2025
avalanche,0xf649cd600984372d11056892871a936912a054f8,0xce54c175880ff4edaa5d80b2dc66dda0e34a36ac,campaign_1,blacklist target of hardcoded manager (Execute call) Jul-Oct 2025
avalanche,0xf6534d1c9e3c5d79f08cb7fcc51c85a05b2e3af9,0xce54c175880ff4edaa5d80b2dc66dda0e34a36ac,campaign_1,blacklist target of hardcoded manager (Execute call) Jul-Oct 2025
avalanche,0xf659f2ef1acfcd3f546c6a214a7ade887a98b896,0xce54c175880ff4edaa5d80b2dc66dda0e34a36ac,campaign_1,blacklist target of hardcoded manager (Execute call) Jul-Oct 2025
avalanche,0xf673f0dda851b1a599e0279c0f4719809804f217,0xce54c175880ff4edaa5d80b2dc66dda0e34a36ac,campaign_1,blacklist target of hardcoded manager (Execute call) Jul-Oct 2025
avalanche,0xf6828d01e36c5253445162c81d49b0462823d45a,0xce54c175880ff4edaa5d80b2dc66dda0e34a36ac,campaign_1,blacklist target of hardcoded manager (Execute call) Jul-Oct 2025
avalanche,0xf6880ec72638037a7bfbcd40ab38bc5c004b7386,0xce54c175880ff4edaa5d80b2dc66dda0e34a36ac,campaign_1,blacklist target of hardcoded manager (Execute call) Jul-Oct 2025
avalanche,0xf69e905d91b255b537bf84998c809b51d863fa0b,0xce54c175880ff4edaa5d80b2dc66dda0e34a36ac,campaign_1,blacklist target of hardcoded manager (Execute call) Jul-Oct 2025
avalanche,0xf6ab3cbc1b1f85c76b36f32b32520f497ffaaf1a,0xce54c175880ff4edaa5d80b2dc66dda0e34a36ac,campaign_1,blacklist target of hardcoded manager (Execute call) Jul-Oct 2025
avalanche,0xf6d0f5b9be341255330abc8fcf20cd1acd700d9b,0xce54c175880ff4edaa5d80b2dc66dda0e34a36ac,campaign_1,blacklist target of hardcoded manager (Execute call) Jul-Oct 2025
avalanche,0xf6f5ecc7ab55c17e0cfbf74a89e62f14f8c2583d,0xce54c175880ff4edaa5d80b2dc66dda0e34a36ac,campaign_1,blacklist target of hardcoded manager (Execute call) Jul-Oct 2025
avalanche,0xf6f6baad8ad4cd0a4222050c9c501d17eed67be6,0xce54c175880ff4edaa5d80b2dc66dda0e34a36ac,campaign_1,blacklist target of hardcoded manager (Execute call) Jul-Oct 2025
avalanche,0xf6fa2ccdcc11dd26c89e081cb1d37723fd7485ed,0xce54c175880ff4edaa5d80b2dc66dda0e34a36ac,campaign_1,blacklist target of hardcoded manager (Execute call) Jul-Oct 2025
avalanche,0xf707af26ffcd274b7cef716078fd80e33060e7ac,0xce54c175880ff4edaa5d80b2dc66dda0e34a36ac,campaign_1,blacklist target of hardcoded manager (Execute call) Jul-Oct 2025
avalanche,0xf70c3e7be61de69d8dfdc694caae2643f3989079,0xce54c175880ff4edaa5d80b2dc66dda0e34a36ac,campaign_1,blacklist target of hardcoded manager (Execute call) Jul-Oct 2025
avalanche,0xf7197c9738ce54478c39f13f4db8c1db319593c8,0xce54c175880ff4edaa5d80b2dc66dda0e34a36ac,campaign_1,blacklist target of hardcoded manager (Execute call) Jul-Oct 2025
avalanche,0xf73abb8962c44dc9b4ac9caa49dbdb26a595223a,0xce54c175880ff4edaa5d80b2dc66dda0e34a36ac,campaign_1,blacklist target of hardcoded manager (Execute call) Jul-Oct 2025
avalanche,0xf746b90344f5d7c51587e1cc45b4e4c7d2d63ba1,0xce54c175880ff4edaa5d80b2dc66dda0e34a36ac,campaign_1,blacklist target of hardcoded manager (Execute call) Jul-Oct 2025
avalanche,0xf7557895b3b1b4fa1b79ed1e794813604d5ed69b,0xce54c175880ff4edaa5d80b2dc66dda0e34a36ac,campaign_1,blacklist target of hardcoded manager (Execute call) Jul-Oct 2025
avalanche,0xf755ad6f172f06b73bfee2f4d3867ed835683162,0xce54c175880ff4edaa5d80b2dc66dda0e34a36ac,campaign_1,blacklist target of hardcoded manager (Execute call) Jul-Oct 2025
avalanche,0xf75ce15b37bf48832c239f6364500b6ffb67d228,0xce54c175880ff4edaa5d80b2dc66dda0e34a36ac,campaign_1,blacklist target of hardcoded manager (Execute call) Jul-Oct 2025
avalanche,0xf76e157a8234333a81cbf2850647cf779d0ad79a,0xce54c175880ff4edaa5d80b2dc66dda0e34a36ac,campaign_1,blacklist target of hardcoded manager (Execute call) Jul-Oct 2025
avalanche,0xf7775f8fb484d9f1356ce61fcf4aaf9956160f7e,0xce54c175880ff4edaa5d80b2dc66dda0e34a36ac,campaign_1,blacklist target of hardcoded manager (Execute call) Jul-Oct 2025
avalanche,0xf77c9df7bf709a819473bf239ea7193ae0635740,0xce54c175880ff4edaa5d80b2dc66dda0e34a36ac,campaign_1,blacklist target of hardcoded manager (Execute call) Jul-Oct 2025
avalanche,0xf79bd17ed31f71d36f12de3731de526d4a21a53a,0xce54c175880ff4edaa5d80b2dc66dda0e34a36ac,campaign_1,blacklist target of hardcoded manager (Execute call) Jul-Oct 2025
avalanche,0xf79c2794050363c4b98d53280ea4c664fae4fd2d,0xce54c175880ff4edaa5d80b2dc66dda0e34a36ac,campaign_1,blacklist target of hardcoded manager (Execute call) Jul-Oct 2025
avalanche,0xf7a221745d2b69f51dab7629a373e860ea6169ad,0xce54c175880ff4edaa5d80b2dc66dda0e34a36ac,campaign_1,blacklist target of hardcoded manager (Execute call) Jul-Oct 2025
avalanche,0xf7de118a49a1cd0afd32ffd131e38dbdc0f2b39b,0xce54c175880ff4edaa5d80b2dc66dda0e34a36ac,campaign_1,blacklist target of hardcoded manager (Execute call) Jul-Oct 2025
avalanche,0xf7ec3487e3132471d041ee73b6e623a99c934cea,0xce54c175880ff4edaa5d80b2dc66dda0e34a36ac,campaign_1,blacklist target of hardcoded manager (Execute call) Jul-Oct 2025
avalanche,0xf7f59ad1619522cf2a319f6eace85c7569149b05,0xce54c175880ff4edaa5d80b2dc66dda0e34a36ac,campaign_1,blacklist target of hardcoded manager (Execute call) Jul-Oct 2025
avalanche,0xf7f5f51ab4091d1bdaf10f6c519fdd88c70879ba,0xce54c175880ff4edaa5d80b2dc66dda0e34a36ac,campaign_1,blacklist target of hardcoded manager (Execute call) Jul-Oct 2025
avalanche,0xf7f89cac3a1e368dfe2c3a61b4e5232820d3e920,0xce54c175880ff4edaa5d80b2dc66dda0e34a36ac,campaign_1,blacklist target of hardcoded manager (Execute call) Jul-Oct 2025
avalanche,0xf81e11807b890f5b3098e2f7e7afa8db7d569a15,0xce54c175880ff4edaa5d80b2dc66dda0e34a36ac,campaign_1,blacklist target of hardcoded manager (Execute call) Jul-Oct 2025
avalanche,0xf840c45cc9c92aad4e723fbcba52b6077985a534,0xce54c175880ff4edaa5d80b2dc66dda0e34a36ac,campaign_1,blacklist target of hardcoded manager (Execute call) Jul-Oct 2025
avalanche,0xf84452c63b678645eac2f8883a882b9b32ac2318,0xce54c175880ff4edaa5d80b2dc66dda0e34a36ac,campaign_1,blacklist target of hardcoded manager (Execute call) Jul-Oct 2025
avalanche,0xf846f8c5d8547d4bff73ef3a08b8788ce4fced78,0xce54c175880ff4edaa5d80b2dc66dda0e34a36ac,campaign_1,blacklist target of hardcoded manager (Execute call) Jul-Oct 2025
avalanche,0xf86625b634a4c2e53a2d1eb2f849357b11491c98,0xce54c175880ff4edaa5d80b2dc66dda0e34a36ac,campaign_1,blacklist target of hardcoded manager (Execute call) Jul-Oct 2025
avalanche,0xf86f344ca7f60c6cd9823ee12dd4fec8027bb03a,0xce54c175880ff4edaa5d80b2dc66dda0e34a36ac,campaign_1,blacklist target of hardcoded manager (Execute call) Jul-Oct 2025
avalanche,0xf87d6ac101298e1b5726eda27ac6cfd89978d347,0xce54c175880ff4edaa5d80b2dc66dda0e34a36ac,campaign_1,blacklist target of hardcoded manager (Execute call) Jul-Oct 2025
avalanche,0xf884be32c73cc904de77c731abec9b694e712cc6,0xce54c175880ff4edaa5d80b2dc66dda0e34a36ac,campaign_1,blacklist target of hardcoded manager (Execute call) Jul-Oct 2025
avalanche,0xf886850e7506266b924c382300963253d0da2f46,0xce54c175880ff4edaa5d80b2dc66dda0e34a36ac,campaign_1,blacklist target of hardcoded manager (Execute call) Jul-Oct 2025
avalanche,0xf88b112aa5badc4325dbcd464d71b779050a88e5,0xce54c175880ff4edaa5d80b2dc66dda0e34a36ac,campaign_1,blacklist target of hardcoded manager (Execute call) Jul-Oct 2025
avalanche,0xf89aabfa0adfd359ac5933ec97749160a0a2fdbe,0xce54c175880ff4edaa5d80b2dc66dda0e34a36ac,campaign_1,blacklist target of hardcoded manager (Execute call) Jul-Oct 2025
avalanche,0xf8a15e30664900fed8131fcf0c6f5042197d50bb,0xce54c175880ff4edaa5d80b2dc66dda0e34a36ac,campaign_1,blacklist target of hardcoded manager (Execute call) Jul-Oct 2025
avalanche,0xf8afbf612e518ee1ef0956a0d4c6a290b31d03d9,0xce54c175880ff4edaa5d80b2dc66dda0e34a36ac,campaign_1,blacklist target of hardcoded manager (Execute call) Jul-Oct 2025
avalanche,0xf8b1aae42bc4a71836933fcb9f654d79623bb2f6,0xce54c175880ff4edaa5d80b2dc66dda0e34a36ac,campaign_1,blacklist target of hardcoded manager (Execute call) Jul-Oct 2025
avalanche,0xf8bca55979b01c4411af0ac2f855b6238eb52cba,0xce54c175880ff4edaa5d80b2dc66dda0e34a36ac,campaign_1,blacklist target of hardcoded manager (Execute call) Jul-Oct 2025
avalanche,0xf8c18c19025ec85dd15cc1cc1396421118935899,0xce54c175880ff4edaa5d80b2dc66dda0e34a36ac,campaign_1,blacklist target of hardcoded manager (Execute call) Jul-Oct 2025
avalanche,0xf8c7cb2380330667e2c1c602a5b7729c91622d42,0xce54c175880ff4edaa5d80b2dc66dda0e34a36ac,campaign_1,blacklist target of hardcoded manager (Execute call) Jul-Oct 2025
avalanche,0xf8c7fff325548ad5e407c20b8f5780c51f6fd8b6,0xce54c175880ff4edaa5d80b2dc66dda0e34a36ac,campaign_1,blacklist target of hardcoded manager (Execute call) Jul-Oct 2025
avalanche,0xf8d303b435ebbfc17043d599e318d731135babdd,0xce54c175880ff4edaa5d80b2dc66dda0e34a36ac,campaign_1,blacklist target of hardcoded manager (Execute call) Jul-Oct 2025
avalanche,0xf8fb83ced3c6bf0de4dbba012b8c565e7d703b5a,0xce54c175880ff4edaa5d80b2dc66dda0e34a36ac,campaign_1,blacklist target of hardcoded manager (Execute call) Jul-Oct 2025
avalanche,0xf9003370899262d13400ca0b3c9bf0f0d6e69ae0,0xce54c175880ff4edaa5d80b2dc66dda0e34a36ac,campaign_1,blacklist target of hardcoded manager (Execute call) Jul-Oct 2025
avalanche,0xf905ad991ead405502f347f39e344900c75f1dc4,0xce54c175880ff4edaa5d80b2dc66dda0e34a36ac,campaign_1,blacklist target of hardcoded manager (Execute call) Jul-Oct 2025
avalanche,0xf92072ca23d44d11384c2604dba803aaa70d0002,0xce54c175880ff4edaa5d80b2dc66dda0e34a36ac,campaign_1,blacklist target of hardcoded manager (Execute call) Jul-Oct 2025
avalanche,0xf9327701cf01a6f75549258dc39e83836a6ee281,0xce54c175880ff4edaa5d80b2dc66dda0e34a36ac,campaign_1,blacklist target of hardcoded manager (Execute call) Jul-Oct 2025
avalanche,0xf940a2fe9bdc7cc2491ee8d26b8e4c2252999dab,0xce54c175880ff4edaa5d80b2dc66dda0e34a36ac,campaign_1,blacklist target of hardcoded manager (Execute call) Jul-Oct 2025
avalanche,0xf943a7b1f53e8ed1df5ec1caab85cb68ab2f1315,0xce54c175880ff4edaa5d80b2dc66dda0e34a36ac,campaign_1,blacklist target of hardcoded manager (Execute call) Jul-Oct 2025
avalanche,0xf95fd5ac0346b92f106885caf36e93b56ce6e03b,0xce54c175880ff4edaa5d80b2dc66dda0e34a36ac,campaign_1,blacklist target of hardcoded manager (Execute call) Jul-Oct 2025
avalanche,0xf9768f91b713f70d2ead585ca92387e748509d1c,0xce54c175880ff4edaa5d80b2dc66dda0e34a36ac,campaign_1,blacklist target of hardcoded manager (Execute call) Jul-Oct 2025
avalanche,0xf9774e56f32a1ab3c977cfc6e9e1d175e2d39786,0xce54c175880ff4edaa5d80b2dc66dda0e34a36ac,campaign_1,blacklist target of hardcoded manager (Execute call) Jul-Oct 2025
avalanche,0xf982366320cdc3f1d2de9ffc991447cba1df7846,0xce54c175880ff4edaa5d80b2dc66dda0e34a36ac,campaign_1,blacklist target of hardcoded manager (Execute call) Jul-Oct 2025
avalanche,0xf99b051d1604aef060203088513f3e44dd41eba2,0xce54c175880ff4edaa5d80b2dc66dda0e34a36ac,campaign_1,blacklist target of hardcoded manager (Execute call) Jul-Oct 2025
avalanche,0xf9bfd00803854a189d3391721cc608b5e91a17da,0xce54c175880ff4edaa5d80b2dc66dda0e34a36ac,campaign_1,blacklist target of hardcoded manager (Execute call) Jul-Oct 2025
avalanche,0xf9c9881b6f53d452735e7c4d5864d0ab78e08b69,0xce54c175880ff4edaa5d80b2dc66dda0e34a36ac,campaign_1,blacklist target of hardcoded manager (Execute call) Jul-Oct 2025
avalanche,0xf9d1fbdc545b374593c006e7fea0afe9a32a12e9,0xce54c175880ff4edaa5d80b2dc66dda0e34a36ac,campaign_1,blacklist target of hardcoded manager (Execute call) Jul-Oct 2025
avalanche,0xfa0352efd652705a03c2cf260dbbe4ac1dd3c427,0xce54c175880ff4edaa5d80b2dc66dda0e34a36ac,campaign_1,blacklist target of hardcoded manager (Execute call) Jul-Oct 2025
avalanche,0xfa0bd2bc129ca7884ea865a8b5236177a1d5d95a,0xce54c175880ff4edaa5d80b2dc66dda0e34a36ac,campaign_1,blacklist target of hardcoded manager (Execute call) Jul-Oct 2025
avalanche,0xfa0f05bedd9e4105277cce4ac2220118370aaff3,0xce54c175880ff4edaa5d80b2dc66dda0e34a36ac,campaign_1,blacklist target of hardcoded manager (Execute call) Jul-Oct 2025
avalanche,0xfa2038653ab587c0a5c893a43ee211cb5b97bbf9,0xce54c175880ff4edaa5d80b2dc66dda0e34a36ac,campaign_1,blacklist target of hardcoded manager (Execute call) Jul-Oct 2025
avalanche,0xfa2a70780059bea0951eb5228b69dbd7c9830169,0xce54c175880ff4edaa5d80b2dc66dda0e34a36ac,campaign_1,blacklist target of hardcoded manager (Execute call) Jul-Oct 2025
avalanche,0xfa3ccdf46384eb21cac33b9c8554425b84651aa4,0xce54c175880ff4edaa5d80b2dc66dda0e34a36ac,campaign_1,blacklist target of hardcoded manager (Execute call) Jul-Oct 2025
avalanche,0xfa4596d73b5d99a75d419718f6c8493c47cc1afc,0xce54c175880ff4edaa5d80b2dc66dda0e34a36ac,campaign_1,blacklist target of hardcoded manager (Execute call) Jul-Oct 2025
avalanche,0xfa4f0247065bcd80265c21872c030d712951b31f,0xce54c175880ff4edaa5d80b2dc66dda0e34a36ac,campaign_1,blacklist target of hardcoded manager (Execute call) Jul-Oct 2025
avalanche,0xfa50e1b2100bef39b98fb8571d9dc3ed6ec8b8e5,0xce54c175880ff4edaa5d80b2dc66dda0e34a36ac,campaign_1,blacklist target of hardcoded manager (Execute call) Jul-Oct 2025
avalanche,0xfa575026c4981315c8c81826157361659cf3c730,0xce54c175880ff4edaa5d80b2dc66dda0e34a36ac,campaign_1,blacklist target of hardcoded manager (Execute call) Jul-Oct 2025
avalanche,0xfa64683e803b14d1ca0da693f4a0dd6bca011cbc,0xce54c175880ff4edaa5d80b2dc66dda0e34a36ac,campaign_1,blacklist target of hardcoded manager (Execute call) Jul-Oct 2025
avalanche,0xfa702ffe5ec6f5c4aea5ea07d0e71e95660691cc,0xce54c175880ff4edaa5d80b2dc66dda0e34a36ac,campaign_1,blacklist target of hardcoded manager (Execute call) Jul-Oct 2025
avalanche,0xfa7cc55500267087b977180abbdf4721dc1c7599,0xce54c175880ff4edaa5d80b2dc66dda0e34a36ac,campaign_1,blacklist target of hardcoded manager (Execute call) Jul-Oct 2025
avalanche,0xfa7cdd9c478aa46420fae96636c41f521ebf8026,0xce54c175880ff4edaa5d80b2dc66dda0e34a36ac,campaign_1,blacklist target of hardcoded manager (Execute call) Jul-Oct 2025
avalanche,0xfa8684232866e1889fb57f2e3b31886ad18247ed,0xce54c175880ff4edaa5d80b2dc66dda0e34a36ac,campaign_1,blacklist target of hardcoded manager (Execute call) Jul-Oct 2025
avalanche,0xfa8726c84561b9cf75112b2acbd771647df6e6ad,0xce54c175880ff4edaa5d80b2dc66dda0e34a36ac,campaign_1,blacklist target of hardcoded manager (Execute call) Jul-Oct 2025
avalanche,0xfa8cbcdabb99cf182ae4bdb4da768e8b1b95f475,0xce54c175880ff4edaa5d80b2dc66dda0e34a36ac,campaign_1,blacklist target of hardcoded manager (Execute call) Jul-Oct 2025
avalanche,0xfaaf409c95ecb77444c905563fac352a34c45087,0xce54c175880ff4edaa5d80b2dc66dda0e34a36ac,campaign_1,blacklist target of hardcoded manager (Execute call) Jul-Oct 2025
avalanche,0xfab5b8e78b670d11e9ff8f5ce987239eef57602f,0xce54c175880ff4edaa5d80b2dc66dda0e34a36ac,campaign_1,blacklist target of hardcoded manager (Execute call) Jul-Oct 2025
avalanche,0xfabaca7ba841438497df9991fa52fb6f4a676c67,0xce54c175880ff4edaa5d80b2dc66dda0e34a36ac,campaign_1,blacklist target of hardcoded manager (Execute call) Jul-Oct 2025
avalanche,0xfacdc44f14b30300614479f937a095802b1d7f9c,0xce54c175880ff4edaa5d80b2dc66dda0e34a36ac,campaign_1,blacklist target of hardcoded manager (Execute call) Jul-Oct 2025
avalanche,0xfae6dd118cc43fda30e2fdf37f7a8a5108897169,0xce54c175880ff4edaa5d80b2dc66dda0e34a36ac,campaign_1,blacklist target of hardcoded manager (Execute call) Jul-Oct 2025
avalanche,0xfaecc51204f95e9aa7cb482389eed3193f1851f7,0xce54c175880ff4edaa5d80b2dc66dda0e34a36ac,campaign_1,blacklist target of hardcoded manager (Execute call) Jul-Oct 2025
avalanche,0xfb107a712676a18a78df7111b8e08bfba61e8d75,0xce54c175880ff4edaa5d80b2dc66dda0e34a36ac,campaign_1,blacklist target of hardcoded manager (Execute call) Jul-Oct 2025
avalanche,0xfb1a0c444fec25922afdb6e8411d8be775842dda,0xce54c175880ff4edaa5d80b2dc66dda0e34a36ac,campaign_1,blacklist target of hardcoded manager (Execute call) Jul-Oct 2025
avalanche,0xfb21f20e435fbd25545d0e1b2b21a67d7ec173f4,0xce54c175880ff4edaa5d80b2dc66dda0e34a36ac,campaign_1,blacklist target of hardcoded manager (Execute call) Jul-Oct 2025
avalanche,0xfb397084ad82e54360560e14b066a5442c7a6c6e,0xce54c175880ff4edaa5d80b2dc66dda0e34a36ac,campaign_1,blacklist target of hardcoded manager (Execute call) Jul-Oct 2025
avalanche,0xfb4258eab0d03c787a27d8a5abbe70534eefceca,0xce54c175880ff4edaa5d80b2dc66dda0e34a36ac,campaign_1,blacklist target of hardcoded manager (Execute call) Jul-Oct 2025
avalanche,0xfb54c35bb52edc65e6a18bb5d3aa1178bd3d8872,0xce54c175880ff4edaa5d80b2dc66dda0e34a36ac,campaign_1,blacklist target of hardcoded manager (Execute call) Jul-Oct 2025
avalanche,0xfb56968ff8bcd452b0733a156bf42a8d528038c2,0xce54c175880ff4edaa5d80b2dc66dda0e34a36ac,campaign_1,blacklist target of hardcoded manager (Execute call) Jul-Oct 2025
avalanche,0xfb646017ee00f38413868c19f3065a69ca544529,0xce54c175880ff4edaa5d80b2dc66dda0e34a36ac,campaign_1,blacklist target of hardcoded manager (Execute call) Jul-Oct 2025
avalanche,0xfb775dbbb3c0dd71d63fea63ee9020d8bf374bdb,0xce54c175880ff4edaa5d80b2dc66dda0e34a36ac,campaign_1,blacklist target of hardcoded manager (Execute call) Jul-Oct 2025
avalanche,0xfb9ac7ff9b534ff07b0600a894e54e8490537b9d,0xce54c175880ff4edaa5d80b2dc66dda0e34a36ac,campaign_1,blacklist target of hardcoded manager (Execute call) Jul-Oct 2025
avalanche,0xfbe17dc3f1a5f6eaca89bd9694ff6cf4203518dc,0xce54c175880ff4edaa5d80b2dc66dda0e34a36ac,campaign_1,blacklist target of hardcoded manager (Execute call) Jul-Oct 2025
avalanche,0xfbf91200f05e8c3e5808845e386621c7aa18cf73,0xce54c175880ff4edaa5d80b2dc66dda0e34a36ac,campaign_1,blacklist target of hardcoded manager (Execute call) Jul-Oct 2025
avalanche,0xfbfbe3aaa2a372782047502a045b21503e1f33a8,0xce54c175880ff4edaa5d80b2dc66dda0e34a36ac,campaign_1,blacklist target of hardcoded manager (Execute call) Jul-Oct 2025
avalanche,0xfc061862d1e772ad532f1263a61b7bfa0f376efb,0xce54c175880ff4edaa5d80b2dc66dda0e34a36ac,campaign_1,blacklist target of hardcoded manager (Execute call) Jul-Oct 2025
avalanche,0xfc0c52775f5f0015e3951376f7548f86ef36e3aa,0xce54c175880ff4edaa5d80b2dc66dda0e34a36ac,campaign_1,blacklist target of hardcoded manager (Execute call) Jul-Oct 2025
avalanche,0xfc0c8df94f677117795f205d6c80a5aca884e218,0xce54c175880ff4edaa5d80b2dc66dda0e34a36ac,campaign_1,blacklist target of hardcoded manager (Execute call) Jul-Oct 2025
avalanche,0xfc22d4c195e8286239b0635390a0b6ec461c7f07,0xce54c175880ff4edaa5d80b2dc66dda0e34a36ac,campaign_1,blacklist target of hardcoded manager (Execute call) Jul-Oct 2025
avalanche,0xfc29713707a44faf5bf53f02db3f51d523128845,0xce54c175880ff4edaa5d80b2dc66dda0e34a36ac,campaign_1,blacklist target of hardcoded manager (Execute call) Jul-Oct 2025
avalanche,0xfc429f60dbd81ebe7ef7c6590591b2cc526882b4,0xce54c175880ff4edaa5d80b2dc66dda0e34a36ac,campaign_1,blacklist target of hardcoded manager (Execute call) Jul-Oct 2025
avalanche,0xfc43edd1bf29839deeab00d4aefbfedc1ccb2b96,0xce54c175880ff4edaa5d80b2dc66dda0e34a36ac,campaign_1,blacklist target of hardcoded manager (Execute call) Jul-Oct 2025
avalanche,0xfc4533550e2f72738e3b6a36bab3c2533f943305,0xce54c175880ff4edaa5d80b2dc66dda0e34a36ac,campaign_1,blacklist target of hardcoded manager (Execute call) Jul-Oct 2025
avalanche,0xfc52cf3337d9afd79bec3237af7d5b4d01dd5e4f,0xce54c175880ff4edaa5d80b2dc66dda0e34a36ac,campaign_1,blacklist target of hardcoded manager (Execute call) Jul-Oct 2025
avalanche,0xfc55085a4fc1caed34fbf6859b508c16dbb8dfda,0xce54c175880ff4edaa5d80b2dc66dda0e34a36ac,campaign_1,blacklist target of hardcoded manager (Execute call) Jul-Oct 2025
avalanche,0xfc5a0d1b20777dd7556b5fac63b0ba720056d216,0xce54c175880ff4edaa5d80b2dc66dda0e34a36ac,campaign_1,blacklist target of hardcoded manager (Execute call) Jul-Oct 2025
avalanche,0xfc5a5fe044202b51bd17ba6b1d2ce1f8b2e1edbd,0xce54c175880ff4edaa5d80b2dc66dda0e34a36ac,campaign_1,blacklist target of hardcoded manager (Execute call) Jul-Oct 2025
avalanche,0xfc5bd260999fc9ae71928f4ccc2068878f790f0f,0xce54c175880ff4edaa5d80b2dc66dda0e34a36ac,campaign_1,blacklist target of hardcoded manager (Execute call) Jul-Oct 2025
avalanche,0xfc5dff31f5a17b61c2845efd2f18ac3a9bfb758b,0xce54c175880ff4edaa5d80b2dc66dda0e34a36ac,campaign_1,blacklist target of hardcoded manager (Execute call) Jul-Oct 2025
avalanche,0xfc631efdc9790e1f5a0ba8d163de804bc5af4293,0xce54c175880ff4edaa5d80b2dc66dda0e34a36ac,campaign_1,blacklist target of hardcoded manager (Execute call) Jul-Oct 2025
avalanche,0xfc68df47480be2121c2a1457368b166ee2f73418,0xce54c175880ff4edaa5d80b2dc66dda0e34a36ac,campaign_1,blacklist target of hardcoded manager (Execute call) Jul-Oct 2025
avalanche,0xfc6c8f0610f024fc9e4bf9c49329da787a6f16c4,0xce54c175880ff4edaa5d80b2dc66dda0e34a36ac,campaign_1,blacklist target of hardcoded manager (Execute call) Jul-Oct 2025
avalanche,0xfc73f8c6b1778e99a0a7ebb1a8b36e6211f4f158,0xce54c175880ff4edaa5d80b2dc66dda0e34a36ac,campaign_1,blacklist target of hardcoded manager (Execute call) Jul-Oct 2025
avalanche,0xfc7a44c3c25656e6e4854a590853c0a24dba8c5a,0xce54c175880ff4edaa5d80b2dc66dda0e34a36ac,campaign_1,blacklist target of hardcoded manager (Execute call) Jul-Oct 2025
avalanche,0xfc8b021b82a04bf177b678c5899871e1f131d367,0xce54c175880ff4edaa5d80b2dc66dda0e34a36ac,campaign_1,blacklist target of hardcoded manager (Execute call) Jul-Oct 2025
avalanche,0xfc8bd5bd26ac96fd1d9efc1f04f8e0a25e7ae1a7,0xce54c175880ff4edaa5d80b2dc66dda0e34a36ac,campaign_1,blacklist target of hardcoded manager (Execute call) Jul-Oct 2025
avalanche,0xfc909065f8895aea8daac17275aad1c1ddc2d647,0xce54c175880ff4edaa5d80b2dc66dda0e34a36ac,campaign_1,blacklist target of hardcoded manager (Execute call) Jul-Oct 2025
avalanche,0xfc9b9150a2097f35443a7f0f9d88dad3aacc8ae9,0xce54c175880ff4edaa5d80b2dc66dda0e34a36ac,campaign_1,blacklist target of hardcoded manager (Execute call) Jul-Oct 2025
avalanche,0xfcbc07df2620cfdabfb1fe1f545cec33a522376b,0xce54c175880ff4edaa5d80b2dc66dda0e34a36ac,campaign_1,blacklist target of hardcoded manager (Execute call) Jul-Oct 2025
avalanche,0xfcc345e20309c828a3fc498f71eed31669713c3c,0xce54c175880ff4edaa5d80b2dc66dda0e34a36ac,campaign_1,blacklist target of hardcoded manager (Execute call) Jul-Oct 2025
avalanche,0xfcc8e47505d9177f54d16e1900627e704cd74956,0xce54c175880ff4edaa5d80b2dc66dda0e34a36ac,campaign_1,blacklist target of hardcoded manager (Execute call) Jul-Oct 2025
avalanche,0xfccfd63c3d5c290e2abebc5162bd886dad36985d,0xce54c175880ff4edaa5d80b2dc66dda0e34a36ac,campaign_1,blacklist target of hardcoded manager (Execute call) Jul-Oct 2025
avalanche,0xfcd32a1ddefe4a4907555b344bc6134bc08d597c,0xce54c175880ff4edaa5d80b2dc66dda0e34a36ac,campaign_1,blacklist target of hardcoded manager (Execute call) Jul-Oct 2025
avalanche,0xfcd7e81a24bb737acaa7aa8a0bf8db8977308757,0xce54c175880ff4edaa5d80b2dc66dda0e34a36ac,campaign_1,blacklist target of hardcoded manager (Execute call) Jul-Oct 2025
avalanche,0xfce8d9ccafe83e08131d295ebd542ed57bdebd2f,0xce54c175880ff4edaa5d80b2dc66dda0e34a36ac,campaign_1,blacklist target of hardcoded manager (Execute call) Jul-Oct 2025
avalanche,0xfcf707d5c4d431becb74eed15caaa20173d95a02,0xce54c175880ff4edaa5d80b2dc66dda0e34a36ac,campaign_1,blacklist target of hardcoded manager (Execute call) Jul-Oct 2025
avalanche,0xfd20275af6b192ddad4ce18f37762113076373a1,0xce54c175880ff4edaa5d80b2dc66dda0e34a36ac,campaign_1,blacklist target of hardcoded manager (Execute call) Jul-Oct 2025
avalanche,0xfd32e8b31283b061ff4ae4b5ca081512e5c5ea3b,0xce54c175880ff4edaa5d80b2dc66dda0e34a36ac,campaign_1,blacklist target of hardcoded manager (Execute call) Jul-Oct 2025
avalanche,0xfd3a9ec8def2529bd49d254294ebe22a18eb10df,0xce54c175880ff4edaa5d80b2dc66dda0e34a36ac,campaign_1,blacklist target of hardcoded manager (Execute call) Jul-Oct 2025
avalanche,0xfd3dcb79bdc38c152c78e24f5173dbfcc33ff23c,0xce54c175880ff4edaa5d80b2dc66dda0e34a36ac,campaign_1,blacklist target of hardcoded manager (Execute call) Jul-Oct 2025
avalanche,0xfd437ac8d482595157224ea2ccb3b3e2f1c1dfe4,0xce54c175880ff4edaa5d80b2dc66dda0e34a36ac,campaign_1,blacklist target of hardcoded manager (Execute call) Jul-Oct 2025
avalanche,0xfd52b6acd9f92b7d498fde4cf86f9cb0c6f49408,0xce54c175880ff4edaa5d80b2dc66dda0e34a36ac,campaign_1,blacklist target of hardcoded manager (Execute call) Jul-Oct 2025
avalanche,0xfd58c460ff12794514f18ea3ff3d33fe1e0d4d0d,0xce54c175880ff4edaa5d80b2dc66dda0e34a36ac,campaign_1,blacklist target of hardcoded manager (Execute call) Jul-Oct 2025
avalanche,0xfd63c7f45fff6a9f7ddf5f7a9514606387aa28df,0xce54c175880ff4edaa5d80b2dc66dda0e34a36ac,campaign_1,blacklist target of hardcoded manager (Execute call) Jul-Oct 2025
avalanche,0xfd64a89107a7a284a1c3aff1360894da303ab619,0xce54c175880ff4edaa5d80b2dc66dda0e34a36ac,campaign_1,blacklist target of hardcoded manager (Execute call) Jul-Oct 2025
avalanche,0xfd67b6f58299844c67aa80f0ea8c08b961f0758f,0xce54c175880ff4edaa5d80b2dc66dda0e34a36ac,campaign_1,blacklist target of hardcoded manager (Execute call) Jul-Oct 2025
avalanche,0xfd6c2b5109a01df87ce275641893f542a29279a7,0xce54c175880ff4edaa5d80b2dc66dda0e34a36ac,campaign_1,blacklist target of hardcoded manager (Execute call) Jul-Oct 2025
avalanche,0xfd7a38c84c0707d4f208784c1fd9a248f91858b1,0xce54c175880ff4edaa5d80b2dc66dda0e34a36ac,campaign_1,blacklist target of hardcoded manager (Execute call) Jul-Oct 2025
avalanche,0xfd7ecdb8a8834871d6c173ea6524d7e34ddc597e,0xce54c175880ff4edaa5d80b2dc66dda0e34a36ac,campaign_1,blacklist target of hardcoded manager (Execute call) Jul-Oct 2025
avalanche,0xfd93b4a8afe7807a5490f543aee8dcd30df9ddba,0xce54c175880ff4edaa5d80b2dc66dda0e34a36ac,campaign_1,blacklist target of hardcoded manager (Execute call) Jul-Oct 2025
avalanche,0xfd968237edba7946928ac3a7031a34f3e17cc666,0xce54c175880ff4edaa5d80b2dc66dda0e34a36ac,campaign_1,blacklist target of hardcoded manager (Execute call) Jul-Oct 2025
avalanche,0xfd98375aced4895bffdd8e9e2c89c79bc7400136,0xce54c175880ff4edaa5d80b2dc66dda0e34a36ac,campaign_1,blacklist target of hardcoded manager (Execute call) Jul-Oct 2025
avalanche,0xfda10212d5f1610fc1e385e0eab082a35d591611,0xce54c175880ff4edaa5d80b2dc66dda0e34a36ac,campaign_1,blacklist target of hardcoded manager (Execute call) Jul-Oct 2025
avalanche,0xfdb30ee8af7549445b295eb88e6533d107b1df33,0xce54c175880ff4edaa5d80b2dc66dda0e34a36ac,campaign_1,blacklist target of hardcoded manager (Execute call) Jul-Oct 2025
avalanche,0xfdc6bbb4c2ca203880a97b14a3b305a683b624f7,0xce54c175880ff4edaa5d80b2dc66dda0e34a36ac,campaign_1,blacklist target of hardcoded manager (Execute call) Jul-Oct 2025
avalanche,0xfdc8a5085858447b593821c07272f7af28f93f59,0xce54c175880ff4edaa5d80b2dc66dda0e34a36ac,campaign_1,blacklist target of hardcoded manager (Execute call) Jul-Oct 2025
avalanche,0xfdcc43ee84bf2fae6447e89f3ff242cd1a093ac2,0xce54c175880ff4edaa5d80b2dc66dda0e34a36ac,campaign_1,blacklist target of hardcoded manager (Execute call) Jul-Oct 2025
avalanche,0xfdcdd1ee1ade7505c148c4b254c1c32345c3e36a,0xce54c175880ff4edaa5d80b2dc66dda0e34a36ac,campaign_1,blacklist target of hardcoded manager (Execute call) Jul-Oct 2025
avalanche,0xfdd1d6bbec44d9bf56632ffb0d3ade0be0efdd36,0xce54c175880ff4edaa5d80b2dc66dda0e34a36ac,campaign_1,blacklist target of hardcoded manager (Execute call) Jul-Oct 2025
avalanche,0xfded098372dfce9e1a2cd903db2b186b7ffbf3ce,0xce54c175880ff4edaa5d80b2dc66dda0e34a36ac,campaign_1,blacklist target of hardcoded manager (Execute call) Jul-Oct 2025
avalanche,0xfe04ec25b3482165441c16ed7a54a9ab3d217817,0xce54c175880ff4edaa5d80b2dc66dda0e34a36ac,campaign_1,blacklist target of hardcoded manager (Execute call) Jul-Oct 2025
avalanche,0xfe12865737c4e2e12658a8f3b69d0ffff2b46849,0xce54c175880ff4edaa5d80b2dc66dda0e34a36ac,campaign_1,blacklist target of hardcoded manager (Execute call) Jul-Oct 2025
avalanche,0xfe1edc08d199e39442da75f2ec22f789c48d2492,0xce54c175880ff4edaa5d80b2dc66dda0e34a36ac,campaign_1,blacklist target of hardcoded manager (Execute call) Jul-Oct 2025
avalanche,0xfe2274b4a2ec42de6361fae10001ce109a5df82f,0xce54c175880ff4edaa5d80b2dc66dda0e34a36ac,campaign_1,blacklist target of hardcoded manager (Execute call) Jul-Oct 2025
avalanche,0xfe251191831c86e9e6d9f10b216d88079eb46997,0xce54c175880ff4edaa5d80b2dc66dda0e34a36ac,campaign_1,blacklist target of hardcoded manager (Execute call) Jul-Oct 2025
avalanche,0xfe3081361173f27f230601509c81557be4dc94bb,0xce54c175880ff4edaa5d80b2dc66dda0e34a36ac,campaign_1,blacklist target of hardcoded manager (Execute call) Jul-Oct 2025
avalanche,0xfe324940fd271b9fef69915ca9bef10b904758c8,0xce54c175880ff4edaa5d80b2dc66dda0e34a36ac,campaign_1,blacklist target of hardcoded manager (Execute call) Jul-Oct 2025
avalanche,0xfe3a3170ab40f19fedf7b98d9a7ac42257e97117,0xce54c175880ff4edaa5d80b2dc66dda0e34a36ac,campaign_1,blacklist target of hardcoded manager (Execute call) Jul-Oct 2025
avalanche,0xfe3f41e11ed08b20f3b75bb6813254a0e551e5fe,0xce54c175880ff4edaa5d80b2dc66dda0e34a36ac,campaign_1,blacklist target of hardcoded manager (Execute call) Jul-Oct 2025
avalanche,0xfe682c23dbda946221a63489dc4eb96a827cd403,0xce54c175880ff4edaa5d80b2dc66dda0e34a36ac,campaign_1,blacklist target of hardcoded manager (Execute call) Jul-Oct 2025
avalanche,0xfe6e6da19fd744a920dd2e8d843fd0b06e929708,0xce54c175880ff4edaa5d80b2dc66dda0e34a36ac,campaign_1,blacklist target of hardcoded manager (Execute call) Jul-Oct 2025
avalanche,0xfe71c1d6df93a6e530cd4c378201c67542ea75cc,0xce54c175880ff4edaa5d80b2dc66dda0e34a36ac,campaign_1,blacklist target of hardcoded manager (Execute call) Jul-Oct 2025
avalanche,0xfe8f85b6d83dd41172d31b9ad33eb1dfef680d59,0xce54c175880ff4edaa5d80b2dc66dda0e34a36ac,campaign_1,blacklist target of hardcoded manager (Execute call) Jul-Oct 2025
avalanche,0xfea2f37cd3618a25991a6e35880987bb95e9d0c1,0xce54c175880ff4edaa5d80b2dc66dda0e34a36ac,campaign_1,blacklist target of hardcoded manager (Execute call) Jul-Oct 2025
avalanche,0xfea776b1ee6e9aac385fdfcf3f7958a94eb524ec,0xce54c175880ff4edaa5d80b2dc66dda0e34a36ac,campaign_1,blacklist target of hardcoded manager (Execute call) Jul-Oct 2025
avalanche,0xfebb8849bef59ae934faaa13e7d9f44bd34a3081,0xce54c175880ff4edaa5d80b2dc66dda0e34a36ac,campaign_1,blacklist target of hardcoded manager (Execute call) Jul-Oct 2025
avalanche,0xfec17e245335cdcb48feb7d42fb59b1952749be7,0xce54c175880ff4edaa5d80b2dc66dda0e34a36ac,campaign_1,blacklist target of hardcoded manager (Execute call) Jul-Oct 2025
avalanche,0xfee0257d0e83dce335e15d03bae44c48246a8e95,0xce54c175880ff4edaa5d80b2dc66dda0e34a36ac,campaign_1,blacklist target of hardcoded manager (Execute call) Jul-Oct 2025
avalanche,0xfeecdfa7a2483b31359012284f4a7f616d0d4f2f,0xce54c175880ff4edaa5d80b2dc66dda0e34a36ac,campaign_1,blacklist target of hardcoded manager (Execute call) Jul-Oct 2025
avalanche,0xfeee3f4d4804f137f39aef52407787b0cb93e100,0xce54c175880ff4edaa5d80b2dc66dda0e34a36ac,campaign_1,blacklist target of hardcoded manager (Execute call) Jul-Oct 2025
avalanche,0xfeefb5b9622ae9b663e7187477d52473caeb605d,0xce54c175880ff4edaa5d80b2dc66dda0e34a36ac,campaign_1,blacklist target of hardcoded manager (Execute call) Jul-Oct 2025
avalanche,0xfeffa3b390efacb344f94259d64db951648df472,0xce54c175880ff4edaa5d80b2dc66dda0e34a36ac,campaign_1,blacklist target of hardcoded manager (Execute call) Jul-Oct 2025
avalanche,0xff0a6e23831b1f52e282b5123faec020ca66bf19,0xce54c175880ff4edaa5d80b2dc66dda0e34a36ac,campaign_1,blacklist target of hardcoded manager (Execute call) Jul-Oct 2025
avalanche,0xff0b7d11ba33ef13aba203d2ad20fa2cf1dea8e8,0xce54c175880ff4edaa5d80b2dc66dda0e34a36ac,campaign_1,blacklist target of hardcoded manager (Execute call) Jul-Oct 2025
avalanche,0xff0efcc9410b8b198881874a647edab074209a34,0xce54c175880ff4edaa5d80b2dc66dda0e34a36ac,campaign_1,blacklist target of hardcoded manager (Execute call) Jul-Oct 2025
avalanche,0xff17169698d50484b6a81dfefdfae1f93e70a004,0xce54c175880ff4edaa5d80b2dc66dda0e34a36ac,campaign_1,blacklist target of hardcoded manager (Execute call) Jul-Oct 2025
avalanche,0xff26a0195f033e6727136ca73150af96ec5bcb41,0xce54c175880ff4edaa5d80b2dc66dda0e34a36ac,campaign_1,blacklist target of hardcoded manager (Execute call) Jul-Oct 2025
avalanche,0xff2e286e6dc9270802c7d26b5b90c76a58922d65,0xce54c175880ff4edaa5d80b2dc66dda0e34a36ac,campaign_1,blacklist target of hardcoded manager (Execute call) Jul-Oct 2025
avalanche,0xff31137a17ef4d008ed4a414b66cb1ba8207bc69,0xce54c175880ff4edaa5d80b2dc66dda0e34a36ac,campaign_1,blacklist target of hardcoded manager (Execute call) Jul-Oct 2025
avalanche,0xff361f3dc979ad428df03d644e4034d38e292870,0xce54c175880ff4edaa5d80b2dc66dda0e34a36ac,campaign_1,blacklist target of hardcoded manager (Execute call) Jul-Oct 2025
avalanche,0xff3bb1d4710114d0bb079ad630c881f2a022a293,0xce54c175880ff4edaa5d80b2dc66dda0e34a36ac,campaign_1,blacklist target of hardcoded manager (Execute call) Jul-Oct 2025
avalanche,0xff4fc04cfc00db0cfb8a321e23db45bc1fa290c7,0xce54c175880ff4edaa5d80b2dc66dda0e34a36ac,campaign_1,blacklist target of hardcoded manager (Execute call) Jul-Oct 2025
avalanche,0xff54ee50407c4775389abc5d90f808271b61e550,0xce54c175880ff4edaa5d80b2dc66dda0e34a36ac,campaign_1,blacklist target of hardcoded manager (Execute call) Jul-Oct 2025
avalanche,0xff5854cc3952d43a34bdb1347ca848f671a921c5,0xce54c175880ff4edaa5d80b2dc66dda0e34a36ac,campaign_1,blacklist target of hardcoded manager (Execute call) Jul-Oct 2025
avalanche,0xff7fe941eaa9548c10743f85a1ea1ad58a50a378,0xce54c175880ff4edaa5d80b2dc66dda0e34a36ac,campaign_1,blacklist target of hardcoded manager (Execute call) Jul-Oct 2025
avalanche,0xff85ad53a8cff2637be9e52ab2f46104858b50cc,0xce54c175880ff4edaa5d80b2dc66dda0e34a36ac,campaign_1,blacklist target of hardcoded manager (Execute call) Jul-Oct 2025
avalanche,0xffb9c3bdc45aa29649a6a8093d3a09945a68fe70,0xce54c175880ff4edaa5d80b2dc66dda0e34a36ac,campaign_1,blacklist target of hardcoded manager (Execute call) Jul-Oct 2025
