chain,contract_address,campaign,notes
avalanche,0x000852137f225813d8cf4646ece5b1a5bc0de743,campaign_2b,first approved+drained by hardcoded drain wallet in June 2026 (bytecode identical to campaign_2a)
avalanche,0x002c7df38239e8774b0ebbf9d6919f9c817db174,campaign_2b,first approved+drained by hardcoded drain wallet in June 2026 (bytecode identical to campaign_2a)
avalanche,0x0088443b3a362950b63acab45479ed4c3bc4675e,campaign_2b,first approved+drained by hardcoded drain wallet in June 2026 (bytecode identical to campaign_2a)
avalanche,0x00b8d2643bf2b45d118ebfca523ba13e358d47b1,campaign_2b,first approved+drained by hardcoded drain wallet in June 2026 (bytecode identical to campaign_2a)
avalanche,0x00bf83833f7aff609b63c8e94a4f04da710ebf83,campaign_2b,first approved+drained by hardcoded drain wallet in June 2026 (bytecode identical to campaign_2a)
avalanche,0x00d101929054bccf747472d73589fd8eb519d83a,campaign_2b,first approved+drained by hardcoded drain wallet in June 2026 (bytecode identical to campaign_2a)
avalanche,0x01243c71f8fcbc3a03b715c3f2c26453722bb5cc,campaign_2b,first approved+drained by hardcoded drain wallet in June 2026 (bytecode identical to campaign_2a)
avalanche,0x01559655868f1faf667f7e59d5921e48f2a9d8aa,campaign_2b,first approved+drained by hardcoded drain wallet in June 2026 (bytecode identical to campaign_2a)
avalanche,0x0193023dc654b77606a34d95fe11790a33e69b39,campaign_2b,first approved+drained by hardcoded drain wallet in June 2026 (bytecode identical to campaign_2a)
avalanche,0x01abbe6dddb7db53911bc627309bb04d0309a01c,campaign_2b,first approved+drained by hardcoded drain wallet in June 2026 (bytecode identical to campaign_2a)
avalanche,0x01b0b5b87f6e0a48954cf90b195aa8797f5fbfb3,campaign_2b,first approved+drained by hardcoded drain wallet in June 2026 (bytecode identical to campaign_2a)
avalanche,0x02072acee496ad1ef210a593dafec9ed39b05a02,campaign_2b,first approved+drained by hardcoded drain wallet in June 2026 (bytecode identical to campaign_2a)
avalanche,0x022817cc1ac6137aab28a954248f9f8adf22e8aa,campaign_2b,first approved+drained by hardcoded drain wallet in June 2026 (bytecode identical to campaign_2a)
avalanche,0x02943144a76fdb030cb874e796a41ec4c44e7f88,campaign_2b,first approved+drained by hardcoded drain wallet in June 2026 (bytecode identical to campaign_2a)
avalanche,0x02f08010d4e15aa6b9e7446a78f2c44460219d29,campaign_2b,first approved+drained by hardcoded drain wallet in June 2026 (bytecode identical to campaign_2a)
avalanche,0x02fd5f98425c1c82c3682a796bf3180c1b7e6275,campaign_2b,first approved+drained by hardcoded drain wallet in June 2026 (bytecode identical to campaign_2a)
avalanche,0x0302d0597b1962060dae3591839fdfca499f7151,campaign_2b,first approved+drained by hardcoded drain wallet in June 2026 (bytecode identical to campaign_2a)
avalanche,0x030c1e025521e817280ece0848472e9226ad48bf,campaign_2b,first approved+drained by hardcoded drain wallet in June 2026 (bytecode identical to campaign_2a)
avalanche,0x033bf2d0e834148a70bddb254400b9669c8b1ac1,campaign_2b,first approved+drained by hardcoded drain wallet in June 2026 (bytecode identical to campaign_2a)
avalanche,0x03af840ccec537a809d6a4fdab0a616262d7032c,campaign_2b,first approved+drained by hardcoded drain wallet in June 2026 (bytecode identical to campaign_2a)
avalanche,0x03c4acb2a0843b423bed30d9fca733305f3085c4,campaign_2b,first approved+drained by hardcoded drain wallet in June 2026 (bytecode identical to campaign_2a)
avalanche,0x0415cc4b0c9f377525db858e3bd473cd99ac0d15,campaign_2b,first approved+drained by hardcoded drain wallet in June 2026 (bytecode identical to campaign_2a)
avalanche,0x041894bf522e9ae6ebb4cb8141803f02fd507620,campaign_2b,first approved+drained by hardcoded drain wallet in June 2026 (bytecode identical to campaign_2a)
avalanche,0x047469748e22030c6069e3dec228ba7d7d440c25,campaign_2b,first approved+drained by hardcoded drain wallet in June 2026 (bytecode identical to campaign_2a)
avalanche,0x048b22a38b85e5f35c0643a9036c083f69292d60,campaign_2b,first approved+drained by hardcoded drain wallet in June 2026 (bytecode identical to campaign_2a)
avalanche,0x04b4f3cc9ee3083b2bec80695c9176e8a43cb11e,campaign_2b,first approved+drained by hardcoded drain wallet in June 2026 (bytecode identical to campaign_2a)
avalanche,0x04c131561579c229d7950e2409156fb11db481dd,campaign_2b,first approved+drained by hardcoded drain wallet in June 2026 (bytecode identical to campaign_2a)
avalanche,0x04c7d22de368850f3cae0a8ca7360d0f44cf7fdc,campaign_2b,first approved+drained by hardcoded drain wallet in June 2026 (bytecode identical to campaign_2a)
avalanche,0x050de61384a8b355d540ed4844b7bfc6408b85dd,campaign_2b,first approved+drained by hardcoded drain wallet in June 2026 (bytecode identical to campaign_2a)
avalanche,0x051cb1b34085ceba1bf8ec5a01231059a7e45a07,campaign_2b,first approved+drained by hardcoded drain wallet in June 2026 (bytecode identical to campaign_2a)
avalanche,0x057ebc6ca4762abe12a620e3b9866640081c9ba2,campaign_2b,first approved+drained by hardcoded drain wallet in June 2026 (bytecode identical to campaign_2a)
avalanche,0x05aee74660f994424a3686cf6c500112b378c175,campaign_2b,first approved+drained by hardcoded drain wallet in June 2026 (bytecode identical to campaign_2a)
avalanche,0x05b84e16b80f53e21a63f23c334a331c52643f87,campaign_2b,first approved+drained by hardcoded drain wallet in June 2026 (bytecode identical to campaign_2a)
avalanche,0x05daedc7378cf417612c2d0666123a064fec22ae,campaign_2b,first approved+drained by hardcoded drain wallet in June 2026 (bytecode identical to campaign_2a)
avalanche,0x06116965235246ffa1f946c0af761b4059606259,campaign_2b,first approved+drained by hardcoded drain wallet in June 2026 (bytecode identical to campaign_2a)
avalanche,0x062b74467d318a612ed7126586b08a9d09902d6e,campaign_2b,first approved+drained by hardcoded drain wallet in June 2026 (bytecode identical to campaign_2a)
avalanche,0x063c2111cc0508726896f7d070ef9572e484be4d,campaign_2b,first approved+drained by hardcoded drain wallet in June 2026 (bytecode identical to campaign_2a)
avalanche,0x064574d9acff5682408518cadd7783ed5ad567fc,campaign_2b,first approved+drained by hardcoded drain wallet in June 2026 (bytecode identical to campaign_2a)
avalanche,0x068ac7d58aacf574ed04367cd3aa0b1c97cd09a5,campaign_2b,first approved+drained by hardcoded drain wallet in June 2026 (bytecode identical to campaign_2a)
avalanche,0x06a1dcbbcb44adb804ab093df3bc335fde72a4c3,campaign_2b,first approved+drained by hardcoded drain wallet in June 2026 (bytecode identical to campaign_2a)
avalanche,0x06a1e54d68a3e23e489dc2d85f1ad98e5ceb0207,campaign_2b,first approved+drained by hardcoded drain wallet in June 2026 (bytecode identical to campaign_2a)
avalanche,0x06a55e8c1afd96e704b32a9a65db0f92fa377791,campaign_2b,first approved+drained by hardcoded drain wallet in June 2026 (bytecode identical to campaign_2a)
avalanche,0x06ac5aea343424ba0d075d5c05b88c921a411cff,campaign_2b,first approved+drained by hardcoded drain wallet in June 2026 (bytecode identical to campaign_2a)
avalanche,0x06ac6b778aa642b5c09725d05113a5a28e5fcb30,campaign_2b,first approved+drained by hardcoded drain wallet in June 2026 (bytecode identical to campaign_2a)
avalanche,0x06c8850d0aeba1fd17ba7864090ad22a465e48b5,campaign_2b,first approved+drained by hardcoded drain wallet in June 2026 (bytecode identical to campaign_2a)
avalanche,0x07220a8a2945390bf84f3218d0085511dd2564b1,campaign_2b,first approved+drained by hardcoded drain wallet in June 2026 (bytecode identical to campaign_2a)
avalanche,0x072bd9e69fe7ebbee3a069398e392093d829aaf1,campaign_2b,first approved+drained by hardcoded drain wallet in June 2026 (bytecode identical to campaign_2a)
avalanche,0x0781f6aaf6feb3457a4f8d71de26b91ff89d15af,campaign_2b,first approved+drained by hardcoded drain wallet in June 2026 (bytecode identical to campaign_2a)
avalanche,0x07bb740956e978978958fb66e5b7032ef5d9051c,campaign_2b,first approved+drained by hardcoded drain wallet in June 2026 (bytecode identical to campaign_2a)
avalanche,0x07c8c0c5f467c02a49fcc093c4f12b2dd616823d,campaign_2b,first approved+drained by hardcoded drain wallet in June 2026 (bytecode identical to campaign_2a)
avalanche,0x07dd0559c8a2cccc6791a666d8af9dfc02c246b8,campaign_2b,first approved+drained by hardcoded drain wallet in June 2026 (bytecode identical to campaign_2a)
avalanche,0x07e85f79ac3c4da3243d7b938eee0b65a0b5f6d1,campaign_2b,first approved+drained by hardcoded drain wallet in June 2026 (bytecode identical to campaign_2a)
avalanche,0x0825314c3dd071cae187449d403aa6e6fe89402a,campaign_2b,first approved+drained by hardcoded drain wallet in June 2026 (bytecode identical to campaign_2a)
avalanche,0x08803209147b6d1e74320f2201d36416e5239eda,campaign_2b,first approved+drained by hardcoded drain wallet in June 2026 (bytecode identical to campaign_2a)
avalanche,0x0896ea9e7307c55cffc23bc2b67d436eb868f5ea,campaign_2b,first approved+drained by hardcoded drain wallet in June 2026 (bytecode identical to campaign_2a)
avalanche,0x08f8fa2a325adf4ca233449cda968a5587601f26,campaign_2b,first approved+drained by hardcoded drain wallet in June 2026 (bytecode identical to campaign_2a)
avalanche,0x09015767879e7d53737cb7ebf06340babdbc9621,campaign_2b,first approved+drained by hardcoded drain wallet in June 2026 (bytecode identical to campaign_2a)
avalanche,0x0993465e084986078f2ebc4a270018562f6ce088,campaign_2b,first approved+drained by hardcoded drain wallet in June 2026 (bytecode identical to campaign_2a)
avalanche,0x09b88c381cd6caffd5c6aced36ac73737908f499,campaign_2b,first approved+drained by hardcoded drain wallet in June 2026 (bytecode identical to campaign_2a)
avalanche,0x09c83ab53e5bd6a61952882b0ebdbf136b260be2,campaign_2b,first approved+drained by hardcoded drain wallet in June 2026 (bytecode identical to campaign_2a)
avalanche,0x0a06785cba8964d27a9e8b8fc6038834f95ee7e7,campaign_2b,first approved+drained by hardcoded drain wallet in June 2026 (bytecode identical to campaign_2a)
avalanche,0x0a4213243dfd0c060d5e9ea7c2ac7f053a5b2195,campaign_2b,first approved+drained by hardcoded drain wallet in June 2026 (bytecode identical to campaign_2a)
avalanche,0x0a49e902a31b746feaa16b644f6eae68074d138e,campaign_2b,first approved+drained by hardcoded drain wallet in June 2026 (bytecode identical to campaign_2a)
avalanche,0x0a80a968e9411719171b2aaece4494c78b4a7dba,campaign_2b,first approved+drained by hardcoded drain wallet in June 2026 (bytecode identical to campaign_2a)
avalanche,0x0adff3ac4e57b5aa39340aa08ce834e9e632c8e3,campaign_2b,first approved+drained by hardcoded drain wallet in June 2026 (bytecode identical to campaign_2a)
avalanche,0x0b38272fd207231c14a8fb6730875bf0f41e656e,campaign_2b,first approved+drained by hardcoded drain wallet in June 2026 (bytecode identical to campaign_2a)
avalanche,0x0b97d0aafb1fafc6c8ae1599bff0775bf377beae,campaign_2b,first approved+drained by hardcoded drain wallet in June 2026 (bytecode identical to campaign_2a)
avalanche,0x0ba8c2fb18e038c4ef1e68c9549f1935e639beae,campaign_2b,first approved+drained by hardcoded drain wallet in June 2026 (bytecode identical to campaign_2a)
avalanche,0x0baa53c12cf1e01a7a4895e84552e81035482804,campaign_2b,first approved+drained by hardcoded drain wallet in June 2026 (bytecode identical to campaign_2a)
avalanche,0x0bb84e86cfa9687809131fa39b45cf21b37350ba,campaign_2b,first approved+drained by hardcoded drain wallet in June 2026 (bytecode identical to campaign_2a)
avalanche,0x0bcba6ff211f783c4a65a9835c43a8606d741727,campaign_2b,first approved+drained by hardcoded drain wallet in June 2026 (bytecode identical to campaign_2a)
avalanche,0x0bec2c1b6c553ba6af3be9b93a5fa6fa4dc61bdb,campaign_2b,first approved+drained by hardcoded drain wallet in June 2026 (bytecode identical to campaign_2a)
avalanche,0x0c0bfcde1e52b420384b02177abd1f3b3bf15527,campaign_2b,first approved+drained by hardcoded drain wallet in June 2026 (bytecode identical to campaign_2a)
avalanche,0x0c0d0359d482e8a978f7d635c7f9543f07d25722,campaign_2b,first approved+drained by hardcoded drain wallet in June 2026 (bytecode identical to campaign_2a)
avalanche,0x0c76ed4bf11fc9b56bf69ab1af1aa8850ee09a6e,campaign_2b,first approved+drained by hardcoded drain wallet in June 2026 (bytecode identical to campaign_2a)
avalanche,0x0cf9a2122b1e5591a9fd479e1089c2bec966e284,campaign_2b,first approved+drained by hardcoded drain wallet in June 2026 (bytecode identical to campaign_2a)
avalanche,0x0d0ab0af6dd20b6084a00ee7fc885b7b4ea1e593,campaign_2b,first approved+drained by hardcoded drain wallet in June 2026 (bytecode identical to campaign_2a)
avalanche,0x0d1ca0fb7e77f63839af68f60fbdf94f556ab71d,campaign_2b,first approved+drained by hardcoded drain wallet in June 2026 (bytecode identical to campaign_2a)
avalanche,0x0d838822e622bb45a46336a9287fd1e757ad0d03,campaign_2b,first approved+drained by hardcoded drain wallet in June 2026 (bytecode identical to campaign_2a)
avalanche,0x0dd39247e459236d1d08665e8a1ed4151e3bf93a,campaign_2b,first approved+drained by hardcoded drain wallet in June 2026 (bytecode identical to campaign_2a)
avalanche,0x0dd46107bb3ed47d1fde324b14e5911f089670f0,campaign_2b,first approved+drained by hardcoded drain wallet in June 2026 (bytecode identical to campaign_2a)
avalanche,0x0e0053be686b728bb8a8ac95138b8828de718656,campaign_2b,first approved+drained by hardcoded drain wallet in June 2026 (bytecode identical to campaign_2a)
avalanche,0x0e5376f7ccdf22a29ecb3c1ce2b94a1161f71bef,campaign_2b,first approved+drained by hardcoded drain wallet in June 2026 (bytecode identical to campaign_2a)
avalanche,0x0e6ceb8a670b676329abb339b62312a40c9f0eec,campaign_2b,first approved+drained by hardcoded drain wallet in June 2026 (bytecode identical to campaign_2a)
avalanche,0x0e8b0d226e229978e9d22120bea62e32d1f64c30,campaign_2b,first approved+drained by hardcoded drain wallet in June 2026 (bytecode identical to campaign_2a)
avalanche,0x0ec0efb6780f5f198a2be2c9d1c7fe90b5052a89,campaign_2b,first approved+drained by hardcoded drain wallet in June 2026 (bytecode identical to campaign_2a)
avalanche,0x0ec3a34b9b8809ae866f2fccbfda5e2384eb352c,campaign_2b,first approved+drained by hardcoded drain wallet in June 2026 (bytecode identical to campaign_2a)
avalanche,0x0ed91162ca9b5b28520b51a71a99ef5ae6198568,campaign_2b,first approved+drained by hardcoded drain wallet in June 2026 (bytecode identical to campaign_2a)
avalanche,0x0ee1145251041002f8c310aeed32d4aef2498a66,campaign_2b,first approved+drained by hardcoded drain wallet in June 2026 (bytecode identical to campaign_2a)
avalanche,0x0ee85658359844268e7f3fabc99eacf362972ddd,campaign_2b,first approved+drained by hardcoded drain wallet in June 2026 (bytecode identical to campaign_2a)
avalanche,0x0f0d1cfd6fd10d85a26189b468e36cdf95a5b1ae,campaign_2b,first approved+drained by hardcoded drain wallet in June 2026 (bytecode identical to campaign_2a)
avalanche,0x0f13a120aeffe7fc564eb8617d8fc0233a42ce4f,campaign_2b,first approved+drained by hardcoded drain wallet in June 2026 (bytecode identical to campaign_2a)
avalanche,0x0f49fc57d88e4e751dbe382b539f59f52e4bba96,campaign_2b,first approved+drained by hardcoded drain wallet in June 2026 (bytecode identical to campaign_2a)
avalanche,0x0f536e281f5cdf95d9f7f71af304ca74505870ce,campaign_2b,first approved+drained by hardcoded drain wallet in June 2026 (bytecode identical to campaign_2a)
avalanche,0x0f59c192dfd3b2b8dd22691395bff17ed3167265,campaign_2b,first approved+drained by hardcoded drain wallet in June 2026 (bytecode identical to campaign_2a)
avalanche,0x0f72d78522a8096f21f622bfbeb16f62bbf30c52,campaign_2b,first approved+drained by hardcoded drain wallet in June 2026 (bytecode identical to campaign_2a)
avalanche,0x0f8aa1efd348aaebce6d82dc9c2c51f8f87c9f43,campaign_2b,first approved+drained by hardcoded drain wallet in June 2026 (bytecode identical to campaign_2a)
avalanche,0x0f922611a76d27ddbc2370660429db763523fa77,campaign_2b,first approved+drained by hardcoded drain wallet in June 2026 (bytecode identical to campaign_2a)
avalanche,0x0fe2746d8c2f10c5179f44701200485f004fbb06,campaign_2b,first approved+drained by hardcoded drain wallet in June 2026 (bytecode identical to campaign_2a)
avalanche,0x10545380527f0bcd8d799a27ad91608bf4dce134,campaign_2b,first approved+drained by hardcoded drain wallet in June 2026 (bytecode identical to campaign_2a)
avalanche,0x10709ac1fdb4042eb980df9bd33d2611567a26a9,campaign_2b,first approved+drained by hardcoded drain wallet in June 2026 (bytecode identical to campaign_2a)
avalanche,0x10b502f32947e6451658f5f9bb711561322f0366,campaign_2b,first approved+drained by hardcoded drain wallet in June 2026 (bytecode identical to campaign_2a)
avalanche,0x112f1b84b60951d9c2d769ddbe981aeb6b9f2a50,campaign_2b,first approved+drained by hardcoded drain wallet in June 2026 (bytecode identical to campaign_2a)
avalanche,0x1170bef264a9080c610330d54caff6c2f2927a87,campaign_2b,first approved+drained by hardcoded drain wallet in June 2026 (bytecode identical to campaign_2a)
avalanche,0x119628c09a46f569a6fccf4486d6dae3b24672c2,campaign_2b,first approved+drained by hardcoded drain wallet in June 2026 (bytecode identical to campaign_2a)
avalanche,0x11bbecf5530204094eade4e2dc47e2677d34e6f9,campaign_2b,first approved+drained by hardcoded drain wallet in June 2026 (bytecode identical to campaign_2a)
avalanche,0x11c5bb2e417e3c0f683327f43185ff7f424111f2,campaign_2b,first approved+drained by hardcoded drain wallet in June 2026 (bytecode identical to campaign_2a)
avalanche,0x129bc12600a0a79f3ce22cc2035d2c8ce8ee70b3,campaign_2b,first approved+drained by hardcoded drain wallet in June 2026 (bytecode identical to campaign_2a)
avalanche,0x12d34c3ba0f06dfcb8f5cb00f435c5cc0b8bc4cf,campaign_2b,first approved+drained by hardcoded drain wallet in June 2026 (bytecode identical to campaign_2a)
avalanche,0x12dc6b46dd15e1a571f005bc6dba194b2d547094,campaign_2b,first approved+drained by hardcoded drain wallet in June 2026 (bytecode identical to campaign_2a)
avalanche,0x13417f3b054e1513893bd9c3cb4cf8eefead6181,campaign_2b,first approved+drained by hardcoded drain wallet in June 2026 (bytecode identical to campaign_2a)
avalanche,0x13432551c8076add4a5f79b0b452772f4896d0b7,campaign_2b,first approved+drained by hardcoded drain wallet in June 2026 (bytecode identical to campaign_2a)
avalanche,0x13755670287f27d591a3df9dd0906037d5d1c7e0,campaign_2b,first approved+drained by hardcoded drain wallet in June 2026 (bytecode identical to campaign_2a)
avalanche,0x13bf1d24f4181e3fa7c3326a211f2c4fa259919e,campaign_2b,first approved+drained by hardcoded drain wallet in June 2026 (bytecode identical to campaign_2a)
avalanche,0x14312a52bfd0f4c1f7310ed8d0ce137d69466b17,campaign_2b,first approved+drained by hardcoded drain wallet in June 2026 (bytecode identical to campaign_2a)
avalanche,0x14579c208acff5d3fc8d826d789d6896ea810302,campaign_2b,first approved+drained by hardcoded drain wallet in June 2026 (bytecode identical to campaign_2a)
avalanche,0x1472ceebdd8897173dcdc151cd4d3b7cb4448c08,campaign_2b,first approved+drained by hardcoded drain wallet in June 2026 (bytecode identical to campaign_2a)
avalanche,0x14aa3254e6769da60be68c0494e07749c82b2c7b,campaign_2b,first approved+drained by hardcoded drain wallet in June 2026 (bytecode identical to campaign_2a)
avalanche,0x14c037de00be72e010d9e731e6e5aa79b5001657,campaign_2b,first approved+drained by hardcoded drain wallet in June 2026 (bytecode identical to campaign_2a)
avalanche,0x14cd934051c5aa77afeb56f50ec28bdeadafec75,campaign_2b,first approved+drained by hardcoded drain wallet in June 2026 (bytecode identical to campaign_2a)
avalanche,0x14f16c72cf9933a0b855e8da4638538d8dc721ae,campaign_2b,first approved+drained by hardcoded drain wallet in June 2026 (bytecode identical to campaign_2a)
avalanche,0x14f8f7127e47379065a94625efb16e97f86392c8,campaign_2b,first approved+drained by hardcoded drain wallet in June 2026 (bytecode identical to campaign_2a)
avalanche,0x15044023a656c2ee85b748fd524fb7e9f14783df,campaign_2b,first approved+drained by hardcoded drain wallet in June 2026 (bytecode identical to campaign_2a)
avalanche,0x1517cdc710e44069f052931c5877b86cc1cc2827,campaign_2b,first approved+drained by hardcoded drain wallet in June 2026 (bytecode identical to campaign_2a)
avalanche,0x155cac1823513be91e009f7d0ba8e91faf8e9964,campaign_2b,first approved+drained by hardcoded drain wallet in June 2026 (bytecode identical to campaign_2a)
avalanche,0x157385144da2975480c468e09c48c4f46acc677a,campaign_2b,first approved+drained by hardcoded drain wallet in June 2026 (bytecode identical to campaign_2a)
avalanche,0x15a9712db643c34bd178f9328841b44adcbd2286,campaign_2b,first approved+drained by hardcoded drain wallet in June 2026 (bytecode identical to campaign_2a)
avalanche,0x161422d3e0fcf3a6d032cbd93bacc359b066eacc,campaign_2b,first approved+drained by hardcoded drain wallet in June 2026 (bytecode identical to campaign_2a)
avalanche,0x1623e2c68d507d0a25d84557beef62ecb01c0790,campaign_2b,first approved+drained by hardcoded drain wallet in June 2026 (bytecode identical to campaign_2a)
avalanche,0x1672df19c973d417401abe83f6a79c4a2322830d,campaign_2b,first approved+drained by hardcoded drain wallet in June 2026 (bytecode identical to campaign_2a)
avalanche,0x168ba29f4186625010291b3a56e5e0bc72a4e3b0,campaign_2b,first approved+drained by hardcoded drain wallet in June 2026 (bytecode identical to campaign_2a)
avalanche,0x16a263e75a2f958f3c65ed769a19025d31cb67da,campaign_2b,first approved+drained by hardcoded drain wallet in June 2026 (bytecode identical to campaign_2a)
avalanche,0x16ddbf8a47169f75fb34fd4ca88db17117675cf9,campaign_2b,first approved+drained by hardcoded drain wallet in June 2026 (bytecode identical to campaign_2a)
avalanche,0x16ef876de395ab05dfc5f62a0f62defbe49069c4,campaign_2b,first approved+drained by hardcoded drain wallet in June 2026 (bytecode identical to campaign_2a)
avalanche,0x175958f115f1c9ac6a84869b31433e79ab226a59,campaign_2b,first approved+drained by hardcoded drain wallet in June 2026 (bytecode identical to campaign_2a)
avalanche,0x175c48bf68e99006d414d19dd45d5ba1a0431fc8,campaign_2b,first approved+drained by hardcoded drain wallet in June 2026 (bytecode identical to campaign_2a)
avalanche,0x176617e7dba93c9ccb959c2307308f1a16daf46e,campaign_2b,first approved+drained by hardcoded drain wallet in June 2026 (bytecode identical to campaign_2a)
avalanche,0x1808edc5e5e7f45f2674a9a9631909660b5ca9a4,campaign_2b,first approved+drained by hardcoded drain wallet in June 2026 (bytecode identical to campaign_2a)
avalanche,0x184cab5a276ea4973285343889191a15ce263b95,campaign_2b,first approved+drained by hardcoded drain wallet in June 2026 (bytecode identical to campaign_2a)
avalanche,0x18588b6d820252f37ba103797ade4c9c7255b4b4,campaign_2b,first approved+drained by hardcoded drain wallet in June 2026 (bytecode identical to campaign_2a)
avalanche,0x186ef75ae91e87ad93ec9032e138ac56377f5901,campaign_2b,first approved+drained by hardcoded drain wallet in June 2026 (bytecode identical to campaign_2a)
avalanche,0x189c5eb36e873fcf1435a8312f44debb7594f2f9,campaign_2b,first approved+drained by hardcoded drain wallet in June 2026 (bytecode identical to campaign_2a)
avalanche,0x18b5f9143c7148e2a047c0ae3f823a67c04a5b98,campaign_2b,first approved+drained by hardcoded drain wallet in June 2026 (bytecode identical to campaign_2a)
avalanche,0x18ce0c3d52763fad388f7b00b13aafb6df38b6db,campaign_2b,first approved+drained by hardcoded drain wallet in June 2026 (bytecode identical to campaign_2a)
avalanche,0x18e2c63e3f47f7a12b1b40760623a7e5f7f8ca72,campaign_2b,first approved+drained by hardcoded drain wallet in June 2026 (bytecode identical to campaign_2a)
avalanche,0x19109335a02ffe4801a2e0673710eef9c1404fa1,campaign_2b,first approved+drained by hardcoded drain wallet in June 2026 (bytecode identical to campaign_2a)
avalanche,0x1939652007740a1aa38c749d6962cea1f791e762,campaign_2b,first approved+drained by hardcoded drain wallet in June 2026 (bytecode identical to campaign_2a)
avalanche,0x194c99ff4fa2d57493693cc03a67ff681548c5c6,campaign_2b,first approved+drained by hardcoded drain wallet in June 2026 (bytecode identical to campaign_2a)
avalanche,0x196ddad7113044b47a286b801cee21b4598e45e2,campaign_2b,first approved+drained by hardcoded drain wallet in June 2026 (bytecode identical to campaign_2a)
avalanche,0x19795b286e6e56d8857db6f1f47b765c75fd83b6,campaign_2b,first approved+drained by hardcoded drain wallet in June 2026 (bytecode identical to campaign_2a)
avalanche,0x197e1ac3855d0cee6f11e1cc045b98aaa77a3c10,campaign_2b,first approved+drained by hardcoded drain wallet in June 2026 (bytecode identical to campaign_2a)
avalanche,0x198384dbd1a9ecc319f3b108544f3be05cdfa8cd,campaign_2b,first approved+drained by hardcoded drain wallet in June 2026 (bytecode identical to campaign_2a)
avalanche,0x19f4e75fcb2e5f870eb4665343ae1988381819af,campaign_2b,first approved+drained by hardcoded drain wallet in June 2026 (bytecode identical to campaign_2a)
avalanche,0x1a1dafdadf4053576a213cbcc2f87887a39ab2ee,campaign_2b,first approved+drained by hardcoded drain wallet in June 2026 (bytecode identical to campaign_2a)
avalanche,0x1a8ed81bf773c192061960774075e8cb5f30a881,campaign_2b,first approved+drained by hardcoded drain wallet in June 2026 (bytecode identical to campaign_2a)
avalanche,0x1a9a5bcc945f044d93efd21bcee002751444dffc,campaign_2b,first approved+drained by hardcoded drain wallet in June 2026 (bytecode identical to campaign_2a)
avalanche,0x1acc8698cd677be0ef1ed5895523456d361bc35a,campaign_2b,first approved+drained by hardcoded drain wallet in June 2026 (bytecode identical to campaign_2a)
avalanche,0x1ad5ad7b9acfb9e9f2b3cebc49bdf1ff994c3350,campaign_2b,first approved+drained by hardcoded drain wallet in June 2026 (bytecode identical to campaign_2a)
avalanche,0x1ad5cf52b775b74ab07bc4bed75209270ab68fad,campaign_2b,first approved+drained by hardcoded drain wallet in June 2026 (bytecode identical to campaign_2a)
avalanche,0x1ae610778947bbdfcfba1e555d766e4b25e2c389,campaign_2b,first approved+drained by hardcoded drain wallet in June 2026 (bytecode identical to campaign_2a)
avalanche,0x1b18eca031dc406e833bb6968aa689127b48a851,campaign_2b,first approved+drained by hardcoded drain wallet in June 2026 (bytecode identical to campaign_2a)
avalanche,0x1b3f41847af886e8655f212c78ae9b5d61a535e3,campaign_2b,first approved+drained by hardcoded drain wallet in June 2026 (bytecode identical to campaign_2a)
avalanche,0x1b752230bc7a2ff15eb6394eafc785596706dfcb,campaign_2b,first approved+drained by hardcoded drain wallet in June 2026 (bytecode identical to campaign_2a)
avalanche,0x1b9d56aaa5abb7a86a9995d14dff774cca5ad2df,campaign_2b,first approved+drained by hardcoded drain wallet in June 2026 (bytecode identical to campaign_2a)
avalanche,0x1bba547ef487dafd286d576652bb898bcf43cb09,campaign_2b,first approved+drained by hardcoded drain wallet in June 2026 (bytecode identical to campaign_2a)
avalanche,0x1bcc262597d34e50f7c71dea0e538d907c43bc09,campaign_2b,first approved+drained by hardcoded drain wallet in June 2026 (bytecode identical to campaign_2a)
avalanche,0x1bceb868acb96ff4f90642019e0aae27559a3cc6,campaign_2b,first approved+drained by hardcoded drain wallet in June 2026 (bytecode identical to campaign_2a)
avalanche,0x1c09a1bff3ae5f22629abaad25290b23faf2dcc3,campaign_2b,first approved+drained by hardcoded drain wallet in June 2026 (bytecode identical to campaign_2a)
avalanche,0x1c4492de84165df989ff9de5f48bd2474c1531e8,campaign_2b,first approved+drained by hardcoded drain wallet in June 2026 (bytecode identical to campaign_2a)
avalanche,0x1c5d961022d55e077c2aca81dcda05118d889c26,campaign_2b,first approved+drained by hardcoded drain wallet in June 2026 (bytecode identical to campaign_2a)
avalanche,0x1c73aee021ac897bb7b9a7a61fd2a6381b40cfe4,campaign_2b,first approved+drained by hardcoded drain wallet in June 2026 (bytecode identical to campaign_2a)
avalanche,0x1c755e76e3ea57c7822f2538a83818d235e13298,campaign_2b,first approved+drained by hardcoded drain wallet in June 2026 (bytecode identical to campaign_2a)
avalanche,0x1cbc25d0477e5ff20128adb2c42c79be4184dcf8,campaign_2b,first approved+drained by hardcoded drain wallet in June 2026 (bytecode identical to campaign_2a)
avalanche,0x1ced0a031866bd39a1443a44e72910e4d39b6114,campaign_2b,first approved+drained by hardcoded drain wallet in June 2026 (bytecode identical to campaign_2a)
avalanche,0x1d21df6d51ee1804eacf596b6b9adfd5dc78f350,campaign_2b,first approved+drained by hardcoded drain wallet in June 2026 (bytecode identical to campaign_2a)
avalanche,0x1d542bc43a985b09d2266db671df0b75f1131bdc,campaign_2b,first approved+drained by hardcoded drain wallet in June 2026 (bytecode identical to campaign_2a)
avalanche,0x1d6e46bf49557859a461664e532e35b02a14d610,campaign_2b,first approved+drained by hardcoded drain wallet in June 2026 (bytecode identical to campaign_2a)
avalanche,0x1d95dd97786c9762d48d11e047aac55a76e650a8,campaign_2b,first approved+drained by hardcoded drain wallet in June 2026 (bytecode identical to campaign_2a)
avalanche,0x1e0f5a1f27b159f714d74506f336a82a10443291,campaign_2b,first approved+drained by hardcoded drain wallet in June 2026 (bytecode identical to campaign_2a)
avalanche,0x1e918748884b5e9c6e0f00bddfeda6c21a0eb5bf,campaign_2b,first approved+drained by hardcoded drain wallet in June 2026 (bytecode identical to campaign_2a)
avalanche,0x1ecd546295d03769044ea4d29db0f679ac21dc4e,campaign_2b,first approved+drained by hardcoded drain wallet in June 2026 (bytecode identical to campaign_2a)
avalanche,0x1ef6e8bce25878d1fe0fb1fc84569596a5b1903b,campaign_2b,first approved+drained by hardcoded drain wallet in June 2026 (bytecode identical to campaign_2a)
avalanche,0x1f0823a651e4802285836bab6fe8ec78b4aefe67,campaign_2b,first approved+drained by hardcoded drain wallet in June 2026 (bytecode identical to campaign_2a)
avalanche,0x1f2ba02cddb6ee30cdc28ba86b50542f9a704f56,campaign_2b,first approved+drained by hardcoded drain wallet in June 2026 (bytecode identical to campaign_2a)
avalanche,0x1f3ae25cd5cf01160e4b1f8b1335fe7269f57625,campaign_2b,first approved+drained by hardcoded drain wallet in June 2026 (bytecode identical to campaign_2a)
avalanche,0x1f88099cdd270619264a9f9d67898afc5e8a947e,campaign_2b,first approved+drained by hardcoded drain wallet in June 2026 (bytecode identical to campaign_2a)
avalanche,0x1fb84458cc206ae624647ecb1766bc3977f27c2e,campaign_2b,first approved+drained by hardcoded drain wallet in June 2026 (bytecode identical to campaign_2a)
avalanche,0x1ffd7a91aff31e47b3e2fc428a8425f050143043,campaign_2b,first approved+drained by hardcoded drain wallet in June 2026 (bytecode identical to campaign_2a)
avalanche,0x2004f00302b3ae91b1eb07753d39481a572c99a5,campaign_2b,first approved+drained by hardcoded drain wallet in June 2026 (bytecode identical to campaign_2a)
avalanche,0x2008d0f43c98c219962608ec766000e517af747a,campaign_2b,first approved+drained by hardcoded drain wallet in June 2026 (bytecode identical to campaign_2a)
avalanche,0x2022d798ac92a04694857a8a9a52c13cc5cf822f,campaign_2b,first approved+drained by hardcoded drain wallet in June 2026 (bytecode identical to campaign_2a)
avalanche,0x205e74ecd7cd086b54d052c581c5ff56cdd19324,campaign_2b,first approved+drained by hardcoded drain wallet in June 2026 (bytecode identical to campaign_2a)
avalanche,0x20606e36d7d494d7a976ae9ae2a3ce70ade98cac,campaign_2b,first approved+drained by hardcoded drain wallet in June 2026 (bytecode identical to campaign_2a)
avalanche,0x20713bd5173f4d5b65c42c1dac0ef697876c99a7,campaign_2b,first approved+drained by hardcoded drain wallet in June 2026 (bytecode identical to campaign_2a)
avalanche,0x2082e8c957056051862eba467f085843191ca6c6,campaign_2b,first approved+drained by hardcoded drain wallet in June 2026 (bytecode identical to campaign_2a)
avalanche,0x20893bc5eb85cd10886a113d88cf52ddf33ff7a1,campaign_2b,first approved+drained by hardcoded drain wallet in June 2026 (bytecode identical to campaign_2a)
avalanche,0x20dd653d2138b27d9175a8a45c95547c43e5ee44,campaign_2b,first approved+drained by hardcoded drain wallet in June 2026 (bytecode identical to campaign_2a)
avalanche,0x20f36d2ef4c6f067d5263041623182d2382dfe74,campaign_2b,first approved+drained by hardcoded drain wallet in June 2026 (bytecode identical to campaign_2a)
avalanche,0x20fce82f86429d9635c54d70717d8b97e48fa5e6,campaign_2b,first approved+drained by hardcoded drain wallet in June 2026 (bytecode identical to campaign_2a)
avalanche,0x21218c56abb166d07bd0907597aed4e44e895936,campaign_2b,first approved+drained by hardcoded drain wallet in June 2026 (bytecode identical to campaign_2a)
avalanche,0x2121d8c4d71628a8b59b986f7a7ccebeb3895289,campaign_2b,first approved+drained by hardcoded drain wallet in June 2026 (bytecode identical to campaign_2a)
avalanche,0x21462808cd04bb887d5abcd2f3ccfaccb65084e9,campaign_2b,first approved+drained by hardcoded drain wallet in June 2026 (bytecode identical to campaign_2a)
avalanche,0x21501845fe138f8cd882b4f43a39dee5e7f421fe,campaign_2b,first approved+drained by hardcoded drain wallet in June 2026 (bytecode identical to campaign_2a)
avalanche,0x215144c7553c7091efa68c1b9f68257073eae14a,campaign_2b,first approved+drained by hardcoded drain wallet in June 2026 (bytecode identical to campaign_2a)
avalanche,0x2180d944273f38b7928af187bae2b864dcda6dbf,campaign_2b,first approved+drained by hardcoded drain wallet in June 2026 (bytecode identical to campaign_2a)
avalanche,0x2203872fa7e73022d6d5ce9fa7669144a87e9ab3,campaign_2b,first approved+drained by hardcoded drain wallet in June 2026 (bytecode identical to campaign_2a)
avalanche,0x22161041dd0e74f7cb906e0644256a71b213382b,campaign_2b,first approved+drained by hardcoded drain wallet in June 2026 (bytecode identical to campaign_2a)
avalanche,0x2249a8890faf20f8b0ed6b4c60cea196a2329396,campaign_2b,first approved+drained by hardcoded drain wallet in June 2026 (bytecode identical to campaign_2a)
avalanche,0x227558f3b44e5b8a878370a2d5dc38cc87938f12,campaign_2b,first approved+drained by hardcoded drain wallet in June 2026 (bytecode identical to campaign_2a)
avalanche,0x229d5300442c6768f9d93e712faed9dab9b48fef,campaign_2b,first approved+drained by hardcoded drain wallet in June 2026 (bytecode identical to campaign_2a)
avalanche,0x22a959dd1d88aeb765c9045b36b8b44e96dab82c,campaign_2b,first approved+drained by hardcoded drain wallet in June 2026 (bytecode identical to campaign_2a)
avalanche,0x22b8f12bc31dd817b191a7c36228b4f228187b04,campaign_2b,first approved+drained by hardcoded drain wallet in June 2026 (bytecode identical to campaign_2a)
avalanche,0x22ba8d4ee4193f1afe4b80b4a229da50177845be,campaign_2b,first approved+drained by hardcoded drain wallet in June 2026 (bytecode identical to campaign_2a)
avalanche,0x2316cb30d54872224c0594411bc567a48f13fc9b,campaign_2b,first approved+drained by hardcoded drain wallet in June 2026 (bytecode identical to campaign_2a)
avalanche,0x2319ca3ccf54cefa6639ec56c7494ca3044b8e06,campaign_2b,first approved+drained by hardcoded drain wallet in June 2026 (bytecode identical to campaign_2a)
avalanche,0x232ed63b2ca51f2e044f8ae18cedaeb72de66bb8,campaign_2b,first approved+drained by hardcoded drain wallet in June 2026 (bytecode identical to campaign_2a)
avalanche,0x23555d346fbd59ce316367447b92d3a81d509923,campaign_2b,first approved+drained by hardcoded drain wallet in June 2026 (bytecode identical to campaign_2a)
avalanche,0x235c05880fb531ce904fab8dba19ebe5234cc59c,campaign_2b,first approved+drained by hardcoded drain wallet in June 2026 (bytecode identical to campaign_2a)
avalanche,0x235c4648ca43faceeb208401e3f7aae60d50b8d8,campaign_2b,first approved+drained by hardcoded drain wallet in June 2026 (bytecode identical to campaign_2a)
avalanche,0x236d3800265532cd14f2680c060b3dbb9d8eb55f,campaign_2b,first approved+drained by hardcoded drain wallet in June 2026 (bytecode identical to campaign_2a)
avalanche,0x2387416526c1a7f2aaadcab2658366eed296df76,campaign_2b,first approved+drained by hardcoded drain wallet in June 2026 (bytecode identical to campaign_2a)
avalanche,0x23a93223ec806106c173948d2cfa027d7392c4dc,campaign_2b,first approved+drained by hardcoded drain wallet in June 2026 (bytecode identical to campaign_2a)
avalanche,0x23b3fb6b2dc5e0cac09881acda1d40256770aa2d,campaign_2b,first approved+drained by hardcoded drain wallet in June 2026 (bytecode identical to campaign_2a)
avalanche,0x23bf9de0b3a7da6ba36ff09a4c8c417bef4e5ea4,campaign_2b,first approved+drained by hardcoded drain wallet in June 2026 (bytecode identical to campaign_2a)
avalanche,0x23d7968cce4083a483a35f41816f9916aa08dc86,campaign_2b,first approved+drained by hardcoded drain wallet in June 2026 (bytecode identical to campaign_2a)
avalanche,0x23eee0f07e681caffad78b3f07c1caf0d725265c,campaign_2b,first approved+drained by hardcoded drain wallet in June 2026 (bytecode identical to campaign_2a)
avalanche,0x24299e1a2c106374ba8b1e80d5f289ff7b7719fc,campaign_2b,first approved+drained by hardcoded drain wallet in June 2026 (bytecode identical to campaign_2a)
avalanche,0x244f522674b8c744ede64702753902435d1b9fce,campaign_2b,first approved+drained by hardcoded drain wallet in June 2026 (bytecode identical to campaign_2a)
avalanche,0x24868bc6d316138fa147e43114092a90eb4b87aa,campaign_2b,first approved+drained by hardcoded drain wallet in June 2026 (bytecode identical to campaign_2a)
avalanche,0x24e262ca7ed70d5277b399fa2dcea0920a46f02f,campaign_2b,first approved+drained by hardcoded drain wallet in June 2026 (bytecode identical to campaign_2a)
avalanche,0x2510112c6f388b793b6f91aa70718335779878a6,campaign_2b,first approved+drained by hardcoded drain wallet in June 2026 (bytecode identical to campaign_2a)
avalanche,0x25393ff1a998a0799eb7dac09eb1f569693b3731,campaign_2b,first approved+drained by hardcoded drain wallet in June 2026 (bytecode identical to campaign_2a)
avalanche,0x257ca5e10f06c0737f8bc8f252ff48704ac401f4,campaign_2b,first approved+drained by hardcoded drain wallet in June 2026 (bytecode identical to campaign_2a)
avalanche,0x257fde6cbb5e2cc447cf5321e93a437ca19ad559,campaign_2b,first approved+drained by hardcoded drain wallet in June 2026 (bytecode identical to campaign_2a)
avalanche,0x25cc3edf9ad085bf3b74294bbe6c651cf75e0ec0,campaign_2b,first approved+drained by hardcoded drain wallet in June 2026 (bytecode identical to campaign_2a)
avalanche,0x2614a690cf15e56f3ac03e76c78c92470127d84e,campaign_2b,first approved+drained by hardcoded drain wallet in June 2026 (bytecode identical to campaign_2a)
avalanche,0x264a799a99c6962998b3e6800e6fb2fe5f533b34,campaign_2b,first approved+drained by hardcoded drain wallet in June 2026 (bytecode identical to campaign_2a)
avalanche,0x2663f5f7f2c8289babfa839d60123c9619da4c1b,campaign_2b,first approved+drained by hardcoded drain wallet in June 2026 (bytecode identical to campaign_2a)
avalanche,0x2696ac8775a52eba6720dc72ef49f95c8dfe40fb,campaign_2b,first approved+drained by hardcoded drain wallet in June 2026 (bytecode identical to campaign_2a)
avalanche,0x26a19a8ea7da4dacfe265b7d04be8433d5ee7a2e,campaign_2b,first approved+drained by hardcoded drain wallet in June 2026 (bytecode identical to campaign_2a)
avalanche,0x2713d2313123dd1c06c60a347444fe67ff9e2898,campaign_2b,first approved+drained by hardcoded drain wallet in June 2026 (bytecode identical to campaign_2a)
avalanche,0x274563d613815fd78529fa7c173a54e330acb425,campaign_2b,first approved+drained by hardcoded drain wallet in June 2026 (bytecode identical to campaign_2a)
avalanche,0x27a46b2824776a95321a1561123556a37aa18eb3,campaign_2b,first approved+drained by hardcoded drain wallet in June 2026 (bytecode identical to campaign_2a)
avalanche,0x27b37190eccf1dfc06696349e66e6ef4ee831aba,campaign_2b,first approved+drained by hardcoded drain wallet in June 2026 (bytecode identical to campaign_2a)
avalanche,0x2866e04d6d69fe51ba22febe89123fcb635addbc,campaign_2b,first approved+drained by hardcoded drain wallet in June 2026 (bytecode identical to campaign_2a)
avalanche,0x28737ee30b1c1023b7e2e0037aa63d97ad6d3eb7,campaign_2b,first approved+drained by hardcoded drain wallet in June 2026 (bytecode identical to campaign_2a)
avalanche,0x2878c30159f5eaba278298f06273cb1b35f15a1f,campaign_2b,first approved+drained by hardcoded drain wallet in June 2026 (bytecode identical to campaign_2a)
avalanche,0x28b295009630c72e6dea0d504e8049180a1b5682,campaign_2b,first approved+drained by hardcoded drain wallet in June 2026 (bytecode identical to campaign_2a)
avalanche,0x28b793356399ca0fe0bd54bc39d5884e471ccefb,campaign_2b,first approved+drained by hardcoded drain wallet in June 2026 (bytecode identical to campaign_2a)
avalanche,0x290aba305bed6c60102118ffea664a640365df87,campaign_2b,first approved+drained by hardcoded drain wallet in June 2026 (bytecode identical to campaign_2a)
avalanche,0x291ba24e304accbcfaf5f01765d580a3a1789027,campaign_2b,first approved+drained by hardcoded drain wallet in June 2026 (bytecode identical to campaign_2a)
avalanche,0x2964975726a87f756f0713142c992cd760846c48,campaign_2b,first approved+drained by hardcoded drain wallet in June 2026 (bytecode identical to campaign_2a)
avalanche,0x2977aed175cda2ea78c06287ad06acc6ef640d08,campaign_2b,first approved+drained by hardcoded drain wallet in June 2026 (bytecode identical to campaign_2a)
avalanche,0x299a90377f9036ac1613e9b75432c4ad6056bf97,campaign_2b,first approved+drained by hardcoded drain wallet in June 2026 (bytecode identical to campaign_2a)
avalanche,0x29d4fe3c9f756630c7f34b58fa75c575ebcd5510,campaign_2b,first approved+drained by hardcoded drain wallet in June 2026 (bytecode identical to campaign_2a)
avalanche,0x29e7765fc01a506f42105db7a0ef2cffb3b4ffc5,campaign_2b,first approved+drained by hardcoded drain wallet in June 2026 (bytecode identical to campaign_2a)
avalanche,0x29f4016d7627f5318f9f1938af26a3fc8e3a2f3a,campaign_2b,first approved+drained by hardcoded drain wallet in June 2026 (bytecode identical to campaign_2a)
avalanche,0x2a15f7675038505aed7733f7bb69d7b26e67f48e,campaign_2b,first approved+drained by hardcoded drain wallet in June 2026 (bytecode identical to campaign_2a)
avalanche,0x2a50092f9ec82322d42a734b0a96a70553a18c8d,campaign_2b,first approved+drained by hardcoded drain wallet in June 2026 (bytecode identical to campaign_2a)
avalanche,0x2a65a8cf0166435441b416bba6773ea80e89bb8b,campaign_2b,first approved+drained by hardcoded drain wallet in June 2026 (bytecode identical to campaign_2a)
avalanche,0x2a825f843e3a269bb91f1beb2426ed3e49a4429c,campaign_2b,first approved+drained by hardcoded drain wallet in June 2026 (bytecode identical to campaign_2a)
avalanche,0x2aa4013e7683f982e51bfea4f091671549e63858,campaign_2b,first approved+drained by hardcoded drain wallet in June 2026 (bytecode identical to campaign_2a)
avalanche,0x2b34e3e11e3365a5dda0e67ad77544fe800a9d65,campaign_2b,first approved+drained by hardcoded drain wallet in June 2026 (bytecode identical to campaign_2a)
avalanche,0x2b387a468c543543e1ae315b90ae09f1162d4e2d,campaign_2b,first approved+drained by hardcoded drain wallet in June 2026 (bytecode identical to campaign_2a)
avalanche,0x2b785a3b7106b3f0a960556f7f1e89c430baa005,campaign_2b,first approved+drained by hardcoded drain wallet in June 2026 (bytecode identical to campaign_2a)
avalanche,0x2b79ecb85697405a287c9f223250b78a29f7a7bf,campaign_2b,first approved+drained by hardcoded drain wallet in June 2026 (bytecode identical to campaign_2a)
avalanche,0x2ba6a35d03c2f6ded10a8bfca4f28cb5bd76121b,campaign_2b,first approved+drained by hardcoded drain wallet in June 2026 (bytecode identical to campaign_2a)
avalanche,0x2bc3c8c2202aea94084f320f190ac9dfe996bd46,campaign_2b,first approved+drained by hardcoded drain wallet in June 2026 (bytecode identical to campaign_2a)
avalanche,0x2bd465621af2544f9358a43da5771513e80877eb,campaign_2b,first approved+drained by hardcoded drain wallet in June 2026 (bytecode identical to campaign_2a)
avalanche,0x2bdd370a03412f3916ac128659e7cd4ab450bd6b,campaign_2b,first approved+drained by hardcoded drain wallet in June 2026 (bytecode identical to campaign_2a)
avalanche,0x2bf822b6b694727e347a1d127ff5ab5f02cda191,campaign_2b,first approved+drained by hardcoded drain wallet in June 2026 (bytecode identical to campaign_2a)
avalanche,0x2c050aae8006d263cf58b9a2887703a480574dd5,campaign_2b,first approved+drained by hardcoded drain wallet in June 2026 (bytecode identical to campaign_2a)
avalanche,0x2c4e196230d2b712ff3f1d6878684b6d8f8a65bb,campaign_2b,first approved+drained by hardcoded drain wallet in June 2026 (bytecode identical to campaign_2a)
avalanche,0x2c71d926904b14eb3e3f155a78e578c17d281844,campaign_2b,first approved+drained by hardcoded drain wallet in June 2026 (bytecode identical to campaign_2a)
avalanche,0x2c74c3d4689dad66682bf028aabb6e1cfe15505c,campaign_2b,first approved+drained by hardcoded drain wallet in June 2026 (bytecode identical to campaign_2a)
avalanche,0x2c8586c86ad916ae07e058c7c0ee578fc5c880d4,campaign_2b,first approved+drained by hardcoded drain wallet in June 2026 (bytecode identical to campaign_2a)
avalanche,0x2cd63243393f6d52954049792eba6f711248f6a2,campaign_2b,first approved+drained by hardcoded drain wallet in June 2026 (bytecode identical to campaign_2a)
avalanche,0x2d07fa0cb8e3a6178c3f1a7f38219ff7861ec010,campaign_2b,first approved+drained by hardcoded drain wallet in June 2026 (bytecode identical to campaign_2a)
avalanche,0x2d641a14a3e778458ea664ebd4d9f6b69f14f70d,campaign_2b,first approved+drained by hardcoded drain wallet in June 2026 (bytecode identical to campaign_2a)
avalanche,0x2d6f49014fecf10d2e315aaea41bffb7ced6043c,campaign_2b,first approved+drained by hardcoded drain wallet in June 2026 (bytecode identical to campaign_2a)
avalanche,0x2e0082fe1f1f3c969710fa64381d634f422bf3ce,campaign_2b,first approved+drained by hardcoded drain wallet in June 2026 (bytecode identical to campaign_2a)
avalanche,0x2e010d7e67096701481c45c58567f4b58e86561a,campaign_2b,first approved+drained by hardcoded drain wallet in June 2026 (bytecode identical to campaign_2a)
avalanche,0x2e0f0c02ae6fff87b77b489e847e2c757f98904e,campaign_2b,first approved+drained by hardcoded drain wallet in June 2026 (bytecode identical to campaign_2a)
avalanche,0x2e1ba675083e36659417fab04b83039240c49eba,campaign_2b,first approved+drained by hardcoded drain wallet in June 2026 (bytecode identical to campaign_2a)
avalanche,0x2e6f35112cd4c93bd56bf13b5259b0a899fe325a,campaign_2b,first approved+drained by hardcoded drain wallet in June 2026 (bytecode identical to campaign_2a)
avalanche,0x2e71c9d1912f2cb6c334638266b6d1d2c1dc0f8e,campaign_2b,first approved+drained by hardcoded drain wallet in June 2026 (bytecode identical to campaign_2a)
avalanche,0x2e7e46a3c3898a3572f3ce0a2d8e97879aec7549,campaign_2b,first approved+drained by hardcoded drain wallet in June 2026 (bytecode identical to campaign_2a)
avalanche,0x2ecf05b300ad62ed6c6adfd83508d2b731891208,campaign_2b,first approved+drained by hardcoded drain wallet in June 2026 (bytecode identical to campaign_2a)
avalanche,0x2edf4c4df86701433cab1cc53fb40224b26d3201,campaign_2b,first approved+drained by hardcoded drain wallet in June 2026 (bytecode identical to campaign_2a)
avalanche,0x2f13a3b0d740a4239493f38a5aa6eee3c14766ed,campaign_2b,first approved+drained by hardcoded drain wallet in June 2026 (bytecode identical to campaign_2a)
avalanche,0x2f343928a74de3d959e1105fc8b1e88245f64f13,campaign_2b,first approved+drained by hardcoded drain wallet in June 2026 (bytecode identical to campaign_2a)
avalanche,0x2f47460f48328b73d4a4f1717d6d25cfbc5f54d6,campaign_2b,first approved+drained by hardcoded drain wallet in June 2026 (bytecode identical to campaign_2a)
avalanche,0x2f60f4731ead31a45513eb6f241b0dc7976defd5,campaign_2b,first approved+drained by hardcoded drain wallet in June 2026 (bytecode identical to campaign_2a)
avalanche,0x2f99ee44499b7fd8d4bd62bc418edd428d0adbaa,campaign_2b,first approved+drained by hardcoded drain wallet in June 2026 (bytecode identical to campaign_2a)
avalanche,0x2fe0fd4bd66f268a6c0013395a1a48fd71b67c0e,campaign_2b,first approved+drained by hardcoded drain wallet in June 2026 (bytecode identical to campaign_2a)
avalanche,0x30288762c8c716e9e4d6166449c51fb8211483ce,campaign_2b,first approved+drained by hardcoded drain wallet in June 2026 (bytecode identical to campaign_2a)
avalanche,0x305725f8b3f8857eeab58a5358cc771fbf4e6d3e,campaign_2b,first approved+drained by hardcoded drain wallet in June 2026 (bytecode identical to campaign_2a)
avalanche,0x309627a564ee50afebce4ec55048b127db7f771d,campaign_2b,first approved+drained by hardcoded drain wallet in June 2026 (bytecode identical to campaign_2a)
avalanche,0x30c5ff60bee3f5a14e83472adeaebb2e2e9157af,campaign_2b,first approved+drained by hardcoded drain wallet in June 2026 (bytecode identical to campaign_2a)
avalanche,0x30c6928f25112a6de101e9984a659b3d02c3b7bd,campaign_2b,first approved+drained by hardcoded drain wallet in June 2026 (bytecode identical to campaign_2a)
avalanche,0x30da48328a2856298e9f654c7ce64eadb4b21e56,campaign_2b,first approved+drained by hardcoded drain wallet in June 2026 (bytecode identical to campaign_2a)
avalanche,0x3140da09cc48e12d9b7bc617af941b564391be34,campaign_2b,first approved+drained by hardcoded drain wallet in June 2026 (bytecode identical to campaign_2a)
avalanche,0x31c18d92195574ab50ea6467547ad17564406fa3,campaign_2b,first approved+drained by hardcoded drain wallet in June 2026 (bytecode identical to campaign_2a)
avalanche,0x31d2b150e51d589884c9d95c2a8d00ef25e246bc,campaign_2b,first approved+drained by hardcoded drain wallet in June 2026 (bytecode identical to campaign_2a)
avalanche,0x31fc753b33d5d7463f554cc0d2c067647edeed43,campaign_2b,first approved+drained by hardcoded drain wallet in June 2026 (bytecode identical to campaign_2a)
avalanche,0x3236abe0242e7ab02aeecd0680046b4ea0d1d28a,campaign_2b,first approved+drained by hardcoded drain wallet in June 2026 (bytecode identical to campaign_2a)
avalanche,0x3236d950b2662656c769f50ed6d00ca093902f57,campaign_2b,first approved+drained by hardcoded drain wallet in June 2026 (bytecode identical to campaign_2a)
avalanche,0x32659b7441c1ba0dc70e5836193ffda9be86c5b3,campaign_2b,first approved+drained by hardcoded drain wallet in June 2026 (bytecode identical to campaign_2a)
avalanche,0x32710930bea3bbe7de19e02ebc5d7bc05be1aa3e,campaign_2b,first approved+drained by hardcoded drain wallet in June 2026 (bytecode identical to campaign_2a)
avalanche,0x3275a26c2acee0a4a700aacd9b8d3de98885b9ca,campaign_2b,first approved+drained by hardcoded drain wallet in June 2026 (bytecode identical to campaign_2a)
avalanche,0x32c48325907a7eff9d929c400c106c0f3ef9dfda,campaign_2b,first approved+drained by hardcoded drain wallet in June 2026 (bytecode identical to campaign_2a)
avalanche,0x32e6548b9fbb59c3c03521a375997d3b53f1f393,campaign_2b,first approved+drained by hardcoded drain wallet in June 2026 (bytecode identical to campaign_2a)
avalanche,0x3334bafad890fd5818d74d423dc2f06e04096427,campaign_2b,first approved+drained by hardcoded drain wallet in June 2026 (bytecode identical to campaign_2a)
avalanche,0x3372c33123ef5efb151fa368e4098d9084ad185d,campaign_2b,first approved+drained by hardcoded drain wallet in June 2026 (bytecode identical to campaign_2a)
avalanche,0x339e1b2be999112145386cb5936ef14e9ed7db3a,campaign_2b,first approved+drained by hardcoded drain wallet in June 2026 (bytecode identical to campaign_2a)
avalanche,0x33b1303d1f42a1fedcc86ccbc1380e0d2cfaf1a7,campaign_2b,first approved+drained by hardcoded drain wallet in June 2026 (bytecode identical to campaign_2a)
avalanche,0x33b1da52bb0988725a1c6d898c66db22cd6018c2,campaign_2b,first approved+drained by hardcoded drain wallet in June 2026 (bytecode identical to campaign_2a)
avalanche,0x33d22d173338b2845801d889eb57a4176597e5ce,campaign_2b,first approved+drained by hardcoded drain wallet in June 2026 (bytecode identical to campaign_2a)
avalanche,0x34222fe320a0886c5971e9816026802faf3a7834,campaign_2b,first approved+drained by hardcoded drain wallet in June 2026 (bytecode identical to campaign_2a)
avalanche,0x34a902e4980372fd9d8ef853577c23fbf3679208,campaign_2b,first approved+drained by hardcoded drain wallet in June 2026 (bytecode identical to campaign_2a)
avalanche,0x34b116567077494f0669df0b0ec82964a1f6306a,campaign_2b,first approved+drained by hardcoded drain wallet in June 2026 (bytecode identical to campaign_2a)
avalanche,0x34c67dc165ae8ac4fe40ce5a29cd253af394aa59,campaign_2b,first approved+drained by hardcoded drain wallet in June 2026 (bytecode identical to campaign_2a)
avalanche,0x34ddebbc5397bd6264fdbc20e59bbba08d1c8c6a,campaign_2b,first approved+drained by hardcoded drain wallet in June 2026 (bytecode identical to campaign_2a)
avalanche,0x350545520c2631c103071920ed4573ba2ac62b49,campaign_2b,first approved+drained by hardcoded drain wallet in June 2026 (bytecode identical to campaign_2a)
avalanche,0x3510927b4c3db9dcaf051780c1343681a84bc90f,campaign_2b,first approved+drained by hardcoded drain wallet in June 2026 (bytecode identical to campaign_2a)
avalanche,0x35200307c6ca914a06f9dc1e6a8fb8f7818a6549,campaign_2b,first approved+drained by hardcoded drain wallet in June 2026 (bytecode identical to campaign_2a)
avalanche,0x357a77301af21c36ad775037fcfb1d2295c4e5a5,campaign_2b,first approved+drained by hardcoded drain wallet in June 2026 (bytecode identical to campaign_2a)
avalanche,0x35c719871d06e2e7d16b44719e057ce2718ab436,campaign_2b,first approved+drained by hardcoded drain wallet in June 2026 (bytecode identical to campaign_2a)
avalanche,0x35d387e3ac889a7c1dbcf463d6f8ded456d9ee01,campaign_2b,first approved+drained by hardcoded drain wallet in June 2026 (bytecode identical to campaign_2a)
avalanche,0x36014891797a357010fb3772af21b133d7682bad,campaign_2b,first approved+drained by hardcoded drain wallet in June 2026 (bytecode identical to campaign_2a)
avalanche,0x3611c136072567af2af48435b920a6666aa1be41,campaign_2b,first approved+drained by hardcoded drain wallet in June 2026 (bytecode identical to campaign_2a)
avalanche,0x3613d48ac5349ca474f886f34dc2a4825dd59a59,campaign_2b,first approved+drained by hardcoded drain wallet in June 2026 (bytecode identical to campaign_2a)
avalanche,0x361d1ef04ae748a9c713039322b1bfa8b2fcf2b7,campaign_2b,first approved+drained by hardcoded drain wallet in June 2026 (bytecode identical to campaign_2a)
avalanche,0x36382ddb6f60925cbf72a2e0dfd732ac30c8cb53,campaign_2b,first approved+drained by hardcoded drain wallet in June 2026 (bytecode identical to campaign_2a)
avalanche,0x365cfc1f5177461128cd6ff9f464e1b8ba12f5c4,campaign_2b,first approved+drained by hardcoded drain wallet in June 2026 (bytecode identical to campaign_2a)
avalanche,0x36643c3adaac08e9828730267a392ac9cde4b663,campaign_2b,first approved+drained by hardcoded drain wallet in June 2026 (bytecode identical to campaign_2a)
avalanche,0x3674a0872a02ab053af38c75686bec51427ab9c3,campaign_2b,first approved+drained by hardcoded drain wallet in June 2026 (bytecode identical to campaign_2a)
avalanche,0x36837bf8a6ce663fef54399d432d52e81c3108b6,campaign_2b,first approved+drained by hardcoded drain wallet in June 2026 (bytecode identical to campaign_2a)
avalanche,0x36a58d525a52048b868c9fd6e36c76ce96df1f75,campaign_2b,first approved+drained by hardcoded drain wallet in June 2026 (bytecode identical to campaign_2a)
avalanche,0x370ccd0da2b2041e2db234cd00e7ef11a9117d38,campaign_2b,first approved+drained by hardcoded drain wallet in June 2026 (bytecode identical to campaign_2a)
avalanche,0x374beec5847df48160d657e9d700e2fb38827b56,campaign_2b,first approved+drained by hardcoded drain wallet in June 2026 (bytecode identical to campaign_2a)
avalanche,0x374e76099b8cedcb8b70eda722fc464ec1b761c0,campaign_2b,first approved+drained by hardcoded drain wallet in June 2026 (bytecode identical to campaign_2a)
avalanche,0x374fc5900a84ae12f3cce5b79a03c2f97d523ebb,campaign_2b,first approved+drained by hardcoded drain wallet in June 2026 (bytecode identical to campaign_2a)
avalanche,0x375a22e422bbfa9593999caf81b33cd14595d3dc,campaign_2b,first approved+drained by hardcoded drain wallet in June 2026 (bytecode identical to campaign_2a)
avalanche,0x376a55c17b288c942b1bc4824d5489469669ca69,campaign_2b,first approved+drained by hardcoded drain wallet in June 2026 (bytecode identical to campaign_2a)
avalanche,0x378df32fb080ea9a92979698484beed50f975305,campaign_2b,first approved+drained by hardcoded drain wallet in June 2026 (bytecode identical to campaign_2a)
avalanche,0x379457d7a730fdedbc39cf72549dfc5ee1a20a25,campaign_2b,first approved+drained by hardcoded drain wallet in June 2026 (bytecode identical to campaign_2a)
avalanche,0x37955874b00c764aa7cb83a5b30b29cf41c20da7,campaign_2b,first approved+drained by hardcoded drain wallet in June 2026 (bytecode identical to campaign_2a)
avalanche,0x379cba6c34ad9a960df7bc3613cc182b1c3bee94,campaign_2b,first approved+drained by hardcoded drain wallet in June 2026 (bytecode identical to campaign_2a)
avalanche,0x3809b769c11954673d841bf523f372d38798a322,campaign_2b,first approved+drained by hardcoded drain wallet in June 2026 (bytecode identical to campaign_2a)
avalanche,0x382275fe3e45680c29b64acdd16e04d549ae0be9,campaign_2b,first approved+drained by hardcoded drain wallet in June 2026 (bytecode identical to campaign_2a)
avalanche,0x382c3a38872d605baaf4a991039b2c7e5dd7932d,campaign_2b,first approved+drained by hardcoded drain wallet in June 2026 (bytecode identical to campaign_2a)
avalanche,0x38453bca99d1255a3d0e8c6ce9ac353698c85a8e,campaign_2b,first approved+drained by hardcoded drain wallet in June 2026 (bytecode identical to campaign_2a)
avalanche,0x3866ce2511638966a2f647f68b1a6430cea97c1f,campaign_2b,first approved+drained by hardcoded drain wallet in June 2026 (bytecode identical to campaign_2a)
avalanche,0x387c74119d1593f90ac99e3e880ae899a608eb32,campaign_2b,first approved+drained by hardcoded drain wallet in June 2026 (bytecode identical to campaign_2a)
avalanche,0x38ce7b8dce66a30b2b8a88c16a939736ac958d81,campaign_2b,first approved+drained by hardcoded drain wallet in June 2026 (bytecode identical to campaign_2a)
avalanche,0x38e4dd83adc4ea7879461b825969182bbe90a7ca,campaign_2b,first approved+drained by hardcoded drain wallet in June 2026 (bytecode identical to campaign_2a)
avalanche,0x39734b8942d6100f00147eca906d346ad43a5953,campaign_2b,first approved+drained by hardcoded drain wallet in June 2026 (bytecode identical to campaign_2a)
avalanche,0x39849fbb40b2b8a1db5bc6f82e8cc863ff92ad36,campaign_2b,first approved+drained by hardcoded drain wallet in June 2026 (bytecode identical to campaign_2a)
avalanche,0x39a6d5c5b71e9eef1e5ed95fd40f6595e87ff82a,campaign_2b,first approved+drained by hardcoded drain wallet in June 2026 (bytecode identical to campaign_2a)
avalanche,0x39be2a30179f1978ff6b92974c4234171de93dea,campaign_2b,first approved+drained by hardcoded drain wallet in June 2026 (bytecode identical to campaign_2a)
avalanche,0x39e6418068a683c37dfab7792949186644f62031,campaign_2b,first approved+drained by hardcoded drain wallet in June 2026 (bytecode identical to campaign_2a)
avalanche,0x39f5ce7bf91bf0885f9b8bbaa4513d534c9d83b3,campaign_2b,first approved+drained by hardcoded drain wallet in June 2026 (bytecode identical to campaign_2a)
avalanche,0x3a227d71bd160cdf01ba99b14f3e747babefbac1,campaign_2b,first approved+drained by hardcoded drain wallet in June 2026 (bytecode identical to campaign_2a)
avalanche,0x3a53409a75df2aeb1cbdf8e91bb8b947d9618add,campaign_2b,first approved+drained by hardcoded drain wallet in June 2026 (bytecode identical to campaign_2a)
avalanche,0x3a7bfb70995700ad34c380871843247767fb5954,campaign_2b,first approved+drained by hardcoded drain wallet in June 2026 (bytecode identical to campaign_2a)
avalanche,0x3a97d6c3f95a183f4b6f1678a48a9935cd43f9ba,campaign_2b,first approved+drained by hardcoded drain wallet in June 2026 (bytecode identical to campaign_2a)
avalanche,0x3b1a4210a6bd893002ff165a12f06905dc2c7354,campaign_2b,first approved+drained by hardcoded drain wallet in June 2026 (bytecode identical to campaign_2a)
avalanche,0x3b3bb9d0185f02ef2c4c6459f57dbb6b6dc17228,campaign_2b,first approved+drained by hardcoded drain wallet in June 2026 (bytecode identical to campaign_2a)
avalanche,0x3b42cc217b8812d4ae1dab688b00ad76badb5b06,campaign_2b,first approved+drained by hardcoded drain wallet in June 2026 (bytecode identical to campaign_2a)
avalanche,0x3b5525a589e3c0448441c738510a2c19b12bb3be,campaign_2b,first approved+drained by hardcoded drain wallet in June 2026 (bytecode identical to campaign_2a)
avalanche,0x3b7040386cdcde729c25ac4bfc427c3bf321abd9,campaign_2b,first approved+drained by hardcoded drain wallet in June 2026 (bytecode identical to campaign_2a)
avalanche,0x3b7444151eff6220a13475867979c2b403ee0abe,campaign_2b,first approved+drained by hardcoded drain wallet in June 2026 (bytecode identical to campaign_2a)
avalanche,0x3b9595fc595ca6e87be47b9169f8c6bc7651e896,campaign_2b,first approved+drained by hardcoded drain wallet in June 2026 (bytecode identical to campaign_2a)
avalanche,0x3bb1370fd551b8fc2ae4c7d1913948ef438f278d,campaign_2b,first approved+drained by hardcoded drain wallet in June 2026 (bytecode identical to campaign_2a)
avalanche,0x3bce96e8008a8ad8539fdcc1f96361725c470466,campaign_2b,first approved+drained by hardcoded drain wallet in June 2026 (bytecode identical to campaign_2a)
avalanche,0x3bd77a80eb518c6be558dc83f3b53928a3b5f08a,campaign_2b,first approved+drained by hardcoded drain wallet in June 2026 (bytecode identical to campaign_2a)
avalanche,0x3be97b37ce5016286322b6a6ffa7d8653e0c5d82,campaign_2b,first approved+drained by hardcoded drain wallet in June 2026 (bytecode identical to campaign_2a)
avalanche,0x3c0614dfb425d0b2c3bbadae91b42d3e5b5715ca,campaign_2b,first approved+drained by hardcoded drain wallet in June 2026 (bytecode identical to campaign_2a)
avalanche,0x3c0e239629d02f73beb6418abd1c48ce46d5f910,campaign_2b,first approved+drained by hardcoded drain wallet in June 2026 (bytecode identical to campaign_2a)
avalanche,0x3c3945e2e20cd2dd9c1af89fa065307d160cf4dc,campaign_2b,first approved+drained by hardcoded drain wallet in June 2026 (bytecode identical to campaign_2a)
avalanche,0x3c5416f2b51756e509d0bafe9ee7e5e953001095,campaign_2b,first approved+drained by hardcoded drain wallet in June 2026 (bytecode identical to campaign_2a)
avalanche,0x3c90b7fce4dd545f95e35ec3882e635c247e30bb,campaign_2b,first approved+drained by hardcoded drain wallet in June 2026 (bytecode identical to campaign_2a)
avalanche,0x3cc5f73e2a6029fac1d5cf908913b26a2f89f042,campaign_2b,first approved+drained by hardcoded drain wallet in June 2026 (bytecode identical to campaign_2a)
avalanche,0x3ce77a652c89c435ad7bd5ad70e99a36383cff23,campaign_2b,first approved+drained by hardcoded drain wallet in June 2026 (bytecode identical to campaign_2a)
avalanche,0x3d27f6d706cd10db7dcbce3d5662bd32b113d1d6,campaign_2b,first approved+drained by hardcoded drain wallet in June 2026 (bytecode identical to campaign_2a)
avalanche,0x3d37701eb1dfdae5c67b5b1e64119ccacfed49db,campaign_2b,first approved+drained by hardcoded drain wallet in June 2026 (bytecode identical to campaign_2a)
avalanche,0x3d4e358be3f38e53e0b6f57523130733aa311dce,campaign_2b,first approved+drained by hardcoded drain wallet in June 2026 (bytecode identical to campaign_2a)
avalanche,0x3d85384c7786587fcc725c621843a202a66afd6d,campaign_2b,first approved+drained by hardcoded drain wallet in June 2026 (bytecode identical to campaign_2a)
avalanche,0x3d8cb820ee1e80104ba186dd3ed5e9f0fa9d5dbf,campaign_2b,first approved+drained by hardcoded drain wallet in June 2026 (bytecode identical to campaign_2a)
avalanche,0x3da22064b3b552f9087afc637fe55b89d31e906c,campaign_2b,first approved+drained by hardcoded drain wallet in June 2026 (bytecode identical to campaign_2a)
avalanche,0x3ddd73d10ad3f6ec82409c774b02bdca548e37e5,campaign_2b,first approved+drained by hardcoded drain wallet in June 2026 (bytecode identical to campaign_2a)
avalanche,0x3e41af71376974cdf23f27b7c526d6a602b371a8,campaign_2b,first approved+drained by hardcoded drain wallet in June 2026 (bytecode identical to campaign_2a)
avalanche,0x3e8353ad0c4881e8c4d3f30b21d954feb6269113,campaign_2b,first approved+drained by hardcoded drain wallet in June 2026 (bytecode identical to campaign_2a)
avalanche,0x3eabe1083a8ad008d68b9bbe2111604f75e7d5a8,campaign_2b,first approved+drained by hardcoded drain wallet in June 2026 (bytecode identical to campaign_2a)
avalanche,0x3f391ba2bd8b5da8fc636da372266e896e890b5a,campaign_2b,first approved+drained by hardcoded drain wallet in June 2026 (bytecode identical to campaign_2a)
avalanche,0x3fad80358f2a52a3824d824b7f4a9b6b3088e4fa,campaign_2b,first approved+drained by hardcoded drain wallet in June 2026 (bytecode identical to campaign_2a)
avalanche,0x3fd7c8ec1f89ab1ca508bac328a333b043b08607,campaign_2b,first approved+drained by hardcoded drain wallet in June 2026 (bytecode identical to campaign_2a)
avalanche,0x3fefc6920e07903cbc290751ea4e3f3432027668,campaign_2b,first approved+drained by hardcoded drain wallet in June 2026 (bytecode identical to campaign_2a)
avalanche,0x40356f93fd93d1876c25277aecb7dfd59bbd0e1f,campaign_2b,first approved+drained by hardcoded drain wallet in June 2026 (bytecode identical to campaign_2a)
avalanche,0x404cf6ca207b6b52134d6ba0003d749501ad161a,campaign_2b,first approved+drained by hardcoded drain wallet in June 2026 (bytecode identical to campaign_2a)
avalanche,0x406c556c50ffb55ede4dc8a49e292e9bc7e7f094,campaign_2b,first approved+drained by hardcoded drain wallet in June 2026 (bytecode identical to campaign_2a)
avalanche,0x415f140c328f478147422b60a9337f59a74a94b8,campaign_2b,first approved+drained by hardcoded drain wallet in June 2026 (bytecode identical to campaign_2a)
avalanche,0x4176fe7855b8dd87fe8515412d5b128398837703,campaign_2b,first approved+drained by hardcoded drain wallet in June 2026 (bytecode identical to campaign_2a)
avalanche,0x41a29e2e89f1fd2747a8658d82be24c26de2f3c7,campaign_2b,first approved+drained by hardcoded drain wallet in June 2026 (bytecode identical to campaign_2a)
avalanche,0x41b86994210da451ad169729ef0c104144924882,campaign_2b,first approved+drained by hardcoded drain wallet in June 2026 (bytecode identical to campaign_2a)
avalanche,0x4245b573eba861d6e5da8e903d781ff72942e680,campaign_2b,first approved+drained by hardcoded drain wallet in June 2026 (bytecode identical to campaign_2a)
avalanche,0x425491c5463e859aa09b7904ff35c9ea0a041ad0,campaign_2b,first approved+drained by hardcoded drain wallet in June 2026 (bytecode identical to campaign_2a)
avalanche,0x426c4cdfb60505fff0a352230e2b0e565710d95d,campaign_2b,first approved+drained by hardcoded drain wallet in June 2026 (bytecode identical to campaign_2a)
avalanche,0x4290ed2b06c5315e7135c9637f2425031f3d2fc8,campaign_2b,first approved+drained by hardcoded drain wallet in June 2026 (bytecode identical to campaign_2a)
avalanche,0x42a32614e8d3b6dbff88562a732d195a5225ba23,campaign_2b,first approved+drained by hardcoded drain wallet in June 2026 (bytecode identical to campaign_2a)
avalanche,0x42b4b3fea986a950db664d51ccaf2483db3db7bb,campaign_2b,first approved+drained by hardcoded drain wallet in June 2026 (bytecode identical to campaign_2a)
avalanche,0x42e9d68f7fe31f63af7de042870d9fad1ea920da,campaign_2b,first approved+drained by hardcoded drain wallet in June 2026 (bytecode identical to campaign_2a)
avalanche,0x430b3d5d0333a4aa1121a89fc06748808a5717e3,campaign_2b,first approved+drained by hardcoded drain wallet in June 2026 (bytecode identical to campaign_2a)
avalanche,0x4328ae9a19e1f87673e92c7dcc5215d64069cb7d,campaign_2b,first approved+drained by hardcoded drain wallet in June 2026 (bytecode identical to campaign_2a)
avalanche,0x43333e929ef5e79eda647bb1477d84d2be57fc5c,campaign_2b,first approved+drained by hardcoded drain wallet in June 2026 (bytecode identical to campaign_2a)
avalanche,0x436ce1d52159d93caed7c08a5bc120245eef0713,campaign_2b,first approved+drained by hardcoded drain wallet in June 2026 (bytecode identical to campaign_2a)
avalanche,0x4370c4ac5aa4eaf08211bf46a5267095a148e4ee,campaign_2b,first approved+drained by hardcoded drain wallet in June 2026 (bytecode identical to campaign_2a)
avalanche,0x43b2048f6d1b45cb9cbf1631b0b638cdfacc1df5,campaign_2b,first approved+drained by hardcoded drain wallet in June 2026 (bytecode identical to campaign_2a)
avalanche,0x43c80833a50547b46aa89f0e558e5afe90b88bab,campaign_2b,first approved+drained by hardcoded drain wallet in June 2026 (bytecode identical to campaign_2a)
avalanche,0x43c96f0170978f8506f191af14848851dccdd174,campaign_2b,first approved+drained by hardcoded drain wallet in June 2026 (bytecode identical to campaign_2a)
avalanche,0x43d4213dbf320afb97444066de774899f3ceea55,campaign_2b,first approved+drained by hardcoded drain wallet in June 2026 (bytecode identical to campaign_2a)
avalanche,0x4473b12f5b456977d0a96323c406b3fcc1c50bd8,campaign_2b,first approved+drained by hardcoded drain wallet in June 2026 (bytecode identical to campaign_2a)
avalanche,0x44f79ac07c69d36e876155f2c404a792a6026dbc,campaign_2b,first approved+drained by hardcoded drain wallet in June 2026 (bytecode identical to campaign_2a)
avalanche,0x45201356b09e86010795d282a085f30ec40976ab,campaign_2b,first approved+drained by hardcoded drain wallet in June 2026 (bytecode identical to campaign_2a)
avalanche,0x455e5034c690493e1faab73c597748775ef07d07,campaign_2b,first approved+drained by hardcoded drain wallet in June 2026 (bytecode identical to campaign_2a)
avalanche,0x456860fbbec5cc90d96c2070f43b10fb750ee5aa,campaign_2b,first approved+drained by hardcoded drain wallet in June 2026 (bytecode identical to campaign_2a)
avalanche,0x4579ae0b83687ae23be4746e09cfcdb77aa05f21,campaign_2b,first approved+drained by hardcoded drain wallet in June 2026 (bytecode identical to campaign_2a)
avalanche,0x459b207aee5a10004d32c5cbf66056e388945e85,campaign_2b,first approved+drained by hardcoded drain wallet in June 2026 (bytecode identical to campaign_2a)
avalanche,0x45f2edf1d5cce1bf541dd7dd2cdb991926136fef,campaign_2b,first approved+drained by hardcoded drain wallet in June 2026 (bytecode identical to campaign_2a)
avalanche,0x45f56e90a6c7afa59f34b4254883ab13321ca3bc,campaign_2b,first approved+drained by hardcoded drain wallet in June 2026 (bytecode identical to campaign_2a)
avalanche,0x4626d6a44732c8312114a50027a8e871ed733ffb,campaign_2b,first approved+drained by hardcoded drain wallet in June 2026 (bytecode identical to campaign_2a)
avalanche,0x4631cc8b11bf69934beac05df1df124760286c9e,campaign_2b,first approved+drained by hardcoded drain wallet in June 2026 (bytecode identical to campaign_2a)
avalanche,0x4680a259351844aec1137215331f4c390eb3bdce,campaign_2b,first approved+drained by hardcoded drain wallet in June 2026 (bytecode identical to campaign_2a)
avalanche,0x46a6731b45482889fa38dd964aacf0f4d037f7f7,campaign_2b,first approved+drained by hardcoded drain wallet in June 2026 (bytecode identical to campaign_2a)
avalanche,0x472420796c6f24b31e52cf5cea15e3176a21b5de,campaign_2b,first approved+drained by hardcoded drain wallet in June 2026 (bytecode identical to campaign_2a)
avalanche,0x473b4a080538dc208f9ccc5d5186e10439134369,campaign_2b,first approved+drained by hardcoded drain wallet in June 2026 (bytecode identical to campaign_2a)
avalanche,0x474d3ca0b16045778a15ebde4236dceac137c38f,campaign_2b,first approved+drained by hardcoded drain wallet in June 2026 (bytecode identical to campaign_2a)
avalanche,0x474e4a606104785967d477675c4191662c5e4fe7,campaign_2b,first approved+drained by hardcoded drain wallet in June 2026 (bytecode identical to campaign_2a)
avalanche,0x4766d0605717ad528f4267ce821775ae5c3e407f,campaign_2b,first approved+drained by hardcoded drain wallet in June 2026 (bytecode identical to campaign_2a)
avalanche,0x47a1bb23bc30e8585843519a92be5d57c31fa2d8,campaign_2b,first approved+drained by hardcoded drain wallet in June 2026 (bytecode identical to campaign_2a)
avalanche,0x47a3a75d50317ffe7f3a5279e5f592e388c10ca2,campaign_2b,first approved+drained by hardcoded drain wallet in June 2026 (bytecode identical to campaign_2a)
avalanche,0x47d4be6bd476667c4d88228915c2e6e871722efe,campaign_2b,first approved+drained by hardcoded drain wallet in June 2026 (bytecode identical to campaign_2a)
avalanche,0x47d74992c8122ee7f8a4375b663b53f6605b21ec,campaign_2b,first approved+drained by hardcoded drain wallet in June 2026 (bytecode identical to campaign_2a)
avalanche,0x4836caad9c78c24d063f774f2d48587bb3817631,campaign_2b,first approved+drained by hardcoded drain wallet in June 2026 (bytecode identical to campaign_2a)
avalanche,0x48387235ef8a2a060044e7a4b618bbef0bd03ce5,campaign_2b,first approved+drained by hardcoded drain wallet in June 2026 (bytecode identical to campaign_2a)
avalanche,0x48401fb28c5304abc9de9694d22c9e16f15fc8d7,campaign_2b,first approved+drained by hardcoded drain wallet in June 2026 (bytecode identical to campaign_2a)
avalanche,0x4850368a09b22a4de7d8342e58685e67bd182a2c,campaign_2b,first approved+drained by hardcoded drain wallet in June 2026 (bytecode identical to campaign_2a)
avalanche,0x488c64394c59b91d22528b9269edd9f2a34342a6,campaign_2b,first approved+drained by hardcoded drain wallet in June 2026 (bytecode identical to campaign_2a)
avalanche,0x489190206394264f876e36d3bc58f5d914c050e8,campaign_2b,first approved+drained by hardcoded drain wallet in June 2026 (bytecode identical to campaign_2a)
avalanche,0x48a6cf97a3aa7037dc701716153fc59ce48f4dc0,campaign_2b,first approved+drained by hardcoded drain wallet in June 2026 (bytecode identical to campaign_2a)
avalanche,0x48ba508a199d1d9dfd10fe793bf961fad94dedee,campaign_2b,first approved+drained by hardcoded drain wallet in June 2026 (bytecode identical to campaign_2a)
avalanche,0x490293bac2f33bfe1f2c7d456b5bddc74136bb4f,campaign_2b,first approved+drained by hardcoded drain wallet in June 2026 (bytecode identical to campaign_2a)
avalanche,0x4928cfb59b06cbc48de3996de6d5f25b9c0f33b8,campaign_2b,first approved+drained by hardcoded drain wallet in June 2026 (bytecode identical to campaign_2a)
avalanche,0x4932b022df270f119e2ebe6824f9f87c15397a53,campaign_2b,first approved+drained by hardcoded drain wallet in June 2026 (bytecode identical to campaign_2a)
avalanche,0x49377e7e558de231a0e3dce36099c901ac1084f7,campaign_2b,first approved+drained by hardcoded drain wallet in June 2026 (bytecode identical to campaign_2a)
avalanche,0x493dc3459e8a6746d5ba6a0ab1e37399f97ac558,campaign_2b,first approved+drained by hardcoded drain wallet in June 2026 (bytecode identical to campaign_2a)
avalanche,0x499c3799ef91133a79293d5f9e7534fd0fc138c2,campaign_2b,first approved+drained by hardcoded drain wallet in June 2026 (bytecode identical to campaign_2a)
avalanche,0x49ce6531791db27b5ea152ba1c249377ff9793c0,campaign_2b,first approved+drained by hardcoded drain wallet in June 2026 (bytecode identical to campaign_2a)
avalanche,0x49e78720b10a26f56b50e51af08fb24e3ef7d568,campaign_2b,first approved+drained by hardcoded drain wallet in June 2026 (bytecode identical to campaign_2a)
avalanche,0x4a218646484aabda4f604a2f52f5cec2cab872ae,campaign_2b,first approved+drained by hardcoded drain wallet in June 2026 (bytecode identical to campaign_2a)
avalanche,0x4a596d3882e824082ef2e6e69c799cc87e1a1f03,campaign_2b,first approved+drained by hardcoded drain wallet in June 2026 (bytecode identical to campaign_2a)
avalanche,0x4a66378f5a16b679f20e153bc3d297311ce51239,campaign_2b,first approved+drained by hardcoded drain wallet in June 2026 (bytecode identical to campaign_2a)
avalanche,0x4a70cb2871a5111660d8d1262179211d63f9f52f,campaign_2b,first approved+drained by hardcoded drain wallet in June 2026 (bytecode identical to campaign_2a)
avalanche,0x4a7f65970ada8aec288854d00abbdb923f4772f0,campaign_2b,first approved+drained by hardcoded drain wallet in June 2026 (bytecode identical to campaign_2a)
avalanche,0x4a8c0162a4ff659bb8120952ebed93238fbc224a,campaign_2b,first approved+drained by hardcoded drain wallet in June 2026 (bytecode identical to campaign_2a)
avalanche,0x4aadfecc110b4969f0a1921691da905aa2adcb43,campaign_2b,first approved+drained by hardcoded drain wallet in June 2026 (bytecode identical to campaign_2a)
avalanche,0x4aaf358b5965ab9d729f9f1a066e1a81cf127702,campaign_2b,first approved+drained by hardcoded drain wallet in June 2026 (bytecode identical to campaign_2a)
avalanche,0x4ac6bddbea7c6311d643d40368bc162f4349658b,campaign_2b,first approved+drained by hardcoded drain wallet in June 2026 (bytecode identical to campaign_2a)
avalanche,0x4acace1efa406a1630fe2eb37b721d0bb6a65dec,campaign_2b,first approved+drained by hardcoded drain wallet in June 2026 (bytecode identical to campaign_2a)
avalanche,0x4acbf14f7057631ca2986ac634c518d3e7c48cc3,campaign_2b,first approved+drained by hardcoded drain wallet in June 2026 (bytecode identical to campaign_2a)
avalanche,0x4ace4f5fd842443510b6eff486e6fc31c28f6a39,campaign_2b,first approved+drained by hardcoded drain wallet in June 2026 (bytecode identical to campaign_2a)
avalanche,0x4b79589ed48dac2c019087246776d4f431991e52,campaign_2b,first approved+drained by hardcoded drain wallet in June 2026 (bytecode identical to campaign_2a)
avalanche,0x4b80ba16c5bf0ec75ce18342589123bb525ae3c6,campaign_2b,first approved+drained by hardcoded drain wallet in June 2026 (bytecode identical to campaign_2a)
avalanche,0x4c734f75bed95b7214241a95d21452db11c0d139,campaign_2b,first approved+drained by hardcoded drain wallet in June 2026 (bytecode identical to campaign_2a)
avalanche,0x4c9fc2e53fd69aaff2646d4732738b5e411151b2,campaign_2b,first approved+drained by hardcoded drain wallet in June 2026 (bytecode identical to campaign_2a)
avalanche,0x4d078e5cdfea122ccd8e79e4a36660fdede6c26e,campaign_2b,first approved+drained by hardcoded drain wallet in June 2026 (bytecode identical to campaign_2a)
avalanche,0x4d1980872d74e8dfd66fd673498e6ae4a33aa4c9,campaign_2b,first approved+drained by hardcoded drain wallet in June 2026 (bytecode identical to campaign_2a)
avalanche,0x4d86c0469932c06a5f5679315bfd8b5b652f179c,campaign_2b,first approved+drained by hardcoded drain wallet in June 2026 (bytecode identical to campaign_2a)
avalanche,0x4da3c87b2120e930981a6b8045bbb7df6d94f5de,campaign_2b,first approved+drained by hardcoded drain wallet in June 2026 (bytecode identical to campaign_2a)
avalanche,0x4e15ea29b82b156370309339fc173d76ce74ccda,campaign_2b,first approved+drained by hardcoded drain wallet in June 2026 (bytecode identical to campaign_2a)
avalanche,0x4e509f5ba31813103db39519d5c072bd356b782b,campaign_2b,first approved+drained by hardcoded drain wallet in June 2026 (bytecode identical to campaign_2a)
avalanche,0x4e79e309c4c8ec8c01f2ff7b3d89cef85a99828f,campaign_2b,first approved+drained by hardcoded drain wallet in June 2026 (bytecode identical to campaign_2a)
avalanche,0x4e84e7943513f8fe177cc3cc57c40294a0a67415,campaign_2b,first approved+drained by hardcoded drain wallet in June 2026 (bytecode identical to campaign_2a)
avalanche,0x4e9ca5cf33d44c641035dff5f608faeb09326efd,campaign_2b,first approved+drained by hardcoded drain wallet in June 2026 (bytecode identical to campaign_2a)
avalanche,0x4ea0fd7f20cc3e0005f27cffd99d4b9a576349ac,campaign_2b,first approved+drained by hardcoded drain wallet in June 2026 (bytecode identical to campaign_2a)
avalanche,0x4ec3a8b91ad8100db8273c7bee0134f72b3fbd1e,campaign_2b,first approved+drained by hardcoded drain wallet in June 2026 (bytecode identical to campaign_2a)
avalanche,0x4f2cf2e8a13db3c2ac1c8f5dcb84eb3c0a359005,campaign_2b,first approved+drained by hardcoded drain wallet in June 2026 (bytecode identical to campaign_2a)
avalanche,0x4f335c113732558ac74ecbb9df8b6f91cd5786d4,campaign_2b,first approved+drained by hardcoded drain wallet in June 2026 (bytecode identical to campaign_2a)
avalanche,0x4f97ed8644c2310855960357955b6e8ca4ba7307,campaign_2b,first approved+drained by hardcoded drain wallet in June 2026 (bytecode identical to campaign_2a)
avalanche,0x4fa49125b0e96018778ef4757abda3bc718bc344,campaign_2b,first approved+drained by hardcoded drain wallet in June 2026 (bytecode identical to campaign_2a)
avalanche,0x4fbbd77cb5149123e86717696bd399b479d38a8f,campaign_2b,first approved+drained by hardcoded drain wallet in June 2026 (bytecode identical to campaign_2a)
avalanche,0x4feb4b68f66302c5f942381e45da26668ab40a46,campaign_2b,first approved+drained by hardcoded drain wallet in June 2026 (bytecode identical to campaign_2a)
avalanche,0x500a5870748077a0fc842ed98c2f423f53db193a,campaign_2b,first approved+drained by hardcoded drain wallet in June 2026 (bytecode identical to campaign_2a)
avalanche,0x5040ea4009a97f1dd07edee0cc3a9074fad3b5bc,campaign_2b,first approved+drained by hardcoded drain wallet in June 2026 (bytecode identical to campaign_2a)
avalanche,0x50579dade5bc2238e3671874a76603fd9f410bee,campaign_2b,first approved+drained by hardcoded drain wallet in June 2026 (bytecode identical to campaign_2a)
avalanche,0x50a13b8d2478fe907b2939837f2c50ee213a15c3,campaign_2b,first approved+drained by hardcoded drain wallet in June 2026 (bytecode identical to campaign_2a)
avalanche,0x50a4c2cffd309aac1ba57182d318a8ec38a14315,campaign_2b,first approved+drained by hardcoded drain wallet in June 2026 (bytecode identical to campaign_2a)
avalanche,0x50b616b4c230fefc2300f6379b502d4527426c25,campaign_2b,first approved+drained by hardcoded drain wallet in June 2026 (bytecode identical to campaign_2a)
avalanche,0x50ccdce3eabcc97168ed430adce92f8caa1a2c2a,campaign_2b,first approved+drained by hardcoded drain wallet in June 2026 (bytecode identical to campaign_2a)
avalanche,0x50e2e90c83f4abe9bb14ba5a0bf3c4432c83bdbf,campaign_2b,first approved+drained by hardcoded drain wallet in June 2026 (bytecode identical to campaign_2a)
avalanche,0x50ec8ec53ae2dae94db2c1c203a5d87593a76e20,campaign_2b,first approved+drained by hardcoded drain wallet in June 2026 (bytecode identical to campaign_2a)
avalanche,0x50fa58f5abb47715c9750167b726ea4b44d14e21,campaign_2b,first approved+drained by hardcoded drain wallet in June 2026 (bytecode identical to campaign_2a)
avalanche,0x50ff6f3bef4392f77e2abc86bae118c52cae4071,campaign_2b,first approved+drained by hardcoded drain wallet in June 2026 (bytecode identical to campaign_2a)
avalanche,0x5130cdc2fe8046fedc1e5ee5eb56b8169070965f,campaign_2b,first approved+drained by hardcoded drain wallet in June 2026 (bytecode identical to campaign_2a)
avalanche,0x51320a79993da4579cd4cd7c8d7551ff8ff174d2,campaign_2b,first approved+drained by hardcoded drain wallet in June 2026 (bytecode identical to campaign_2a)
avalanche,0x513de52ed0951ac26489d3dbb1d66a6e4c2760a5,campaign_2b,first approved+drained by hardcoded drain wallet in June 2026 (bytecode identical to campaign_2a)
avalanche,0x515585dcf71a915567a3875eb59696471590d7d4,campaign_2b,first approved+drained by hardcoded drain wallet in June 2026 (bytecode identical to campaign_2a)
avalanche,0x51638aec39bdd8c0cd4a0ac1bd72d5d83325ad96,campaign_2b,first approved+drained by hardcoded drain wallet in June 2026 (bytecode identical to campaign_2a)
avalanche,0x517ee4af7b8dff657f548bea9c90d86da73e8304,campaign_2b,first approved+drained by hardcoded drain wallet in June 2026 (bytecode identical to campaign_2a)
avalanche,0x51896ba20134e306357f7d1333c4b98032f262fd,campaign_2b,first approved+drained by hardcoded drain wallet in June 2026 (bytecode identical to campaign_2a)
avalanche,0x51cb6933883baf3c23dd53144f31437d5f997faa,campaign_2b,first approved+drained by hardcoded drain wallet in June 2026 (bytecode identical to campaign_2a)
avalanche,0x520e956063c44e5705dc7705c1bc06e7f28565c2,campaign_2b,first approved+drained by hardcoded drain wallet in June 2026 (bytecode identical to campaign_2a)
avalanche,0x52157f66a26ae0f8353ff9f0c4b8513d2adaaf95,campaign_2b,first approved+drained by hardcoded drain wallet in June 2026 (bytecode identical to campaign_2a)
avalanche,0x5230796a0f69973b5d4968f020caa00db7017107,campaign_2b,first approved+drained by hardcoded drain wallet in June 2026 (bytecode identical to campaign_2a)
avalanche,0x52598036581ede975ce283452ab3a9c9ab283628,campaign_2b,first approved+drained by hardcoded drain wallet in June 2026 (bytecode identical to campaign_2a)
avalanche,0x52c1ab226946fbcb28f575ddf81112638db95c8a,campaign_2b,first approved+drained by hardcoded drain wallet in June 2026 (bytecode identical to campaign_2a)
avalanche,0x52cade8106c55319ddde83a9ba6c845e2ffe3c83,campaign_2b,first approved+drained by hardcoded drain wallet in June 2026 (bytecode identical to campaign_2a)
avalanche,0x52feebcdcdaa99800e8daeb9ffb1d6f8d5283780,campaign_2b,first approved+drained by hardcoded drain wallet in June 2026 (bytecode identical to campaign_2a)
avalanche,0x53051014a0fc63d8f908427f5adb3a37d7286822,campaign_2b,first approved+drained by hardcoded drain wallet in June 2026 (bytecode identical to campaign_2a)
avalanche,0x53147dc02d5d4f44b07637adc8fafc7a0a1ed233,campaign_2b,first approved+drained by hardcoded drain wallet in June 2026 (bytecode identical to campaign_2a)
avalanche,0x535887747c15fa1e1e34ff9bca064a12c65e5463,campaign_2b,first approved+drained by hardcoded drain wallet in June 2026 (bytecode identical to campaign_2a)
avalanche,0x53b0fee355629461baedb0bad6f931701bdc3ed3,campaign_2b,first approved+drained by hardcoded drain wallet in June 2026 (bytecode identical to campaign_2a)
avalanche,0x53c5b9f7ec5ef876de17a9bd26f3ac2aecdb188a,campaign_2b,first approved+drained by hardcoded drain wallet in June 2026 (bytecode identical to campaign_2a)
avalanche,0x53cc34a19d7f52dfe28f3f4954cd36a2047f591d,campaign_2b,first approved+drained by hardcoded drain wallet in June 2026 (bytecode identical to campaign_2a)
avalanche,0x53d513fbd09b248c0cb7dc24a36cad64ede7f3ea,campaign_2b,first approved+drained by hardcoded drain wallet in June 2026 (bytecode identical to campaign_2a)
avalanche,0x544d8c6f36e81e214846b800fdea805b989b5faa,campaign_2b,first approved+drained by hardcoded drain wallet in June 2026 (bytecode identical to campaign_2a)
avalanche,0x5451de0210c84fc2cefba88353174f9f23071df0,campaign_2b,first approved+drained by hardcoded drain wallet in June 2026 (bytecode identical to campaign_2a)
avalanche,0x5473aea0eaeabc17452f46ef23813bfd89ee7dd8,campaign_2b,first approved+drained by hardcoded drain wallet in June 2026 (bytecode identical to campaign_2a)
avalanche,0x54daffce617abe4aecc829c92418a594152cce8a,campaign_2b,first approved+drained by hardcoded drain wallet in June 2026 (bytecode identical to campaign_2a)
avalanche,0x553cd5d1cd6a104f1d3b760fba4e1b3de372e32d,campaign_2b,first approved+drained by hardcoded drain wallet in June 2026 (bytecode identical to campaign_2a)
avalanche,0x55874bbce0aa82f0cec0a702d279d505aa267d53,campaign_2b,first approved+drained by hardcoded drain wallet in June 2026 (bytecode identical to campaign_2a)
avalanche,0x55974d3eaa3621a10f7639afa495af0cd49a1f96,campaign_2b,first approved+drained by hardcoded drain wallet in June 2026 (bytecode identical to campaign_2a)
avalanche,0x55e1534a139c154247a19ec3988864f37343f668,campaign_2b,first approved+drained by hardcoded drain wallet in June 2026 (bytecode identical to campaign_2a)
avalanche,0x55e3e5190e69fdf3501c825a6cea476d1980a7c3,campaign_2b,first approved+drained by hardcoded drain wallet in June 2026 (bytecode identical to campaign_2a)
avalanche,0x55eb5cd0f4b0f87558467cbced72e44f1f0ad3a1,campaign_2b,first approved+drained by hardcoded drain wallet in June 2026 (bytecode identical to campaign_2a)
avalanche,0x55f46e6e9bec4d7ec745b027f5a5609e8f81c52f,campaign_2b,first approved+drained by hardcoded drain wallet in June 2026 (bytecode identical to campaign_2a)
avalanche,0x561d03085d017fba59d5ea5593744cc670d0a2cb,campaign_2b,first approved+drained by hardcoded drain wallet in June 2026 (bytecode identical to campaign_2a)
avalanche,0x5633aa3205be58a2f18ee90e25878832b15e1f80,campaign_2b,first approved+drained by hardcoded drain wallet in June 2026 (bytecode identical to campaign_2a)
avalanche,0x56630efbfae505867105bd8ba781839bdd2af311,campaign_2b,first approved+drained by hardcoded drain wallet in June 2026 (bytecode identical to campaign_2a)
avalanche,0x56d1df0028138513a62edc65633beedbb802687f,campaign_2b,first approved+drained by hardcoded drain wallet in June 2026 (bytecode identical to campaign_2a)
avalanche,0x578eadd2efeb6a437fd66e7b9d66e63d0168ea0d,campaign_2b,first approved+drained by hardcoded drain wallet in June 2026 (bytecode identical to campaign_2a)
avalanche,0x57ab9086f2d6d9b49094c54e241f5ade1120039e,campaign_2b,first approved+drained by hardcoded drain wallet in June 2026 (bytecode identical to campaign_2a)
avalanche,0x57de43716c960be167c9d3e147a070451d730299,campaign_2b,first approved+drained by hardcoded drain wallet in June 2026 (bytecode identical to campaign_2a)
avalanche,0x57e7ed2797054801ed78eaae7c4b044a99f777f1,campaign_2b,first approved+drained by hardcoded drain wallet in June 2026 (bytecode identical to campaign_2a)
avalanche,0x57f7f94243ded55b6012eb543e431293ab4f480b,campaign_2b,first approved+drained by hardcoded drain wallet in June 2026 (bytecode identical to campaign_2a)
avalanche,0x57fdfdf75f0b8a5afa900a510ae4d8e6ac37c265,campaign_2b,first approved+drained by hardcoded drain wallet in June 2026 (bytecode identical to campaign_2a)
avalanche,0x582c0bff56fd2133c7d59be92579820889b9f96e,campaign_2b,first approved+drained by hardcoded drain wallet in June 2026 (bytecode identical to campaign_2a)
avalanche,0x582c30ad6c93f3029ec1d106cd561c574d04e55c,campaign_2b,first approved+drained by hardcoded drain wallet in June 2026 (bytecode identical to campaign_2a)
avalanche,0x582faf002015db41554fdca56c20ca9a21799984,campaign_2b,first approved+drained by hardcoded drain wallet in June 2026 (bytecode identical to campaign_2a)
avalanche,0x58452c90b64b2df24941bf77fbc052691ea3d626,campaign_2b,first approved+drained by hardcoded drain wallet in June 2026 (bytecode identical to campaign_2a)
avalanche,0x586cc0ae097f05fbe0e20718254ed1c3c95fa434,campaign_2b,first approved+drained by hardcoded drain wallet in June 2026 (bytecode identical to campaign_2a)
avalanche,0x58a1b7f977657709905997e853b89a993facbb42,campaign_2b,first approved+drained by hardcoded drain wallet in June 2026 (bytecode identical to campaign_2a)
avalanche,0x58c81424c505d7cff71e7736eb542d36d4536a75,campaign_2b,first approved+drained by hardcoded drain wallet in June 2026 (bytecode identical to campaign_2a)
avalanche,0x58eed121e29920b5713cebee79ce52e30e361584,campaign_2b,first approved+drained by hardcoded drain wallet in June 2026 (bytecode identical to campaign_2a)
avalanche,0x58faaf274df8f34d80e8f682ca35f19243b47414,campaign_2b,first approved+drained by hardcoded drain wallet in June 2026 (bytecode identical to campaign_2a)
avalanche,0x590b792abe8ee1c7b67d9c13c37725b0dbbf7de8,campaign_2b,first approved+drained by hardcoded drain wallet in June 2026 (bytecode identical to campaign_2a)
avalanche,0x5976ab771d35c2e5c81ff7b3c276b3f29bd0acd2,campaign_2b,first approved+drained by hardcoded drain wallet in June 2026 (bytecode identical to campaign_2a)
avalanche,0x59cae5a4015030cd1d9684aa3979b729da57f9ec,campaign_2b,first approved+drained by hardcoded drain wallet in June 2026 (bytecode identical to campaign_2a)
avalanche,0x59e596044502476f77b928ef2163bd1e3236c808,campaign_2b,first approved+drained by hardcoded drain wallet in June 2026 (bytecode identical to campaign_2a)
avalanche,0x5a26afaf09154a9960f60e380a72a4d4da37328f,campaign_2b,first approved+drained by hardcoded drain wallet in June 2026 (bytecode identical to campaign_2a)
avalanche,0x5a27ccf00cfcfef55da3aee96f61844dc6e6a307,campaign_2b,first approved+drained by hardcoded drain wallet in June 2026 (bytecode identical to campaign_2a)
avalanche,0x5a992df460685d13566f2b9c9e5ece4574f44f77,campaign_2b,first approved+drained by hardcoded drain wallet in June 2026 (bytecode identical to campaign_2a)
avalanche,0x5a9fa2461f642c6333b9ac50703ca30670557f3c,campaign_2b,first approved+drained by hardcoded drain wallet in June 2026 (bytecode identical to campaign_2a)
avalanche,0x5aee52cc80d63fb8ed006c5a181d65b2263425b0,campaign_2b,first approved+drained by hardcoded drain wallet in June 2026 (bytecode identical to campaign_2a)
avalanche,0x5afde4fe6fa92ee7635b94695329d23774eb8c00,campaign_2b,first approved+drained by hardcoded drain wallet in June 2026 (bytecode identical to campaign_2a)
avalanche,0x5b019334f242ebdd9b7b2482ba38ffce69b0f777,campaign_2b,first approved+drained by hardcoded drain wallet in June 2026 (bytecode identical to campaign_2a)
avalanche,0x5b0cfc9fded6c510301a6a550be13bec598381d1,campaign_2b,first approved+drained by hardcoded drain wallet in June 2026 (bytecode identical to campaign_2a)
avalanche,0x5b30f9fb14d59fbd202dc5ef1357a198e46950f7,campaign_2b,first approved+drained by hardcoded drain wallet in June 2026 (bytecode identical to campaign_2a)
avalanche,0x5b3c679ef8a596bda8fed4962c2219c7db50a8dc,campaign_2b,first approved+drained by hardcoded drain wallet in June 2026 (bytecode identical to campaign_2a)
avalanche,0x5bab68cd7e775802efca7f740395f4d3b7e8a352,campaign_2b,first approved+drained by hardcoded drain wallet in June 2026 (bytecode identical to campaign_2a)
avalanche,0x5bb85449640039ee57a39afa9acb2fd779a6620a,campaign_2b,first approved+drained by hardcoded drain wallet in June 2026 (bytecode identical to campaign_2a)
avalanche,0x5bd0f13e6f56cdc0a3549ab1ddbc8ed8034ff97d,campaign_2b,first approved+drained by hardcoded drain wallet in June 2026 (bytecode identical to campaign_2a)
avalanche,0x5bf6a22a6e17001a38bed2885478cfee9361213d,campaign_2b,first approved+drained by hardcoded drain wallet in June 2026 (bytecode identical to campaign_2a)
avalanche,0x5c164bde84c0d80db5bbee50f381ea336440b3fa,campaign_2b,first approved+drained by hardcoded drain wallet in June 2026 (bytecode identical to campaign_2a)
avalanche,0x5c19cd0e14d2921085a5c2f6043e97026fe39387,campaign_2b,first approved+drained by hardcoded drain wallet in June 2026 (bytecode identical to campaign_2a)
avalanche,0x5c2cc5ef23bed16467b0db569cbf5f3ae60742a9,campaign_2b,first approved+drained by hardcoded drain wallet in June 2026 (bytecode identical to campaign_2a)
avalanche,0x5c3ac92ae9a97b2235bd63ec1285694dd1405fa9,campaign_2b,first approved+drained by hardcoded drain wallet in June 2026 (bytecode identical to campaign_2a)
avalanche,0x5c5911649a952e75c2df1219dd7957e0f9c43727,campaign_2b,first approved+drained by hardcoded drain wallet in June 2026 (bytecode identical to campaign_2a)
avalanche,0x5c656a77d50769ed2ffb536bf27246e4a53f8f77,campaign_2b,first approved+drained by hardcoded drain wallet in June 2026 (bytecode identical to campaign_2a)
avalanche,0x5c6e52d6c3a4cf59d68502d7b7acf3c5ae77cf58,campaign_2b,first approved+drained by hardcoded drain wallet in June 2026 (bytecode identical to campaign_2a)
avalanche,0x5c7ff3f38f72e1cb8ffa9accb523bc5c8ab8f8f3,campaign_2b,first approved+drained by hardcoded drain wallet in June 2026 (bytecode identical to campaign_2a)
avalanche,0x5c80173b65594b681700b2fc35b381e8f10591db,campaign_2b,first approved+drained by hardcoded drain wallet in June 2026 (bytecode identical to campaign_2a)
avalanche,0x5c94e5a1b1341556315f6fafb09ce92d298fd244,campaign_2b,first approved+drained by hardcoded drain wallet in June 2026 (bytecode identical to campaign_2a)
avalanche,0x5d0ba3502c3a69e99884a664b8f4ea31cf67a53d,campaign_2b,first approved+drained by hardcoded drain wallet in June 2026 (bytecode identical to campaign_2a)
avalanche,0x5d3d1ca5e0fe30dc43d5bca86d4225e5e2a28474,campaign_2b,first approved+drained by hardcoded drain wallet in June 2026 (bytecode identical to campaign_2a)
avalanche,0x5d3f6b17fec5e5cde4f150c81d3a7d181dfb0e4e,campaign_2b,first approved+drained by hardcoded drain wallet in June 2026 (bytecode identical to campaign_2a)
avalanche,0x5d4c61b365a6145ee4993a7219b046a3f1945594,campaign_2b,first approved+drained by hardcoded drain wallet in June 2026 (bytecode identical to campaign_2a)
avalanche,0x5d5f3699f51e63df34a06b22010eb9eade1d3647,campaign_2b,first approved+drained by hardcoded drain wallet in June 2026 (bytecode identical to campaign_2a)
avalanche,0x5d7a70823855f97a2448944f2f611c699bbc08d5,campaign_2b,first approved+drained by hardcoded drain wallet in June 2026 (bytecode identical to campaign_2a)
avalanche,0x5d824e051b99059d29d718390988cb4e6cab6f99,campaign_2b,first approved+drained by hardcoded drain wallet in June 2026 (bytecode identical to campaign_2a)
avalanche,0x5dc014e97d39f2f23ad821b46586968bf4c95677,campaign_2b,first approved+drained by hardcoded drain wallet in June 2026 (bytecode identical to campaign_2a)
avalanche,0x5dd663dbc8c8885ee58ebebbe25ccd89cf0d2ebf,campaign_2b,first approved+drained by hardcoded drain wallet in June 2026 (bytecode identical to campaign_2a)
avalanche,0x5de4b010752b7a581f3a7adbfbf957fbb28dee32,campaign_2b,first approved+drained by hardcoded drain wallet in June 2026 (bytecode identical to campaign_2a)
avalanche,0x5dff6d68c4cf634c4bb2d8e4caecdb774e5f67ff,campaign_2b,first approved+drained by hardcoded drain wallet in June 2026 (bytecode identical to campaign_2a)
avalanche,0x5e270f2f2591681d35310d12d7fd8a82074da3dd,campaign_2b,first approved+drained by hardcoded drain wallet in June 2026 (bytecode identical to campaign_2a)
avalanche,0x5e7bdc840b1a1c48219cf6205006c81efe84cd4f,campaign_2b,first approved+drained by hardcoded drain wallet in June 2026 (bytecode identical to campaign_2a)
avalanche,0x5e8aa554213d4bee892350587b17dca3005fb63d,campaign_2b,first approved+drained by hardcoded drain wallet in June 2026 (bytecode identical to campaign_2a)
avalanche,0x5e8e9b99a4186b74271e6161a8531b1e8327ebe8,campaign_2b,first approved+drained by hardcoded drain wallet in June 2026 (bytecode identical to campaign_2a)
avalanche,0x5ebf6e14bbc50e35fa8b315afec315fd4c3d93d4,campaign_2b,first approved+drained by hardcoded drain wallet in June 2026 (bytecode identical to campaign_2a)
avalanche,0x5f1fac3c6ffeef51ea007447371155f62f4abf98,campaign_2b,first approved+drained by hardcoded drain wallet in June 2026 (bytecode identical to campaign_2a)
avalanche,0x5f64f0be62d3b9723f2d7f21ef7bfa77d6eb6ae3,campaign_2b,first approved+drained by hardcoded drain wallet in June 2026 (bytecode identical to campaign_2a)
avalanche,0x5f8d474fdf9f259451efd1447e7b44a8f24c9ea6,campaign_2b,first approved+drained by hardcoded drain wallet in June 2026 (bytecode identical to campaign_2a)
avalanche,0x5f8fd77626686e20a9f7eeb585ca0b4143f92f81,campaign_2b,first approved+drained by hardcoded drain wallet in June 2026 (bytecode identical to campaign_2a)
avalanche,0x5f92a32e4118c301e17eaa640b2d66a87f26716c,campaign_2b,first approved+drained by hardcoded drain wallet in June 2026 (bytecode identical to campaign_2a)
avalanche,0x5fd8128c781a56d19280e57f13bc2d8c44b2f9e9,campaign_2b,first approved+drained by hardcoded drain wallet in June 2026 (bytecode identical to campaign_2a)
avalanche,0x5ff66a90500b1c65f5727c383cc3e4b024a37392,campaign_2b,first approved+drained by hardcoded drain wallet in June 2026 (bytecode identical to campaign_2a)
avalanche,0x6032407e39b0911133a42a117428d5347103dbe0,campaign_2b,first approved+drained by hardcoded drain wallet in June 2026 (bytecode identical to campaign_2a)
avalanche,0x6080c4c08734a3f3da61f3b7a8dc411f7bbdfad1,campaign_2b,first approved+drained by hardcoded drain wallet in June 2026 (bytecode identical to campaign_2a)
avalanche,0x60a5c709a57c6748b2f107132dcf402c8e1f18f6,campaign_2b,first approved+drained by hardcoded drain wallet in June 2026 (bytecode identical to campaign_2a)
avalanche,0x60b3facbcb56c005e812e2f577a16c4a1e672f32,campaign_2b,first approved+drained by hardcoded drain wallet in June 2026 (bytecode identical to campaign_2a)
avalanche,0x60b7939d2866314b53e2f4cf9c8e5bbad846eb28,campaign_2b,first approved+drained by hardcoded drain wallet in June 2026 (bytecode identical to campaign_2a)
avalanche,0x6119a5faa858317f2bac80bbcacdea3750893466,campaign_2b,first approved+drained by hardcoded drain wallet in June 2026 (bytecode identical to campaign_2a)
avalanche,0x613786eca82aeddc753b4d402d564ccb0bcfbca1,campaign_2b,first approved+drained by hardcoded drain wallet in June 2026 (bytecode identical to campaign_2a)
avalanche,0x6152d8ea026bd532ea43dc0e4a9e0e17a18095dc,campaign_2b,first approved+drained by hardcoded drain wallet in June 2026 (bytecode identical to campaign_2a)
avalanche,0x615f1e23db1f8dbeb48f4042b2be8a79aaaa34d5,campaign_2b,first approved+drained by hardcoded drain wallet in June 2026 (bytecode identical to campaign_2a)
avalanche,0x6168af8206ee665b5c913b6b9acd3e0d18422d89,campaign_2b,first approved+drained by hardcoded drain wallet in June 2026 (bytecode identical to campaign_2a)
avalanche,0x61d5ccc5cc1e173d291f1b6f9a3feb96723bfc12,campaign_2b,first approved+drained by hardcoded drain wallet in June 2026 (bytecode identical to campaign_2a)
avalanche,0x6208fb5fed868cde0208d3e5bd483dfa0b546ebb,campaign_2b,first approved+drained by hardcoded drain wallet in June 2026 (bytecode identical to campaign_2a)
avalanche,0x622ad7f7a6bdc1859aec8bf6abbf148d74a4d68b,campaign_2b,first approved+drained by hardcoded drain wallet in June 2026 (bytecode identical to campaign_2a)
avalanche,0x6267a0b2cf9fd16d5eb906686773b0498c0e9dd3,campaign_2b,first approved+drained by hardcoded drain wallet in June 2026 (bytecode identical to campaign_2a)
avalanche,0x6275896a2957c1ad0992e93d33abae3db4a82ab6,campaign_2b,first approved+drained by hardcoded drain wallet in June 2026 (bytecode identical to campaign_2a)
avalanche,0x62adc9a0504bf791ac86f045b4010c1adc7a467f,campaign_2b,first approved+drained by hardcoded drain wallet in June 2026 (bytecode identical to campaign_2a)
avalanche,0x62e72563bffa53ab98fb0a9c29252f01a1600474,campaign_2b,first approved+drained by hardcoded drain wallet in June 2026 (bytecode identical to campaign_2a)
avalanche,0x62edb2b01330464e557409ca22abcc5a406a9334,campaign_2b,first approved+drained by hardcoded drain wallet in June 2026 (bytecode identical to campaign_2a)
avalanche,0x62fc3819096271d264abab5b651880233822ed78,campaign_2b,first approved+drained by hardcoded drain wallet in June 2026 (bytecode identical to campaign_2a)
avalanche,0x632e6ea213d01eb096cae24ad77fd3c5de884675,campaign_2b,first approved+drained by hardcoded drain wallet in June 2026 (bytecode identical to campaign_2a)
avalanche,0x632ed5e538cbd0b5766bbc6e1c07775796c7e246,campaign_2b,first approved+drained by hardcoded drain wallet in June 2026 (bytecode identical to campaign_2a)
avalanche,0x63340319b59aaed26a395d5aad08660ca4fcfdca,campaign_2b,first approved+drained by hardcoded drain wallet in June 2026 (bytecode identical to campaign_2a)
avalanche,0x6335e010c8d3dc4702341ea5a838a714ca472541,campaign_2b,first approved+drained by hardcoded drain wallet in June 2026 (bytecode identical to campaign_2a)
avalanche,0x637a918b22f6e68e9b50fa1fe4c9bbb51fbe1651,campaign_2b,first approved+drained by hardcoded drain wallet in June 2026 (bytecode identical to campaign_2a)
avalanche,0x6393054fef5a471da867fe3fc7a29c44f9c8c836,campaign_2b,first approved+drained by hardcoded drain wallet in June 2026 (bytecode identical to campaign_2a)
avalanche,0x63a3992fc9018bb0501bcd5eeb79e9329765d695,campaign_2b,first approved+drained by hardcoded drain wallet in June 2026 (bytecode identical to campaign_2a)
avalanche,0x63cbcd6cb07f10ea8b5ce36c43c82fa2b7fc5102,campaign_2b,first approved+drained by hardcoded drain wallet in June 2026 (bytecode identical to campaign_2a)
avalanche,0x63e184ad113154699e4e47f4a1e175a9b8bef8fd,campaign_2b,first approved+drained by hardcoded drain wallet in June 2026 (bytecode identical to campaign_2a)
avalanche,0x63f1158a03282cf1cdf53f60476d9f3b9ae89838,campaign_2b,first approved+drained by hardcoded drain wallet in June 2026 (bytecode identical to campaign_2a)
avalanche,0x6416953c8c048641a428fbba52ae5942019756d8,campaign_2b,first approved+drained by hardcoded drain wallet in June 2026 (bytecode identical to campaign_2a)
avalanche,0x6426b66f7654e135144ab6c62965c1b971ef0ce7,campaign_2b,first approved+drained by hardcoded drain wallet in June 2026 (bytecode identical to campaign_2a)
avalanche,0x64350476b113fa33ddfdd9cccd9a47542656a965,campaign_2b,first approved+drained by hardcoded drain wallet in June 2026 (bytecode identical to campaign_2a)
avalanche,0x6438a743dd1a434ac9c5199aae820178add47644,campaign_2b,first approved+drained by hardcoded drain wallet in June 2026 (bytecode identical to campaign_2a)
avalanche,0x644ac46c869547eebb9098e44d4575081d12cfaf,campaign_2b,first approved+drained by hardcoded drain wallet in June 2026 (bytecode identical to campaign_2a)
avalanche,0x64509eca21af1e2963b05e9a28dfba56f274889b,campaign_2b,first approved+drained by hardcoded drain wallet in June 2026 (bytecode identical to campaign_2a)
avalanche,0x64a2cce2472849899ff3fc1d141186ef9e7edeff,campaign_2b,first approved+drained by hardcoded drain wallet in June 2026 (bytecode identical to campaign_2a)
avalanche,0x64d7768a0aec0f8ca90c2abea74b74e10d5c8529,campaign_2b,first approved+drained by hardcoded drain wallet in June 2026 (bytecode identical to campaign_2a)
avalanche,0x64dd2d01cc45afd34ef0e6f97fc5be416e1542a9,campaign_2b,first approved+drained by hardcoded drain wallet in June 2026 (bytecode identical to campaign_2a)
avalanche,0x652c754b654671e454eea38ac252fb5811b20a3b,campaign_2b,first approved+drained by hardcoded drain wallet in June 2026 (bytecode identical to campaign_2a)
avalanche,0x657e6392884ba8e9ed1d8c75626e5fb34a4ed8ad,campaign_2b,first approved+drained by hardcoded drain wallet in June 2026 (bytecode identical to campaign_2a)
avalanche,0x657f1ad90714d5a727a2e6d3deca4db6d4d33d14,campaign_2b,first approved+drained by hardcoded drain wallet in June 2026 (bytecode identical to campaign_2a)
avalanche,0x6587deb637e8abc148f3f1ba557dfba614e0a9fc,campaign_2b,first approved+drained by hardcoded drain wallet in June 2026 (bytecode identical to campaign_2a)
avalanche,0x65c3b58e75c7823d9fc291f0b92d9b50669bf02f,campaign_2b,first approved+drained by hardcoded drain wallet in June 2026 (bytecode identical to campaign_2a)
avalanche,0x65c3e0562b403b1f544bf72e7ceddfe3c00ba8d9,campaign_2b,first approved+drained by hardcoded drain wallet in June 2026 (bytecode identical to campaign_2a)
avalanche,0x65e5b3a9a4976e767aebdd372a2254eacfecd8b5,campaign_2b,first approved+drained by hardcoded drain wallet in June 2026 (bytecode identical to campaign_2a)
avalanche,0x6609cc30d81109793c3f3b38628582844f810abd,campaign_2b,first approved+drained by hardcoded drain wallet in June 2026 (bytecode identical to campaign_2a)
avalanche,0x663b1b17a72b2d001dd8d4e43592bea120e89d6d,campaign_2b,first approved+drained by hardcoded drain wallet in June 2026 (bytecode identical to campaign_2a)
avalanche,0x669e6d114a6fb5df383ea306576d75431511722a,campaign_2b,first approved+drained by hardcoded drain wallet in June 2026 (bytecode identical to campaign_2a)
avalanche,0x66ba23c26f535c4a1e9f3f42cace1f69e4b26379,campaign_2b,first approved+drained by hardcoded drain wallet in June 2026 (bytecode identical to campaign_2a)
avalanche,0x66d2071827711e7d66ba95d08f93763c0ef7e8be,campaign_2b,first approved+drained by hardcoded drain wallet in June 2026 (bytecode identical to campaign_2a)
avalanche,0x66ef23d72d4750649f03cc291b85645fed9934a7,campaign_2b,first approved+drained by hardcoded drain wallet in June 2026 (bytecode identical to campaign_2a)
avalanche,0x671037e29c6a2213251f41c8669aa373ab7d984b,campaign_2b,first approved+drained by hardcoded drain wallet in June 2026 (bytecode identical to campaign_2a)
avalanche,0x672e504510740e1d0dedd1375a31db33e7badf3b,campaign_2b,first approved+drained by hardcoded drain wallet in June 2026 (bytecode identical to campaign_2a)
avalanche,0x674e465790420cfbdb91784ffb2d6f066c401718,campaign_2b,first approved+drained by hardcoded drain wallet in June 2026 (bytecode identical to campaign_2a)
avalanche,0x6783838e0fdf555d91bb3318bc8e5db121a039f4,campaign_2b,first approved+drained by hardcoded drain wallet in June 2026 (bytecode identical to campaign_2a)
avalanche,0x678558ec7c613d7ef5689377f98639a9cbcc9e5d,campaign_2b,first approved+drained by hardcoded drain wallet in June 2026 (bytecode identical to campaign_2a)
avalanche,0x679386fbfb370226366c67fb7c2c292445970b15,campaign_2b,first approved+drained by hardcoded drain wallet in June 2026 (bytecode identical to campaign_2a)
avalanche,0x67a90faac72e7238a54c30c224fc860cf1191281,campaign_2b,first approved+drained by hardcoded drain wallet in June 2026 (bytecode identical to campaign_2a)
avalanche,0x67b24862b6b71f942a1b608cdc1d525af7098a14,campaign_2b,first approved+drained by hardcoded drain wallet in June 2026 (bytecode identical to campaign_2a)
avalanche,0x67b2f36bd14693bbd298c3e6ec5d05b59a6406af,campaign_2b,first approved+drained by hardcoded drain wallet in June 2026 (bytecode identical to campaign_2a)
avalanche,0x67b32be0b8036f58c89c3fc6ee3edebff5f65650,campaign_2b,first approved+drained by hardcoded drain wallet in June 2026 (bytecode identical to campaign_2a)
avalanche,0x67e726df0152e85cfc98ada1b058c93b442457f8,campaign_2b,first approved+drained by hardcoded drain wallet in June 2026 (bytecode identical to campaign_2a)
avalanche,0x67e8f84ccd5a203041ea11e27b14591cbb570a2a,campaign_2b,first approved+drained by hardcoded drain wallet in June 2026 (bytecode identical to campaign_2a)
avalanche,0x681662a4737d5e0fe3f29cb62290489729d5eb32,campaign_2b,first approved+drained by hardcoded drain wallet in June 2026 (bytecode identical to campaign_2a)
avalanche,0x6851c77a83411b8726facedd8197438a8427c9a5,campaign_2b,first approved+drained by hardcoded drain wallet in June 2026 (bytecode identical to campaign_2a)
avalanche,0x687b02985e786bf4c3fea3bdd95984e1896197ab,campaign_2b,first approved+drained by hardcoded drain wallet in June 2026 (bytecode identical to campaign_2a)
avalanche,0x6887c360b0aff4dbd989aa95be1076cce0bb6528,campaign_2b,first approved+drained by hardcoded drain wallet in June 2026 (bytecode identical to campaign_2a)
avalanche,0x68a5662f33b043aa912aff9d84d2debb349d961f,campaign_2b,first approved+drained by hardcoded drain wallet in June 2026 (bytecode identical to campaign_2a)
avalanche,0x68d925f95f08bdcec3be4170d858c6de040fedb1,campaign_2b,first approved+drained by hardcoded drain wallet in June 2026 (bytecode identical to campaign_2a)
avalanche,0x68dbbb4841e42f23f240387171172555f4c791ef,campaign_2b,first approved+drained by hardcoded drain wallet in June 2026 (bytecode identical to campaign_2a)
avalanche,0x68ec893fd48cff9cdf4752e56decb27b7b75f98f,campaign_2b,first approved+drained by hardcoded drain wallet in June 2026 (bytecode identical to campaign_2a)
avalanche,0x69264ccf2a3f02e1588b2c70e775df6a811f95f1,campaign_2b,first approved+drained by hardcoded drain wallet in June 2026 (bytecode identical to campaign_2a)
avalanche,0x6928a3484171b38662c0178d488126458d325836,campaign_2b,first approved+drained by hardcoded drain wallet in June 2026 (bytecode identical to campaign_2a)
avalanche,0x69cbcdf989cf1a0faccf2bff2df036b9c4921502,campaign_2b,first approved+drained by hardcoded drain wallet in June 2026 (bytecode identical to campaign_2a)
avalanche,0x69cd82cc69bcaf611c08c9ab3f4a144989fdc86d,campaign_2b,first approved+drained by hardcoded drain wallet in June 2026 (bytecode identical to campaign_2a)
avalanche,0x69d28a648945f24a58daa747f364d20dfa9d88fb,campaign_2b,first approved+drained by hardcoded drain wallet in June 2026 (bytecode identical to campaign_2a)
avalanche,0x6a045aebea42303892d72741c8e92350b4ddd356,campaign_2b,first approved+drained by hardcoded drain wallet in June 2026 (bytecode identical to campaign_2a)
avalanche,0x6a0d88441d5c0e66b3edcee670ce070f3612f8ae,campaign_2b,first approved+drained by hardcoded drain wallet in June 2026 (bytecode identical to campaign_2a)
avalanche,0x6a2683805ea42f4cf031dc791b00206579544e6a,campaign_2b,first approved+drained by hardcoded drain wallet in June 2026 (bytecode identical to campaign_2a)
avalanche,0x6a4e88fc9a70ae62e53c8020150b10e7d3c63651,campaign_2b,first approved+drained by hardcoded drain wallet in June 2026 (bytecode identical to campaign_2a)
avalanche,0x6a8f7919d1f0eb09e4e6bd494727c7eac61ee985,campaign_2b,first approved+drained by hardcoded drain wallet in June 2026 (bytecode identical to campaign_2a)
avalanche,0x6aae912d9dedbebf163c99a938c38dc47634f545,campaign_2b,first approved+drained by hardcoded drain wallet in June 2026 (bytecode identical to campaign_2a)
avalanche,0x6ae8e725372a92d776229960f944fe3119ee8007,campaign_2b,first approved+drained by hardcoded drain wallet in June 2026 (bytecode identical to campaign_2a)
avalanche,0x6b179ea7f71969702c2783b30a6a1b9807c873f9,campaign_2b,first approved+drained by hardcoded drain wallet in June 2026 (bytecode identical to campaign_2a)
avalanche,0x6b3b1b92c4b23820b43c4d48d7684087b8e9cfa3,campaign_2b,first approved+drained by hardcoded drain wallet in June 2026 (bytecode identical to campaign_2a)
avalanche,0x6b601905321a651fbbbf40ea5f10ca9bb98cf63a,campaign_2b,first approved+drained by hardcoded drain wallet in June 2026 (bytecode identical to campaign_2a)
avalanche,0x6b655f6f3cc70bff646e02fd84b9f42945caa02d,campaign_2b,first approved+drained by hardcoded drain wallet in June 2026 (bytecode identical to campaign_2a)
avalanche,0x6b7fdef8df889f2396d0baf82ef5cf9302185d72,campaign_2b,first approved+drained by hardcoded drain wallet in June 2026 (bytecode identical to campaign_2a)
avalanche,0x6b92bfef189f97d2861876f407a7b225f1b3f341,campaign_2b,first approved+drained by hardcoded drain wallet in June 2026 (bytecode identical to campaign_2a)
avalanche,0x6bb7a553c4b6aef594c336e8c5bd843b5d9d5b51,campaign_2b,first approved+drained by hardcoded drain wallet in June 2026 (bytecode identical to campaign_2a)
avalanche,0x6bea840e42b7fea3f51c82ab6fd28570f05dd86b,campaign_2b,first approved+drained by hardcoded drain wallet in June 2026 (bytecode identical to campaign_2a)
avalanche,0x6c0ef4ff5f5be26ee88545a7bd06de636c8bb5e7,campaign_2b,first approved+drained by hardcoded drain wallet in June 2026 (bytecode identical to campaign_2a)
avalanche,0x6c1d5b8d3ab3f1cfef29eed1fe5b52b524fb6450,campaign_2b,first approved+drained by hardcoded drain wallet in June 2026 (bytecode identical to campaign_2a)
avalanche,0x6c410aede428c049c3554f5fd2081cc5ccf35694,campaign_2b,first approved+drained by hardcoded drain wallet in June 2026 (bytecode identical to campaign_2a)
avalanche,0x6c55955935fd259eb8d04273d8a1893d3a8bb712,campaign_2b,first approved+drained by hardcoded drain wallet in June 2026 (bytecode identical to campaign_2a)
avalanche,0x6c9f9da604670f39e0267f7ef46f30ec66492bc9,campaign_2b,first approved+drained by hardcoded drain wallet in June 2026 (bytecode identical to campaign_2a)
avalanche,0x6cb01cf630b618484dcdd00dfb9ece465be58b94,campaign_2b,first approved+drained by hardcoded drain wallet in June 2026 (bytecode identical to campaign_2a)
avalanche,0x6ceaad19d28a85679bbfbb75b21f14b5cc19ceac,campaign_2b,first approved+drained by hardcoded drain wallet in June 2026 (bytecode identical to campaign_2a)
avalanche,0x6d374dac792842595478eb53aed55f24444f80d4,campaign_2b,first approved+drained by hardcoded drain wallet in June 2026 (bytecode identical to campaign_2a)
avalanche,0x6d5c913f7329a8272346d17614bb28ed24d21206,campaign_2b,first approved+drained by hardcoded drain wallet in June 2026 (bytecode identical to campaign_2a)
avalanche,0x6d5f2b67a418c9ad630e769fe4e2ac43195c96ad,campaign_2b,first approved+drained by hardcoded drain wallet in June 2026 (bytecode identical to campaign_2a)
avalanche,0x6d69ff9049f0bee584c5dd214bc5fc4105241cef,campaign_2b,first approved+drained by hardcoded drain wallet in June 2026 (bytecode identical to campaign_2a)
avalanche,0x6d93f166dca63c230d191308797ae34b9f2020b6,campaign_2b,first approved+drained by hardcoded drain wallet in June 2026 (bytecode identical to campaign_2a)
avalanche,0x6d96b9ebf43f915b99c1870584da4bedd325ac6a,campaign_2b,first approved+drained by hardcoded drain wallet in June 2026 (bytecode identical to campaign_2a)
avalanche,0x6dd802ddbcb86410caebc9bd1ce9ce6e7ca5c186,campaign_2b,first approved+drained by hardcoded drain wallet in June 2026 (bytecode identical to campaign_2a)
avalanche,0x6e084a3d84b8629850cfa6144dc34c78040683c8,campaign_2b,first approved+drained by hardcoded drain wallet in June 2026 (bytecode identical to campaign_2a)
avalanche,0x6e13904e6e5601e125696c68b40c8be76a0d1490,campaign_2b,first approved+drained by hardcoded drain wallet in June 2026 (bytecode identical to campaign_2a)
avalanche,0x6e3c60f38fd8b6a9e68c4564eb251e8ce024b748,campaign_2b,first approved+drained by hardcoded drain wallet in June 2026 (bytecode identical to campaign_2a)
avalanche,0x6ef0643880d67a8da82be5191869b844715dbc07,campaign_2b,first approved+drained by hardcoded drain wallet in June 2026 (bytecode identical to campaign_2a)
avalanche,0x6f12749e1980c4d6034751051dce6d8ccbb3a228,campaign_2b,first approved+drained by hardcoded drain wallet in June 2026 (bytecode identical to campaign_2a)
avalanche,0x6f27e93407683dc39273cebe05fb5e1a3d075949,campaign_2b,first approved+drained by hardcoded drain wallet in June 2026 (bytecode identical to campaign_2a)
avalanche,0x6f51e2cddc5c75437f219c830bc71f471fa2cb0e,campaign_2b,first approved+drained by hardcoded drain wallet in June 2026 (bytecode identical to campaign_2a)
avalanche,0x6f526e6f57670c2695890361fd1e8ec1eed322bf,campaign_2b,first approved+drained by hardcoded drain wallet in June 2026 (bytecode identical to campaign_2a)
avalanche,0x6f78b10782ac7ee743010641bf69afd79a7d0d9d,campaign_2b,first approved+drained by hardcoded drain wallet in June 2026 (bytecode identical to campaign_2a)
avalanche,0x6f933543e75b601e2bd0578a8dc7e7bdf438d004,campaign_2b,first approved+drained by hardcoded drain wallet in June 2026 (bytecode identical to campaign_2a)
avalanche,0x6fa3cdd0f8eeb0601f8627a00d66a332a539e680,campaign_2b,first approved+drained by hardcoded drain wallet in June 2026 (bytecode identical to campaign_2a)
avalanche,0x7019622e0cf0e340a9ff9f2a5504a62de3f2e622,campaign_2b,first approved+drained by hardcoded drain wallet in June 2026 (bytecode identical to campaign_2a)
avalanche,0x7074cf08e96855974a3ad5b84b289fa56e0f061a,campaign_2b,first approved+drained by hardcoded drain wallet in June 2026 (bytecode identical to campaign_2a)
avalanche,0x70f5fab553da2e24c4fff37ba58011608f5648bf,campaign_2b,first approved+drained by hardcoded drain wallet in June 2026 (bytecode identical to campaign_2a)
avalanche,0x70f99c547c38d5ab3924816255e817be96ae85b3,campaign_2b,first approved+drained by hardcoded drain wallet in June 2026 (bytecode identical to campaign_2a)
avalanche,0x7126a967c529d65a5a40d1039116c245bee3e986,campaign_2b,first approved+drained by hardcoded drain wallet in June 2026 (bytecode identical to campaign_2a)
avalanche,0x7139df5862c865c91c2751566518a7c7952d6dd8,campaign_2b,first approved+drained by hardcoded drain wallet in June 2026 (bytecode identical to campaign_2a)
avalanche,0x7153b984b7b6a5b5a1592bbc50a3b047323e0eb4,campaign_2b,first approved+drained by hardcoded drain wallet in June 2026 (bytecode identical to campaign_2a)
avalanche,0x717013da936bb2e7ff8b822f2f993dfbdcfdb6c7,campaign_2b,first approved+drained by hardcoded drain wallet in June 2026 (bytecode identical to campaign_2a)
avalanche,0x717e727dcb8fd772a8b0c6ebe205db9e8fa524a0,campaign_2b,first approved+drained by hardcoded drain wallet in June 2026 (bytecode identical to campaign_2a)
avalanche,0x71aee81aebce8151793e2b2b97323fb151ce6cfa,campaign_2b,first approved+drained by hardcoded drain wallet in June 2026 (bytecode identical to campaign_2a)
avalanche,0x721305d57868c86a25dce54c82b17aa31231abc0,campaign_2b,first approved+drained by hardcoded drain wallet in June 2026 (bytecode identical to campaign_2a)
avalanche,0x72bb281e1a6e272c95b0dd1c941ed6dc34d6ae1b,campaign_2b,first approved+drained by hardcoded drain wallet in June 2026 (bytecode identical to campaign_2a)
avalanche,0x72c8196441cb32e69a18af0981f6df062d97bbc4,campaign_2b,first approved+drained by hardcoded drain wallet in June 2026 (bytecode identical to campaign_2a)
avalanche,0x72d896b5d3ecce732ffc2674b202625407493ff4,campaign_2b,first approved+drained by hardcoded drain wallet in June 2026 (bytecode identical to campaign_2a)
avalanche,0x72e577b8efd537f88b49e2df17c60b36db8c264f,campaign_2b,first approved+drained by hardcoded drain wallet in June 2026 (bytecode identical to campaign_2a)
avalanche,0x730f0c90c28d641a54a439d9ad30b4b4eeff74c2,campaign_2b,first approved+drained by hardcoded drain wallet in June 2026 (bytecode identical to campaign_2a)
avalanche,0x73636bc3866b1e98bc8e06c0fee7399248f1cd97,campaign_2b,first approved+drained by hardcoded drain wallet in June 2026 (bytecode identical to campaign_2a)
avalanche,0x737a22363190443313967ca595c7c9e0619f0425,campaign_2b,first approved+drained by hardcoded drain wallet in June 2026 (bytecode identical to campaign_2a)
avalanche,0x73852b2e694b7d3d184e749913dba8218a6c7048,campaign_2b,first approved+drained by hardcoded drain wallet in June 2026 (bytecode identical to campaign_2a)
avalanche,0x74486268cb5b4b7b564f11c15046f530b4a7169a,campaign_2b,first approved+drained by hardcoded drain wallet in June 2026 (bytecode identical to campaign_2a)
avalanche,0x74738d0daa198bc5d23dcea9a872eadbaf2e3d83,campaign_2b,first approved+drained by hardcoded drain wallet in June 2026 (bytecode identical to campaign_2a)
avalanche,0x74bc4d3085216458c3b94a1139a391afef0753c4,campaign_2b,first approved+drained by hardcoded drain wallet in June 2026 (bytecode identical to campaign_2a)
avalanche,0x74effd4dd37a289cfa24430203bc5f288fe27bc9,campaign_2b,first approved+drained by hardcoded drain wallet in June 2026 (bytecode identical to campaign_2a)
avalanche,0x75085836dd0eec11dd2d269032beae5e1ff86935,campaign_2b,first approved+drained by hardcoded drain wallet in June 2026 (bytecode identical to campaign_2a)
avalanche,0x754823484dffce91daa02b2f96b5c584d3ea2dc5,campaign_2b,first approved+drained by hardcoded drain wallet in June 2026 (bytecode identical to campaign_2a)
avalanche,0x756ffc310dec823b650f3d9bb22837e71371a8a7,campaign_2b,first approved+drained by hardcoded drain wallet in June 2026 (bytecode identical to campaign_2a)
avalanche,0x757c211dd7dbfc9ad130d177b9b389d945c3889c,campaign_2b,first approved+drained by hardcoded drain wallet in June 2026 (bytecode identical to campaign_2a)
avalanche,0x759cb79afd3c217e58a0218db9fd5d08490126f6,campaign_2b,first approved+drained by hardcoded drain wallet in June 2026 (bytecode identical to campaign_2a)
avalanche,0x759ffe4e930bcfc5cf7c630ac37e99f77235d902,campaign_2b,first approved+drained by hardcoded drain wallet in June 2026 (bytecode identical to campaign_2a)
avalanche,0x75b381fdc619a960d9be61d8a4fd2f81ae028f71,campaign_2b,first approved+drained by hardcoded drain wallet in June 2026 (bytecode identical to campaign_2a)
avalanche,0x75f8f7ae2187f2ecb631ccb5cae626fc2cd987f1,campaign_2b,first approved+drained by hardcoded drain wallet in June 2026 (bytecode identical to campaign_2a)
avalanche,0x76066a34df984033f90c70e095883433790e494e,campaign_2b,first approved+drained by hardcoded drain wallet in June 2026 (bytecode identical to campaign_2a)
avalanche,0x76399118ae126f9b68f90d0dd6e4aba395e57752,campaign_2b,first approved+drained by hardcoded drain wallet in June 2026 (bytecode identical to campaign_2a)
avalanche,0x7654fc01ad02a64718c00d8c5141f5d000d9c81b,campaign_2b,first approved+drained by hardcoded drain wallet in June 2026 (bytecode identical to campaign_2a)
avalanche,0x765a47e491aa9a9110ecffb1b5119af1890bd4b1,campaign_2b,first approved+drained by hardcoded drain wallet in June 2026 (bytecode identical to campaign_2a)
avalanche,0x76642a94c1f244153e1cdc8ae3a7c9a260d6b9a1,campaign_2b,first approved+drained by hardcoded drain wallet in June 2026 (bytecode identical to campaign_2a)
avalanche,0x767d0dc246cac8232574121cd6ee601a26dadd45,campaign_2b,first approved+drained by hardcoded drain wallet in June 2026 (bytecode identical to campaign_2a)
avalanche,0x76830c4af8e96c5e7d1764aaf5ff4de2f4dad28d,campaign_2b,first approved+drained by hardcoded drain wallet in June 2026 (bytecode identical to campaign_2a)
avalanche,0x76a794f2742284a3069a96f65c4421fcce282579,campaign_2b,first approved+drained by hardcoded drain wallet in June 2026 (bytecode identical to campaign_2a)
avalanche,0x76be7833595b2855e37f5471d4eddb5d26316459,campaign_2b,first approved+drained by hardcoded drain wallet in June 2026 (bytecode identical to campaign_2a)
avalanche,0x76d0da0d23a2ed6dc2c790189b0ac21a7b57d3d9,campaign_2b,first approved+drained by hardcoded drain wallet in June 2026 (bytecode identical to campaign_2a)
avalanche,0x76f7ec7f2db70addce557ddf9b968879a3527762,campaign_2b,first approved+drained by hardcoded drain wallet in June 2026 (bytecode identical to campaign_2a)
avalanche,0x771d691821f2b714d54e48428416cd018ba0e137,campaign_2b,first approved+drained by hardcoded drain wallet in June 2026 (bytecode identical to campaign_2a)
avalanche,0x77d53863974a0a1de3b7f9bb91683573768b88ea,campaign_2b,first approved+drained by hardcoded drain wallet in June 2026 (bytecode identical to campaign_2a)
avalanche,0x7803992a7b0531c368aef07891f338a68a812221,campaign_2b,first approved+drained by hardcoded drain wallet in June 2026 (bytecode identical to campaign_2a)
avalanche,0x785f7e14907b06869602ea35848a18ad4885f813,campaign_2b,first approved+drained by hardcoded drain wallet in June 2026 (bytecode identical to campaign_2a)
avalanche,0x786374cd31cb9189d3eb673f393cd81668a1fbb1,campaign_2b,first approved+drained by hardcoded drain wallet in June 2026 (bytecode identical to campaign_2a)
avalanche,0x787d5c32a7080b9a285a469768e376d1800dde50,campaign_2b,first approved+drained by hardcoded drain wallet in June 2026 (bytecode identical to campaign_2a)
avalanche,0x78adc4f17bc8f86723b84400477ff77719effb8a,campaign_2b,first approved+drained by hardcoded drain wallet in June 2026 (bytecode identical to campaign_2a)
avalanche,0x78bde10c9df09a5884999611f63ee97184e9fe19,campaign_2b,first approved+drained by hardcoded drain wallet in June 2026 (bytecode identical to campaign_2a)
avalanche,0x78e1190151e5028f93e501ce36bcb154a7362a60,campaign_2b,first approved+drained by hardcoded drain wallet in June 2026 (bytecode identical to campaign_2a)
avalanche,0x79578277fbb214df42f61e97140cbe4aa4502d48,campaign_2b,first approved+drained by hardcoded drain wallet in June 2026 (bytecode identical to campaign_2a)
avalanche,0x797384a03a43eb9d95760be2661fee44526af3f6,campaign_2b,first approved+drained by hardcoded drain wallet in June 2026 (bytecode identical to campaign_2a)
avalanche,0x79821b5160f418d887734ac345914ce36f6c6020,campaign_2b,first approved+drained by hardcoded drain wallet in June 2026 (bytecode identical to campaign_2a)
avalanche,0x7986b0abc70aa09e58af30b7923b104dddfe36c6,campaign_2b,first approved+drained by hardcoded drain wallet in June 2026 (bytecode identical to campaign_2a)
avalanche,0x79d9b8175f9976b9e7fd0eede53eb6a69067fd93,campaign_2b,first approved+drained by hardcoded drain wallet in June 2026 (bytecode identical to campaign_2a)
avalanche,0x79e994d340e48a8141aea6b0222284868cc52443,campaign_2b,first approved+drained by hardcoded drain wallet in June 2026 (bytecode identical to campaign_2a)
avalanche,0x79f75756ee11d15953ae0fbb51753ba948988ba0,campaign_2b,first approved+drained by hardcoded drain wallet in June 2026 (bytecode identical to campaign_2a)
avalanche,0x7a0fa14df0158442ba3ab98e47d13b5361e60360,campaign_2b,first approved+drained by hardcoded drain wallet in June 2026 (bytecode identical to campaign_2a)
avalanche,0x7aca4d6217002c9849b0d9ace5a5a739b2f8a149,campaign_2b,first approved+drained by hardcoded drain wallet in June 2026 (bytecode identical to campaign_2a)
avalanche,0x7b43a65d971580afd6b59f54b4d968e557961d29,campaign_2b,first approved+drained by hardcoded drain wallet in June 2026 (bytecode identical to campaign_2a)
avalanche,0x7b47a6aee1340aaabb6d9405f36304185abe5283,campaign_2b,first approved+drained by hardcoded drain wallet in June 2026 (bytecode identical to campaign_2a)
avalanche,0x7bb382609a9433c36fde1987f3bd9c64fb800b68,campaign_2b,first approved+drained by hardcoded drain wallet in June 2026 (bytecode identical to campaign_2a)
avalanche,0x7c1778272ef404b8cea9eea815d9d90c43cc4faa,campaign_2b,first approved+drained by hardcoded drain wallet in June 2026 (bytecode identical to campaign_2a)
avalanche,0x7c359f25fb9c91b9123c63772cc16ee32e37625a,campaign_2b,first approved+drained by hardcoded drain wallet in June 2026 (bytecode identical to campaign_2a)
avalanche,0x7c47f027094a2fc70b8a7d43ff84a5ae04f4a560,campaign_2b,first approved+drained by hardcoded drain wallet in June 2026 (bytecode identical to campaign_2a)
avalanche,0x7c6103a84f0c2fa308075ff7914bc4965428ee72,campaign_2b,first approved+drained by hardcoded drain wallet in June 2026 (bytecode identical to campaign_2a)
avalanche,0x7c6c053d47af7c18c5cf68bdf114acbf1c941443,campaign_2b,first approved+drained by hardcoded drain wallet in June 2026 (bytecode identical to campaign_2a)
avalanche,0x7ce4249783cb78889eee88b8e15609935d582ba3,campaign_2b,first approved+drained by hardcoded drain wallet in June 2026 (bytecode identical to campaign_2a)
avalanche,0x7d086a67b55b7aaa072d997ddc66b4bbde90d04b,campaign_2b,first approved+drained by hardcoded drain wallet in June 2026 (bytecode identical to campaign_2a)
avalanche,0x7d209012738c26cf099dcdf3a2d3c3d9caa71b0b,campaign_2b,first approved+drained by hardcoded drain wallet in June 2026 (bytecode identical to campaign_2a)
avalanche,0x7d3fbf77a62c13de9d69f506b30814a32df2160c,campaign_2b,first approved+drained by hardcoded drain wallet in June 2026 (bytecode identical to campaign_2a)
avalanche,0x7d609bb0612474b808b7749e42c38498ea364603,campaign_2b,first approved+drained by hardcoded drain wallet in June 2026 (bytecode identical to campaign_2a)
avalanche,0x7dd1b4e24986a04b9f9a8058ce4793a2d22ebbaf,campaign_2b,first approved+drained by hardcoded drain wallet in June 2026 (bytecode identical to campaign_2a)
avalanche,0x7e274f6b1c80c56fad99bca44caae9e9fffc8668,campaign_2b,first approved+drained by hardcoded drain wallet in June 2026 (bytecode identical to campaign_2a)
avalanche,0x7ee9ab1c406fe3ca93f647c12ecc3d4068f1eead,campaign_2b,first approved+drained by hardcoded drain wallet in June 2026 (bytecode identical to campaign_2a)
avalanche,0x7f08acd46065135be201669e32a29aba6a0aaaf4,campaign_2b,first approved+drained by hardcoded drain wallet in June 2026 (bytecode identical to campaign_2a)
avalanche,0x7f60618b79521d16fb037339ea1acdd455dbcb1e,campaign_2b,first approved+drained by hardcoded drain wallet in June 2026 (bytecode identical to campaign_2a)
avalanche,0x7f613ce278eb889ac3fde72a511381c0291b77dc,campaign_2b,first approved+drained by hardcoded drain wallet in June 2026 (bytecode identical to campaign_2a)
avalanche,0x7f7035c06b5d0f9070903d069523f86064807f74,campaign_2b,first approved+drained by hardcoded drain wallet in June 2026 (bytecode identical to campaign_2a)
avalanche,0x8025694f2b69e3659a40c5289dcf3b10d26c6a56,campaign_2b,first approved+drained by hardcoded drain wallet in June 2026 (bytecode identical to campaign_2a)
avalanche,0x8032f6c27b0b9ceff4664358d12928d19705078f,campaign_2b,first approved+drained by hardcoded drain wallet in June 2026 (bytecode identical to campaign_2a)
avalanche,0x80b2aa44ba6fa2f382cfee745dfc1e2c4e0c8028,campaign_2b,first approved+drained by hardcoded drain wallet in June 2026 (bytecode identical to campaign_2a)
avalanche,0x811ba7ba44731dbaf89e48835e5ab47ba2ae556d,campaign_2b,first approved+drained by hardcoded drain wallet in June 2026 (bytecode identical to campaign_2a)
avalanche,0x811f9a5d17a399adc78cb88e72837a4cc22de611,campaign_2b,first approved+drained by hardcoded drain wallet in June 2026 (bytecode identical to campaign_2a)
avalanche,0x81580d4a38dc9aa1bce0506386dfe3380e8e04a7,campaign_2b,first approved+drained by hardcoded drain wallet in June 2026 (bytecode identical to campaign_2a)
avalanche,0x818388a6cac4bef733bf5e3d6d1aee81f2e0fbfc,campaign_2b,first approved+drained by hardcoded drain wallet in June 2026 (bytecode identical to campaign_2a)
avalanche,0x81b6f06198edc5f9ea9aae6b91ca70059caee274,campaign_2b,first approved+drained by hardcoded drain wallet in June 2026 (bytecode identical to campaign_2a)
avalanche,0x82020431bf44c50f7020a2315faf5b4c5d7656cb,campaign_2b,first approved+drained by hardcoded drain wallet in June 2026 (bytecode identical to campaign_2a)
avalanche,0x8219ad4bb3d495cf03a14d4c15c56f55fd0aede3,campaign_2b,first approved+drained by hardcoded drain wallet in June 2026 (bytecode identical to campaign_2a)
avalanche,0x8239439b27d58e5436ddf206db3295f5ef509ec6,campaign_2b,first approved+drained by hardcoded drain wallet in June 2026 (bytecode identical to campaign_2a)
avalanche,0x82411616ff2d404b89d538ba53d2a165dcfdc5af,campaign_2b,first approved+drained by hardcoded drain wallet in June 2026 (bytecode identical to campaign_2a)
avalanche,0x8285e6bfb6c0bef18b7f2b6697d303cd8516890e,campaign_2b,first approved+drained by hardcoded drain wallet in June 2026 (bytecode identical to campaign_2a)
avalanche,0x8296f30f9d25c61d778543027b6915bed1dc0add,campaign_2b,first approved+drained by hardcoded drain wallet in June 2026 (bytecode identical to campaign_2a)
avalanche,0x830ab2052ef44a97f32fe4417ade8f2325d703f3,campaign_2b,first approved+drained by hardcoded drain wallet in June 2026 (bytecode identical to campaign_2a)
avalanche,0x83221c0ad401e5c432d689928f8eb7b6eb7c6e27,campaign_2b,first approved+drained by hardcoded drain wallet in June 2026 (bytecode identical to campaign_2a)
avalanche,0x833d19010a01b8736ca5276d0c914c3bea388caa,campaign_2b,first approved+drained by hardcoded drain wallet in June 2026 (bytecode identical to campaign_2a)
avalanche,0x833e3bb7418e9f5f205755bc85e1a94bb66abd24,campaign_2b,first approved+drained by hardcoded drain wallet in June 2026 (bytecode identical to campaign_2a)
avalanche,0x83647306642501f76f44609e66ed3f0fa6ee4701,campaign_2b,first approved+drained by hardcoded drain wallet in June 2026 (bytecode identical to campaign_2a)
avalanche,0x837271c7d951f92b4d33ca76af4c38b0503dbbcb,campaign_2b,first approved+drained by hardcoded drain wallet in June 2026 (bytecode identical to campaign_2a)
avalanche,0x83a15035b43cd3053a6e033bf25fb48329ba55ee,campaign_2b,first approved+drained by hardcoded drain wallet in June 2026 (bytecode identical to campaign_2a)
avalanche,0x83ad86eef784c43457f6c4daacfd599e75dc5de4,campaign_2b,first approved+drained by hardcoded drain wallet in June 2026 (bytecode identical to campaign_2a)
avalanche,0x83bf4e8f4baa4cd5fed9e29f37a34bd685f30e1d,campaign_2b,first approved+drained by hardcoded drain wallet in June 2026 (bytecode identical to campaign_2a)
avalanche,0x83cea4b47fae07eedfde036fbb3b5df54450621b,campaign_2b,first approved+drained by hardcoded drain wallet in June 2026 (bytecode identical to campaign_2a)
avalanche,0x83fa81aa2e5d3a060ba5d740bdb54bd6af97e8b5,campaign_2b,first approved+drained by hardcoded drain wallet in June 2026 (bytecode identical to campaign_2a)
avalanche,0x84af1fc6b5edd296bb1be5386ef7970ea55cc4c9,campaign_2b,first approved+drained by hardcoded drain wallet in June 2026 (bytecode identical to campaign_2a)
avalanche,0x84dd6a3faeb14c643b68320a09f6300fbd3c96eb,campaign_2b,first approved+drained by hardcoded drain wallet in June 2026 (bytecode identical to campaign_2a)
avalanche,0x8501ee821fb19724a9a60d7a837e29abae8e9b92,campaign_2b,first approved+drained by hardcoded drain wallet in June 2026 (bytecode identical to campaign_2a)
avalanche,0x85026d451843ab83f108f4922039bb324cd8c37c,campaign_2b,first approved+drained by hardcoded drain wallet in June 2026 (bytecode identical to campaign_2a)
avalanche,0x851e7f68afcfef104172a4a74de09f25fdf6572f,campaign_2b,first approved+drained by hardcoded drain wallet in June 2026 (bytecode identical to campaign_2a)
avalanche,0x853dc892b76b4aa93b07c802adf3663e5497a676,campaign_2b,first approved+drained by hardcoded drain wallet in June 2026 (bytecode identical to campaign_2a)
avalanche,0x854f4948fcfb7dc553e136641440ca133a85ee41,campaign_2b,first approved+drained by hardcoded drain wallet in June 2026 (bytecode identical to campaign_2a)
avalanche,0x855d99171372edc7c8201a1c347c9e76a0e273a3,campaign_2b,first approved+drained by hardcoded drain wallet in June 2026 (bytecode identical to campaign_2a)
avalanche,0x85687c6ab9cf58c7ccf21172c52e05823235d041,campaign_2b,first approved+drained by hardcoded drain wallet in June 2026 (bytecode identical to campaign_2a)
avalanche,0x85806552b36027facccc87ee9be4637adcc0123f,campaign_2b,first approved+drained by hardcoded drain wallet in June 2026 (bytecode identical to campaign_2a)
avalanche,0x859f02d0cdfabba2fd02d6ccfd426bc0de675b12,campaign_2b,first approved+drained by hardcoded drain wallet in June 2026 (bytecode identical to campaign_2a)
avalanche,0x85a6cabe85054ac9f24625b7ed21278b8db8f06d,campaign_2b,first approved+drained by hardcoded drain wallet in June 2026 (bytecode identical to campaign_2a)
avalanche,0x85aad0a651461105532280641e7d76fffe0c66a3,campaign_2b,first approved+drained by hardcoded drain wallet in June 2026 (bytecode identical to campaign_2a)
avalanche,0x85e5be7eb234d689cf08a34cf8a3b58e291aed9c,campaign_2b,first approved+drained by hardcoded drain wallet in June 2026 (bytecode identical to campaign_2a)
avalanche,0x86220b8fa43fac7d11ddd309267937476900335e,campaign_2b,first approved+drained by hardcoded drain wallet in June 2026 (bytecode identical to campaign_2a)
avalanche,0x862d9ead09634b0bfd51b855b4d5dab615fcdffc,campaign_2b,first approved+drained by hardcoded drain wallet in June 2026 (bytecode identical to campaign_2a)
avalanche,0x864fb7ddb4a7a0593db8dc56514b6639a9d744b5,campaign_2b,first approved+drained by hardcoded drain wallet in June 2026 (bytecode identical to campaign_2a)
avalanche,0x8690ff6d32f9a9fafa005afe91843905f54a7322,campaign_2b,first approved+drained by hardcoded drain wallet in June 2026 (bytecode identical to campaign_2a)
avalanche,0x86e60a479884d719a800c20e9172323e2ce34609,campaign_2b,first approved+drained by hardcoded drain wallet in June 2026 (bytecode identical to campaign_2a)
avalanche,0x86ef70be0b0b3a1072327cfc73c87eb2a7984329,campaign_2b,first approved+drained by hardcoded drain wallet in June 2026 (bytecode identical to campaign_2a)
avalanche,0x8701efa0f28ebc2b86e6b196386884763859ea67,campaign_2b,first approved+drained by hardcoded drain wallet in June 2026 (bytecode identical to campaign_2a)
avalanche,0x8702d4bff87a481f5626974a470650257633bfc5,campaign_2b,first approved+drained by hardcoded drain wallet in June 2026 (bytecode identical to campaign_2a)
avalanche,0x87279a0ea8e211373bbf7a912a6bb612138b453a,campaign_2b,first approved+drained by hardcoded drain wallet in June 2026 (bytecode identical to campaign_2a)
avalanche,0x873a56943e03fe35f9ab3437c19cdd88bc3d10e3,campaign_2b,first approved+drained by hardcoded drain wallet in June 2026 (bytecode identical to campaign_2a)
avalanche,0x87db73158fa20dc160e365230f522fdbe6706801,campaign_2b,first approved+drained by hardcoded drain wallet in June 2026 (bytecode identical to campaign_2a)
avalanche,0x87e8e344d53bb8191cd8e74b59050bac5ff56eab,campaign_2b,first approved+drained by hardcoded drain wallet in June 2026 (bytecode identical to campaign_2a)
avalanche,0x881368cfe1b8fd8c048b49e516fde3ea7ea2e328,campaign_2b,first approved+drained by hardcoded drain wallet in June 2026 (bytecode identical to campaign_2a)
avalanche,0x882b37e4ecbe66b6f878e0e9f8def5fd4ed96592,campaign_2b,first approved+drained by hardcoded drain wallet in June 2026 (bytecode identical to campaign_2a)
avalanche,0x884108b319af43a2f3dd2b2ef79a990490692c6f,campaign_2b,first approved+drained by hardcoded drain wallet in June 2026 (bytecode identical to campaign_2a)
avalanche,0x8857b2346f87e22c0eb450dc2f686fb59cc17ed0,campaign_2b,first approved+drained by hardcoded drain wallet in June 2026 (bytecode identical to campaign_2a)
avalanche,0x8889a69e3b879daa535d3734288504875d40443c,campaign_2b,first approved+drained by hardcoded drain wallet in June 2026 (bytecode identical to campaign_2a)
avalanche,0x8898c687b6cdb5a37468c850953765733c54bb85,campaign_2b,first approved+drained by hardcoded drain wallet in June 2026 (bytecode identical to campaign_2a)
avalanche,0x88a8654880bbeadb2b66d2ce02f3daa1fadb313c,campaign_2b,first approved+drained by hardcoded drain wallet in June 2026 (bytecode identical to campaign_2a)
avalanche,0x88db402b5354d4e99c17af6bad943ee890075e97,campaign_2b,first approved+drained by hardcoded drain wallet in June 2026 (bytecode identical to campaign_2a)
avalanche,0x8902c8f73110c89895605b14be01f4427191ed3c,campaign_2b,first approved+drained by hardcoded drain wallet in June 2026 (bytecode identical to campaign_2a)
avalanche,0x892ee19b368e149ba6914a6ddbef9a72c3812aad,campaign_2b,first approved+drained by hardcoded drain wallet in June 2026 (bytecode identical to campaign_2a)
avalanche,0x8931e81fa1fec929f5d72290ba6104cfbb6c371d,campaign_2b,first approved+drained by hardcoded drain wallet in June 2026 (bytecode identical to campaign_2a)
avalanche,0x893c350f6ba0f0ab9b743c4d08e9296b86944258,campaign_2b,first approved+drained by hardcoded drain wallet in June 2026 (bytecode identical to campaign_2a)
avalanche,0x89587b012a1c900c02cf76d5419ea8affb0864a5,campaign_2b,first approved+drained by hardcoded drain wallet in June 2026 (bytecode identical to campaign_2a)
avalanche,0x89b447643b11eceff0a4e1688a720f5627b665b6,campaign_2b,first approved+drained by hardcoded drain wallet in June 2026 (bytecode identical to campaign_2a)
avalanche,0x89bf99c8faf4ee41c5be1fdd07d33065e04ba4e4,campaign_2b,first approved+drained by hardcoded drain wallet in June 2026 (bytecode identical to campaign_2a)
avalanche,0x89c9193dfbf2e33593587b9296d8bbecd9c2701b,campaign_2b,first approved+drained by hardcoded drain wallet in June 2026 (bytecode identical to campaign_2a)
avalanche,0x8a78db891b5899cc509dc3377e0432e14b8b5bbc,campaign_2b,first approved+drained by hardcoded drain wallet in June 2026 (bytecode identical to campaign_2a)
avalanche,0x8ae7da9758762f37e017d201ffa8fa57a6d632cd,campaign_2b,first approved+drained by hardcoded drain wallet in June 2026 (bytecode identical to campaign_2a)
avalanche,0x8af1ae9ec69bcdd7a2a77d39547923c382b9d449,campaign_2b,first approved+drained by hardcoded drain wallet in June 2026 (bytecode identical to campaign_2a)
avalanche,0x8b0fd468c877b8ddaffe7486da4ed5abbcc2ea96,campaign_2b,first approved+drained by hardcoded drain wallet in June 2026 (bytecode identical to campaign_2a)
avalanche,0x8b275e42d1090a6715fb100efbcbd3973abd0c17,campaign_2b,first approved+drained by hardcoded drain wallet in June 2026 (bytecode identical to campaign_2a)
avalanche,0x8b368791ffb5960855a7ba62cbf672a6d22e7f9e,campaign_2b,first approved+drained by hardcoded drain wallet in June 2026 (bytecode identical to campaign_2a)
avalanche,0x8b7be62ff0c85d4acdc8efeea2b0f0802fab177f,campaign_2b,first approved+drained by hardcoded drain wallet in June 2026 (bytecode identical to campaign_2a)
avalanche,0x8bb38f9f9190ac273ebd8be0222e161fd6f05e37,campaign_2b,first approved+drained by hardcoded drain wallet in June 2026 (bytecode identical to campaign_2a)
avalanche,0x8c42091c9bb3d4ad76944cd364b59182056dce7a,campaign_2b,first approved+drained by hardcoded drain wallet in June 2026 (bytecode identical to campaign_2a)
avalanche,0x8c5ad18ce3acafb237a1b466bd45983600c73904,campaign_2b,first approved+drained by hardcoded drain wallet in June 2026 (bytecode identical to campaign_2a)
avalanche,0x8c8e2110fe9df9673c67172b9140cf50156a6374,campaign_2b,first approved+drained by hardcoded drain wallet in June 2026 (bytecode identical to campaign_2a)
avalanche,0x8c92c7c804ef6af118eab03e18a4ccbef8ecbe68,campaign_2b,first approved+drained by hardcoded drain wallet in June 2026 (bytecode identical to campaign_2a)
avalanche,0x8c97648c7448de2f0f1c258f5d5559c6fa4a96df,campaign_2b,first approved+drained by hardcoded drain wallet in June 2026 (bytecode identical to campaign_2a)
avalanche,0x8c9ca4857df75a1bfb274ea336d99a82a1edc0c1,campaign_2b,first approved+drained by hardcoded drain wallet in June 2026 (bytecode identical to campaign_2a)
avalanche,0x8d0818c58eb76b834f8a83c3decf90c81d7bb844,campaign_2b,first approved+drained by hardcoded drain wallet in June 2026 (bytecode identical to campaign_2a)
avalanche,0x8d52a2a6092252cbaaab88417cf62f25e625e34e,campaign_2b,first approved+drained by hardcoded drain wallet in June 2026 (bytecode identical to campaign_2a)
avalanche,0x8d52d260922170eb5f2f41b512c37bfd8abb801c,campaign_2b,first approved+drained by hardcoded drain wallet in June 2026 (bytecode identical to campaign_2a)
avalanche,0x8d57f931505bd3d4f0b00d4230341473ab746c7e,campaign_2b,first approved+drained by hardcoded drain wallet in June 2026 (bytecode identical to campaign_2a)
avalanche,0x8d59254279fed0cd1730109e88877dd298df220c,campaign_2b,first approved+drained by hardcoded drain wallet in June 2026 (bytecode identical to campaign_2a)
avalanche,0x8d7bdb81672b8142414d54368eaeb32e99fe3acc,campaign_2b,first approved+drained by hardcoded drain wallet in June 2026 (bytecode identical to campaign_2a)
avalanche,0x8d800f828d801ff5871e2b79b8a01f7b93fdf023,campaign_2b,first approved+drained by hardcoded drain wallet in June 2026 (bytecode identical to campaign_2a)
avalanche,0x8d801db09b1cfb5671c4b574022ddd0bd56a50d5,campaign_2b,first approved+drained by hardcoded drain wallet in June 2026 (bytecode identical to campaign_2a)
avalanche,0x8da8eb35e37e7d6c182c08b8af57ac7afb49c060,campaign_2b,first approved+drained by hardcoded drain wallet in June 2026 (bytecode identical to campaign_2a)
avalanche,0x8dacd31411251eaa4816ded741978ada24870149,campaign_2b,first approved+drained by hardcoded drain wallet in June 2026 (bytecode identical to campaign_2a)
avalanche,0x8dcabd1b2435ac1d76a8cc136e31dded63a7be70,campaign_2b,first approved+drained by hardcoded drain wallet in June 2026 (bytecode identical to campaign_2a)
avalanche,0x8dd48ec28e44db8390bac7c85020061e16339d4f,campaign_2b,first approved+drained by hardcoded drain wallet in June 2026 (bytecode identical to campaign_2a)
avalanche,0x8e0eb4996935cb5f8f70ba7fbb3f6e54ace8b3c8,campaign_2b,first approved+drained by hardcoded drain wallet in June 2026 (bytecode identical to campaign_2a)
avalanche,0x8e422fc5890abcc314220f3788f1a6b08131de7c,campaign_2b,first approved+drained by hardcoded drain wallet in June 2026 (bytecode identical to campaign_2a)
avalanche,0x8e7820bc77299541af804489ab8cf2770a38fd2e,campaign_2b,first approved+drained by hardcoded drain wallet in June 2026 (bytecode identical to campaign_2a)
avalanche,0x8e8c41a82a050c3442d06b4144c8685fec65325e,campaign_2b,first approved+drained by hardcoded drain wallet in June 2026 (bytecode identical to campaign_2a)
avalanche,0x8e8d645b37ce901490a18bd5eecaa9ae7b348543,campaign_2b,first approved+drained by hardcoded drain wallet in June 2026 (bytecode identical to campaign_2a)
avalanche,0x8ea8e6660301e2b65d2ba600660b83657e11c8e1,campaign_2b,first approved+drained by hardcoded drain wallet in June 2026 (bytecode identical to campaign_2a)
avalanche,0x8ee8596b86fa4a9ad812b5ee269b4430338b5612,campaign_2b,first approved+drained by hardcoded drain wallet in June 2026 (bytecode identical to campaign_2a)
avalanche,0x8ee868e01d3f593e35d32826e30a50f176b9fdb9,campaign_2b,first approved+drained by hardcoded drain wallet in June 2026 (bytecode identical to campaign_2a)
avalanche,0x8f0541a600d29a99f3604bf50350c98b0a8f18df,campaign_2b,first approved+drained by hardcoded drain wallet in June 2026 (bytecode identical to campaign_2a)
avalanche,0x8f495df17e6e60bed8b668cc7cf9d11af2a64970,campaign_2b,first approved+drained by hardcoded drain wallet in June 2026 (bytecode identical to campaign_2a)
avalanche,0x8f530736d51d6a4338b8479d89bbaf740b3715df,campaign_2b,first approved+drained by hardcoded drain wallet in June 2026 (bytecode identical to campaign_2a)
avalanche,0x8fa587846abcd27dc4a413ecfa2fd233aa954426,campaign_2b,first approved+drained by hardcoded drain wallet in June 2026 (bytecode identical to campaign_2a)
avalanche,0x900b0d795f12f5957310957d5630a68d151a5ffa,campaign_2b,first approved+drained by hardcoded drain wallet in June 2026 (bytecode identical to campaign_2a)
avalanche,0x90126e60db893e79f3ceacf9be10276755099cc5,campaign_2b,first approved+drained by hardcoded drain wallet in June 2026 (bytecode identical to campaign_2a)
avalanche,0x9015940cfa897ddb8b3876c8bc6a5083829890c1,campaign_2b,first approved+drained by hardcoded drain wallet in June 2026 (bytecode identical to campaign_2a)
avalanche,0x9033305c4537f5bd641e57632acc3883c4a611d8,campaign_2b,first approved+drained by hardcoded drain wallet in June 2026 (bytecode identical to campaign_2a)
avalanche,0x908adfa0b6f0111f4362166b8213e6f98b5b38df,campaign_2b,first approved+drained by hardcoded drain wallet in June 2026 (bytecode identical to campaign_2a)
avalanche,0x908bd5807f33fe14f95664616b0be17ccf7396f2,campaign_2b,first approved+drained by hardcoded drain wallet in June 2026 (bytecode identical to campaign_2a)
avalanche,0x908ea6cb19293e61d50fc7853bf02bfcffa4f927,campaign_2b,first approved+drained by hardcoded drain wallet in June 2026 (bytecode identical to campaign_2a)
avalanche,0x90e496d3237e6e916f8e637aa1a559b3850b96e6,campaign_2b,first approved+drained by hardcoded drain wallet in June 2026 (bytecode identical to campaign_2a)
avalanche,0x90f72dc89e9a90f0286771a6081b9e6a28265d14,campaign_2b,first approved+drained by hardcoded drain wallet in June 2026 (bytecode identical to campaign_2a)
avalanche,0x910145e24c1ef0647a4026c42dc975d58f483fbc,campaign_2b,first approved+drained by hardcoded drain wallet in June 2026 (bytecode identical to campaign_2a)
avalanche,0x9108531d403d976cd8cb4de3725b1023c6dd256d,campaign_2b,first approved+drained by hardcoded drain wallet in June 2026 (bytecode identical to campaign_2a)
avalanche,0x91641abbb439c3cce52c47e27f7d988380a5d9cf,campaign_2b,first approved+drained by hardcoded drain wallet in June 2026 (bytecode identical to campaign_2a)
avalanche,0x91cacd37f8f1ba98d4a1e87317c2e7f628865c05,campaign_2b,first approved+drained by hardcoded drain wallet in June 2026 (bytecode identical to campaign_2a)
avalanche,0x92008164aed009daa32f597124126001399616cf,campaign_2b,first approved+drained by hardcoded drain wallet in June 2026 (bytecode identical to campaign_2a)
avalanche,0x920df218249f77e8ff959bdc5e85d12b6289c30f,campaign_2b,first approved+drained by hardcoded drain wallet in June 2026 (bytecode identical to campaign_2a)
avalanche,0x9223c2e6e532550a18715578f010a66c5b76f164,campaign_2b,first approved+drained by hardcoded drain wallet in June 2026 (bytecode identical to campaign_2a)
avalanche,0x924b806d94dbe58e7ba0258ef76ebc56d6272fbd,campaign_2b,first approved+drained by hardcoded drain wallet in June 2026 (bytecode identical to campaign_2a)
avalanche,0x92920894855a95519f92900b1a3a164a531be26d,campaign_2b,first approved+drained by hardcoded drain wallet in June 2026 (bytecode identical to campaign_2a)
avalanche,0x92982f380080de0e2c69cd8ce412d6c88ba1df86,campaign_2b,first approved+drained by hardcoded drain wallet in June 2026 (bytecode identical to campaign_2a)
avalanche,0x92ab9492ff90ee45c6b5fc808def23ed22ba0a03,campaign_2b,first approved+drained by hardcoded drain wallet in June 2026 (bytecode identical to campaign_2a)
avalanche,0x92c4b864353d744d6e1a84a239ac819ae49363cd,campaign_2b,first approved+drained by hardcoded drain wallet in June 2026 (bytecode identical to campaign_2a)
avalanche,0x93083bb1dddab8eb3b5f0cb0aa91161f9f5857ad,campaign_2b,first approved+drained by hardcoded drain wallet in June 2026 (bytecode identical to campaign_2a)
avalanche,0x9373404529c615009bde7d08c8aac4d8c46d5ec3,campaign_2b,first approved+drained by hardcoded drain wallet in June 2026 (bytecode identical to campaign_2a)
avalanche,0x939d3a7724185783f70811470da47948d6b28c65,campaign_2b,first approved+drained by hardcoded drain wallet in June 2026 (bytecode identical to campaign_2a)
avalanche,0x93bb798f4bbe05f7bef48d2685edd736eaf71209,campaign_2b,first approved+drained by hardcoded drain wallet in June 2026 (bytecode identical to campaign_2a)
avalanche,0x93d3777fd2e470a1c04de8721ca4a1422fb75b71,campaign_2b,first approved+drained by hardcoded drain wallet in June 2026 (bytecode identical to campaign_2a)
avalanche,0x93d46b29caac6e5dec7b0ce9982b2d8cfccc8465,campaign_2b,first approved+drained by hardcoded drain wallet in June 2026 (bytecode identical to campaign_2a)
avalanche,0x93dac4bd56daad755ffdfc9748f979396701a64c,campaign_2b,first approved+drained by hardcoded drain wallet in June 2026 (bytecode identical to campaign_2a)
avalanche,0x9400bddb7d666341aae31035ffd0ad8e06bec8f5,campaign_2b,first approved+drained by hardcoded drain wallet in June 2026 (bytecode identical to campaign_2a)
avalanche,0x9402c016efca8cc82549dc92b9a569f77d1e3493,campaign_2b,first approved+drained by hardcoded drain wallet in June 2026 (bytecode identical to campaign_2a)
avalanche,0x94a834cc7175b61df13bddec9c38a221d0675dad,campaign_2b,first approved+drained by hardcoded drain wallet in June 2026 (bytecode identical to campaign_2a)
avalanche,0x94be7c0dff6e9555b4adc4d3759e1755b6d2c0d7,campaign_2b,first approved+drained by hardcoded drain wallet in June 2026 (bytecode identical to campaign_2a)
avalanche,0x94cca9d214f7780724e3c389d54fd42391f59d4c,campaign_2b,first approved+drained by hardcoded drain wallet in June 2026 (bytecode identical to campaign_2a)
avalanche,0x950eeee552e8b293b256416dd9bdcb2f9c01e05e,campaign_2b,first approved+drained by hardcoded drain wallet in June 2026 (bytecode identical to campaign_2a)
avalanche,0x95244bcc3948b4b46f8824e1e9d196fdaca89768,campaign_2b,first approved+drained by hardcoded drain wallet in June 2026 (bytecode identical to campaign_2a)
avalanche,0x9534e9486939e774cfb1cc450871363c30abf184,campaign_2b,first approved+drained by hardcoded drain wallet in June 2026 (bytecode identical to campaign_2a)
avalanche,0x953c2491086a3fa5cfd9179dbae2d7fa42e1fcfd,campaign_2b,first approved+drained by hardcoded drain wallet in June 2026 (bytecode identical to campaign_2a)
avalanche,0x957bc7bd3f23796c3c47ade3112ef30345f76853,campaign_2b,first approved+drained by hardcoded drain wallet in June 2026 (bytecode identical to campaign_2a)
avalanche,0x95857610dfc191735180d40a5262bf24b218f31d,campaign_2b,first approved+drained by hardcoded drain wallet in June 2026 (bytecode identical to campaign_2a)
avalanche,0x95a25f4c2b6e1021591119743dd28a7c2c53770c,campaign_2b,first approved+drained by hardcoded drain wallet in June 2026 (bytecode identical to campaign_2a)
avalanche,0x95bfd0b8de5a35271f7fa388fa2a4c5d3db0b5db,campaign_2b,first approved+drained by hardcoded drain wallet in June 2026 (bytecode identical to campaign_2a)
avalanche,0x95f67a6399931a24202a4f7cad4fabd82ed04575,campaign_2b,first approved+drained by hardcoded drain wallet in June 2026 (bytecode identical to campaign_2a)
avalanche,0x963b5e0624cae70630143f31ca10c38aa0382e95,campaign_2b,first approved+drained by hardcoded drain wallet in June 2026 (bytecode identical to campaign_2a)
avalanche,0x968bc79ee8a129062c3b23f593f397a2aa67cb0a,campaign_2b,first approved+drained by hardcoded drain wallet in June 2026 (bytecode identical to campaign_2a)
avalanche,0x969f8a8ddbba861863a6bf7192eb4b99235f6248,campaign_2b,first approved+drained by hardcoded drain wallet in June 2026 (bytecode identical to campaign_2a)
avalanche,0x96c338f82fd635eae338951995702195ea42039a,campaign_2b,first approved+drained by hardcoded drain wallet in June 2026 (bytecode identical to campaign_2a)
avalanche,0x96cae2628eafce7e18e36b054a401691e563e435,campaign_2b,first approved+drained by hardcoded drain wallet in June 2026 (bytecode identical to campaign_2a)
avalanche,0x96cfb2ac03bebc95273ef68f87b0aa9d8c81a515,campaign_2b,first approved+drained by hardcoded drain wallet in June 2026 (bytecode identical to campaign_2a)
avalanche,0x975b6fe69904e6876c33561b3c8081f5f8c06193,campaign_2b,first approved+drained by hardcoded drain wallet in June 2026 (bytecode identical to campaign_2a)
avalanche,0x978a263e8a526b17b4f06f1bfde8bae35a1aeeeb,campaign_2b,first approved+drained by hardcoded drain wallet in June 2026 (bytecode identical to campaign_2a)
avalanche,0x979dc2fb3968271549830530fd56a0fb4616dc20,campaign_2b,first approved+drained by hardcoded drain wallet in June 2026 (bytecode identical to campaign_2a)
avalanche,0x981d52d836fe6e015c3b34e38c6b376343b9475d,campaign_2b,first approved+drained by hardcoded drain wallet in June 2026 (bytecode identical to campaign_2a)
avalanche,0x982ae774836aaaa22e1a13e3255fbd3ecd09fcf7,campaign_2b,first approved+drained by hardcoded drain wallet in June 2026 (bytecode identical to campaign_2a)
avalanche,0x986d3ee9ce53a0375c6c041276f2f12c1949b5bc,campaign_2b,first approved+drained by hardcoded drain wallet in June 2026 (bytecode identical to campaign_2a)
avalanche,0x989bc96eddd1befea902c260254501559127568f,campaign_2b,first approved+drained by hardcoded drain wallet in June 2026 (bytecode identical to campaign_2a)
avalanche,0x98be817ca15275bfdf6ff2bb35f6132f4c290260,campaign_2b,first approved+drained by hardcoded drain wallet in June 2026 (bytecode identical to campaign_2a)
avalanche,0x9931603c27105498c6e5babe86c255f71528397a,campaign_2b,first approved+drained by hardcoded drain wallet in June 2026 (bytecode identical to campaign_2a)
avalanche,0x9a11cb699c1ca189c8cf0640c99a1ee21182248e,campaign_2b,first approved+drained by hardcoded drain wallet in June 2026 (bytecode identical to campaign_2a)
avalanche,0x9aa3dbedc4a9696b3021f1b7b57d7d5a1750ba74,campaign_2b,first approved+drained by hardcoded drain wallet in June 2026 (bytecode identical to campaign_2a)
avalanche,0x9ab3a9935ef1bd27e382b35dfaea787895cf7f54,campaign_2b,first approved+drained by hardcoded drain wallet in June 2026 (bytecode identical to campaign_2a)
avalanche,0x9abd7bcfc9a477ed0ea2b758900311a44d0f5d1a,campaign_2b,first approved+drained by hardcoded drain wallet in June 2026 (bytecode identical to campaign_2a)
avalanche,0x9af5c355a2959adf26d7f0832d8ef4c5d5e95da9,campaign_2b,first approved+drained by hardcoded drain wallet in June 2026 (bytecode identical to campaign_2a)
avalanche,0x9b22d97494d47ae7848149d150c051a57c3ea675,campaign_2b,first approved+drained by hardcoded drain wallet in June 2026 (bytecode identical to campaign_2a)
avalanche,0x9b379a7a44fe783f215e033860e95d1da5248810,campaign_2b,first approved+drained by hardcoded drain wallet in June 2026 (bytecode identical to campaign_2a)
avalanche,0x9b382fd4c1208472e17a04590e72c05e7b8bc490,campaign_2b,first approved+drained by hardcoded drain wallet in June 2026 (bytecode identical to campaign_2a)
avalanche,0x9b4b3b56148e111ba0aa0ae8733f404b6fb9730a,campaign_2b,first approved+drained by hardcoded drain wallet in June 2026 (bytecode identical to campaign_2a)
avalanche,0x9b5d8a16a537e0e774f6b6d1ddb9fc96522c9018,campaign_2b,first approved+drained by hardcoded drain wallet in June 2026 (bytecode identical to campaign_2a)
avalanche,0x9b811ad9403c15c8906f14875efd31bdb58843d0,campaign_2b,first approved+drained by hardcoded drain wallet in June 2026 (bytecode identical to campaign_2a)
avalanche,0x9bb1935ed2d8ab7674df1c30af4180cf14b4b267,campaign_2b,first approved+drained by hardcoded drain wallet in June 2026 (bytecode identical to campaign_2a)
avalanche,0x9bb649505e594bf46f61f69393cc6f96f55e1cf7,campaign_2b,first approved+drained by hardcoded drain wallet in June 2026 (bytecode identical to campaign_2a)
avalanche,0x9bc114b16a72952f0f9a0958e351b6e251bb6918,campaign_2b,first approved+drained by hardcoded drain wallet in June 2026 (bytecode identical to campaign_2a)
avalanche,0x9bcea5f9da32ef4762ef492d22ef140eb6754b69,campaign_2b,first approved+drained by hardcoded drain wallet in June 2026 (bytecode identical to campaign_2a)
avalanche,0x9c188405c213bb0da991e18cf747dc4afcb2f8db,campaign_2b,first approved+drained by hardcoded drain wallet in June 2026 (bytecode identical to campaign_2a)
avalanche,0x9c54db6a55bb11666ca7e49715d35bafe01a0870,campaign_2b,first approved+drained by hardcoded drain wallet in June 2026 (bytecode identical to campaign_2a)
avalanche,0x9c76cb64d515d426d5cecfbb3253cd623e3e10bf,campaign_2b,first approved+drained by hardcoded drain wallet in June 2026 (bytecode identical to campaign_2a)
avalanche,0x9c7e92282dfc5fe86ba831746422f0dce3c1755e,campaign_2b,first approved+drained by hardcoded drain wallet in June 2026 (bytecode identical to campaign_2a)
avalanche,0x9c9c85123e22ea2c890776937abc64f312d94e39,campaign_2b,first approved+drained by hardcoded drain wallet in June 2026 (bytecode identical to campaign_2a)
avalanche,0x9cc989d46b35b820829a332ac8e53b31695e987b,campaign_2b,first approved+drained by hardcoded drain wallet in June 2026 (bytecode identical to campaign_2a)
avalanche,0x9cdf66d42edaf3d91ebdd226800ceb29640b1517,campaign_2b,first approved+drained by hardcoded drain wallet in June 2026 (bytecode identical to campaign_2a)
avalanche,0x9cecd47acf7acf9a71a873c279f678e3eb8bba3e,campaign_2b,first approved+drained by hardcoded drain wallet in June 2026 (bytecode identical to campaign_2a)
avalanche,0x9cee3db8e55b54af7d7e5d0006fbe5f554ae6aef,campaign_2b,first approved+drained by hardcoded drain wallet in June 2026 (bytecode identical to campaign_2a)
avalanche,0x9d045af4dbdbbe4eda64f4a34251546340ec186d,campaign_2b,first approved+drained by hardcoded drain wallet in June 2026 (bytecode identical to campaign_2a)
avalanche,0x9d05d0f1e84d5d85aeaacdb801d0c4109dfbcf88,campaign_2b,first approved+drained by hardcoded drain wallet in June 2026 (bytecode identical to campaign_2a)
avalanche,0x9d24287287b52addf43014c657a87ecf71d5a293,campaign_2b,first approved+drained by hardcoded drain wallet in June 2026 (bytecode identical to campaign_2a)
avalanche,0x9d2c9563fa6e622aff39386d19f0906af9d46505,campaign_2b,first approved+drained by hardcoded drain wallet in June 2026 (bytecode identical to campaign_2a)
avalanche,0x9d3a26e9fa3d1e9583e8bc3a5e1fc497539d92cf,campaign_2b,first approved+drained by hardcoded drain wallet in June 2026 (bytecode identical to campaign_2a)
avalanche,0x9d4493eedc1bef84f53e0f7b806012e54b34ccad,campaign_2b,first approved+drained by hardcoded drain wallet in June 2026 (bytecode identical to campaign_2a)
avalanche,0x9d47152367e1c01fd2a46e2d158ecbe9bcb15035,campaign_2b,first approved+drained by hardcoded drain wallet in June 2026 (bytecode identical to campaign_2a)
avalanche,0x9d6e8ca9c96a7069b6475da813f82faacda3e544,campaign_2b,first approved+drained by hardcoded drain wallet in June 2026 (bytecode identical to campaign_2a)
avalanche,0x9da5ea7618fa790616ec02865028317a5ebf1870,campaign_2b,first approved+drained by hardcoded drain wallet in June 2026 (bytecode identical to campaign_2a)
avalanche,0x9dfb415e02584d3ab075a63b5ea03bcb1d36c6e8,campaign_2b,first approved+drained by hardcoded drain wallet in June 2026 (bytecode identical to campaign_2a)
avalanche,0x9e814968e2137da478231d526f8f82e882d21721,campaign_2b,first approved+drained by hardcoded drain wallet in June 2026 (bytecode identical to campaign_2a)
avalanche,0x9e8b96d488f6767be24b6f89a7896c37954e9746,campaign_2b,first approved+drained by hardcoded drain wallet in June 2026 (bytecode identical to campaign_2a)
avalanche,0x9e96b18de208f6efc3d5a6024af62bf462133258,campaign_2b,first approved+drained by hardcoded drain wallet in June 2026 (bytecode identical to campaign_2a)
avalanche,0x9e9c9fa9e64cfd8aa9a019d4672c770645523547,campaign_2b,first approved+drained by hardcoded drain wallet in June 2026 (bytecode identical to campaign_2a)
avalanche,0x9ef827bfac29eb91dd9754401438a404c8cc7748,campaign_2b,first approved+drained by hardcoded drain wallet in June 2026 (bytecode identical to campaign_2a)
avalanche,0x9f252debbe4320c91d46a6c2c18bb2af10e95e5d,campaign_2b,first approved+drained by hardcoded drain wallet in June 2026 (bytecode identical to campaign_2a)
avalanche,0x9f3447ae019c5e4916c5e70f2073e69e375192ef,campaign_2b,first approved+drained by hardcoded drain wallet in June 2026 (bytecode identical to campaign_2a)
avalanche,0x9fa0e0ba87ad9f72838c4ba3dc6bedd921c10232,campaign_2b,first approved+drained by hardcoded drain wallet in June 2026 (bytecode identical to campaign_2a)
avalanche,0x9fbc521c944ce921d443c529a731119fbccffaa9,campaign_2b,first approved+drained by hardcoded drain wallet in June 2026 (bytecode identical to campaign_2a)
avalanche,0xa006abaed8afa6992a40838a0073c9c91a44b136,campaign_2b,first approved+drained by hardcoded drain wallet in June 2026 (bytecode identical to campaign_2a)
avalanche,0xa01686eb94cabcd3e2f458272fa4a2e13e1ae5b7,campaign_2b,first approved+drained by hardcoded drain wallet in June 2026 (bytecode identical to campaign_2a)
avalanche,0xa08d45e642aba65d2b0bad47acac77ebd8f552b3,campaign_2b,first approved+drained by hardcoded drain wallet in June 2026 (bytecode identical to campaign_2a)
avalanche,0xa10a763e92f55fe4b04db3d5aeef7fdc88dad6da,campaign_2b,first approved+drained by hardcoded drain wallet in June 2026 (bytecode identical to campaign_2a)
avalanche,0xa1236840acad47a51a5461cc322e2bee3273f05e,campaign_2b,first approved+drained by hardcoded drain wallet in June 2026 (bytecode identical to campaign_2a)
avalanche,0xa15cd3496696bebcf99b24ad18409684cbe76686,campaign_2b,first approved+drained by hardcoded drain wallet in June 2026 (bytecode identical to campaign_2a)
avalanche,0xa166a47895c1cd4d9aac7339a480ce1a0d5b4211,campaign_2b,first approved+drained by hardcoded drain wallet in June 2026 (bytecode identical to campaign_2a)
avalanche,0xa1786a4b72166d0e320ebd6d5ea3ef0260265efa,campaign_2b,first approved+drained by hardcoded drain wallet in June 2026 (bytecode identical to campaign_2a)
avalanche,0xa18dfef73d18cc56056c5592f18f9d7468f8cfd0,campaign_2b,first approved+drained by hardcoded drain wallet in June 2026 (bytecode identical to campaign_2a)
avalanche,0xa1b373f7136f1c124d1b4492e8120f332e1feb6d,campaign_2b,first approved+drained by hardcoded drain wallet in June 2026 (bytecode identical to campaign_2a)
avalanche,0xa1df27dbcdacab4a5ce089746e49d9d23873c420,campaign_2b,first approved+drained by hardcoded drain wallet in June 2026 (bytecode identical to campaign_2a)
avalanche,0xa2356e89b8d892e0818bb829b64e0fafaa9455e2,campaign_2b,first approved+drained by hardcoded drain wallet in June 2026 (bytecode identical to campaign_2a)
avalanche,0xa2397e6af4427c6fbecb2bb43f96db8ac7113529,campaign_2b,first approved+drained by hardcoded drain wallet in June 2026 (bytecode identical to campaign_2a)
avalanche,0xa2558e0c6d5ca27922a4133618815a31eae3c140,campaign_2b,first approved+drained by hardcoded drain wallet in June 2026 (bytecode identical to campaign_2a)
avalanche,0xa25ac7b217cb555b242492aeaaffaf249ff57136,campaign_2b,first approved+drained by hardcoded drain wallet in June 2026 (bytecode identical to campaign_2a)
avalanche,0xa2626a35d344d0c5ec9d9e5d8d3c4ca74c08d642,campaign_2b,first approved+drained by hardcoded drain wallet in June 2026 (bytecode identical to campaign_2a)
avalanche,0xa263a87f623823a0777bc4651849f525284841cb,campaign_2b,first approved+drained by hardcoded drain wallet in June 2026 (bytecode identical to campaign_2a)
avalanche,0xa27ecc42edc44b7cf92b9335fa1c967bb6200837,campaign_2b,first approved+drained by hardcoded drain wallet in June 2026 (bytecode identical to campaign_2a)
avalanche,0xa2999ded39db7ac1f60768926fad61f5c2cf900b,campaign_2b,first approved+drained by hardcoded drain wallet in June 2026 (bytecode identical to campaign_2a)
avalanche,0xa2a553b84a7476e3c830abc10ab6bd3216bcc1df,campaign_2b,first approved+drained by hardcoded drain wallet in June 2026 (bytecode identical to campaign_2a)
avalanche,0xa2abcd37d8c4ad3a620b03ee42e17345c1be96e8,campaign_2b,first approved+drained by hardcoded drain wallet in June 2026 (bytecode identical to campaign_2a)
avalanche,0xa2b470504cd8945e5412da2195d608b1a8feca0b,campaign_2b,first approved+drained by hardcoded drain wallet in June 2026 (bytecode identical to campaign_2a)
avalanche,0xa2cfe0ee2da13e61155c5f003acc35d5dad59749,campaign_2b,first approved+drained by hardcoded drain wallet in June 2026 (bytecode identical to campaign_2a)
avalanche,0xa2e9cf88bd78e07ed9c3139bfe120ab7dab410ea,campaign_2b,first approved+drained by hardcoded drain wallet in June 2026 (bytecode identical to campaign_2a)
avalanche,0xa2f2957ab04df85b802cbe0546e0958b750ab393,campaign_2b,first approved+drained by hardcoded drain wallet in June 2026 (bytecode identical to campaign_2a)
avalanche,0xa332391145e3c9f90ea9fdaaa5552b764580a296,campaign_2b,first approved+drained by hardcoded drain wallet in June 2026 (bytecode identical to campaign_2a)
avalanche,0xa3475113ff6dcb6eff998e06a888004300a6b2c6,campaign_2b,first approved+drained by hardcoded drain wallet in June 2026 (bytecode identical to campaign_2a)
avalanche,0xa3662945035b5ebb5c0b3c75ad4afa0f0306bcb6,campaign_2b,first approved+drained by hardcoded drain wallet in June 2026 (bytecode identical to campaign_2a)
avalanche,0xa375d7828f3b6a3cb0a57343b4a5e54ee451a4d8,campaign_2b,first approved+drained by hardcoded drain wallet in June 2026 (bytecode identical to campaign_2a)
avalanche,0xa39354cada4fecf379003fceb23e47b5d9951de4,campaign_2b,first approved+drained by hardcoded drain wallet in June 2026 (bytecode identical to campaign_2a)
avalanche,0xa3a73ec5b5b9410fcd0f368d88e6738089d70afc,campaign_2b,first approved+drained by hardcoded drain wallet in June 2026 (bytecode identical to campaign_2a)
avalanche,0xa3bc5c667ee779dd7d6627580ee8f063e907e829,campaign_2b,first approved+drained by hardcoded drain wallet in June 2026 (bytecode identical to campaign_2a)
avalanche,0xa3f0713d747024380263e714b77f2d26e6d7560c,campaign_2b,first approved+drained by hardcoded drain wallet in June 2026 (bytecode identical to campaign_2a)
avalanche,0xa41ec624aa82e5cd10d6f14fec3758d3d2866c1a,campaign_2b,first approved+drained by hardcoded drain wallet in June 2026 (bytecode identical to campaign_2a)
avalanche,0xa4347cec618c28ecfb691db9a63bb9875209664d,campaign_2b,first approved+drained by hardcoded drain wallet in June 2026 (bytecode identical to campaign_2a)
avalanche,0xa44a3f3421b6ebff144c218213e084ff6a09d1dc,campaign_2b,first approved+drained by hardcoded drain wallet in June 2026 (bytecode identical to campaign_2a)
avalanche,0xa48a189717590ddd282b5562a63068089b77b005,campaign_2b,first approved+drained by hardcoded drain wallet in June 2026 (bytecode identical to campaign_2a)
avalanche,0xa4bfe8fd1c73150dec0dcc619efcf2db96c6c95f,campaign_2b,first approved+drained by hardcoded drain wallet in June 2026 (bytecode identical to campaign_2a)
avalanche,0xa4d2118d0ce62fa4e6d06fc1cb5e14a5be2c8095,campaign_2b,first approved+drained by hardcoded drain wallet in June 2026 (bytecode identical to campaign_2a)
avalanche,0xa54fdd04a377bd96dd0ebf83956eb270fb83e7c0,campaign_2b,first approved+drained by hardcoded drain wallet in June 2026 (bytecode identical to campaign_2a)
avalanche,0xa5cfb12f0f125a1218a87d798bb90270cc0459bf,campaign_2b,first approved+drained by hardcoded drain wallet in June 2026 (bytecode identical to campaign_2a)
avalanche,0xa5f36d44cd564468bcf519514ca7b7488c7de8ef,campaign_2b,first approved+drained by hardcoded drain wallet in June 2026 (bytecode identical to campaign_2a)
avalanche,0xa5fba26673122fba70a8cba3f4d76f6ad229cb11,campaign_2b,first approved+drained by hardcoded drain wallet in June 2026 (bytecode identical to campaign_2a)
avalanche,0xa605ee0c7632b254f5ceaf79cc0b7f60bda0ca26,campaign_2b,first approved+drained by hardcoded drain wallet in June 2026 (bytecode identical to campaign_2a)
avalanche,0xa653feebc15d4bb0bc290d7f629b0fb8cec7e71a,campaign_2b,first approved+drained by hardcoded drain wallet in June 2026 (bytecode identical to campaign_2a)
avalanche,0xa65acf419e558fc485308be3c3105e35e471ccdf,campaign_2b,first approved+drained by hardcoded drain wallet in June 2026 (bytecode identical to campaign_2a)
avalanche,0xa6971951510a00f0c441a3642144037f4b2a33ed,campaign_2b,first approved+drained by hardcoded drain wallet in June 2026 (bytecode identical to campaign_2a)
avalanche,0xa6aa6edac94e88767cfacf02a17b64758bcf94f6,campaign_2b,first approved+drained by hardcoded drain wallet in June 2026 (bytecode identical to campaign_2a)
avalanche,0xa6e0f009946e97081e5fb0f022c2ced92fe06255,campaign_2b,first approved+drained by hardcoded drain wallet in June 2026 (bytecode identical to campaign_2a)
avalanche,0xa6f07736f9cfb035af8e492603df6c603c3d4672,campaign_2b,first approved+drained by hardcoded drain wallet in June 2026 (bytecode identical to campaign_2a)
avalanche,0xa72ea6242054c69deb7b83b6a6dfea0536bd4162,campaign_2b,first approved+drained by hardcoded drain wallet in June 2026 (bytecode identical to campaign_2a)
avalanche,0xa7593ba54a0bbbf019b2176d72f5b83ecefea604,campaign_2b,first approved+drained by hardcoded drain wallet in June 2026 (bytecode identical to campaign_2a)
avalanche,0xa795bfc094cae5f37bde6e21cfa9cce1e1b547c5,campaign_2b,first approved+drained by hardcoded drain wallet in June 2026 (bytecode identical to campaign_2a)
avalanche,0xa7be7acb63a6de6c65d0d21a1915b7db56a03103,campaign_2b,first approved+drained by hardcoded drain wallet in June 2026 (bytecode identical to campaign_2a)
avalanche,0xa7e77261de1c6549262851aea61b98b3812e10ff,campaign_2b,first approved+drained by hardcoded drain wallet in June 2026 (bytecode identical to campaign_2a)
avalanche,0xa7fb255eff1a03d314cc5166a40fec0ba167b874,campaign_2b,first approved+drained by hardcoded drain wallet in June 2026 (bytecode identical to campaign_2a)
avalanche,0xa8080fccd1efed890e373f086cc8a49dcd226061,campaign_2b,first approved+drained by hardcoded drain wallet in June 2026 (bytecode identical to campaign_2a)
avalanche,0xa8242737eb14a3d7e19e53aeff4c6b280c00df7a,campaign_2b,first approved+drained by hardcoded drain wallet in June 2026 (bytecode identical to campaign_2a)
avalanche,0xa848e3abf2cb71150b968118353a7f2cf9896b47,campaign_2b,first approved+drained by hardcoded drain wallet in June 2026 (bytecode identical to campaign_2a)
avalanche,0xa867787613694be406e287dbde2236d4daa3ac2c,campaign_2b,first approved+drained by hardcoded drain wallet in June 2026 (bytecode identical to campaign_2a)
avalanche,0xa87a411ac55ed93f6ac5d711b26cf03be3a5e733,campaign_2b,first approved+drained by hardcoded drain wallet in June 2026 (bytecode identical to campaign_2a)
avalanche,0xa8a4b9471ecb1946392009d555c39d2c7ef72fd3,campaign_2b,first approved+drained by hardcoded drain wallet in June 2026 (bytecode identical to campaign_2a)
avalanche,0xa8b95a10720d4c28c7ea4df4d568229405a78fbb,campaign_2b,first approved+drained by hardcoded drain wallet in June 2026 (bytecode identical to campaign_2a)
avalanche,0xa8dc0df03b5f78914098b026ed6882835273f210,campaign_2b,first approved+drained by hardcoded drain wallet in June 2026 (bytecode identical to campaign_2a)
avalanche,0xa8edc7a6da2e7108f091ae3bad849f1b1036f06e,campaign_2b,first approved+drained by hardcoded drain wallet in June 2026 (bytecode identical to campaign_2a)
avalanche,0xa9275a62a660d4c11b7bd7000488863be4a3517b,campaign_2b,first approved+drained by hardcoded drain wallet in June 2026 (bytecode identical to campaign_2a)
avalanche,0xa95d3f4c4a943c5b471145d79f1a9dec04c2fe06,campaign_2b,first approved+drained by hardcoded drain wallet in June 2026 (bytecode identical to campaign_2a)
avalanche,0xa95e8affd0974dcb92c987826faf7d8188bbab35,campaign_2b,first approved+drained by hardcoded drain wallet in June 2026 (bytecode identical to campaign_2a)
avalanche,0xa978ca68e0bd7be7bd137d9a30e300b9df5c35e3,campaign_2b,first approved+drained by hardcoded drain wallet in June 2026 (bytecode identical to campaign_2a)
avalanche,0xa97af9e223c536b8e21927f6589cf0272dcf3b4d,campaign_2b,first approved+drained by hardcoded drain wallet in June 2026 (bytecode identical to campaign_2a)
avalanche,0xa9e239b13dcc40723abdc04254b2e49e06d04fef,campaign_2b,first approved+drained by hardcoded drain wallet in June 2026 (bytecode identical to campaign_2a)
avalanche,0xa9f088241350139e13631f288a3c903d606633c1,campaign_2b,first approved+drained by hardcoded drain wallet in June 2026 (bytecode identical to campaign_2a)
avalanche,0xaa93372cff1142dd12b9540db2c49c922fe38f5b,campaign_2b,first approved+drained by hardcoded drain wallet in June 2026 (bytecode identical to campaign_2a)
avalanche,0xaae42bf73c563e22856c0356b9a6d8ef4e670206,campaign_2b,first approved+drained by hardcoded drain wallet in June 2026 (bytecode identical to campaign_2a)
avalanche,0xaafe62409e5a2f7faea43aa2ba6e850d0de7f236,campaign_2b,first approved+drained by hardcoded drain wallet in June 2026 (bytecode identical to campaign_2a)
avalanche,0xab0911e03f45a4f51501c2998ba935c566c70fd1,campaign_2b,first approved+drained by hardcoded drain wallet in June 2026 (bytecode identical to campaign_2a)
avalanche,0xab1baab4e6be03f1713188c0e20eb9119b24708c,campaign_2b,first approved+drained by hardcoded drain wallet in June 2026 (bytecode identical to campaign_2a)
avalanche,0xabac96ae59a5a1ace44914deb6ef64019e7ef656,campaign_2b,first approved+drained by hardcoded drain wallet in June 2026 (bytecode identical to campaign_2a)
avalanche,0xac08a97737e07cc9913e7b2444e7e46cedd5b366,campaign_2b,first approved+drained by hardcoded drain wallet in June 2026 (bytecode identical to campaign_2a)
avalanche,0xacfaca87bf6738229ca47531d5d938ceaed2d9ee,campaign_2b,first approved+drained by hardcoded drain wallet in June 2026 (bytecode identical to campaign_2a)
avalanche,0xad0a894584c7009bc54ce90bf0d366165cb14f16,campaign_2b,first approved+drained by hardcoded drain wallet in June 2026 (bytecode identical to campaign_2a)
avalanche,0xad13e7a2e9fb50cc5ef6293b80b783fafdec8bfb,campaign_2b,first approved+drained by hardcoded drain wallet in June 2026 (bytecode identical to campaign_2a)
avalanche,0xad53b62c76f248bc52f957b3d222e83504aa0130,campaign_2b,first approved+drained by hardcoded drain wallet in June 2026 (bytecode identical to campaign_2a)
avalanche,0xadcf79edbb94a6bff1f35ac7113b8c2f5bc9c0af,campaign_2b,first approved+drained by hardcoded drain wallet in June 2026 (bytecode identical to campaign_2a)
avalanche,0xadd9739128f721de889397c2b7611e50204c629f,campaign_2b,first approved+drained by hardcoded drain wallet in June 2026 (bytecode identical to campaign_2a)
avalanche,0xadf7a24c3b6b96922ae1233d5b3b23c93629d79e,campaign_2b,first approved+drained by hardcoded drain wallet in June 2026 (bytecode identical to campaign_2a)
avalanche,0xae079d19f43eb5d4e481b38bf73aabc624c668c6,campaign_2b,first approved+drained by hardcoded drain wallet in June 2026 (bytecode identical to campaign_2a)
avalanche,0xae1b30a7d3d077a858082252860c2a5adf13c337,campaign_2b,first approved+drained by hardcoded drain wallet in June 2026 (bytecode identical to campaign_2a)
avalanche,0xae218e29c6180483cea3a74bf1f90352891a3ab4,campaign_2b,first approved+drained by hardcoded drain wallet in June 2026 (bytecode identical to campaign_2a)
avalanche,0xae26e027995576ad3f449363762648fc00d345d1,campaign_2b,first approved+drained by hardcoded drain wallet in June 2026 (bytecode identical to campaign_2a)
avalanche,0xae7827871e5a76d58af2a21beb8d0144152f5c9f,campaign_2b,first approved+drained by hardcoded drain wallet in June 2026 (bytecode identical to campaign_2a)
avalanche,0xae88a244677c0bee7773dc230da4e6d9f1c0f6b5,campaign_2b,first approved+drained by hardcoded drain wallet in June 2026 (bytecode identical to campaign_2a)
avalanche,0xaed9f0106ad4476ca6352ba9886726d8e3387317,campaign_2b,first approved+drained by hardcoded drain wallet in June 2026 (bytecode identical to campaign_2a)
avalanche,0xaeec326b5f8fb6952118b8da7615e8168a76bc3e,campaign_2b,first approved+drained by hardcoded drain wallet in June 2026 (bytecode identical to campaign_2a)
avalanche,0xaef89da876a7ae87eb9ab6314296aa77aef8c050,campaign_2b,first approved+drained by hardcoded drain wallet in June 2026 (bytecode identical to campaign_2a)
avalanche,0xaf4bf02bca15e49e7e9d93fa069f1cb400f1aa30,campaign_2b,first approved+drained by hardcoded drain wallet in June 2026 (bytecode identical to campaign_2a)
avalanche,0xaf50eaf0a4673ee6af5985ff23740da4885dbcd7,campaign_2b,first approved+drained by hardcoded drain wallet in June 2026 (bytecode identical to campaign_2a)
avalanche,0xaf5d544267f5fff0350e13236a3e8c39d421d3aa,campaign_2b,first approved+drained by hardcoded drain wallet in June 2026 (bytecode identical to campaign_2a)
avalanche,0xaf6439f1eb6eca8cce1c27ef8c5fed7eeef5d04b,campaign_2b,first approved+drained by hardcoded drain wallet in June 2026 (bytecode identical to campaign_2a)
avalanche,0xaf6d0981365d4e40bebd85c4d8b5ef7decd83217,campaign_2b,first approved+drained by hardcoded drain wallet in June 2026 (bytecode identical to campaign_2a)
avalanche,0xaf7707dc8c6d0a7ac8c9558d89bdd65aaefd7d9a,campaign_2b,first approved+drained by hardcoded drain wallet in June 2026 (bytecode identical to campaign_2a)
avalanche,0xafbaaaf35d32a853ada6f8fe62687544996f6e45,campaign_2b,first approved+drained by hardcoded drain wallet in June 2026 (bytecode identical to campaign_2a)
avalanche,0xafbbe2ba075822de252d97aaee6c58ccd69475ef,campaign_2b,first approved+drained by hardcoded drain wallet in June 2026 (bytecode identical to campaign_2a)
avalanche,0xb04179b934600db91438d8c51e1808f12b4692ab,campaign_2b,first approved+drained by hardcoded drain wallet in June 2026 (bytecode identical to campaign_2a)
avalanche,0xb06717402b63c805eb62567d4c1e6b008c1082e8,campaign_2b,first approved+drained by hardcoded drain wallet in June 2026 (bytecode identical to campaign_2a)
avalanche,0xb0693973d1e900846db5a36b985dc037de4670b5,campaign_2b,first approved+drained by hardcoded drain wallet in June 2026 (bytecode identical to campaign_2a)
avalanche,0xb08af426df74f649a52603c7e951b18ce7d06fda,campaign_2b,first approved+drained by hardcoded drain wallet in June 2026 (bytecode identical to campaign_2a)
avalanche,0xb0954ff8c21ad62bf2f81109b74f21df498448eb,campaign_2b,first approved+drained by hardcoded drain wallet in June 2026 (bytecode identical to campaign_2a)
avalanche,0xb0a201e76cfb34e0ee1c208122cdc31719dd2a30,campaign_2b,first approved+drained by hardcoded drain wallet in June 2026 (bytecode identical to campaign_2a)
avalanche,0xb0b4a1dfd9e627484a7fdb7200f84c736b6f5e19,campaign_2b,first approved+drained by hardcoded drain wallet in June 2026 (bytecode identical to campaign_2a)
avalanche,0xb0b54d884ad636a11f9f6278291f0adfb1a2cfad,campaign_2b,first approved+drained by hardcoded drain wallet in June 2026 (bytecode identical to campaign_2a)
avalanche,0xb0dbaab5dc005c5e9758aa0f535222ba0ac74049,campaign_2b,first approved+drained by hardcoded drain wallet in June 2026 (bytecode identical to campaign_2a)
avalanche,0xb0dc8f4f5570e580963953d02848bf96ae7efe64,campaign_2b,first approved+drained by hardcoded drain wallet in June 2026 (bytecode identical to campaign_2a)
avalanche,0xb0f7bd92f60a5fd9856be1fb3dd968543b5076ae,campaign_2b,first approved+drained by hardcoded drain wallet in June 2026 (bytecode identical to campaign_2a)
avalanche,0xb103576396cb4308b8534a58175a1fb443c21a16,campaign_2b,first approved+drained by hardcoded drain wallet in June 2026 (bytecode identical to campaign_2a)
avalanche,0xb10d3594e7a96530c2fbfbda53a38be7cfcef403,campaign_2b,first approved+drained by hardcoded drain wallet in June 2026 (bytecode identical to campaign_2a)
avalanche,0xb1503d5c86e3e623c7860468685aefb86eddc8e8,campaign_2b,first approved+drained by hardcoded drain wallet in June 2026 (bytecode identical to campaign_2a)
avalanche,0xb1d5fb2b02f70bcfa7e5ea10ad6d69f9b683705f,campaign_2b,first approved+drained by hardcoded drain wallet in June 2026 (bytecode identical to campaign_2a)
avalanche,0xb1fc8e1227eab4428aee78b76188259219ac8a30,campaign_2b,first approved+drained by hardcoded drain wallet in June 2026 (bytecode identical to campaign_2a)
avalanche,0xb20be6e693ff9ce9e3c933b0a14a364ff00b1822,campaign_2b,first approved+drained by hardcoded drain wallet in June 2026 (bytecode identical to campaign_2a)
avalanche,0xb32fb41f735a248c944fda5c48685960ff650386,campaign_2b,first approved+drained by hardcoded drain wallet in June 2026 (bytecode identical to campaign_2a)
avalanche,0xb346ed756a94e066096d5f69773e5fd81ff23218,campaign_2b,first approved+drained by hardcoded drain wallet in June 2026 (bytecode identical to campaign_2a)
avalanche,0xb36e47143213a325d074ec966f121686da8646c8,campaign_2b,first approved+drained by hardcoded drain wallet in June 2026 (bytecode identical to campaign_2a)
avalanche,0xb38a254fd60ff45b949a5e74b12a936d1859bd23,campaign_2b,first approved+drained by hardcoded drain wallet in June 2026 (bytecode identical to campaign_2a)
avalanche,0xb38f1604b9d5a5826f2ddc4532e3c5b988953f72,campaign_2b,first approved+drained by hardcoded drain wallet in June 2026 (bytecode identical to campaign_2a)
avalanche,0xb3b87f4c5f40e6544c26baf55cd32a51cff1ac3f,campaign_2b,first approved+drained by hardcoded drain wallet in June 2026 (bytecode identical to campaign_2a)
avalanche,0xb3d46b660dd8878fa8e0177bafaf66f7ca84607a,campaign_2b,first approved+drained by hardcoded drain wallet in June 2026 (bytecode identical to campaign_2a)
avalanche,0xb3eee45db217b488556abe82748c2a3622749999,campaign_2b,first approved+drained by hardcoded drain wallet in June 2026 (bytecode identical to campaign_2a)
avalanche,0xb43a2c3ee062e210141aba779facc8a995636655,campaign_2b,first approved+drained by hardcoded drain wallet in June 2026 (bytecode identical to campaign_2a)
avalanche,0xb49eaae646b4bca136e38a28be8b8462c40d7f67,campaign_2b,first approved+drained by hardcoded drain wallet in June 2026 (bytecode identical to campaign_2a)
avalanche,0xb4a0be83bcc90048d35f4060bd4d3c4352084a5c,campaign_2b,first approved+drained by hardcoded drain wallet in June 2026 (bytecode identical to campaign_2a)
avalanche,0xb4b4dd4613796d5599ef337a308b49329fbd4f07,campaign_2b,first approved+drained by hardcoded drain wallet in June 2026 (bytecode identical to campaign_2a)
avalanche,0xb5092bbd489ce474e9a765ac49855a45d3be2ef3,campaign_2b,first approved+drained by hardcoded drain wallet in June 2026 (bytecode identical to campaign_2a)
avalanche,0xb54d9f45c567bdf8b5610008833e9902b338dce5,campaign_2b,first approved+drained by hardcoded drain wallet in June 2026 (bytecode identical to campaign_2a)
avalanche,0xb555d8cfcfab16f16d2f95dab114065e1c13b55a,campaign_2b,first approved+drained by hardcoded drain wallet in June 2026 (bytecode identical to campaign_2a)
avalanche,0xb58f0f84dfd48dc840757137be9dba6e37848c05,campaign_2b,first approved+drained by hardcoded drain wallet in June 2026 (bytecode identical to campaign_2a)
avalanche,0xb5c02766e1ab004452815ce9a45efc2df4250814,campaign_2b,first approved+drained by hardcoded drain wallet in June 2026 (bytecode identical to campaign_2a)
avalanche,0xb5c66d2a5ad62b3869a308e442c2fa1750c976ca,campaign_2b,first approved+drained by hardcoded drain wallet in June 2026 (bytecode identical to campaign_2a)
avalanche,0xb63b6291f62fdb6d208bd02f955d95c1ab425866,campaign_2b,first approved+drained by hardcoded drain wallet in June 2026 (bytecode identical to campaign_2a)
avalanche,0xb68da168106631f52f6ba96788abc3bb3c289cfb,campaign_2b,first approved+drained by hardcoded drain wallet in June 2026 (bytecode identical to campaign_2a)
avalanche,0xb69353397a0cee46b049d3f0bb613fc389aeb62d,campaign_2b,first approved+drained by hardcoded drain wallet in June 2026 (bytecode identical to campaign_2a)
avalanche,0xb6a1e312201fc5cedae46faa1b8e4d90f739b69d,campaign_2b,first approved+drained by hardcoded drain wallet in June 2026 (bytecode identical to campaign_2a)
avalanche,0xb6acb4409959add8705ad69a65f55c2ee95debf9,campaign_2b,first approved+drained by hardcoded drain wallet in June 2026 (bytecode identical to campaign_2a)
avalanche,0xb6b2cb1a00f2850dee65a9c92da137d95de8b273,campaign_2b,first approved+drained by hardcoded drain wallet in June 2026 (bytecode identical to campaign_2a)
avalanche,0xb6e98c9797d8f1cb500eccba6e9cff12e9129276,campaign_2b,first approved+drained by hardcoded drain wallet in June 2026 (bytecode identical to campaign_2a)
avalanche,0xb6f12b5e8ea56f33aba7e76fc5c55b97e4943a7f,campaign_2b,first approved+drained by hardcoded drain wallet in June 2026 (bytecode identical to campaign_2a)
avalanche,0xb75eff75dc5ce8d52ce4609f22bfc10f48cef485,campaign_2b,first approved+drained by hardcoded drain wallet in June 2026 (bytecode identical to campaign_2a)
avalanche,0xb79f4ad1db08f9d154ff353229aad415b63ee31f,campaign_2b,first approved+drained by hardcoded drain wallet in June 2026 (bytecode identical to campaign_2a)
avalanche,0xb7b420821963954e52aaacf7bc9f93427e46b3e9,campaign_2b,first approved+drained by hardcoded drain wallet in June 2026 (bytecode identical to campaign_2a)
avalanche,0xb7feabc5884ff89f069347fba3e17bb55d6e1bda,campaign_2b,first approved+drained by hardcoded drain wallet in June 2026 (bytecode identical to campaign_2a)
avalanche,0xb878201b3abd7c16b0d03d03cc76f153ccb0362f,campaign_2b,first approved+drained by hardcoded drain wallet in June 2026 (bytecode identical to campaign_2a)
avalanche,0xb882ce89a3e3ab4060ca92b3078b06650a340f77,campaign_2b,first approved+drained by hardcoded drain wallet in June 2026 (bytecode identical to campaign_2a)
avalanche,0xb8986fa719a8f9cd86fe7aee74b3979bcce0fbc0,campaign_2b,first approved+drained by hardcoded drain wallet in June 2026 (bytecode identical to campaign_2a)
avalanche,0xb93c5cddca48182f648501d445cc165809f32519,campaign_2b,first approved+drained by hardcoded drain wallet in June 2026 (bytecode identical to campaign_2a)
avalanche,0xb9499a865ad078cae0e4cd5c88abfec15ed110eb,campaign_2b,first approved+drained by hardcoded drain wallet in June 2026 (bytecode identical to campaign_2a)
avalanche,0xb95950fa14236bd5ccf27b75ccb53052444dd280,campaign_2b,first approved+drained by hardcoded drain wallet in June 2026 (bytecode identical to campaign_2a)
avalanche,0xb9a6c1aaac544b0360fc5246072f87d2a1f04f2a,campaign_2b,first approved+drained by hardcoded drain wallet in June 2026 (bytecode identical to campaign_2a)
avalanche,0xb9c330e9c361617beeb9ba70dde0b8778a8cc47d,campaign_2b,first approved+drained by hardcoded drain wallet in June 2026 (bytecode identical to campaign_2a)
avalanche,0xb9d08e1a02f880f032a504ed272c2023239f4336,campaign_2b,first approved+drained by hardcoded drain wallet in June 2026 (bytecode identical to campaign_2a)
avalanche,0xba2b7138ca3f4612419c2afe72dbbc5b565d24e8,campaign_2b,first approved+drained by hardcoded drain wallet in June 2026 (bytecode identical to campaign_2a)
avalanche,0xba64408ae797285793ea84c041a01c97290b92cf,campaign_2b,first approved+drained by hardcoded drain wallet in June 2026 (bytecode identical to campaign_2a)
avalanche,0xba995a4c5da1b0fb75677459dcb60894b5e70081,campaign_2b,first approved+drained by hardcoded drain wallet in June 2026 (bytecode identical to campaign_2a)
avalanche,0xba9e525844297f48e209705bbee97ce915d257d3,campaign_2b,first approved+drained by hardcoded drain wallet in June 2026 (bytecode identical to campaign_2a)
avalanche,0xbacc96ce9641031cda6a1b47e5aa120abaaa38bf,campaign_2b,first approved+drained by hardcoded drain wallet in June 2026 (bytecode identical to campaign_2a)
avalanche,0xbad2b2bad6797be465fe3440fb37ebf48b410eb6,campaign_2b,first approved+drained by hardcoded drain wallet in June 2026 (bytecode identical to campaign_2a)
avalanche,0xbae1299974276809b2f986e0f3c30af150f8aff2,campaign_2b,first approved+drained by hardcoded drain wallet in June 2026 (bytecode identical to campaign_2a)
avalanche,0xbb0b4e6042ac59051fd2ab2b68b3cbd12ad148bf,campaign_2b,first approved+drained by hardcoded drain wallet in June 2026 (bytecode identical to campaign_2a)
avalanche,0xbb0ca9282d619e3e13e801cf56ad7531ad48c17e,campaign_2b,first approved+drained by hardcoded drain wallet in June 2026 (bytecode identical to campaign_2a)
avalanche,0xbb3cd2965b52c4267d14cc796ca01aa7e7c13dd5,campaign_2b,first approved+drained by hardcoded drain wallet in June 2026 (bytecode identical to campaign_2a)
avalanche,0xbb443e6afdffc078688ef32b4a1a45b1e86cc132,campaign_2b,first approved+drained by hardcoded drain wallet in June 2026 (bytecode identical to campaign_2a)
avalanche,0xbb76b57e36991092f9aa137757a02e06a2840cec,campaign_2b,first approved+drained by hardcoded drain wallet in June 2026 (bytecode identical to campaign_2a)
avalanche,0xbb888feeeb0e849dc8751edfbc3291d3043ad975,campaign_2b,first approved+drained by hardcoded drain wallet in June 2026 (bytecode identical to campaign_2a)
avalanche,0xbbaceac493eea06b13fa31ffa6968b4ae99c24f3,campaign_2b,first approved+drained by hardcoded drain wallet in June 2026 (bytecode identical to campaign_2a)
avalanche,0xbc40ecc64d5b22e61e96e6c22d25755486860cf5,campaign_2b,first approved+drained by hardcoded drain wallet in June 2026 (bytecode identical to campaign_2a)
avalanche,0xbc507eb159f9c3ced6c490ce783643f05ea2fcfc,campaign_2b,first approved+drained by hardcoded drain wallet in June 2026 (bytecode identical to campaign_2a)
avalanche,0xbc76a21775f5a314ca01303e5f3bcb80752e3b9c,campaign_2b,first approved+drained by hardcoded drain wallet in June 2026 (bytecode identical to campaign_2a)
avalanche,0xbc7b453536125da5f3f411a1048b724adf422d5d,campaign_2b,first approved+drained by hardcoded drain wallet in June 2026 (bytecode identical to campaign_2a)
avalanche,0xbc7fe5ccfb8716076fa442226ee32c6942542121,campaign_2b,first approved+drained by hardcoded drain wallet in June 2026 (bytecode identical to campaign_2a)
avalanche,0xbc83125e718a454c4ccc98d05c9de13a43a3742c,campaign_2b,first approved+drained by hardcoded drain wallet in June 2026 (bytecode identical to campaign_2a)
avalanche,0xbc8bd8b91a68e324c823818bcc57168927562f8c,campaign_2b,first approved+drained by hardcoded drain wallet in June 2026 (bytecode identical to campaign_2a)
avalanche,0xbc8caffb2b200f74ebea78d01efcbc8e0b8205c1,campaign_2b,first approved+drained by hardcoded drain wallet in June 2026 (bytecode identical to campaign_2a)
avalanche,0xbcb1f97c9e7d11946f576a87efa043b392f8c6aa,campaign_2b,first approved+drained by hardcoded drain wallet in June 2026 (bytecode identical to campaign_2a)
avalanche,0xbccf01ff681e64677be37b262ca8d03cfa046a11,campaign_2b,first approved+drained by hardcoded drain wallet in June 2026 (bytecode identical to campaign_2a)
avalanche,0xbcd2621a259ec9c291a05b60b81249ae216cf22e,campaign_2b,first approved+drained by hardcoded drain wallet in June 2026 (bytecode identical to campaign_2a)
avalanche,0xbcdab32fea9ee1f99d92fdbff77b6944b1548eb4,campaign_2b,first approved+drained by hardcoded drain wallet in June 2026 (bytecode identical to campaign_2a)
avalanche,0xbd50ddd225305c76bb833c0e1c239d6068e9dbce,campaign_2b,first approved+drained by hardcoded drain wallet in June 2026 (bytecode identical to campaign_2a)
avalanche,0xbd5106b8101976d080e7299adfb27d64689489db,campaign_2b,first approved+drained by hardcoded drain wallet in June 2026 (bytecode identical to campaign_2a)
avalanche,0xbd6a54155878db265fc0525fbe1f17a13d98cb3e,campaign_2b,first approved+drained by hardcoded drain wallet in June 2026 (bytecode identical to campaign_2a)
avalanche,0xbd82c0abf3f8c3d58023bb5285b75c9d29364590,campaign_2b,first approved+drained by hardcoded drain wallet in June 2026 (bytecode identical to campaign_2a)
avalanche,0xbda38f85f80100b73d9607a4a261be58f9c89aa7,campaign_2b,first approved+drained by hardcoded drain wallet in June 2026 (bytecode identical to campaign_2a)
avalanche,0xbdce47ff0be0fc5347ec00ad9afb66d79af9d4a0,campaign_2b,first approved+drained by hardcoded drain wallet in June 2026 (bytecode identical to campaign_2a)
avalanche,0xbdcea2266d3a183bbfa6d2dcd932480db652caa1,campaign_2b,first approved+drained by hardcoded drain wallet in June 2026 (bytecode identical to campaign_2a)
avalanche,0xbdef993abe8aa283b151aa50ebf3271eeb0df36b,campaign_2b,first approved+drained by hardcoded drain wallet in June 2026 (bytecode identical to campaign_2a)
avalanche,0xbe0d798cee5fbad8d83bb618fe01a55ebac2acbd,campaign_2b,first approved+drained by hardcoded drain wallet in June 2026 (bytecode identical to campaign_2a)
avalanche,0xbe31b55e222876ddd585a4db0328688e5dd988e1,campaign_2b,first approved+drained by hardcoded drain wallet in June 2026 (bytecode identical to campaign_2a)
avalanche,0xbe5108555711cb2507ea9e204139a14ef6264244,campaign_2b,first approved+drained by hardcoded drain wallet in June 2026 (bytecode identical to campaign_2a)
avalanche,0xbe5835632fa22d04252613aa7c990dc5fcf4edaa,campaign_2b,first approved+drained by hardcoded drain wallet in June 2026 (bytecode identical to campaign_2a)
avalanche,0xbe763b84a526033cf45dce17fc878cf157b4b3f3,campaign_2b,first approved+drained by hardcoded drain wallet in June 2026 (bytecode identical to campaign_2a)
avalanche,0xbe8a6a2bf33c8b6d95b6dd077f833b7b21500b13,campaign_2b,first approved+drained by hardcoded drain wallet in June 2026 (bytecode identical to campaign_2a)
avalanche,0xbeafbad454be775c432c4f99ce2b5b6facae219f,campaign_2b,first approved+drained by hardcoded drain wallet in June 2026 (bytecode identical to campaign_2a)
avalanche,0xbeb6a9733a6ac4a71a916729c10536417d292767,campaign_2b,first approved+drained by hardcoded drain wallet in June 2026 (bytecode identical to campaign_2a)
avalanche,0xbed44524effd7b079a6a49bcd930cc7f9f090275,campaign_2b,first approved+drained by hardcoded drain wallet in June 2026 (bytecode identical to campaign_2a)
avalanche,0xbf6d8e9331aadbfb282f282cc384dfcef87d8bb3,campaign_2b,first approved+drained by hardcoded drain wallet in June 2026 (bytecode identical to campaign_2a)
avalanche,0xbfbebe3e163260e5a73d595418dd641483159ba4,campaign_2b,first approved+drained by hardcoded drain wallet in June 2026 (bytecode identical to campaign_2a)
avalanche,0xbffa3d65c56440f78eba4cdbcd33d779446f823d,campaign_2b,first approved+drained by hardcoded drain wallet in June 2026 (bytecode identical to campaign_2a)
avalanche,0xc019a3c9448aa5f2ac0d2597b06a503a380bf502,campaign_2b,first approved+drained by hardcoded drain wallet in June 2026 (bytecode identical to campaign_2a)
avalanche,0xc028483eb9804d017d5ecb9824c2caeb62106e50,campaign_2b,first approved+drained by hardcoded drain wallet in June 2026 (bytecode identical to campaign_2a)
avalanche,0xc0375634d48a312b31deef11e89cb533b5c0c52f,campaign_2b,first approved+drained by hardcoded drain wallet in June 2026 (bytecode identical to campaign_2a)
avalanche,0xc0e3a1e4803bd9b6ad767fe159d1a45b7a5c887a,campaign_2b,first approved+drained by hardcoded drain wallet in June 2026 (bytecode identical to campaign_2a)
avalanche,0xc10b55a7360809fcc5802dca7177921bebf66d04,campaign_2b,first approved+drained by hardcoded drain wallet in June 2026 (bytecode identical to campaign_2a)
avalanche,0xc181da8bbf2af53dc327b184b3b042deb14acab6,campaign_2b,first approved+drained by hardcoded drain wallet in June 2026 (bytecode identical to campaign_2a)
avalanche,0xc1d83351a3ff5fa465544b33cf3fe80d7085b3fd,campaign_2b,first approved+drained by hardcoded drain wallet in June 2026 (bytecode identical to campaign_2a)
avalanche,0xc1f2c0b2776dd74497629ee1527fa6babb5fce9a,campaign_2b,first approved+drained by hardcoded drain wallet in June 2026 (bytecode identical to campaign_2a)
avalanche,0xc2144c44a1cfc7bfaca055813ada1c7c06267111,campaign_2b,first approved+drained by hardcoded drain wallet in June 2026 (bytecode identical to campaign_2a)
avalanche,0xc2b95a66b72e0f2824c9e29b2e99809f575d83ae,campaign_2b,first approved+drained by hardcoded drain wallet in June 2026 (bytecode identical to campaign_2a)
avalanche,0xc2cfc9aeb6373473a60bb14c4ed361e6a944adbe,campaign_2b,first approved+drained by hardcoded drain wallet in June 2026 (bytecode identical to campaign_2a)
avalanche,0xc2e1575e261ae82797475961d9f1d6093abb08d3,campaign_2b,first approved+drained by hardcoded drain wallet in June 2026 (bytecode identical to campaign_2a)
avalanche,0xc2e85a70feb56a84b0183cc1f279d57d19f813bf,campaign_2b,first approved+drained by hardcoded drain wallet in June 2026 (bytecode identical to campaign_2a)
avalanche,0xc32892df24081801b3262c4e3936e594ce0f10c0,campaign_2b,first approved+drained by hardcoded drain wallet in June 2026 (bytecode identical to campaign_2a)
avalanche,0xc32ef0459a1cc28037f98b9d854313e7c988faca,campaign_2b,first approved+drained by hardcoded drain wallet in June 2026 (bytecode identical to campaign_2a)
avalanche,0xc357d9af8bf48df2497e85fc051fdc79394aec9c,campaign_2b,first approved+drained by hardcoded drain wallet in June 2026 (bytecode identical to campaign_2a)
avalanche,0xc3bc44402170ff6b6399027069dc1105fa8f517d,campaign_2b,first approved+drained by hardcoded drain wallet in June 2026 (bytecode identical to campaign_2a)
avalanche,0xc3fe6b0d7353b7f3a55b878c9849cb28f03beb28,campaign_2b,first approved+drained by hardcoded drain wallet in June 2026 (bytecode identical to campaign_2a)
avalanche,0xc40396acdb95acb4380e69e8d8a5548a0bc709c6,campaign_2b,first approved+drained by hardcoded drain wallet in June 2026 (bytecode identical to campaign_2a)
avalanche,0xc421312be022c00d2b3bf97a621bdeac0f47bdb4,campaign_2b,first approved+drained by hardcoded drain wallet in June 2026 (bytecode identical to campaign_2a)
avalanche,0xc422edc9f9ab3db3c37ee82ba9531513651105f9,campaign_2b,first approved+drained by hardcoded drain wallet in June 2026 (bytecode identical to campaign_2a)
avalanche,0xc42ba775bd9652a4e7f55f91b4435e6dd1e63bd9,campaign_2b,first approved+drained by hardcoded drain wallet in June 2026 (bytecode identical to campaign_2a)
avalanche,0xc45675c9ffc8fdd2e69bd75fd0ea93ccf76d129a,campaign_2b,first approved+drained by hardcoded drain wallet in June 2026 (bytecode identical to campaign_2a)
avalanche,0xc4621ae4cf9da5e8e9486b31f7d188c446741492,campaign_2b,first approved+drained by hardcoded drain wallet in June 2026 (bytecode identical to campaign_2a)
avalanche,0xc4c3f48db211e32348a5c0491697d9049d398512,campaign_2b,first approved+drained by hardcoded drain wallet in June 2026 (bytecode identical to campaign_2a)
avalanche,0xc4f4c15b597f8007faa572d1c01df8698d9d4cf5,campaign_2b,first approved+drained by hardcoded drain wallet in June 2026 (bytecode identical to campaign_2a)
avalanche,0xc572b85f419a7bb8233fe6cff073de92b062ae77,campaign_2b,first approved+drained by hardcoded drain wallet in June 2026 (bytecode identical to campaign_2a)
avalanche,0xc5946c41a42b98f8271d5091980abca561f960e4,campaign_2b,first approved+drained by hardcoded drain wallet in June 2026 (bytecode identical to campaign_2a)
avalanche,0xc5bbd4ca281c9984229665e9c735837dc678ded0,campaign_2b,first approved+drained by hardcoded drain wallet in June 2026 (bytecode identical to campaign_2a)
avalanche,0xc5ed1a9b5fc291a99d838ca37423d6192eaf74e5,campaign_2b,first approved+drained by hardcoded drain wallet in June 2026 (bytecode identical to campaign_2a)
avalanche,0xc600cc74a66ac10be7da5dcdcef71a7101f14472,campaign_2b,first approved+drained by hardcoded drain wallet in June 2026 (bytecode identical to campaign_2a)
avalanche,0xc60d8e0a3b3c32e8c51d348ab8336c075a6b2391,campaign_2b,first approved+drained by hardcoded drain wallet in June 2026 (bytecode identical to campaign_2a)
avalanche,0xc654e23e9dbf8284f313ba046cfb387bb7266d04,campaign_2b,first approved+drained by hardcoded drain wallet in June 2026 (bytecode identical to campaign_2a)
avalanche,0xc692c705dbac582cd3a13c1a9dc3787ddcfd90f6,campaign_2b,first approved+drained by hardcoded drain wallet in June 2026 (bytecode identical to campaign_2a)
avalanche,0xc748f2db65e5074aff1022e5b67f9ed73ca799ff,campaign_2b,first approved+drained by hardcoded drain wallet in June 2026 (bytecode identical to campaign_2a)
avalanche,0xc752ad132e59a4fa5878cd59c08b58b7b1f3f72f,campaign_2b,first approved+drained by hardcoded drain wallet in June 2026 (bytecode identical to campaign_2a)
avalanche,0xc791737b617551ced7d13208b8c0394aeb11c28e,campaign_2b,first approved+drained by hardcoded drain wallet in June 2026 (bytecode identical to campaign_2a)
avalanche,0xc7d00cb2b2ee5ba610c4b1b31c542510b18b256c,campaign_2b,first approved+drained by hardcoded drain wallet in June 2026 (bytecode identical to campaign_2a)
avalanche,0xc855a1acaffa7e94223d27e78516b302b36ea56e,campaign_2b,first approved+drained by hardcoded drain wallet in June 2026 (bytecode identical to campaign_2a)
avalanche,0xc862196865f0ab4511726ca71e83ece21f2eda29,campaign_2b,first approved+drained by hardcoded drain wallet in June 2026 (bytecode identical to campaign_2a)
avalanche,0xc8730bfe98ceb058341aff22dba092f46c7a9a91,campaign_2b,first approved+drained by hardcoded drain wallet in June 2026 (bytecode identical to campaign_2a)
avalanche,0xc8a8d78140ded7b4dc5ded65c17c72f2cb8704a2,campaign_2b,first approved+drained by hardcoded drain wallet in June 2026 (bytecode identical to campaign_2a)
avalanche,0xc8c79602aa3fea4b20795dffcb71c5c5ecbab6dc,campaign_2b,first approved+drained by hardcoded drain wallet in June 2026 (bytecode identical to campaign_2a)
avalanche,0xc8d96a8e97f7cf27f831c4899217f23d9db4bc16,campaign_2b,first approved+drained by hardcoded drain wallet in June 2026 (bytecode identical to campaign_2a)
avalanche,0xc9070ef12ba7190cdac1ddebf098f5b846d1ba8f,campaign_2b,first approved+drained by hardcoded drain wallet in June 2026 (bytecode identical to campaign_2a)
avalanche,0xc95be0b0b7a098019519a776d00ec68ca5690c0c,campaign_2b,first approved+drained by hardcoded drain wallet in June 2026 (bytecode identical to campaign_2a)
avalanche,0xc960184bf3231c64cce41c5d84b8a0a02be78ed3,campaign_2b,first approved+drained by hardcoded drain wallet in June 2026 (bytecode identical to campaign_2a)
avalanche,0xc9616ffb5a381ccc419731c2401069907edb31f9,campaign_2b,first approved+drained by hardcoded drain wallet in June 2026 (bytecode identical to campaign_2a)
avalanche,0xc9d0006c751506e80b70b99c6fc42bacb48ae350,campaign_2b,first approved+drained by hardcoded drain wallet in June 2026 (bytecode identical to campaign_2a)
avalanche,0xc9dc970adba258628de0a1eb77dbc2ef5a447c18,campaign_2b,first approved+drained by hardcoded drain wallet in June 2026 (bytecode identical to campaign_2a)
avalanche,0xc9f1cf22889fc18306136ea974f81febb71d88da,campaign_2b,first approved+drained by hardcoded drain wallet in June 2026 (bytecode identical to campaign_2a)
avalanche,0xc9fe4e8c0b59b4902e833f72035d0c799c6ca366,campaign_2b,first approved+drained by hardcoded drain wallet in June 2026 (bytecode identical to campaign_2a)
avalanche,0xca30520acf9f5bd47ebdf58b4ad8841ca122ea1a,campaign_2b,first approved+drained by hardcoded drain wallet in June 2026 (bytecode identical to campaign_2a)
avalanche,0xca43fd6536d0a9e9d7f2155c050ffc5a7fdf592d,campaign_2b,first approved+drained by hardcoded drain wallet in June 2026 (bytecode identical to campaign_2a)
avalanche,0xca52efd356604faa66606fabd6fc3e6092018290,campaign_2b,first approved+drained by hardcoded drain wallet in June 2026 (bytecode identical to campaign_2a)
avalanche,0xcaa623d513e80c48a6fe49605038f7c9ce140256,campaign_2b,first approved+drained by hardcoded drain wallet in June 2026 (bytecode identical to campaign_2a)
avalanche,0xcab8df0e59b52f9a64979936199391e80046d1b7,campaign_2b,first approved+drained by hardcoded drain wallet in June 2026 (bytecode identical to campaign_2a)
avalanche,0xcabe1e506c91083d3546fd77237fe682088b72c1,campaign_2b,first approved+drained by hardcoded drain wallet in June 2026 (bytecode identical to campaign_2a)
avalanche,0xcaded6aa342ae321e135eadf64358187c9488abb,campaign_2b,first approved+drained by hardcoded drain wallet in June 2026 (bytecode identical to campaign_2a)
avalanche,0xcb2ae5a70e702b2667eba67ae16bcccafcb289c1,campaign_2b,first approved+drained by hardcoded drain wallet in June 2026 (bytecode identical to campaign_2a)
avalanche,0xcb37a8a416291fa6f42e28ae66087265354b5eb2,campaign_2b,first approved+drained by hardcoded drain wallet in June 2026 (bytecode identical to campaign_2a)
avalanche,0xcb90281d9aca680cc976a052fe49e8c299c0af30,campaign_2b,first approved+drained by hardcoded drain wallet in June 2026 (bytecode identical to campaign_2a)
avalanche,0xcbea8e2915be39dcfa5fc37940ec1384897c01ed,campaign_2b,first approved+drained by hardcoded drain wallet in June 2026 (bytecode identical to campaign_2a)
avalanche,0xcc14266bc0141d8284f0aa57f4fcd75d0b634ed5,campaign_2b,first approved+drained by hardcoded drain wallet in June 2026 (bytecode identical to campaign_2a)
avalanche,0xcc3c1ed7e8ab13cab182d7c3574716b18941bfb3,campaign_2b,first approved+drained by hardcoded drain wallet in June 2026 (bytecode identical to campaign_2a)
avalanche,0xcc4c13102911b657b72f7a013f864177a31763ea,campaign_2b,first approved+drained by hardcoded drain wallet in June 2026 (bytecode identical to campaign_2a)
avalanche,0xcc85436bf3f7f4d0e97583340e808e97e5e8b702,campaign_2b,first approved+drained by hardcoded drain wallet in June 2026 (bytecode identical to campaign_2a)
avalanche,0xcc90741c594eb773ac3608ac88de75e597ef765c,campaign_2b,first approved+drained by hardcoded drain wallet in June 2026 (bytecode identical to campaign_2a)
avalanche,0xccd007141a0257ba7d2beb67902171184cffdc79,campaign_2b,first approved+drained by hardcoded drain wallet in June 2026 (bytecode identical to campaign_2a)
avalanche,0xccf6f323782cba225d798f33753248ee047b9639,campaign_2b,first approved+drained by hardcoded drain wallet in June 2026 (bytecode identical to campaign_2a)
avalanche,0xccf7745cb0c846608549920b8026ea84ecf0af93,campaign_2b,first approved+drained by hardcoded drain wallet in June 2026 (bytecode identical to campaign_2a)
avalanche,0xcd092a6efa3bf6f6322dcc5e7fdcacaf5cd38153,campaign_2b,first approved+drained by hardcoded drain wallet in June 2026 (bytecode identical to campaign_2a)
avalanche,0xcd0a332b2fa7ee71eea76fcf31bff4d21b8973fd,campaign_2b,first approved+drained by hardcoded drain wallet in June 2026 (bytecode identical to campaign_2a)
avalanche,0xcd1d79d7c4b703738af6d547d74f1afc3c8887f0,campaign_2b,first approved+drained by hardcoded drain wallet in June 2026 (bytecode identical to campaign_2a)
avalanche,0xcd334ab488cfadb219396cb7fbb59a31f1c765c3,campaign_2b,first approved+drained by hardcoded drain wallet in June 2026 (bytecode identical to campaign_2a)
avalanche,0xcd3d1b6560f680f3d7b42af610f51c92d1f93579,campaign_2b,first approved+drained by hardcoded drain wallet in June 2026 (bytecode identical to campaign_2a)
avalanche,0xcd88ca73ce233f0775ea8d1eb1294364ff83ad45,campaign_2b,first approved+drained by hardcoded drain wallet in June 2026 (bytecode identical to campaign_2a)
avalanche,0xcdc5565ad46af2b92f34b997758c0bb900f5b32a,campaign_2b,first approved+drained by hardcoded drain wallet in June 2026 (bytecode identical to campaign_2a)
avalanche,0xcded6487c14fadb993f4a8b3a969892f87b6d5ed,campaign_2b,first approved+drained by hardcoded drain wallet in June 2026 (bytecode identical to campaign_2a)
avalanche,0xcdf85e373290b654fe79c8241d069239c0797cdb,campaign_2b,first approved+drained by hardcoded drain wallet in June 2026 (bytecode identical to campaign_2a)
avalanche,0xce122e0c5009e380a12628b60f89e39bcd968d43,campaign_2b,first approved+drained by hardcoded drain wallet in June 2026 (bytecode identical to campaign_2a)
avalanche,0xce1a043b3ed678e9f33e86692b1bd8615fdd2f72,campaign_2b,first approved+drained by hardcoded drain wallet in June 2026 (bytecode identical to campaign_2a)
avalanche,0xce1b72dae59cb067b9fd5fe90966a7994586d36b,campaign_2b,first approved+drained by hardcoded drain wallet in June 2026 (bytecode identical to campaign_2a)
avalanche,0xce3e0208c88ebde70b41483735161bd7193b2f0d,campaign_2b,first approved+drained by hardcoded drain wallet in June 2026 (bytecode identical to campaign_2a)
avalanche,0xce5c22bbf50414adbce321d2958dee7c2425d3c6,campaign_2b,first approved+drained by hardcoded drain wallet in June 2026 (bytecode identical to campaign_2a)
avalanche,0xce65afecb7528c857f02a6cbf899a96f9163ce18,campaign_2b,first approved+drained by hardcoded drain wallet in June 2026 (bytecode identical to campaign_2a)
avalanche,0xce668e19ef00399a8d4a0aa41ac3de525e2912fa,campaign_2b,first approved+drained by hardcoded drain wallet in June 2026 (bytecode identical to campaign_2a)
avalanche,0xce6e8b4de49ac6451c353b06e17b3e3ace3a1524,campaign_2b,first approved+drained by hardcoded drain wallet in June 2026 (bytecode identical to campaign_2a)
avalanche,0xce8348f2525e76dcdab01593e45d4ea112189963,campaign_2b,first approved+drained by hardcoded drain wallet in June 2026 (bytecode identical to campaign_2a)
avalanche,0xcebb9d478241f64e179879811934c3895495605e,campaign_2b,first approved+drained by hardcoded drain wallet in June 2026 (bytecode identical to campaign_2a)
avalanche,0xcee9df8b87957b641c6ed4515816521ba37af377,campaign_2b,first approved+drained by hardcoded drain wallet in June 2026 (bytecode identical to campaign_2a)
avalanche,0xcef011b69626dcf6ee43e8f19e3627470ee453c6,campaign_2b,first approved+drained by hardcoded drain wallet in June 2026 (bytecode identical to campaign_2a)
avalanche,0xcf12d6d5bf2634ed77f9004d1859936e4fc90800,campaign_2b,first approved+drained by hardcoded drain wallet in June 2026 (bytecode identical to campaign_2a)
avalanche,0xcf1715381bd26d44277056406bf1910c831e7759,campaign_2b,first approved+drained by hardcoded drain wallet in June 2026 (bytecode identical to campaign_2a)
avalanche,0xcf27c031b1d5bc1274cbcca6ddd5d193593fd4d4,campaign_2b,first approved+drained by hardcoded drain wallet in June 2026 (bytecode identical to campaign_2a)
avalanche,0xcf9c760890e0417c8da1c8ef795ede3924b7143a,campaign_2b,first approved+drained by hardcoded drain wallet in June 2026 (bytecode identical to campaign_2a)
avalanche,0xcfbf905c740eb8a5a67a6ff55a996cebcb41b683,campaign_2b,first approved+drained by hardcoded drain wallet in June 2026 (bytecode identical to campaign_2a)
avalanche,0xcfd20dbadfe0a153f5ba5f2e81e78a9e1ac26227,campaign_2b,first approved+drained by hardcoded drain wallet in June 2026 (bytecode identical to campaign_2a)
avalanche,0xcfd5eb84940618625f39e0aedc28bf2000639c48,campaign_2b,first approved+drained by hardcoded drain wallet in June 2026 (bytecode identical to campaign_2a)
avalanche,0xd038c80cca5ed59f37fc7ad9c5de3c05581407f4,campaign_2b,first approved+drained by hardcoded drain wallet in June 2026 (bytecode identical to campaign_2a)
avalanche,0xd05b93f8e25bb7f8cee7845b477b7ba5fae2a67a,campaign_2b,first approved+drained by hardcoded drain wallet in June 2026 (bytecode identical to campaign_2a)
avalanche,0xd05f06307d80609daace801d160d00428f9c66d3,campaign_2b,first approved+drained by hardcoded drain wallet in June 2026 (bytecode identical to campaign_2a)
avalanche,0xd098c85827271cf80ab069b3eb1e2e46e2f5fad5,campaign_2b,first approved+drained by hardcoded drain wallet in June 2026 (bytecode identical to campaign_2a)
avalanche,0xd10fea4ad2a18c3468bcb2527d2d2e0dec1d930b,campaign_2b,first approved+drained by hardcoded drain wallet in June 2026 (bytecode identical to campaign_2a)
avalanche,0xd111260edd8a1999dc2bc1422002d920fbd3a611,campaign_2b,first approved+drained by hardcoded drain wallet in June 2026 (bytecode identical to campaign_2a)
avalanche,0xd11233d13afa87e4864f46374ec0b67abb81f9e6,campaign_2b,first approved+drained by hardcoded drain wallet in June 2026 (bytecode identical to campaign_2a)
avalanche,0xd1422c716ef3b338687dc0a5ab931cf24f6b248e,campaign_2b,first approved+drained by hardcoded drain wallet in June 2026 (bytecode identical to campaign_2a)
avalanche,0xd14ca6fcaa3d376333f00fcfd4a1069f886ce0f8,campaign_2b,first approved+drained by hardcoded drain wallet in June 2026 (bytecode identical to campaign_2a)
avalanche,0xd167e12392d985a4fd099cfdeced05944800043b,campaign_2b,first approved+drained by hardcoded drain wallet in June 2026 (bytecode identical to campaign_2a)
avalanche,0xd17b3fda346509bb434857bac26bd7e7005125fa,campaign_2b,first approved+drained by hardcoded drain wallet in June 2026 (bytecode identical to campaign_2a)
avalanche,0xd1917df2b8cdc1b713900c9f6e1d0e588e1d816d,campaign_2b,first approved+drained by hardcoded drain wallet in June 2026 (bytecode identical to campaign_2a)
avalanche,0xd1bdd034394d77ed78adec95525e3e24627f48c3,campaign_2b,first approved+drained by hardcoded drain wallet in June 2026 (bytecode identical to campaign_2a)
avalanche,0xd271f199c3dd0b3a425980f823e613d795ad9840,campaign_2b,first approved+drained by hardcoded drain wallet in June 2026 (bytecode identical to campaign_2a)
avalanche,0xd29a6d8e62fcbea6321d10911e99fe8839d4111c,campaign_2b,first approved+drained by hardcoded drain wallet in June 2026 (bytecode identical to campaign_2a)
avalanche,0xd30b4cba11d822397b5095367704123baf12dc85,campaign_2b,first approved+drained by hardcoded drain wallet in June 2026 (bytecode identical to campaign_2a)
avalanche,0xd310bd8e793b56652c4b575e363fdbf02bf76231,campaign_2b,first approved+drained by hardcoded drain wallet in June 2026 (bytecode identical to campaign_2a)
avalanche,0xd3426b793a2c544e866de29a9655232cd4d4aa54,campaign_2b,first approved+drained by hardcoded drain wallet in June 2026 (bytecode identical to campaign_2a)
avalanche,0xd34b021b0408a990991845662b94a2058bace92a,campaign_2b,first approved+drained by hardcoded drain wallet in June 2026 (bytecode identical to campaign_2a)
avalanche,0xd36ea5b0f09c037c4ba6b37066761e6cec6e1bb8,campaign_2b,first approved+drained by hardcoded drain wallet in June 2026 (bytecode identical to campaign_2a)
avalanche,0xd3cde19a19bd87a26ef6b6a3d69c0d0a49f8984e,campaign_2b,first approved+drained by hardcoded drain wallet in June 2026 (bytecode identical to campaign_2a)
avalanche,0xd3d1c204ae0980179de1be5eb348c3b80dad762a,campaign_2b,first approved+drained by hardcoded drain wallet in June 2026 (bytecode identical to campaign_2a)
avalanche,0xd3d835a86f1472987b090886852a27b6db03a717,campaign_2b,first approved+drained by hardcoded drain wallet in June 2026 (bytecode identical to campaign_2a)
avalanche,0xd3da9037aefacdb0bb05ef1365f0b56b70b9340a,campaign_2b,first approved+drained by hardcoded drain wallet in June 2026 (bytecode identical to campaign_2a)
avalanche,0xd3dd0bdb6c707388a6a8e7c8c1e314f90d2d916c,campaign_2b,first approved+drained by hardcoded drain wallet in June 2026 (bytecode identical to campaign_2a)
avalanche,0xd3e5bf3fef0ab3a2c527e5adffcb0a3ae7191d67,campaign_2b,first approved+drained by hardcoded drain wallet in June 2026 (bytecode identical to campaign_2a)
avalanche,0xd3e8cf28dbfcabb057052ba88fd00edb6c691bb0,campaign_2b,first approved+drained by hardcoded drain wallet in June 2026 (bytecode identical to campaign_2a)
avalanche,0xd4348ebf6ba63af86b00d56286fbda09323d5fcf,campaign_2b,first approved+drained by hardcoded drain wallet in June 2026 (bytecode identical to campaign_2a)
avalanche,0xd436b7e555fa38fd5731ce6355927039d1c2cf61,campaign_2b,first approved+drained by hardcoded drain wallet in June 2026 (bytecode identical to campaign_2a)
avalanche,0xd43d1398a7e16ab6a12cedf9da14812584a4e97f,campaign_2b,first approved+drained by hardcoded drain wallet in June 2026 (bytecode identical to campaign_2a)
avalanche,0xd4682fff1ab4f6cb9bc1509e77e8da92bd6a0ff1,campaign_2b,first approved+drained by hardcoded drain wallet in June 2026 (bytecode identical to campaign_2a)
avalanche,0xd4823a2e5a5cf327a5f93eb530cf127cd4d516ab,campaign_2b,first approved+drained by hardcoded drain wallet in June 2026 (bytecode identical to campaign_2a)
avalanche,0xd4a636f4397861363dcf801ebc7e04cb746461e1,campaign_2b,first approved+drained by hardcoded drain wallet in June 2026 (bytecode identical to campaign_2a)
avalanche,0xd4ab8adce70b6b01b49d0d58e8883bf1bd360d30,campaign_2b,first approved+drained by hardcoded drain wallet in June 2026 (bytecode identical to campaign_2a)
avalanche,0xd5075a73a7de69f69c497e367f2188858ead671a,campaign_2b,first approved+drained by hardcoded drain wallet in June 2026 (bytecode identical to campaign_2a)
avalanche,0xd5a35bfd829f46cf99015849c22185fa198541ae,campaign_2b,first approved+drained by hardcoded drain wallet in June 2026 (bytecode identical to campaign_2a)
avalanche,0xd5ac6412fffee4dffc41e093ed12c2d58bc219b2,campaign_2b,first approved+drained by hardcoded drain wallet in June 2026 (bytecode identical to campaign_2a)
avalanche,0xd5af850dde0078bd5c4ff3db3cb68487ec2c32f9,campaign_2b,first approved+drained by hardcoded drain wallet in June 2026 (bytecode identical to campaign_2a)
avalanche,0xd5d2694ba37394766b02883fb01d9c2d357829e7,campaign_2b,first approved+drained by hardcoded drain wallet in June 2026 (bytecode identical to campaign_2a)
avalanche,0xd636fecf5506ab2963d17bc0075470d6b097dc61,campaign_2b,first approved+drained by hardcoded drain wallet in June 2026 (bytecode identical to campaign_2a)
avalanche,0xd63eceaa29076b887fe7d2d9cc0a662f38637faf,campaign_2b,first approved+drained by hardcoded drain wallet in June 2026 (bytecode identical to campaign_2a)
avalanche,0xd696169ccd9d442cbebcaf33b87ec35425d00628,campaign_2b,first approved+drained by hardcoded drain wallet in June 2026 (bytecode identical to campaign_2a)
avalanche,0xd69906cb1826315a48445c831766556230cff12c,campaign_2b,first approved+drained by hardcoded drain wallet in June 2026 (bytecode identical to campaign_2a)
avalanche,0xd6b2a499db4e78caf59d118234619dc2f088c87b,campaign_2b,first approved+drained by hardcoded drain wallet in June 2026 (bytecode identical to campaign_2a)
avalanche,0xd795674106d676b81714521e95f24166666c46b8,campaign_2b,first approved+drained by hardcoded drain wallet in June 2026 (bytecode identical to campaign_2a)
avalanche,0xd7aa6019ec07d5b56bffba1e6f7e3fcaddacd7e5,campaign_2b,first approved+drained by hardcoded drain wallet in June 2026 (bytecode identical to campaign_2a)
avalanche,0xd7b7c3ce2d68ddc734cf55ec7e9f1a2b4d7bd031,campaign_2b,first approved+drained by hardcoded drain wallet in June 2026 (bytecode identical to campaign_2a)
avalanche,0xd7eeb46418cb6d782e6f21fecb93650c4bd699a8,campaign_2b,first approved+drained by hardcoded drain wallet in June 2026 (bytecode identical to campaign_2a)
avalanche,0xd7ffead3b197ab9c7e08f22ad2468610fbeb608a,campaign_2b,first approved+drained by hardcoded drain wallet in June 2026 (bytecode identical to campaign_2a)
avalanche,0xd80a3568ed5eb23df03930714766ec752eb43fee,campaign_2b,first approved+drained by hardcoded drain wallet in June 2026 (bytecode identical to campaign_2a)
avalanche,0xd84095ddc8b83ee3d9044c56f51985eadef815e7,campaign_2b,first approved+drained by hardcoded drain wallet in June 2026 (bytecode identical to campaign_2a)
avalanche,0xd850fddc45424ba7b90373fcce9870baa8368e0c,campaign_2b,first approved+drained by hardcoded drain wallet in June 2026 (bytecode identical to campaign_2a)
avalanche,0xd8783d738564d72738ae1649941e9a191717573a,campaign_2b,first approved+drained by hardcoded drain wallet in June 2026 (bytecode identical to campaign_2a)
avalanche,0xd882bc1dc47a350369118d3f1782d9ab27337d3b,campaign_2b,first approved+drained by hardcoded drain wallet in June 2026 (bytecode identical to campaign_2a)
avalanche,0xd8b1db59d2acfcefe91f5d3a2a4e2b42e1ef3cf6,campaign_2b,first approved+drained by hardcoded drain wallet in June 2026 (bytecode identical to campaign_2a)
avalanche,0xd8c3c4caaac8f6e3f0d2c4740893fca064d71a30,campaign_2b,first approved+drained by hardcoded drain wallet in June 2026 (bytecode identical to campaign_2a)
avalanche,0xd8c8a94af76893644c17361dc3e49c50a8f8c73c,campaign_2b,first approved+drained by hardcoded drain wallet in June 2026 (bytecode identical to campaign_2a)
avalanche,0xd9d05176c9b1bd9b3994c3ff05bd0ef24d07a5a0,campaign_2b,first approved+drained by hardcoded drain wallet in June 2026 (bytecode identical to campaign_2a)
avalanche,0xda0f7c6e00b5e3e10ddfd83bade46390be23b673,campaign_2b,first approved+drained by hardcoded drain wallet in June 2026 (bytecode identical to campaign_2a)
avalanche,0xda246118f63ffbadf8acfec82f642b813ba11318,campaign_2b,first approved+drained by hardcoded drain wallet in June 2026 (bytecode identical to campaign_2a)
avalanche,0xda27983e08ae07f27c270164e9680c5d62325178,campaign_2b,first approved+drained by hardcoded drain wallet in June 2026 (bytecode identical to campaign_2a)
avalanche,0xda51d8dabada51c2a869acdc8f04e8868e50b294,campaign_2b,first approved+drained by hardcoded drain wallet in June 2026 (bytecode identical to campaign_2a)
avalanche,0xda988696d2ca2a479cd8e2ed2bb551461a51afca,campaign_2b,first approved+drained by hardcoded drain wallet in June 2026 (bytecode identical to campaign_2a)
avalanche,0xdaa15b1ce99d7faa4f158fc2e1acf9faeb89b528,campaign_2b,first approved+drained by hardcoded drain wallet in June 2026 (bytecode identical to campaign_2a)
avalanche,0xdad8ec089b76eb9ea339f2ce3da583fa310e88f9,campaign_2b,first approved+drained by hardcoded drain wallet in June 2026 (bytecode identical to campaign_2a)
avalanche,0xdaeeac8bcecd1a4f70715b293c70ecace7650b91,campaign_2b,first approved+drained by hardcoded drain wallet in June 2026 (bytecode identical to campaign_2a)
avalanche,0xdafc17ab716ddd062f83d033031eba5fc5cd9547,campaign_2b,first approved+drained by hardcoded drain wallet in June 2026 (bytecode identical to campaign_2a)
avalanche,0xdb303213aae5a07acafa03fefc054f4e8971d90e,campaign_2b,first approved+drained by hardcoded drain wallet in June 2026 (bytecode identical to campaign_2a)
avalanche,0xdb40a8177630fdb8c58b25fd03c0bc3542f1cfd9,campaign_2b,first approved+drained by hardcoded drain wallet in June 2026 (bytecode identical to campaign_2a)
avalanche,0xdb45e5bec21ddbff059f50ceb82e2811ef2ac052,campaign_2b,first approved+drained by hardcoded drain wallet in June 2026 (bytecode identical to campaign_2a)
avalanche,0xdb8965c821d587fc5f047ebd85bde9f5134b04fc,campaign_2b,first approved+drained by hardcoded drain wallet in June 2026 (bytecode identical to campaign_2a)
avalanche,0xdba067644793bfb6f3364ac4021399171abb9b56,campaign_2b,first approved+drained by hardcoded drain wallet in June 2026 (bytecode identical to campaign_2a)
avalanche,0xdba74e3def78f96aef2961c9aaebc011c8d612a1,campaign_2b,first approved+drained by hardcoded drain wallet in June 2026 (bytecode identical to campaign_2a)
avalanche,0xdbd72102c30ccbe8d11f561f5cd21b261e88ed1c,campaign_2b,first approved+drained by hardcoded drain wallet in June 2026 (bytecode identical to campaign_2a)
avalanche,0xdc2846acb69417b64eab2e7c86ab66d6d9fe1a78,campaign_2b,first approved+drained by hardcoded drain wallet in June 2026 (bytecode identical to campaign_2a)
avalanche,0xdc823d1997373fe3fa789bc4bd9fd66d43af08ee,campaign_2b,first approved+drained by hardcoded drain wallet in June 2026 (bytecode identical to campaign_2a)
avalanche,0xdc84ef3275f084d04e8de555256167605b77dae7,campaign_2b,first approved+drained by hardcoded drain wallet in June 2026 (bytecode identical to campaign_2a)
avalanche,0xdce83d003e9976e1157a806ab7f609bb367248a8,campaign_2b,first approved+drained by hardcoded drain wallet in June 2026 (bytecode identical to campaign_2a)
avalanche,0xdcf89f148a61883808759078255d96b5cee03f84,campaign_2b,first approved+drained by hardcoded drain wallet in June 2026 (bytecode identical to campaign_2a)
avalanche,0xdd1e34b8d9a3ee5ee234159448f9f2d7d3e95836,campaign_2b,first approved+drained by hardcoded drain wallet in June 2026 (bytecode identical to campaign_2a)
avalanche,0xdd2054ed42b1b2867dbd281caa1203e7e8fa1976,campaign_2b,first approved+drained by hardcoded drain wallet in June 2026 (bytecode identical to campaign_2a)
avalanche,0xdd41362951674f965d2e359fb800fcddf10b8485,campaign_2b,first approved+drained by hardcoded drain wallet in June 2026 (bytecode identical to campaign_2a)
avalanche,0xdd428c8d45c7972ce0cd67854aafe972cb5721d2,campaign_2b,first approved+drained by hardcoded drain wallet in June 2026 (bytecode identical to campaign_2a)
avalanche,0xdd909314d145e5ee8895318d90077f37950facb0,campaign_2b,first approved+drained by hardcoded drain wallet in June 2026 (bytecode identical to campaign_2a)
avalanche,0xddcb78c6f92048993e1d83ffd201746ddde88586,campaign_2b,first approved+drained by hardcoded drain wallet in June 2026 (bytecode identical to campaign_2a)
avalanche,0xdde1a412b686b1f9e12a5183b4c8cffd54b24473,campaign_2b,first approved+drained by hardcoded drain wallet in June 2026 (bytecode identical to campaign_2a)
avalanche,0xde07af9430693477e718250b6d344a80060ef649,campaign_2b,first approved+drained by hardcoded drain wallet in June 2026 (bytecode identical to campaign_2a)
avalanche,0xde12a74e70851fcaba9ca70d3c0738e86a435be9,campaign_2b,first approved+drained by hardcoded drain wallet in June 2026 (bytecode identical to campaign_2a)
avalanche,0xde46fcf256eda2ee87e2cc3f0d6ce53d71bacbfc,campaign_2b,first approved+drained by hardcoded drain wallet in June 2026 (bytecode identical to campaign_2a)
avalanche,0xde7920aa19f335a6e5a02542c62669a8faa014e3,campaign_2b,first approved+drained by hardcoded drain wallet in June 2026 (bytecode identical to campaign_2a)
avalanche,0xdea385fd6c56ea2ddccdd966bfcf8b0f9e07af3f,campaign_2b,first approved+drained by hardcoded drain wallet in June 2026 (bytecode identical to campaign_2a)
avalanche,0xdee8c0d185c53902443a4fef3aefc42f9c684154,campaign_2b,first approved+drained by hardcoded drain wallet in June 2026 (bytecode identical to campaign_2a)
avalanche,0xdf067b50cb0ea06b2fda67c59f2a18a584bad1c1,campaign_2b,first approved+drained by hardcoded drain wallet in June 2026 (bytecode identical to campaign_2a)
avalanche,0xdfc429636cbf845211382275f67619b2aed4d68c,campaign_2b,first approved+drained by hardcoded drain wallet in June 2026 (bytecode identical to campaign_2a)
avalanche,0xdfff7d81c49c87cb9e35475f46d608a9790d14b6,campaign_2b,first approved+drained by hardcoded drain wallet in June 2026 (bytecode identical to campaign_2a)
avalanche,0xe01f682066bd72edba6fb5d656c26c541cdb44ce,campaign_2b,first approved+drained by hardcoded drain wallet in June 2026 (bytecode identical to campaign_2a)
avalanche,0xe062f1bb389b7ef7be24808d5f29c0446c613911,campaign_2b,first approved+drained by hardcoded drain wallet in June 2026 (bytecode identical to campaign_2a)
avalanche,0xe072ed9dd708a3ae5b48757526ca6677fa91a9cb,campaign_2b,first approved+drained by hardcoded drain wallet in June 2026 (bytecode identical to campaign_2a)
avalanche,0xe07348270e27e87956c80a732c0a99b1e749ef07,campaign_2b,first approved+drained by hardcoded drain wallet in June 2026 (bytecode identical to campaign_2a)
avalanche,0xe080a9b98ca62e018da568b7ef11ad93953f02d8,campaign_2b,first approved+drained by hardcoded drain wallet in June 2026 (bytecode identical to campaign_2a)
avalanche,0xe0a172db433338fb2c423f94273f051ee171f5c7,campaign_2b,first approved+drained by hardcoded drain wallet in June 2026 (bytecode identical to campaign_2a)
avalanche,0xe0b91ceed724c60a16de84e176396db4b2d14ff5,campaign_2b,first approved+drained by hardcoded drain wallet in June 2026 (bytecode identical to campaign_2a)
avalanche,0xe0ca3c67e06a74ad9f0baea408463d2be32d4e0f,campaign_2b,first approved+drained by hardcoded drain wallet in June 2026 (bytecode identical to campaign_2a)
avalanche,0xe0d4237908f5f32246d9873791f047934263289b,campaign_2b,first approved+drained by hardcoded drain wallet in June 2026 (bytecode identical to campaign_2a)
avalanche,0xe10278e31ebfe2d71290f75c2380b6f19d89ca27,campaign_2b,first approved+drained by hardcoded drain wallet in June 2026 (bytecode identical to campaign_2a)
avalanche,0xe119aedf109f584c90642d095d76aca8b64eddfd,campaign_2b,first approved+drained by hardcoded drain wallet in June 2026 (bytecode identical to campaign_2a)
avalanche,0xe1624a8d008358098b6efd2757ed44c8bbb7c1ed,campaign_2b,first approved+drained by hardcoded drain wallet in June 2026 (bytecode identical to campaign_2a)
avalanche,0xe17321dbb6753c0af3afd804b06e5165f71be329,campaign_2b,first approved+drained by hardcoded drain wallet in June 2026 (bytecode identical to campaign_2a)
avalanche,0xe173a71b57cb25ebfd8ad2ac7ea8c6b7e9357404,campaign_2b,first approved+drained by hardcoded drain wallet in June 2026 (bytecode identical to campaign_2a)
avalanche,0xe1787eaeb52befb029e52153520024e643cf55c1,campaign_2b,first approved+drained by hardcoded drain wallet in June 2026 (bytecode identical to campaign_2a)
avalanche,0xe1b1681f023f613c7c15aa2ff1b4605586e398bd,campaign_2b,first approved+drained by hardcoded drain wallet in June 2026 (bytecode identical to campaign_2a)
avalanche,0xe23092b8135d3ecd01ecf17c1541298401133b58,campaign_2b,first approved+drained by hardcoded drain wallet in June 2026 (bytecode identical to campaign_2a)
avalanche,0xe2509331fa66515faf7e890192b569687496dbe8,campaign_2b,first approved+drained by hardcoded drain wallet in June 2026 (bytecode identical to campaign_2a)
avalanche,0xe251859937c780add8e49b36f6b0a9fb8c05f5a9,campaign_2b,first approved+drained by hardcoded drain wallet in June 2026 (bytecode identical to campaign_2a)
avalanche,0xe2ba6d98c34fb0974a5ee5f18d574de224ff65d0,campaign_2b,first approved+drained by hardcoded drain wallet in June 2026 (bytecode identical to campaign_2a)
avalanche,0xe34b56445f6f05b63a94e82797c8a3d2ac4b8bce,campaign_2b,first approved+drained by hardcoded drain wallet in June 2026 (bytecode identical to campaign_2a)
avalanche,0xe3d7307ef51fb2e884712563af366c4dd87c6917,campaign_2b,first approved+drained by hardcoded drain wallet in June 2026 (bytecode identical to campaign_2a)
avalanche,0xe4008bcb3b9986bc80a75ed34c523dadde6ad448,campaign_2b,first approved+drained by hardcoded drain wallet in June 2026 (bytecode identical to campaign_2a)
avalanche,0xe40e9414e3a712f9c701b4bb2c9faba5cb47753b,campaign_2b,first approved+drained by hardcoded drain wallet in June 2026 (bytecode identical to campaign_2a)
avalanche,0xe4182cd6e6a6ed1c143002dfd834d9730f36d97a,campaign_2b,first approved+drained by hardcoded drain wallet in June 2026 (bytecode identical to campaign_2a)
avalanche,0xe44ea92e795ca0621cf61ba8860ba56478ed2fc8,campaign_2b,first approved+drained by hardcoded drain wallet in June 2026 (bytecode identical to campaign_2a)
avalanche,0xe4c6d7dbfdefec6000f7ec242df1f1e6da485c5d,campaign_2b,first approved+drained by hardcoded drain wallet in June 2026 (bytecode identical to campaign_2a)
avalanche,0xe5024361fe6e9c2b851b642022962d389ede9421,campaign_2b,first approved+drained by hardcoded drain wallet in June 2026 (bytecode identical to campaign_2a)
avalanche,0xe53d0647032b2d60e1876ad2eda110c310da3561,campaign_2b,first approved+drained by hardcoded drain wallet in June 2026 (bytecode identical to campaign_2a)
avalanche,0xe559b1972ce7f9a7936e2d778cad32d10870f9b8,campaign_2b,first approved+drained by hardcoded drain wallet in June 2026 (bytecode identical to campaign_2a)
avalanche,0xe587999d45973d99739680bb231cd80fc1fe7ed4,campaign_2b,first approved+drained by hardcoded drain wallet in June 2026 (bytecode identical to campaign_2a)
avalanche,0xe59ced7dd01b8d199931fee9400b773f8d132cb1,campaign_2b,first approved+drained by hardcoded drain wallet in June 2026 (bytecode identical to campaign_2a)
avalanche,0xe5f5b0fddbcf870bd11d679ce0ed192b615acea5,campaign_2b,first approved+drained by hardcoded drain wallet in June 2026 (bytecode identical to campaign_2a)
avalanche,0xe5f83d716b641f4420e86aa4c1e653eb7e5e9949,campaign_2b,first approved+drained by hardcoded drain wallet in June 2026 (bytecode identical to campaign_2a)
avalanche,0xe61706935142c623175ab8a191267f1c91e66194,campaign_2b,first approved+drained by hardcoded drain wallet in June 2026 (bytecode identical to campaign_2a)
avalanche,0xe62d27a64f4f132ddc21c91a4ab89c7c96a639de,campaign_2b,first approved+drained by hardcoded drain wallet in June 2026 (bytecode identical to campaign_2a)
avalanche,0xe6413c23512370ed5a2ee02fe477ed817b7cbe92,campaign_2b,first approved+drained by hardcoded drain wallet in June 2026 (bytecode identical to campaign_2a)
avalanche,0xe773fd48f4492142811223b9d39e4bf5a6e560cf,campaign_2b,first approved+drained by hardcoded drain wallet in June 2026 (bytecode identical to campaign_2a)
avalanche,0xe79c26d6e69df165f4764f53d80187312e8dab1b,campaign_2b,first approved+drained by hardcoded drain wallet in June 2026 (bytecode identical to campaign_2a)
avalanche,0xe79cb88edc940e89908612b333108035c41b4dd2,campaign_2b,first approved+drained by hardcoded drain wallet in June 2026 (bytecode identical to campaign_2a)
avalanche,0xe811fa93571fa6a67bbcc5eacc8f44d2598fa6be,campaign_2b,first approved+drained by hardcoded drain wallet in June 2026 (bytecode identical to campaign_2a)
avalanche,0xe836d288df520b78061de0391bcc4163e3046056,campaign_2b,first approved+drained by hardcoded drain wallet in June 2026 (bytecode identical to campaign_2a)
avalanche,0xe8970aa2389b622dff2cd07015277a257e1e97ba,campaign_2b,first approved+drained by hardcoded drain wallet in June 2026 (bytecode identical to campaign_2a)
avalanche,0xe9154f3ba29f00c152bcdbdd12f25ead3ae32302,campaign_2b,first approved+drained by hardcoded drain wallet in June 2026 (bytecode identical to campaign_2a)
avalanche,0xe93de3f5e8dee34a37d4459d4c5cdb0d80e0b433,campaign_2b,first approved+drained by hardcoded drain wallet in June 2026 (bytecode identical to campaign_2a)
avalanche,0xe93f5a12bed2b7b102bf3d8bda47b9cf800ffd2b,campaign_2b,first approved+drained by hardcoded drain wallet in June 2026 (bytecode identical to campaign_2a)
avalanche,0xe94c6bd97c0e9944db7b61d5fb5c9c3c5f593ed1,campaign_2b,first approved+drained by hardcoded drain wallet in June 2026 (bytecode identical to campaign_2a)
avalanche,0xe984e56501cffb10432023ad54e9c7535988bc2b,campaign_2b,first approved+drained by hardcoded drain wallet in June 2026 (bytecode identical to campaign_2a)
avalanche,0xe984ffa8042f27b0258d943e1cc511a5efa5caaa,campaign_2b,first approved+drained by hardcoded drain wallet in June 2026 (bytecode identical to campaign_2a)
avalanche,0xe98f256d0348a6c15f5224abfda4ce4a48315dda,campaign_2b,first approved+drained by hardcoded drain wallet in June 2026 (bytecode identical to campaign_2a)
avalanche,0xe9b312fac45bd52bff34c49954ba0c34d0dd4801,campaign_2b,first approved+drained by hardcoded drain wallet in June 2026 (bytecode identical to campaign_2a)
avalanche,0xe9c4571a3621523a91ab44a6f27b9d1b69948523,campaign_2b,first approved+drained by hardcoded drain wallet in June 2026 (bytecode identical to campaign_2a)
avalanche,0xea0a48cbd72f22e99944392e5da497465c44f831,campaign_2b,first approved+drained by hardcoded drain wallet in June 2026 (bytecode identical to campaign_2a)
avalanche,0xea10bd44c2eb0db2db0fbd5667ae5abb3680337d,campaign_2b,first approved+drained by hardcoded drain wallet in June 2026 (bytecode identical to campaign_2a)
avalanche,0xea160dd45f92e291b5bf1d4a53a9f934f381c66b,campaign_2b,first approved+drained by hardcoded drain wallet in June 2026 (bytecode identical to campaign_2a)
avalanche,0xea4f72bdc279c818ab975ee459a3d9066e60f073,campaign_2b,first approved+drained by hardcoded drain wallet in June 2026 (bytecode identical to campaign_2a)
avalanche,0xea96b06c0f5273392aa459012478544aa3ceb3d2,campaign_2b,first approved+drained by hardcoded drain wallet in June 2026 (bytecode identical to campaign_2a)
avalanche,0xea99e5fc3784a426838886547995868fc974af43,campaign_2b,first approved+drained by hardcoded drain wallet in June 2026 (bytecode identical to campaign_2a)
avalanche,0xeaa6ddd2451aea7a768987f057a430d5658eca48,campaign_2b,first approved+drained by hardcoded drain wallet in June 2026 (bytecode identical to campaign_2a)
avalanche,0xeaa9a8ad51f55e143e5aaa4c2b43cc30af9b8d0a,campaign_2b,first approved+drained by hardcoded drain wallet in June 2026 (bytecode identical to campaign_2a)
avalanche,0xeab1eff8879671d8d4e12ec76df14da1a14527d9,campaign_2b,first approved+drained by hardcoded drain wallet in June 2026 (bytecode identical to campaign_2a)
avalanche,0xeb0d58a1caa3778dae92a65dac84ebdde7852aac,campaign_2b,first approved+drained by hardcoded drain wallet in June 2026 (bytecode identical to campaign_2a)
avalanche,0xeb447bde21dc8cdf18661b8a56aa91646f165196,campaign_2b,first approved+drained by hardcoded drain wallet in June 2026 (bytecode identical to campaign_2a)
avalanche,0xeb5edd8e46ddc09015ef5362e2894de683e9ed1d,campaign_2b,first approved+drained by hardcoded drain wallet in June 2026 (bytecode identical to campaign_2a)
avalanche,0xeb6471f3c51d7967ba1347c4a61a167d43446ac9,campaign_2b,first approved+drained by hardcoded drain wallet in June 2026 (bytecode identical to campaign_2a)
avalanche,0xeb7debf7fe1c4ae0145214a956ca60d53b6d902c,campaign_2b,first approved+drained by hardcoded drain wallet in June 2026 (bytecode identical to campaign_2a)
avalanche,0xeb7e47273967e58a2dadb310aa2262fbd188adc1,campaign_2b,first approved+drained by hardcoded drain wallet in June 2026 (bytecode identical to campaign_2a)
avalanche,0xec153551c4f71c260fd2744e770af54c9fb81657,campaign_2b,first approved+drained by hardcoded drain wallet in June 2026 (bytecode identical to campaign_2a)
avalanche,0xec2b3b2974f0944aa3320ba6088421a193499ad4,campaign_2b,first approved+drained by hardcoded drain wallet in June 2026 (bytecode identical to campaign_2a)
avalanche,0xec8359caabefa7f199c8ccd7142b60a4d03e349e,campaign_2b,first approved+drained by hardcoded drain wallet in June 2026 (bytecode identical to campaign_2a)
avalanche,0xec957d34c1f669f27f0db7577fb92feb487cee94,campaign_2b,first approved+drained by hardcoded drain wallet in June 2026 (bytecode identical to campaign_2a)
avalanche,0xeccdb9896ea80e34b50421f96dc2f4e560bcec93,campaign_2b,first approved+drained by hardcoded drain wallet in June 2026 (bytecode identical to campaign_2a)
avalanche,0xecd9a7b63a2a410c5b7decfb0493eeb061cee16d,campaign_2b,first approved+drained by hardcoded drain wallet in June 2026 (bytecode identical to campaign_2a)
avalanche,0xed02f1d4afa5f27984452c0fa71dc0f1abd3a642,campaign_2b,first approved+drained by hardcoded drain wallet in June 2026 (bytecode identical to campaign_2a)
avalanche,0xed0b6276cbe720aa8b4f9789eb69d089f7cea19f,campaign_2b,first approved+drained by hardcoded drain wallet in June 2026 (bytecode identical to campaign_2a)
avalanche,0xed1966a331fa18c7e22408b36cd4a0f97e8f2a2a,campaign_2b,first approved+drained by hardcoded drain wallet in June 2026 (bytecode identical to campaign_2a)
avalanche,0xed566775fde474e587793bb7c301a1228fe98f1c,campaign_2b,first approved+drained by hardcoded drain wallet in June 2026 (bytecode identical to campaign_2a)
avalanche,0xed574f25f28a5ca93162c2ec36fe25b151e2c646,campaign_2b,first approved+drained by hardcoded drain wallet in June 2026 (bytecode identical to campaign_2a)
avalanche,0xed59a5285311aee1f26a1c8c5ce4ad3af3c99c58,campaign_2b,first approved+drained by hardcoded drain wallet in June 2026 (bytecode identical to campaign_2a)
avalanche,0xed6dd701d37d578a257a0f82ddc42107b9f3a54a,campaign_2b,first approved+drained by hardcoded drain wallet in June 2026 (bytecode identical to campaign_2a)
avalanche,0xed80052e880f23a41903f65e87324f75da7358d1,campaign_2b,first approved+drained by hardcoded drain wallet in June 2026 (bytecode identical to campaign_2a)
avalanche,0xed97cda7aa44378ccec396323a470147075e1ef5,campaign_2b,first approved+drained by hardcoded drain wallet in June 2026 (bytecode identical to campaign_2a)
avalanche,0xeda06acbd73606cd9c6470da63add76451dd6b1b,campaign_2b,first approved+drained by hardcoded drain wallet in June 2026 (bytecode identical to campaign_2a)
avalanche,0xedc0bd1434f93de22f886f1a27fe7439471e8611,campaign_2b,first approved+drained by hardcoded drain wallet in June 2026 (bytecode identical to campaign_2a)
avalanche,0xedd7ca5fc4061d4271f5788bed4e900c94df2f61,campaign_2b,first approved+drained by hardcoded drain wallet in June 2026 (bytecode identical to campaign_2a)
avalanche,0xee0d415dfa77c32227278001dac87013af3b25b4,campaign_2b,first approved+drained by hardcoded drain wallet in June 2026 (bytecode identical to campaign_2a)
avalanche,0xee2235a21c69ed4174a83cc8b35de733890b0154,campaign_2b,first approved+drained by hardcoded drain wallet in June 2026 (bytecode identical to campaign_2a)
avalanche,0xee3a50d9ad837079034501a516697fbeae07bd86,campaign_2b,first approved+drained by hardcoded drain wallet in June 2026 (bytecode identical to campaign_2a)
avalanche,0xee3acf02a2727731bae8aa57656d33af649b0280,campaign_2b,first approved+drained by hardcoded drain wallet in June 2026 (bytecode identical to campaign_2a)
avalanche,0xeef7721f58a06a31e32bd6588a7abc9f9b3ea164,campaign_2b,first approved+drained by hardcoded drain wallet in June 2026 (bytecode identical to campaign_2a)
avalanche,0xef2751c75515cc885e70ab000a146ff553a8a6fa,campaign_2b,first approved+drained by hardcoded drain wallet in June 2026 (bytecode identical to campaign_2a)
avalanche,0xef4294363a15b94fb6fbb039be6c6dbdc45d21be,campaign_2b,first approved+drained by hardcoded drain wallet in June 2026 (bytecode identical to campaign_2a)
avalanche,0xef594279de6efb5ba2425cca6a9ad3b9220f43b7,campaign_2b,first approved+drained by hardcoded drain wallet in June 2026 (bytecode identical to campaign_2a)
avalanche,0xef711000ed1c727749dc725f5f2c26912af6b633,campaign_2b,first approved+drained by hardcoded drain wallet in June 2026 (bytecode identical to campaign_2a)
avalanche,0xef764b1a4bde147a554eb11e5629c2dcc8204ffb,campaign_2b,first approved+drained by hardcoded drain wallet in June 2026 (bytecode identical to campaign_2a)
avalanche,0xef916fd38d83d1bde721f142ac1bfff192577666,campaign_2b,first approved+drained by hardcoded drain wallet in June 2026 (bytecode identical to campaign_2a)
avalanche,0xefa646c239b73922ec718fb3a4690818a1bbbd45,campaign_2b,first approved+drained by hardcoded drain wallet in June 2026 (bytecode identical to campaign_2a)
avalanche,0xefbee3256f1305a7dc5d15990cfee64fe73bfcf7,campaign_2b,first approved+drained by hardcoded drain wallet in June 2026 (bytecode identical to campaign_2a)
avalanche,0xefd64cc7d01f3ca1b37d3042f2476e44573d54c8,campaign_2b,first approved+drained by hardcoded drain wallet in June 2026 (bytecode identical to campaign_2a)
avalanche,0xefe8b676544379fd5f947de84c9da0f1951100a4,campaign_2b,first approved+drained by hardcoded drain wallet in June 2026 (bytecode identical to campaign_2a)
avalanche,0xf0120578140bdda9dab27c9122035e39f285fee9,campaign_2b,first approved+drained by hardcoded drain wallet in June 2026 (bytecode identical to campaign_2a)
avalanche,0xf01566dd0539d9c36188095d7e230db0bf273d02,campaign_2b,first approved+drained by hardcoded drain wallet in June 2026 (bytecode identical to campaign_2a)
avalanche,0xf02427b6e6ff12741b7c6b45b7d766d677eb8d99,campaign_2b,first approved+drained by hardcoded drain wallet in June 2026 (bytecode identical to campaign_2a)
avalanche,0xf05ad7556fa3d31d26045c548e2f63d71d435d50,campaign_2b,first approved+drained by hardcoded drain wallet in June 2026 (bytecode identical to campaign_2a)
avalanche,0xf07662a2f16426851fa2452480d571e5fdfc52fc,campaign_2b,first approved+drained by hardcoded drain wallet in June 2026 (bytecode identical to campaign_2a)
avalanche,0xf086436b608a5ade314badef1580025eb76c8a45,campaign_2b,first approved+drained by hardcoded drain wallet in June 2026 (bytecode identical to campaign_2a)
avalanche,0xf0a22755c797ae91c217a5cbfee9d90c01e38b9e,campaign_2b,first approved+drained by hardcoded drain wallet in June 2026 (bytecode identical to campaign_2a)
avalanche,0xf0d6b116ecdf67c844343215fe03af208cc02ab2,campaign_2b,first approved+drained by hardcoded drain wallet in June 2026 (bytecode identical to campaign_2a)
avalanche,0xf1e09dce005cd7dd2bcf5784d03ab39eadc8a717,campaign_2b,first approved+drained by hardcoded drain wallet in June 2026 (bytecode identical to campaign_2a)
avalanche,0xf1e1759d4fc190e90a9b409b9b7c161d45266959,campaign_2b,first approved+drained by hardcoded drain wallet in June 2026 (bytecode identical to campaign_2a)
avalanche,0xf1fcc921f1e8f96438fc8de0ec649924a82b757c,campaign_2b,first approved+drained by hardcoded drain wallet in June 2026 (bytecode identical to campaign_2a)
avalanche,0xf21236cc6ebb4cc6337172383d90e6aefee9ab39,campaign_2b,first approved+drained by hardcoded drain wallet in June 2026 (bytecode identical to campaign_2a)
avalanche,0xf2570f28972106b518a7e12641102a0e5ad8fe8d,campaign_2b,first approved+drained by hardcoded drain wallet in June 2026 (bytecode identical to campaign_2a)
avalanche,0xf27e0bb8fa2a715bfeb85c8b2f99485c56e57e9e,campaign_2b,first approved+drained by hardcoded drain wallet in June 2026 (bytecode identical to campaign_2a)
avalanche,0xf2d3678a3b2b331f09f9d1be7875c8f8ae52d86c,campaign_2b,first approved+drained by hardcoded drain wallet in June 2026 (bytecode identical to campaign_2a)
avalanche,0xf2f0f9113698e8310978853b0f2cb83ad9303a33,campaign_2b,first approved+drained by hardcoded drain wallet in June 2026 (bytecode identical to campaign_2a)
avalanche,0xf3372fe92a23ddf75d436aed28b3e968ead50267,campaign_2b,first approved+drained by hardcoded drain wallet in June 2026 (bytecode identical to campaign_2a)
avalanche,0xf3ca3177dac03f1ad079bff03b78d7c5fb1a82ba,campaign_2b,first approved+drained by hardcoded drain wallet in June 2026 (bytecode identical to campaign_2a)
avalanche,0xf3e39cc5aee4fce3ceb7215904e2ac6507b6542f,campaign_2b,first approved+drained by hardcoded drain wallet in June 2026 (bytecode identical to campaign_2a)
avalanche,0xf3ff3d02d5f70b92dc8b06f1e2f34a8d260bf1bd,campaign_2b,first approved+drained by hardcoded drain wallet in June 2026 (bytecode identical to campaign_2a)
avalanche,0xf497b27e4d8823007f9dd416b31301d6ee362bf6,campaign_2b,first approved+drained by hardcoded drain wallet in June 2026 (bytecode identical to campaign_2a)
avalanche,0xf4c10da0e04791666bfac4bda6a0637a62bdde44,campaign_2b,first approved+drained by hardcoded drain wallet in June 2026 (bytecode identical to campaign_2a)
avalanche,0xf4f53d44daba1c50088d0f1a22743d049db0055f,campaign_2b,first approved+drained by hardcoded drain wallet in June 2026 (bytecode identical to campaign_2a)
avalanche,0xf4fc5a8fcd8d631256ae1a79673e8db2eae6b855,campaign_2b,first approved+drained by hardcoded drain wallet in June 2026 (bytecode identical to campaign_2a)
avalanche,0xf50be8fc6c7b0cc5b1e09c52adb67d9af85782d8,campaign_2b,first approved+drained by hardcoded drain wallet in June 2026 (bytecode identical to campaign_2a)
avalanche,0xf522124570048e344e8344a1af3420eef30d29db,campaign_2b,first approved+drained by hardcoded drain wallet in June 2026 (bytecode identical to campaign_2a)
avalanche,0xf5511c7d2494400f0fec043c0f42b32722b0a403,campaign_2b,first approved+drained by hardcoded drain wallet in June 2026 (bytecode identical to campaign_2a)
avalanche,0xf5bb390ee5a6006acb7d8bc34de9070760be5d40,campaign_2b,first approved+drained by hardcoded drain wallet in June 2026 (bytecode identical to campaign_2a)
avalanche,0xf619052ee93447b81f4a40b3737aa55dcec71cde,campaign_2b,first approved+drained by hardcoded drain wallet in June 2026 (bytecode identical to campaign_2a)
avalanche,0xf63da275862c4564d3cb531a76d42e9aaf44604a,campaign_2b,first approved+drained by hardcoded drain wallet in June 2026 (bytecode identical to campaign_2a)
avalanche,0xf6651e57469fc83b79bd6b6833124cd11f589a7f,campaign_2b,first approved+drained by hardcoded drain wallet in June 2026 (bytecode identical to campaign_2a)
avalanche,0xf67878ab7ed824c45686bc797dd0cae55553a563,campaign_2b,first approved+drained by hardcoded drain wallet in June 2026 (bytecode identical to campaign_2a)
avalanche,0xf67fa72342fa6b6b4df95a5c38327fdc7544d358,campaign_2b,first approved+drained by hardcoded drain wallet in June 2026 (bytecode identical to campaign_2a)
avalanche,0xf7040405759245b0eb29926c446d189874a3fa6b,campaign_2b,first approved+drained by hardcoded drain wallet in June 2026 (bytecode identical to campaign_2a)
avalanche,0xf704bb1a037e4e5746f1b8781bf851af645c0ac0,campaign_2b,first approved+drained by hardcoded drain wallet in June 2026 (bytecode identical to campaign_2a)
avalanche,0xf74946aebf9bdf6e6acd998f2491b25b01f2e4ba,campaign_2b,first approved+drained by hardcoded drain wallet in June 2026 (bytecode identical to campaign_2a)
avalanche,0xf753a5f36b352bce5d4d4c550ce732af1044f45b,campaign_2b,first approved+drained by hardcoded drain wallet in June 2026 (bytecode identical to campaign_2a)
avalanche,0xf76e50a145a92e5964e14136e939500ff04fbb91,campaign_2b,first approved+drained by hardcoded drain wallet in June 2026 (bytecode identical to campaign_2a)
avalanche,0xf7a1c164d90fa7ee7653dcaeef6cdd627a1009e8,campaign_2b,first approved+drained by hardcoded drain wallet in June 2026 (bytecode identical to campaign_2a)
avalanche,0xf7d2eb5435dff3ef5bf105094240b56e5a56915e,campaign_2b,first approved+drained by hardcoded drain wallet in June 2026 (bytecode identical to campaign_2a)
avalanche,0xf7e3c58e703f8a0614eb8dc107406214b18a6cf2,campaign_2b,first approved+drained by hardcoded drain wallet in June 2026 (bytecode identical to campaign_2a)
avalanche,0xf8710d88e55a8e9b543d8eb697418cc82b1d4f35,campaign_2b,first approved+drained by hardcoded drain wallet in June 2026 (bytecode identical to campaign_2a)
avalanche,0xf8a144ce0a06ca58e1a5a597268b5cbae027de7e,campaign_2b,first approved+drained by hardcoded drain wallet in June 2026 (bytecode identical to campaign_2a)
avalanche,0xf950f3587409cd1c9dcd318e5cf5087a629cdd28,campaign_2b,first approved+drained by hardcoded drain wallet in June 2026 (bytecode identical to campaign_2a)
avalanche,0xf9740379d484e0d154f86b967d7ea05a17f43b84,campaign_2b,first approved+drained by hardcoded drain wallet in June 2026 (bytecode identical to campaign_2a)
avalanche,0xf975c478e0fc23e92ed1cc8f6e8d1b11ca67a4b0,campaign_2b,first approved+drained by hardcoded drain wallet in June 2026 (bytecode identical to campaign_2a)
avalanche,0xf9bbbb98b5cab2ad8daa8b55886b72d919de0bb5,campaign_2b,first approved+drained by hardcoded drain wallet in June 2026 (bytecode identical to campaign_2a)
avalanche,0xf9fb25121ec90e3c4eb82265adb44d2c1be3c129,campaign_2b,first approved+drained by hardcoded drain wallet in June 2026 (bytecode identical to campaign_2a)
avalanche,0xfa176d9535cc2416762c8caa14e23e31a32c6ad7,campaign_2b,first approved+drained by hardcoded drain wallet in June 2026 (bytecode identical to campaign_2a)
avalanche,0xfa6cab0c3108509e6902993bae3ebc7a71c4ac19,campaign_2b,first approved+drained by hardcoded drain wallet in June 2026 (bytecode identical to campaign_2a)
avalanche,0xfa8ce8f4f721e3673e8e434ab91439662544f3d5,campaign_2b,first approved+drained by hardcoded drain wallet in June 2026 (bytecode identical to campaign_2a)
avalanche,0xfa9ab24bfd2e10a0184ea1bef2ad72cc5c400d04,campaign_2b,first approved+drained by hardcoded drain wallet in June 2026 (bytecode identical to campaign_2a)
avalanche,0xfab3ac90fe3859846d8c27e5f4d4172c97e78f8d,campaign_2b,first approved+drained by hardcoded drain wallet in June 2026 (bytecode identical to campaign_2a)
avalanche,0xfac81b92c632e3bd806d5d892f695211cabb55bc,campaign_2b,first approved+drained by hardcoded drain wallet in June 2026 (bytecode identical to campaign_2a)
avalanche,0xfb1729086b3af4e2377af56d4cace7c32e6bbc6c,campaign_2b,first approved+drained by hardcoded drain wallet in June 2026 (bytecode identical to campaign_2a)
avalanche,0xfc2f12a7f59881fb67f7c88e79ac0a0d895d0a4b,campaign_2b,first approved+drained by hardcoded drain wallet in June 2026 (bytecode identical to campaign_2a)
avalanche,0xfc3bdd85361b2647661c8b09e50ed3e2bd50401e,campaign_2b,first approved+drained by hardcoded drain wallet in June 2026 (bytecode identical to campaign_2a)
avalanche,0xfc57699f85106464f6c8fcaca21d3956f86daf85,campaign_2b,first approved+drained by hardcoded drain wallet in June 2026 (bytecode identical to campaign_2a)
avalanche,0xfc8b123409128a304f72fba800980d3a77342702,campaign_2b,first approved+drained by hardcoded drain wallet in June 2026 (bytecode identical to campaign_2a)
avalanche,0xfcc8ed06ae2a0cae8a5304591282b545e7f6a4d5,campaign_2b,first approved+drained by hardcoded drain wallet in June 2026 (bytecode identical to campaign_2a)
avalanche,0xfcdee634fb20ec3ad2210b8135160b834722aaf0,campaign_2b,first approved+drained by hardcoded drain wallet in June 2026 (bytecode identical to campaign_2a)
avalanche,0xfce1205a47382a4f19d6de5e722883725a9cf8de,campaign_2b,first approved+drained by hardcoded drain wallet in June 2026 (bytecode identical to campaign_2a)
avalanche,0xfcff09935317f0c77c4d51f794b7b2f3ad1290a9,campaign_2b,first approved+drained by hardcoded drain wallet in June 2026 (bytecode identical to campaign_2a)
avalanche,0xfd118fd7e902e2b2bf77ce5f2645c327c6bedf34,campaign_2b,first approved+drained by hardcoded drain wallet in June 2026 (bytecode identical to campaign_2a)
avalanche,0xfd3372b1960f1dccbffbdae732f1b1aa43a54440,campaign_2b,first approved+drained by hardcoded drain wallet in June 2026 (bytecode identical to campaign_2a)
avalanche,0xfdacaecdb8ea346a5886e721b98f8e0ee8e856f7,campaign_2b,first approved+drained by hardcoded drain wallet in June 2026 (bytecode identical to campaign_2a)
avalanche,0xfe2eef3a38a7264d67ea2d316cf31ab6102e6af2,campaign_2b,first approved+drained by hardcoded drain wallet in June 2026 (bytecode identical to campaign_2a)
avalanche,0xfe6845fffb7f7a15db81c65b27ef4dcfab2ee090,campaign_2b,first approved+drained by hardcoded drain wallet in June 2026 (bytecode identical to campaign_2a)
avalanche,0xfe89f7ddfbec29027fa84fa8b302c23dfdf5c195,campaign_2b,first approved+drained by hardcoded drain wallet in June 2026 (bytecode identical to campaign_2a)
avalanche,0xfec9ef52b55a2d47f8d17893254e95c8ce7964e1,campaign_2b,first approved+drained by hardcoded drain wallet in June 2026 (bytecode identical to campaign_2a)
avalanche,0xfecc2b3880bc600e3de00af3b7e00adbbebb6dd9,campaign_2b,first approved+drained by hardcoded drain wallet in June 2026 (bytecode identical to campaign_2a)
avalanche,0xfeeeaeda28465c6ba278eb0dbbd60da465222c23,campaign_2b,first approved+drained by hardcoded drain wallet in June 2026 (bytecode identical to campaign_2a)
avalanche,0xff1ab17961433c7c1caab2af5c13af9b09d0f6bd,campaign_2b,first approved+drained by hardcoded drain wallet in June 2026 (bytecode identical to campaign_2a)
avalanche,0xff724f38ae01b81e46ded71b9aac4820abec3f91,campaign_2b,first approved+drained by hardcoded drain wallet in June 2026 (bytecode identical to campaign_2a)
avalanche,0xff73ccb41370c8367f133c5ef78d8bebc702bbfe,campaign_2b,first approved+drained by hardcoded drain wallet in June 2026 (bytecode identical to campaign_2a)
avalanche,0xffaa3c0bbee0fac6ef1fd9863810435f6cad6f77,campaign_2b,first approved+drained by hardcoded drain wallet in June 2026 (bytecode identical to campaign_2a)
avalanche,0xffbaf22c73b64d771722571a2cba7ac3b345434b,campaign_2b,first approved+drained by hardcoded drain wallet in June 2026 (bytecode identical to campaign_2a)
avalanche,0xfff1df4f98de2f2eb485525db2f22c22cbb84e53,campaign_2b,first approved+drained by hardcoded drain wallet in June 2026 (bytecode identical to campaign_2a)
