chain,contract_address,hardcoded_manager,ever_drained_by_mgr,ever_blacklisted_by_mgr,notes
polygon,0x00485c2c619320e90f5ed9648ae01f51c249bc51,0xbfd4a51c9f4c5b8109bdd462c8a57a5d268be3d0,False,True,same template family as avalanche; single-key architecture
polygon,0x008017d7cfb0101682b43b791979d333fc7836ec,0xbfd4a51c9f4c5b8109bdd462c8a57a5d268be3d0,False,True,same template family as avalanche; single-key architecture
polygon,0x00bba571d75b05ac3fd71b7700bc74ad01b7722a,0xbfd4a51c9f4c5b8109bdd462c8a57a5d268be3d0,False,True,same template family as avalanche; single-key architecture
polygon,0x00d991eaa0a7feb46ef92d628b310fc3979d8560,0xbfd4a51c9f4c5b8109bdd462c8a57a5d268be3d0,True,True,same template family as avalanche; single-key architecture
polygon,0x0132035ae3fe4adf52dabf555d0a5182fd6c1ed5,0xbfd4a51c9f4c5b8109bdd462c8a57a5d268be3d0,False,True,same template family as avalanche; single-key architecture
polygon,0x01b332e33cc7479acb97ca482b7c5ff2dcdbbd1d,0xbfd4a51c9f4c5b8109bdd462c8a57a5d268be3d0,False,True,same template family as avalanche; single-key architecture
polygon,0x021a4fd70d41e526550c2819110ab8917e407b81,0xbfd4a51c9f4c5b8109bdd462c8a57a5d268be3d0,False,True,same template family as avalanche; single-key architecture
polygon,0x023733a44b81bcbfc66cee79292589534c8f99d5,0xbfd4a51c9f4c5b8109bdd462c8a57a5d268be3d0,False,True,same template family as avalanche; single-key architecture
polygon,0x02496b72819d69c1a9056db3ffc8bea267fba5d7,0xbfd4a51c9f4c5b8109bdd462c8a57a5d268be3d0,False,True,same template family as avalanche; single-key architecture
polygon,0x02f17dc8b4bc0982722efa5917cb6a028e212a2e,0xbfd4a51c9f4c5b8109bdd462c8a57a5d268be3d0,False,True,same template family as avalanche; single-key architecture
polygon,0x033f81e16615c3744f02f4072318959aca81b7a4,0xbfd4a51c9f4c5b8109bdd462c8a57a5d268be3d0,True,True,same template family as avalanche; single-key architecture
polygon,0x03a16189827d6d3855133060b6172cb08024fcc3,0xbfd4a51c9f4c5b8109bdd462c8a57a5d268be3d0,False,True,same template family as avalanche; single-key architecture
polygon,0x03c45bbb8f3b4fdd07142d645f9ece4408c31f8d,0xbfd4a51c9f4c5b8109bdd462c8a57a5d268be3d0,False,True,same template family as avalanche; single-key architecture
polygon,0x040b0b8b38e4bf7fa3f2be444e9922355dfa4c8a,0xbfd4a51c9f4c5b8109bdd462c8a57a5d268be3d0,False,True,same template family as avalanche; single-key architecture
polygon,0x041bd8f554c0116bdfdae43659633322ccec09f8,0xbfd4a51c9f4c5b8109bdd462c8a57a5d268be3d0,False,True,same template family as avalanche; single-key architecture
polygon,0x043281fe3fd90df60504485d067bff4a571f57d4,0xbfd4a51c9f4c5b8109bdd462c8a57a5d268be3d0,False,True,same template family as avalanche; single-key architecture
polygon,0x04ff3794d6ea4b814157e56fa0e97c07013a8438,0xbfd4a51c9f4c5b8109bdd462c8a57a5d268be3d0,False,True,same template family as avalanche; single-key architecture
polygon,0x05a79f39741998151547ae34baa44aefe585a50a,0xbfd4a51c9f4c5b8109bdd462c8a57a5d268be3d0,False,True,same template family as avalanche; single-key architecture
polygon,0x05bc54465a1b3b0e598616c99cb957e91c783056,0xbfd4a51c9f4c5b8109bdd462c8a57a5d268be3d0,False,True,same template family as avalanche; single-key architecture
polygon,0x05d2add9adb678e75d348d456a05b2a9530bfbb2,0xbfd4a51c9f4c5b8109bdd462c8a57a5d268be3d0,False,True,same template family as avalanche; single-key architecture
polygon,0x05eca63a45be772e09e430b5389e198b26980511,0xbfd4a51c9f4c5b8109bdd462c8a57a5d268be3d0,False,True,same template family as avalanche; single-key architecture
polygon,0x0649ec1500523bd4e22ebdc3be0d37f7be2810fc,0xbfd4a51c9f4c5b8109bdd462c8a57a5d268be3d0,False,True,same template family as avalanche; single-key architecture
polygon,0x06e96ec4c7b943c819491105f733d7777842199f,0xbfd4a51c9f4c5b8109bdd462c8a57a5d268be3d0,False,True,same template family as avalanche; single-key architecture
polygon,0x07622bba5dbc48f94ad39abcc04e2e502a9e33f4,0xbfd4a51c9f4c5b8109bdd462c8a57a5d268be3d0,False,True,same template family as avalanche; single-key architecture
polygon,0x079ec0b801c919ae349328c7bf167e311fbb8e53,0xbfd4a51c9f4c5b8109bdd462c8a57a5d268be3d0,False,True,same template family as avalanche; single-key architecture
polygon,0x07ce48b67a15e89050b870d60d2bee67864f57e8,0xbfd4a51c9f4c5b8109bdd462c8a57a5d268be3d0,False,True,same template family as avalanche; single-key architecture
polygon,0x080242a3d2e246150eb4a493829efef9eef9fd5e,0xbfd4a51c9f4c5b8109bdd462c8a57a5d268be3d0,False,True,same template family as avalanche; single-key architecture
polygon,0x0874f5de76fd30d203d5bf041fad0c0fea352d72,0xbfd4a51c9f4c5b8109bdd462c8a57a5d268be3d0,False,True,same template family as avalanche; single-key architecture
polygon,0x09b9af62ab7bb7903ca982fa7155c8bb8b842b15,0xbfd4a51c9f4c5b8109bdd462c8a57a5d268be3d0,False,True,same template family as avalanche; single-key architecture
polygon,0x0ad09eacb6f8b4398f535693faa4e6200be18da9,0xbfd4a51c9f4c5b8109bdd462c8a57a5d268be3d0,False,True,same template family as avalanche; single-key architecture
polygon,0x0b3e8162d2c702c70569439fa13477b3ade6f9c9,0xbfd4a51c9f4c5b8109bdd462c8a57a5d268be3d0,False,True,same template family as avalanche; single-key architecture
polygon,0x0b7a8471dab04202ca700fe792e8450dc69a68e9,0xbfd4a51c9f4c5b8109bdd462c8a57a5d268be3d0,False,True,same template family as avalanche; single-key architecture
polygon,0x0baea28ad75415e37e91a17d0cf3d1fa06eaf7ec,0xbfd4a51c9f4c5b8109bdd462c8a57a5d268be3d0,False,True,same template family as avalanche; single-key architecture
polygon,0x0beb7ce520192c4862cddd1b1e9840280b4b00fa,0xbfd4a51c9f4c5b8109bdd462c8a57a5d268be3d0,False,True,same template family as avalanche; single-key architecture
polygon,0x0bf5586289619ae44297af2f408f5aaa0054f28f,0xbfd4a51c9f4c5b8109bdd462c8a57a5d268be3d0,False,True,same template family as avalanche; single-key architecture
polygon,0x0bff7b75d76d161fd742bb8aa2b1c6d87db32ad3,0xbfd4a51c9f4c5b8109bdd462c8a57a5d268be3d0,False,True,same template family as avalanche; single-key architecture
polygon,0x0c4bb0647637b21139ed47890a48bfa61f2fcb66,0xbfd4a51c9f4c5b8109bdd462c8a57a5d268be3d0,True,True,same template family as avalanche; single-key architecture
polygon,0x0c9db35c19392250436b877e50c3fdcda0cb3c60,0xbfd4a51c9f4c5b8109bdd462c8a57a5d268be3d0,False,True,same template family as avalanche; single-key architecture
polygon,0x0cf214d33afaf582a9a8bc00fdacd020159e72f2,0xbfd4a51c9f4c5b8109bdd462c8a57a5d268be3d0,False,True,same template family as avalanche; single-key architecture
polygon,0x0d83204dc034d96bcb057ee260d4d8defb12ca7a,0xbfd4a51c9f4c5b8109bdd462c8a57a5d268be3d0,False,True,same template family as avalanche; single-key architecture
polygon,0x0e1e0ec21ebefb49e8ffa65f98dc5854837b4a59,0xbfd4a51c9f4c5b8109bdd462c8a57a5d268be3d0,False,True,same template family as avalanche; single-key architecture
polygon,0x0e4dcd7b45e99747b98cff989887820b580708ca,0xbfd4a51c9f4c5b8109bdd462c8a57a5d268be3d0,False,True,same template family as avalanche; single-key architecture
polygon,0x0eb9b3667e0276104cd3bdd79d09cbc7f29d4af1,0xbfd4a51c9f4c5b8109bdd462c8a57a5d268be3d0,False,True,same template family as avalanche; single-key architecture
polygon,0x102eae7a6af9a62c69f5f0d6ff3f4d1b58897363,0xbfd4a51c9f4c5b8109bdd462c8a57a5d268be3d0,False,True,same template family as avalanche; single-key architecture
polygon,0x10663f59d4a7475537164c0c8f47294f7fce6821,0xbfd4a51c9f4c5b8109bdd462c8a57a5d268be3d0,False,True,same template family as avalanche; single-key architecture
polygon,0x1083dba97798524cd256b6d2e68b851f7b0be3ca,0xbfd4a51c9f4c5b8109bdd462c8a57a5d268be3d0,False,True,same template family as avalanche; single-key architecture
polygon,0x111e5dce556a82bd2a5c5b00d9ebffdfee4272be,0xbfd4a51c9f4c5b8109bdd462c8a57a5d268be3d0,False,True,same template family as avalanche; single-key architecture
polygon,0x112c4a15369afa34a6e9f434f71ed95e5bff7059,0xbfd4a51c9f4c5b8109bdd462c8a57a5d268be3d0,False,True,same template family as avalanche; single-key architecture
polygon,0x113af2e6add4c7a991beb8f8ed25c088807299c9,0xbfd4a51c9f4c5b8109bdd462c8a57a5d268be3d0,False,True,same template family as avalanche; single-key architecture
polygon,0x1206546342768a1106030a27bb3ae27ea10ac14f,0xbfd4a51c9f4c5b8109bdd462c8a57a5d268be3d0,False,True,same template family as avalanche; single-key architecture
polygon,0x121c0747dd236ab332f8efd3ea41697717ae40ff,0xbfd4a51c9f4c5b8109bdd462c8a57a5d268be3d0,False,True,same template family as avalanche; single-key architecture
polygon,0x1295087a96197fb9d6c1dc3858ed894691d2c4b3,0xbfd4a51c9f4c5b8109bdd462c8a57a5d268be3d0,True,True,same template family as avalanche; single-key architecture
polygon,0x12b78cd9fe78798e48c6e9827458118343d300a1,0xbfd4a51c9f4c5b8109bdd462c8a57a5d268be3d0,False,True,same template family as avalanche; single-key architecture
polygon,0x12cb1d4e61701814ed7da29894a91be4cc6958c2,0xbfd4a51c9f4c5b8109bdd462c8a57a5d268be3d0,False,True,same template family as avalanche; single-key architecture
polygon,0x130b9523fdade9da297eb49bea66e78be2f935f7,0xbfd4a51c9f4c5b8109bdd462c8a57a5d268be3d0,False,True,same template family as avalanche; single-key architecture
polygon,0x1351bd029e5ecf95b73d9b6ba897caa73d9cbca4,0xbfd4a51c9f4c5b8109bdd462c8a57a5d268be3d0,False,True,same template family as avalanche; single-key architecture
polygon,0x13f9ed047ea891f95b1fa5abe3d4f9695b4da1b4,0xbfd4a51c9f4c5b8109bdd462c8a57a5d268be3d0,False,True,same template family as avalanche; single-key architecture
polygon,0x14143b58bd22d56cc3145cab22d87010e2c22137,0xbfd4a51c9f4c5b8109bdd462c8a57a5d268be3d0,False,True,same template family as avalanche; single-key architecture
polygon,0x15128d268a8490e7dded89192efcd1a6811a09a5,0xbfd4a51c9f4c5b8109bdd462c8a57a5d268be3d0,False,True,same template family as avalanche; single-key architecture
polygon,0x15141ff91bf182332f5bf2a75b1bacce84b47e03,0xbfd4a51c9f4c5b8109bdd462c8a57a5d268be3d0,False,True,same template family as avalanche; single-key architecture
polygon,0x154f6f7ac5c0c36f34ab96103d0bb3a486bb1c1f,0xbfd4a51c9f4c5b8109bdd462c8a57a5d268be3d0,False,True,same template family as avalanche; single-key architecture
polygon,0x15708981f3daf9fcc85adda6cce254381089c902,0xbfd4a51c9f4c5b8109bdd462c8a57a5d268be3d0,False,True,same template family as avalanche; single-key architecture
polygon,0x15956879581f8101bc629ab65f213ecaa20d6591,0xbfd4a51c9f4c5b8109bdd462c8a57a5d268be3d0,False,True,same template family as avalanche; single-key architecture
polygon,0x15f306522d81d5ab7da59cf02cbeed47aceaa4e4,0xbfd4a51c9f4c5b8109bdd462c8a57a5d268be3d0,False,True,same template family as avalanche; single-key architecture
polygon,0x1602d04ad7d9a6d9d177d76eff2c63a191adbe04,0xbfd4a51c9f4c5b8109bdd462c8a57a5d268be3d0,False,True,same template family as avalanche; single-key architecture
polygon,0x163c649c929713d4e1c30e094bb4f62281a6c20f,0xbfd4a51c9f4c5b8109bdd462c8a57a5d268be3d0,False,True,same template family as avalanche; single-key architecture
polygon,0x164715d8cbae6244984a51d732533bf50f528a0c,0xbfd4a51c9f4c5b8109bdd462c8a57a5d268be3d0,False,True,same template family as avalanche; single-key architecture
polygon,0x1704b4e49ce6e9d61e2f47ca3be0ded3a91f3b0c,0xbfd4a51c9f4c5b8109bdd462c8a57a5d268be3d0,False,True,same template family as avalanche; single-key architecture
polygon,0x172f5c3d847933de25f43c7036dbdaee176a35fa,0xbfd4a51c9f4c5b8109bdd462c8a57a5d268be3d0,False,True,same template family as avalanche; single-key architecture
polygon,0x175dbc61226c26de92a5b8691f20f0139af3856e,0xbfd4a51c9f4c5b8109bdd462c8a57a5d268be3d0,False,True,same template family as avalanche; single-key architecture
polygon,0x177c481bcca1e7b848bdb240392c2982a7060b92,0xbfd4a51c9f4c5b8109bdd462c8a57a5d268be3d0,False,True,same template family as avalanche; single-key architecture
polygon,0x1814de526717c3b985c863e34ad292c843dc6dc1,0xbfd4a51c9f4c5b8109bdd462c8a57a5d268be3d0,False,True,same template family as avalanche; single-key architecture
polygon,0x1857270329f5e8f42174e05d7f328ff9de454c1a,0xbfd4a51c9f4c5b8109bdd462c8a57a5d268be3d0,False,True,same template family as avalanche; single-key architecture
polygon,0x188b131c76ab7e2c14a08a19f9a63a9a4994ede8,0xbfd4a51c9f4c5b8109bdd462c8a57a5d268be3d0,False,True,same template family as avalanche; single-key architecture
polygon,0x19b8a8eab7181f53458377c757768eb34d3ff895,0xbfd4a51c9f4c5b8109bdd462c8a57a5d268be3d0,False,True,same template family as avalanche; single-key architecture
polygon,0x1b18568fe3ed609fca2f5a430847e174799831cb,0xbfd4a51c9f4c5b8109bdd462c8a57a5d268be3d0,False,True,same template family as avalanche; single-key architecture
polygon,0x1b1c29cedbbc111051657f4c6cd138f53b789b86,0xbfd4a51c9f4c5b8109bdd462c8a57a5d268be3d0,False,True,same template family as avalanche; single-key architecture
polygon,0x1c4e767b2d9c7d6d13ab7bd44708fafe8c68d78c,0xbfd4a51c9f4c5b8109bdd462c8a57a5d268be3d0,False,True,same template family as avalanche; single-key architecture
polygon,0x1d5ccbca2464f402aa8405adc33fd2369d79e21c,0xbfd4a51c9f4c5b8109bdd462c8a57a5d268be3d0,False,True,same template family as avalanche; single-key architecture
polygon,0x1e256dc96afac47df62250bb1f57d55534a3b342,0xbfd4a51c9f4c5b8109bdd462c8a57a5d268be3d0,False,True,same template family as avalanche; single-key architecture
polygon,0x1e94278463f537e5c0c93bbc4cd72d1f036d874b,0xbfd4a51c9f4c5b8109bdd462c8a57a5d268be3d0,False,True,same template family as avalanche; single-key architecture
polygon,0x1e9540a34f19a4a9106fb843b2ff8681a4b555cb,0xbfd4a51c9f4c5b8109bdd462c8a57a5d268be3d0,False,True,same template family as avalanche; single-key architecture
polygon,0x1ed7e7016c14bc6e80430eaa3bd2962e873fab25,0xbfd4a51c9f4c5b8109bdd462c8a57a5d268be3d0,False,True,same template family as avalanche; single-key architecture
polygon,0x1ef3072df8e6e413643598ae87e1a9b2ad4125b4,0xbfd4a51c9f4c5b8109bdd462c8a57a5d268be3d0,False,True,same template family as avalanche; single-key architecture
polygon,0x1f0f6288e1b4c666eaefb7ddf763bdba9e3f54d1,0xbfd4a51c9f4c5b8109bdd462c8a57a5d268be3d0,False,True,same template family as avalanche; single-key architecture
polygon,0x1f4a08e62f030dd0bf7a09d2a683a020c0abc4e5,0xbfd4a51c9f4c5b8109bdd462c8a57a5d268be3d0,False,True,same template family as avalanche; single-key architecture
polygon,0x202fefb953de8e2e087d140709f53b701c1214e9,0xbfd4a51c9f4c5b8109bdd462c8a57a5d268be3d0,False,True,same template family as avalanche; single-key architecture
polygon,0x206146aebb8fcbe1325cc4a96b313b0f35e256c1,0xbfd4a51c9f4c5b8109bdd462c8a57a5d268be3d0,False,True,same template family as avalanche; single-key architecture
polygon,0x2065f4339bc58f0aa8b0b02028f6cd9732de266b,0xbfd4a51c9f4c5b8109bdd462c8a57a5d268be3d0,False,True,same template family as avalanche; single-key architecture
polygon,0x207ae90a34cd3fa90f0b344b4714756cdba959b0,0xbfd4a51c9f4c5b8109bdd462c8a57a5d268be3d0,False,True,same template family as avalanche; single-key architecture
polygon,0x21eef3f0538ad237dcf1dafd7135fe13b0571a58,0xbfd4a51c9f4c5b8109bdd462c8a57a5d268be3d0,False,True,same template family as avalanche; single-key architecture
polygon,0x21f8d60deb20f6a912c1988411fa9c5e1e6a979d,0xbfd4a51c9f4c5b8109bdd462c8a57a5d268be3d0,False,True,same template family as avalanche; single-key architecture
polygon,0x22159422da6a2399b77b545e1cab39a5eeec04a0,0xbfd4a51c9f4c5b8109bdd462c8a57a5d268be3d0,False,True,same template family as avalanche; single-key architecture
polygon,0x223c3ca1d08c7f86654a1024f679660726296a1e,0xbfd4a51c9f4c5b8109bdd462c8a57a5d268be3d0,False,True,same template family as avalanche; single-key architecture
polygon,0x224bad9ed848a4a2c7e4c3ee731c5d2a4127e9b0,0xbfd4a51c9f4c5b8109bdd462c8a57a5d268be3d0,False,True,same template family as avalanche; single-key architecture
polygon,0x2324d024cc6036f0df2c3f3cc18cd03273172eb0,0xbfd4a51c9f4c5b8109bdd462c8a57a5d268be3d0,False,True,same template family as avalanche; single-key architecture
polygon,0x24529094cac7eb02f265c2e2131ca38101406a3f,0xbfd4a51c9f4c5b8109bdd462c8a57a5d268be3d0,False,True,same template family as avalanche; single-key architecture
polygon,0x2476b7bd6926849d83da8e2bbbb1588d396088f1,0xbfd4a51c9f4c5b8109bdd462c8a57a5d268be3d0,False,True,same template family as avalanche; single-key architecture
polygon,0x252cad049d0cb2e93a02a34feb614571d42348c8,0xbfd4a51c9f4c5b8109bdd462c8a57a5d268be3d0,False,True,same template family as avalanche; single-key architecture
polygon,0x25653ca40978d396ebe7d80c6dae81a523478460,0xbfd4a51c9f4c5b8109bdd462c8a57a5d268be3d0,False,True,same template family as avalanche; single-key architecture
polygon,0x257c0cc4979997e020dcc3d52a84b20e15f1b698,0xbfd4a51c9f4c5b8109bdd462c8a57a5d268be3d0,False,True,same template family as avalanche; single-key architecture
polygon,0x25a757df2caacb9536660b227fd5d63e838878f0,0xbfd4a51c9f4c5b8109bdd462c8a57a5d268be3d0,False,True,same template family as avalanche; single-key architecture
polygon,0x26249f48eb92815f97932e8ce81f78a65c1500f4,0xbfd4a51c9f4c5b8109bdd462c8a57a5d268be3d0,False,True,same template family as avalanche; single-key architecture
polygon,0x2650db99c3d144758846bedf468773112bbdf403,0xbfd4a51c9f4c5b8109bdd462c8a57a5d268be3d0,False,True,same template family as avalanche; single-key architecture
polygon,0x266d41687999072ef95b17a879d46a4db7c9fa94,0xbfd4a51c9f4c5b8109bdd462c8a57a5d268be3d0,False,True,same template family as avalanche; single-key architecture
polygon,0x27060876373c403021b5cab4f9ba7d09d7e80a94,0xbfd4a51c9f4c5b8109bdd462c8a57a5d268be3d0,False,True,same template family as avalanche; single-key architecture
polygon,0x273624e6fcbb09dfb480789e7a037cccd5c2632d,0xbfd4a51c9f4c5b8109bdd462c8a57a5d268be3d0,False,True,same template family as avalanche; single-key architecture
polygon,0x28273394aeb4ef8ad19ff0eaeb206c595a5078f2,0xbfd4a51c9f4c5b8109bdd462c8a57a5d268be3d0,False,True,same template family as avalanche; single-key architecture
polygon,0x28b1d8415150b7656fff4c3ca90fc509757e87c3,0xbfd4a51c9f4c5b8109bdd462c8a57a5d268be3d0,False,True,same template family as avalanche; single-key architecture
polygon,0x28ca5ee15d39061f5d3407e42d5843f5b9f65f4d,0xbfd4a51c9f4c5b8109bdd462c8a57a5d268be3d0,False,True,same template family as avalanche; single-key architecture
polygon,0x29317fde627423851b62a5ca25dfd6cb1db020ea,0xbfd4a51c9f4c5b8109bdd462c8a57a5d268be3d0,False,True,same template family as avalanche; single-key architecture
polygon,0x29f14eb88cc7202b067ff22b105fed68dfc406c2,0xbfd4a51c9f4c5b8109bdd462c8a57a5d268be3d0,True,True,same template family as avalanche; single-key architecture
polygon,0x2a16a38c596053d73989fc620e393ff042cd8fed,0xbfd4a51c9f4c5b8109bdd462c8a57a5d268be3d0,False,True,same template family as avalanche; single-key architecture
polygon,0x2a9e1c600b6c182d498c136646f32c88c71366f4,0xbfd4a51c9f4c5b8109bdd462c8a57a5d268be3d0,False,True,same template family as avalanche; single-key architecture
polygon,0x2aa05417efe54f23683edbbc184bff01cbc47f5a,0xbfd4a51c9f4c5b8109bdd462c8a57a5d268be3d0,False,True,same template family as avalanche; single-key architecture
polygon,0x2ae296c23373e9030529d31739838ccfb29ed572,0xbfd4a51c9f4c5b8109bdd462c8a57a5d268be3d0,False,True,same template family as avalanche; single-key architecture
polygon,0x2b318e0d9d64c977e61ebb0853f6647d29a73a50,0xbfd4a51c9f4c5b8109bdd462c8a57a5d268be3d0,False,True,same template family as avalanche; single-key architecture
polygon,0x2c68e31d1dde3f34aeda89a900957731c31878ce,0xbfd4a51c9f4c5b8109bdd462c8a57a5d268be3d0,True,True,same template family as avalanche; single-key architecture
polygon,0x2c8ba9d39f41715daa4d8e95b7765a9b0224e9c9,0xbfd4a51c9f4c5b8109bdd462c8a57a5d268be3d0,False,True,same template family as avalanche; single-key architecture
polygon,0x2d92f6113ad7369394f5a4a2b92e0962eccf634e,0xbfd4a51c9f4c5b8109bdd462c8a57a5d268be3d0,False,True,same template family as avalanche; single-key architecture
polygon,0x2dd293e140f16a9c3ccbfb831c56f188f85fcb5d,0xbfd4a51c9f4c5b8109bdd462c8a57a5d268be3d0,False,True,same template family as avalanche; single-key architecture
polygon,0x2dd3fab9446d2bc02b8190fab4b94b294e0ddfd3,0xbfd4a51c9f4c5b8109bdd462c8a57a5d268be3d0,False,True,same template family as avalanche; single-key architecture
polygon,0x2de6c4a32d280e0b701ee52522b1c096b84f9272,0xbfd4a51c9f4c5b8109bdd462c8a57a5d268be3d0,False,True,same template family as avalanche; single-key architecture
polygon,0x2e855943c6e1c8d58dc40ed3725e0599ce592761,0xbfd4a51c9f4c5b8109bdd462c8a57a5d268be3d0,False,True,same template family as avalanche; single-key architecture
polygon,0x2ed739d2ab4b3bc98cc8dd13de074350df9f8669,0xbfd4a51c9f4c5b8109bdd462c8a57a5d268be3d0,False,True,same template family as avalanche; single-key architecture
polygon,0x2f8888756755bc4043f6fb93224038d90f88e924,0xbfd4a51c9f4c5b8109bdd462c8a57a5d268be3d0,False,True,same template family as avalanche; single-key architecture
polygon,0x2f9393f564574db864f38081d21fd1b0c91ef30e,0xbfd4a51c9f4c5b8109bdd462c8a57a5d268be3d0,False,True,same template family as avalanche; single-key architecture
polygon,0x2fbfd49641ef3777e68be027cd861c92e05272ca,0xbfd4a51c9f4c5b8109bdd462c8a57a5d268be3d0,False,True,same template family as avalanche; single-key architecture
polygon,0x300389d70729f0aae9ee9335d3643182d3d6c296,0xbfd4a51c9f4c5b8109bdd462c8a57a5d268be3d0,False,True,same template family as avalanche; single-key architecture
polygon,0x312081b14d1dc8f24213d7885bccddf22d50db9e,0xbfd4a51c9f4c5b8109bdd462c8a57a5d268be3d0,False,True,same template family as avalanche; single-key architecture
polygon,0x3180b351f81df8dca13497294adc6fd361615351,0xbfd4a51c9f4c5b8109bdd462c8a57a5d268be3d0,False,True,same template family as avalanche; single-key architecture
polygon,0x31c20bec9e2eff2668987dc777b7bb0a1eb3f2b2,0xbfd4a51c9f4c5b8109bdd462c8a57a5d268be3d0,False,True,same template family as avalanche; single-key architecture
polygon,0x31f8958f68d8ff07765c2f68d1e493c9c1a4b0e4,0xbfd4a51c9f4c5b8109bdd462c8a57a5d268be3d0,False,True,same template family as avalanche; single-key architecture
polygon,0x32061915b849860ca822be64c860e994e85c38e7,0xbfd4a51c9f4c5b8109bdd462c8a57a5d268be3d0,False,True,same template family as avalanche; single-key architecture
polygon,0x32139cb68b40b772795ac6b760fc1e6108633c70,0xbfd4a51c9f4c5b8109bdd462c8a57a5d268be3d0,False,True,same template family as avalanche; single-key architecture
polygon,0x3269fffb315295a4465679c80a329045b83039b0,0xbfd4a51c9f4c5b8109bdd462c8a57a5d268be3d0,False,True,same template family as avalanche; single-key architecture
polygon,0x32a2d308b343fb2785f0ee04d0b3a4d93e02d0d6,0xbfd4a51c9f4c5b8109bdd462c8a57a5d268be3d0,False,True,same template family as avalanche; single-key architecture
polygon,0x34f310a130bc3575694b5cd2d61bafd15ac8d5f7,0xbfd4a51c9f4c5b8109bdd462c8a57a5d268be3d0,True,True,same template family as avalanche; single-key architecture
polygon,0x3516c7a026023c53394373bd5ae76ed735810c0e,0xbfd4a51c9f4c5b8109bdd462c8a57a5d268be3d0,False,True,same template family as avalanche; single-key architecture
polygon,0x3584da048bfbb7eef0a44bffc690b0567ea6a1e9,0xbfd4a51c9f4c5b8109bdd462c8a57a5d268be3d0,False,True,same template family as avalanche; single-key architecture
polygon,0x35b701614e3297f8d415b82683a8bc4cce3786a6,0xbfd4a51c9f4c5b8109bdd462c8a57a5d268be3d0,True,True,same template family as avalanche; single-key architecture
polygon,0x35c9e86e60f19937fe518033100d53b97d87969d,0xbfd4a51c9f4c5b8109bdd462c8a57a5d268be3d0,False,True,same template family as avalanche; single-key architecture
polygon,0x35d291552484d2bf96b2d340407ae26d2adf8142,0xbfd4a51c9f4c5b8109bdd462c8a57a5d268be3d0,False,True,same template family as avalanche; single-key architecture
polygon,0x3617951cd6f54356a3311812a02d93319343ab08,0xbfd4a51c9f4c5b8109bdd462c8a57a5d268be3d0,True,True,same template family as avalanche; single-key architecture
polygon,0x365adea6b2f7bf2fd520c5d475facc8bac4590ba,0xbfd4a51c9f4c5b8109bdd462c8a57a5d268be3d0,False,True,same template family as avalanche; single-key architecture
polygon,0x365c5f41b9fa428e87d08830f6c6e1aaefc0312c,0xbfd4a51c9f4c5b8109bdd462c8a57a5d268be3d0,True,True,same template family as avalanche; single-key architecture
polygon,0x3722bf83ea2d35c3a7a8d7db29bb2f7d5e0b66e3,0xbfd4a51c9f4c5b8109bdd462c8a57a5d268be3d0,False,True,same template family as avalanche; single-key architecture
polygon,0x379a781264a0c159dc785aba0964ee4157cddb0f,0xbfd4a51c9f4c5b8109bdd462c8a57a5d268be3d0,False,True,same template family as avalanche; single-key architecture
polygon,0x37d4e75dfbd83180333f4bf2950669941a6c1b0f,0xbfd4a51c9f4c5b8109bdd462c8a57a5d268be3d0,False,True,same template family as avalanche; single-key architecture
polygon,0x37f158e727c561946c4279a4fbba30dd6970408a,0xbfd4a51c9f4c5b8109bdd462c8a57a5d268be3d0,False,True,same template family as avalanche; single-key architecture
polygon,0x3842b12dccf9173e8002cb8aa60d3693bb303f8a,0xbfd4a51c9f4c5b8109bdd462c8a57a5d268be3d0,False,True,same template family as avalanche; single-key architecture
polygon,0x38a26e6e03f1edafee76d37d5ab2ba201e5a73d5,0xbfd4a51c9f4c5b8109bdd462c8a57a5d268be3d0,False,True,same template family as avalanche; single-key architecture
polygon,0x38d0265c75af34f03af0c42cf1d5806208d215b3,0xbfd4a51c9f4c5b8109bdd462c8a57a5d268be3d0,False,True,same template family as avalanche; single-key architecture
polygon,0x38f6b3f263b74590a536d7ebeac632be469ea656,0xbfd4a51c9f4c5b8109bdd462c8a57a5d268be3d0,False,True,same template family as avalanche; single-key architecture
polygon,0x39df8759b5d12ff0ab7b857e281a12bfd901b979,0xbfd4a51c9f4c5b8109bdd462c8a57a5d268be3d0,False,True,same template family as avalanche; single-key architecture
polygon,0x3a4359567b0d4200553bb371446b7b11258aa66a,0xbfd4a51c9f4c5b8109bdd462c8a57a5d268be3d0,False,True,same template family as avalanche; single-key architecture
polygon,0x3a6adeaf0afbaf9dae73d66113fe0cbddcf0c4fe,0xbfd4a51c9f4c5b8109bdd462c8a57a5d268be3d0,True,True,same template family as avalanche; single-key architecture
polygon,0x3a9cae635a477fd849b856812d291085a9edefe3,0xbfd4a51c9f4c5b8109bdd462c8a57a5d268be3d0,False,True,same template family as avalanche; single-key architecture
polygon,0x3ab2857a81204b1c7688231fb0d4204e9cb4fa38,0xbfd4a51c9f4c5b8109bdd462c8a57a5d268be3d0,False,True,same template family as avalanche; single-key architecture
polygon,0x3ac393183540e00ffd4668e425e823f75fdd2ae4,0xbfd4a51c9f4c5b8109bdd462c8a57a5d268be3d0,True,True,same template family as avalanche; single-key architecture
polygon,0x3ae076fb33397a6ba96f2111269110a9ae9fa4ae,0xbfd4a51c9f4c5b8109bdd462c8a57a5d268be3d0,False,True,same template family as avalanche; single-key architecture
polygon,0x3c94bdd742ab725407a82cc22a51fceb019e0923,0xbfd4a51c9f4c5b8109bdd462c8a57a5d268be3d0,False,True,same template family as avalanche; single-key architecture
polygon,0x3d0dcdc5e5d94830a2a7eee9f92f7c58ea2e8c07,0xbfd4a51c9f4c5b8109bdd462c8a57a5d268be3d0,False,True,same template family as avalanche; single-key architecture
polygon,0x3daef178e79eaa0de2dcf45742803eae8c44c8a1,0xbfd4a51c9f4c5b8109bdd462c8a57a5d268be3d0,False,True,same template family as avalanche; single-key architecture
polygon,0x3df57706e93cda8ab5de613af8c2c3c263b1192c,0xbfd4a51c9f4c5b8109bdd462c8a57a5d268be3d0,False,True,same template family as avalanche; single-key architecture
polygon,0x3edb21cc583b5092be9ba593c850d06b50d9ba72,0xbfd4a51c9f4c5b8109bdd462c8a57a5d268be3d0,False,True,same template family as avalanche; single-key architecture
polygon,0x3f75c7c21de5ad1b68eba3b51d35810d95c0e7be,0xbfd4a51c9f4c5b8109bdd462c8a57a5d268be3d0,False,True,same template family as avalanche; single-key architecture
polygon,0x3fadba7348629a366b1f19b23a3811aa83597856,0xbfd4a51c9f4c5b8109bdd462c8a57a5d268be3d0,False,True,same template family as avalanche; single-key architecture
polygon,0x3ff3e0358bce07200c7db621b9033df025ec21bc,0xbfd4a51c9f4c5b8109bdd462c8a57a5d268be3d0,True,True,same template family as avalanche; single-key architecture
polygon,0x40638f701f49a4afc185eaf619c7919e1983600c,0xbfd4a51c9f4c5b8109bdd462c8a57a5d268be3d0,False,True,same template family as avalanche; single-key architecture
polygon,0x408d2d1630e291486f975ef46242b135c7e60d99,0xbfd4a51c9f4c5b8109bdd462c8a57a5d268be3d0,False,True,same template family as avalanche; single-key architecture
polygon,0x40ed3531251c789f67dda39ae12206f7d40182b7,0xbfd4a51c9f4c5b8109bdd462c8a57a5d268be3d0,False,True,same template family as avalanche; single-key architecture
polygon,0x40f6de80b129b29b4a4c4d7869f9f9a4e0dc5833,0xbfd4a51c9f4c5b8109bdd462c8a57a5d268be3d0,False,True,same template family as avalanche; single-key architecture
polygon,0x417f50b9c879a9bb0a23b8c835f5a3af3664c7f8,0xbfd4a51c9f4c5b8109bdd462c8a57a5d268be3d0,False,True,same template family as avalanche; single-key architecture
polygon,0x41ce3ceb262695dadb9ad0bf688fe7c1676e26ab,0xbfd4a51c9f4c5b8109bdd462c8a57a5d268be3d0,False,True,same template family as avalanche; single-key architecture
polygon,0x429de295e15b3062d8387e1bda10ec39dffd4415,0xbfd4a51c9f4c5b8109bdd462c8a57a5d268be3d0,False,True,same template family as avalanche; single-key architecture
polygon,0x42ae1d5c21d9d6c2079b9c7f8ae3ad3d26e5080c,0xbfd4a51c9f4c5b8109bdd462c8a57a5d268be3d0,False,True,same template family as avalanche; single-key architecture
polygon,0x43de1ddccc85297a91b56ee77638fbd6297d56eb,0xbfd4a51c9f4c5b8109bdd462c8a57a5d268be3d0,False,True,same template family as avalanche; single-key architecture
polygon,0x442985c0de2c70da64cb61ef6575d36cc53687c1,0xbfd4a51c9f4c5b8109bdd462c8a57a5d268be3d0,False,True,same template family as avalanche; single-key architecture
polygon,0x45111052fc118375687269781ad32dd6ecc2d909,0xbfd4a51c9f4c5b8109bdd462c8a57a5d268be3d0,False,True,same template family as avalanche; single-key architecture
polygon,0x455e17ca4b6e7fc0add646f636819fa07945072c,0xbfd4a51c9f4c5b8109bdd462c8a57a5d268be3d0,False,True,same template family as avalanche; single-key architecture
polygon,0x457bfe0df7154651791261d5da8432e2c619a6a9,0xbfd4a51c9f4c5b8109bdd462c8a57a5d268be3d0,False,True,same template family as avalanche; single-key architecture
polygon,0x45ab96a3bdcbf35e5769aa70b03a2f6b72cbc613,0xbfd4a51c9f4c5b8109bdd462c8a57a5d268be3d0,False,True,same template family as avalanche; single-key architecture
polygon,0x46439294a32cb4531c6a988ce91e4f8f03ea76e1,0xbfd4a51c9f4c5b8109bdd462c8a57a5d268be3d0,False,True,same template family as avalanche; single-key architecture
polygon,0x46ab8c58e73d89eb47c32fff9f4a144e75d9c72a,0xbfd4a51c9f4c5b8109bdd462c8a57a5d268be3d0,False,True,same template family as avalanche; single-key architecture
polygon,0x47a575bc4069ab3290aebfbacbcef56028c3246a,0xbfd4a51c9f4c5b8109bdd462c8a57a5d268be3d0,False,True,same template family as avalanche; single-key architecture
polygon,0x47ea81cc00cda7a84e2601a53cc379d59a9f7bda,0xbfd4a51c9f4c5b8109bdd462c8a57a5d268be3d0,False,True,same template family as avalanche; single-key architecture
polygon,0x484c6a269e397eddebd8f585ee69ad81e16ff420,0xbfd4a51c9f4c5b8109bdd462c8a57a5d268be3d0,False,True,same template family as avalanche; single-key architecture
polygon,0x48ef527d0bd5d65afce6f2aac0e7187f004665cd,0xbfd4a51c9f4c5b8109bdd462c8a57a5d268be3d0,False,True,same template family as avalanche; single-key architecture
polygon,0x4902db028141c8f8e05e5f42a892e4388cbd649e,0xbfd4a51c9f4c5b8109bdd462c8a57a5d268be3d0,False,True,same template family as avalanche; single-key architecture
polygon,0x4909156a538fc37134f1da1b7e110a304c93be40,0xbfd4a51c9f4c5b8109bdd462c8a57a5d268be3d0,False,True,same template family as avalanche; single-key architecture
polygon,0x4980322692318fdfa2786871199db2810af8f785,0xbfd4a51c9f4c5b8109bdd462c8a57a5d268be3d0,False,True,same template family as avalanche; single-key architecture
polygon,0x49e8931bf01ca09a4d00555f81cb7591dfd97bda,0xbfd4a51c9f4c5b8109bdd462c8a57a5d268be3d0,False,True,same template family as avalanche; single-key architecture
polygon,0x4a18fb8187ede8e3166fd63abd6efe7d384021e2,0xbfd4a51c9f4c5b8109bdd462c8a57a5d268be3d0,False,True,same template family as avalanche; single-key architecture
polygon,0x4a61eaa1dc6da96ed73e06f0e1c8937e7c19118d,0xbfd4a51c9f4c5b8109bdd462c8a57a5d268be3d0,False,True,same template family as avalanche; single-key architecture
polygon,0x4a71f7dc3b7decb3d02b624b088a0941d7b76a30,0xbfd4a51c9f4c5b8109bdd462c8a57a5d268be3d0,False,True,same template family as avalanche; single-key architecture
polygon,0x4ae2b58f09ea3f0850ac1e0d1e32de4e81a49a4a,0xbfd4a51c9f4c5b8109bdd462c8a57a5d268be3d0,False,True,same template family as avalanche; single-key architecture
polygon,0x4b4ccfb7ef7cd39be40da580be7e3f2fc9bf782e,0xbfd4a51c9f4c5b8109bdd462c8a57a5d268be3d0,False,True,same template family as avalanche; single-key architecture
polygon,0x4d02d2dd9cc2ee0ca5328be56af5c3199ab92d9a,0xbfd4a51c9f4c5b8109bdd462c8a57a5d268be3d0,False,True,same template family as avalanche; single-key architecture
polygon,0x4f1f432f9b18fb6d6072f2c684c0041d834e75c0,0xbfd4a51c9f4c5b8109bdd462c8a57a5d268be3d0,False,True,same template family as avalanche; single-key architecture
polygon,0x4f7eaf5dc38be23315f323aaeb0674a77891b56d,0xbfd4a51c9f4c5b8109bdd462c8a57a5d268be3d0,False,True,same template family as avalanche; single-key architecture
polygon,0x4fbb06d241a269acf5de4545bade9c661c233f9e,0xbfd4a51c9f4c5b8109bdd462c8a57a5d268be3d0,False,True,same template family as avalanche; single-key architecture
polygon,0x4fe9122c683051d3311ec47d6bca8aef613f89ff,0xbfd4a51c9f4c5b8109bdd462c8a57a5d268be3d0,False,True,same template family as avalanche; single-key architecture
polygon,0x509b89d4d166ca17d70bdfaebbc4d7ae491d3fef,0xbfd4a51c9f4c5b8109bdd462c8a57a5d268be3d0,False,True,same template family as avalanche; single-key architecture
polygon,0x50e7c2b199c470b887831a646e87fa882bdbf0a9,0xbfd4a51c9f4c5b8109bdd462c8a57a5d268be3d0,False,True,same template family as avalanche; single-key architecture
polygon,0x510e470b3e7aacf2bb9f628f8ca1d1abbe700503,0xbfd4a51c9f4c5b8109bdd462c8a57a5d268be3d0,False,True,same template family as avalanche; single-key architecture
polygon,0x513830c8fb379afc41d3146cf43e962270375f0a,0xbfd4a51c9f4c5b8109bdd462c8a57a5d268be3d0,False,True,same template family as avalanche; single-key architecture
polygon,0x51e062847476697853530dd40bfe63c52efb1744,0xbfd4a51c9f4c5b8109bdd462c8a57a5d268be3d0,False,True,same template family as avalanche; single-key architecture
polygon,0x52bf535bb39b3ce5d4006eb2970b8fce38546ce1,0xbfd4a51c9f4c5b8109bdd462c8a57a5d268be3d0,False,True,same template family as avalanche; single-key architecture
polygon,0x52f1699c019fe9eaae9262f70ca8e5da4fd8737a,0xbfd4a51c9f4c5b8109bdd462c8a57a5d268be3d0,False,True,same template family as avalanche; single-key architecture
polygon,0x54181b94c87a7d152f6b2f2b321bec3860b6e8b8,0xbfd4a51c9f4c5b8109bdd462c8a57a5d268be3d0,False,True,same template family as avalanche; single-key architecture
polygon,0x541938d3aeb2269ce24b48fa18ddfe4a938a536c,0xbfd4a51c9f4c5b8109bdd462c8a57a5d268be3d0,False,True,same template family as avalanche; single-key architecture
polygon,0x5464d8ba8c869b43fbe4b1b193415ef9b3243898,0xbfd4a51c9f4c5b8109bdd462c8a57a5d268be3d0,False,True,same template family as avalanche; single-key architecture
polygon,0x54ca7ac8d644f89b54fed8ce317a63d0ec1766fa,0xbfd4a51c9f4c5b8109bdd462c8a57a5d268be3d0,False,True,same template family as avalanche; single-key architecture
polygon,0x54cbe03c28d04e7515a62b099fd2ca40aa7c35fa,0xbfd4a51c9f4c5b8109bdd462c8a57a5d268be3d0,False,True,same template family as avalanche; single-key architecture
polygon,0x54e58d159e80b1a634e78071842c15e12740fe73,0xbfd4a51c9f4c5b8109bdd462c8a57a5d268be3d0,False,True,same template family as avalanche; single-key architecture
polygon,0x55a028fdf1a5e4fa1baee6992ed11dc865c4addd,0xbfd4a51c9f4c5b8109bdd462c8a57a5d268be3d0,False,True,same template family as avalanche; single-key architecture
polygon,0x55b058588bc6f390f5de6fe191f0bc3edf88008c,0xbfd4a51c9f4c5b8109bdd462c8a57a5d268be3d0,False,True,same template family as avalanche; single-key architecture
polygon,0x561d058800cc9adbf6aa0665a78a3d8b5ac9a299,0xbfd4a51c9f4c5b8109bdd462c8a57a5d268be3d0,False,True,same template family as avalanche; single-key architecture
polygon,0x57181d25c1eba273858f9e915a0d98aa5b911fc6,0xbfd4a51c9f4c5b8109bdd462c8a57a5d268be3d0,False,True,same template family as avalanche; single-key architecture
polygon,0x57741cdb45bafc65917a4d820d1a84a8411d6df3,0xbfd4a51c9f4c5b8109bdd462c8a57a5d268be3d0,False,True,same template family as avalanche; single-key architecture
polygon,0x580832f0ad2859e56daefa2645cf6196ad9bae3c,0xbfd4a51c9f4c5b8109bdd462c8a57a5d268be3d0,False,True,same template family as avalanche; single-key architecture
polygon,0x58b57e69851600ae88ee122310665b11a9898681,0xbfd4a51c9f4c5b8109bdd462c8a57a5d268be3d0,False,True,same template family as avalanche; single-key architecture
polygon,0x593536e56156b1550d4e8339cea1ebbc42fd8d39,0xbfd4a51c9f4c5b8109bdd462c8a57a5d268be3d0,False,True,same template family as avalanche; single-key architecture
polygon,0x59506c1f0c646af2916390eec542c0ca91151167,0xbfd4a51c9f4c5b8109bdd462c8a57a5d268be3d0,False,True,same template family as avalanche; single-key architecture
polygon,0x59605a7bc3889b7e856a98680db0a0847da4a379,0xbfd4a51c9f4c5b8109bdd462c8a57a5d268be3d0,True,True,same template family as avalanche; single-key architecture
polygon,0x59aa86ff1b402b26b030cee9911e7a5e94a7dc2e,0xbfd4a51c9f4c5b8109bdd462c8a57a5d268be3d0,False,True,same template family as avalanche; single-key architecture
polygon,0x59ceec6f5875e118186eefc35b89b4df111abde6,0xbfd4a51c9f4c5b8109bdd462c8a57a5d268be3d0,False,True,same template family as avalanche; single-key architecture
polygon,0x5b29dab7ada5582681f01f77df69deef3ae45ba1,0xbfd4a51c9f4c5b8109bdd462c8a57a5d268be3d0,False,True,same template family as avalanche; single-key architecture
polygon,0x5b3f84d36500a5b5d1f9eb9642b58b397cfcec3e,0xbfd4a51c9f4c5b8109bdd462c8a57a5d268be3d0,False,True,same template family as avalanche; single-key architecture
polygon,0x5b6e47188153dca9c394323580342fb3ce219983,0xbfd4a51c9f4c5b8109bdd462c8a57a5d268be3d0,False,True,same template family as avalanche; single-key architecture
polygon,0x5c0666d2da5709f4de776336ccb683199b4d2c60,0xbfd4a51c9f4c5b8109bdd462c8a57a5d268be3d0,False,True,same template family as avalanche; single-key architecture
polygon,0x5c210c30eab321baead009fa5c29bb259e53057a,0xbfd4a51c9f4c5b8109bdd462c8a57a5d268be3d0,False,True,same template family as avalanche; single-key architecture
polygon,0x5c2c0aaddf730ca141ad07103438798d4fca3bf9,0xbfd4a51c9f4c5b8109bdd462c8a57a5d268be3d0,False,True,same template family as avalanche; single-key architecture
polygon,0x5c95024b39738fc1517d6fcb08d86a1f115e0bb2,0xbfd4a51c9f4c5b8109bdd462c8a57a5d268be3d0,False,True,same template family as avalanche; single-key architecture
polygon,0x5cb8a9e50bc2721bff462164cec169711426d6c1,0xbfd4a51c9f4c5b8109bdd462c8a57a5d268be3d0,False,True,same template family as avalanche; single-key architecture
polygon,0x5cc82a544cd81a86f0ea6e47f43691ed6bc20fd0,0xbfd4a51c9f4c5b8109bdd462c8a57a5d268be3d0,False,True,same template family as avalanche; single-key architecture
polygon,0x5cc9b36ec775c8489649ebeb214f0a05aeb45d2c,0xbfd4a51c9f4c5b8109bdd462c8a57a5d268be3d0,False,True,same template family as avalanche; single-key architecture
polygon,0x5cfd01f37d6bfe7044d47302a131083da6a43978,0xbfd4a51c9f4c5b8109bdd462c8a57a5d268be3d0,False,True,same template family as avalanche; single-key architecture
polygon,0x5d11545ffedb673da931dffd949e8059b6460920,0xbfd4a51c9f4c5b8109bdd462c8a57a5d268be3d0,False,True,same template family as avalanche; single-key architecture
polygon,0x5d80699df6fd94c2e2169f231d5a20e002df48ce,0xbfd4a51c9f4c5b8109bdd462c8a57a5d268be3d0,False,True,same template family as avalanche; single-key architecture
polygon,0x5d9bd3bb44da0135dcb00439a7e171aeafbf40d1,0xbfd4a51c9f4c5b8109bdd462c8a57a5d268be3d0,True,True,same template family as avalanche; single-key architecture
polygon,0x5dd743a22e56e570c941ec8a2c393f572e51c07b,0xbfd4a51c9f4c5b8109bdd462c8a57a5d268be3d0,False,True,same template family as avalanche; single-key architecture
polygon,0x5e2ebad39459f3be9da2885e0058c462b02641cc,0xbfd4a51c9f4c5b8109bdd462c8a57a5d268be3d0,False,True,same template family as avalanche; single-key architecture
polygon,0x5e8c407af0e201771847f3b8c8ce0a2440cc57d8,0xbfd4a51c9f4c5b8109bdd462c8a57a5d268be3d0,False,True,same template family as avalanche; single-key architecture
polygon,0x5ea30bd706ee907c8804b6095b7dc10797cc9f4d,0xbfd4a51c9f4c5b8109bdd462c8a57a5d268be3d0,False,True,same template family as avalanche; single-key architecture
polygon,0x5ed8340bb7b80b0eda11c9e0ed826a932e289b75,0xbfd4a51c9f4c5b8109bdd462c8a57a5d268be3d0,False,True,same template family as avalanche; single-key architecture
polygon,0x5f6e5bc684cc87fe00c4adce4dff6e8ebdd0d8d8,0xbfd4a51c9f4c5b8109bdd462c8a57a5d268be3d0,False,True,same template family as avalanche; single-key architecture
polygon,0x603c11e97c3d47f156c4374149fcc7f6a6ab6197,0xbfd4a51c9f4c5b8109bdd462c8a57a5d268be3d0,False,True,same template family as avalanche; single-key architecture
polygon,0x60733bc1e68a855b2c0a75febcdd44ee00f33e65,0xbfd4a51c9f4c5b8109bdd462c8a57a5d268be3d0,False,True,same template family as avalanche; single-key architecture
polygon,0x60814a0455c130cde05efc23cdb29d7d7c0555dc,0xbfd4a51c9f4c5b8109bdd462c8a57a5d268be3d0,True,True,same template family as avalanche; single-key architecture
polygon,0x61072dcaa752b60e777dfaab4adb4ff18ae7efa0,0xbfd4a51c9f4c5b8109bdd462c8a57a5d268be3d0,False,True,same template family as avalanche; single-key architecture
polygon,0x61aac9c439e89807dbfaa0ea1c37d7952a18e582,0xbfd4a51c9f4c5b8109bdd462c8a57a5d268be3d0,True,True,same template family as avalanche; single-key architecture
polygon,0x61dac39e098c4326256248c8d0b2ba4def326289,0xbfd4a51c9f4c5b8109bdd462c8a57a5d268be3d0,False,True,same template family as avalanche; single-key architecture
polygon,0x62ba24db767ca8c587ae7759d743199b1179649d,0xbfd4a51c9f4c5b8109bdd462c8a57a5d268be3d0,False,True,same template family as avalanche; single-key architecture
polygon,0x63e3311afab5e8b6dfa635c6c00ce4bfc4a5091e,0xbfd4a51c9f4c5b8109bdd462c8a57a5d268be3d0,False,True,same template family as avalanche; single-key architecture
polygon,0x6567ddc0a25b1f9c19885dfb66c67b4329e0fed7,0xbfd4a51c9f4c5b8109bdd462c8a57a5d268be3d0,False,True,same template family as avalanche; single-key architecture
polygon,0x6594d361f28bd791fa3387aa4fb1d14466bead25,0xbfd4a51c9f4c5b8109bdd462c8a57a5d268be3d0,False,True,same template family as avalanche; single-key architecture
polygon,0x65d08e00d4ea4eed7ec95507c98ffcb556abf8c2,0xbfd4a51c9f4c5b8109bdd462c8a57a5d268be3d0,False,True,same template family as avalanche; single-key architecture
polygon,0x65e9fdc0fcc6e05da25014fbc5e940dff35c7017,0xbfd4a51c9f4c5b8109bdd462c8a57a5d268be3d0,False,True,same template family as avalanche; single-key architecture
polygon,0x663aa888c6f72a641a9d6ac7f7a960f3d1dcb49f,0xbfd4a51c9f4c5b8109bdd462c8a57a5d268be3d0,False,True,same template family as avalanche; single-key architecture
polygon,0x666f891638cb498079853ae55007af8d93c70b4d,0xbfd4a51c9f4c5b8109bdd462c8a57a5d268be3d0,True,True,same template family as avalanche; single-key architecture
polygon,0x6729d58380279c055b4ef6322580770d369da67e,0xbfd4a51c9f4c5b8109bdd462c8a57a5d268be3d0,False,True,same template family as avalanche; single-key architecture
polygon,0x6753668e1c3d2203ceb753499573b6259ebbb8f7,0xbfd4a51c9f4c5b8109bdd462c8a57a5d268be3d0,False,True,same template family as avalanche; single-key architecture
polygon,0x677bfa8e9f2d4a9fa122271f9b2f8a887b7fa8e4,0xbfd4a51c9f4c5b8109bdd462c8a57a5d268be3d0,False,True,same template family as avalanche; single-key architecture
polygon,0x67db90920210d0df206d5f9fd5a36c8d6283dc9f,0xbfd4a51c9f4c5b8109bdd462c8a57a5d268be3d0,False,True,same template family as avalanche; single-key architecture
polygon,0x68e5815e6cc5dc236d525817d3bd5fd3e8a07dba,0xbfd4a51c9f4c5b8109bdd462c8a57a5d268be3d0,False,True,same template family as avalanche; single-key architecture
polygon,0x692f4563f014402652154e460e1633a305830c5e,0xbfd4a51c9f4c5b8109bdd462c8a57a5d268be3d0,False,True,same template family as avalanche; single-key architecture
polygon,0x694f867b7fefc6a82e10f88f3e3d3ea72afc4b99,0xbfd4a51c9f4c5b8109bdd462c8a57a5d268be3d0,False,True,same template family as avalanche; single-key architecture
polygon,0x69d136205fb089f3d39b0b896db86589a193ec60,0xbfd4a51c9f4c5b8109bdd462c8a57a5d268be3d0,False,True,same template family as avalanche; single-key architecture
polygon,0x6a79d071f1ec3ce994e2bf30e3166b8608e98bb0,0xbfd4a51c9f4c5b8109bdd462c8a57a5d268be3d0,False,True,same template family as avalanche; single-key architecture
polygon,0x6b013944cb8ac8c82c502bf99490402ae9cb1611,0xbfd4a51c9f4c5b8109bdd462c8a57a5d268be3d0,True,True,same template family as avalanche; single-key architecture
polygon,0x6b08494f9de8bdc6ddf51c10fff6555de3bdc523,0xbfd4a51c9f4c5b8109bdd462c8a57a5d268be3d0,False,True,same template family as avalanche; single-key architecture
polygon,0x6b861b3b4503906933ceb7d01ec8cc1f942dc960,0xbfd4a51c9f4c5b8109bdd462c8a57a5d268be3d0,False,True,same template family as avalanche; single-key architecture
polygon,0x6cda7e88767d15c347e9d761d69647d35ed8b18d,0xbfd4a51c9f4c5b8109bdd462c8a57a5d268be3d0,False,True,same template family as avalanche; single-key architecture
polygon,0x6d79796817b06ecdaea39b748c129e584646d977,0xbfd4a51c9f4c5b8109bdd462c8a57a5d268be3d0,False,True,same template family as avalanche; single-key architecture
polygon,0x6db79d610f7f9dd9532fb364621d804bcf657a65,0xbfd4a51c9f4c5b8109bdd462c8a57a5d268be3d0,False,True,same template family as avalanche; single-key architecture
polygon,0x6dead3efb02f414de8c2f0159abdc73334dbc0ef,0xbfd4a51c9f4c5b8109bdd462c8a57a5d268be3d0,False,True,same template family as avalanche; single-key architecture
polygon,0x6e9ab50f1d6435f3909db386f9d848cb809304cd,0xbfd4a51c9f4c5b8109bdd462c8a57a5d268be3d0,False,True,same template family as avalanche; single-key architecture
polygon,0x6fa65b9d589d389176a62272317d6a727b5dcdde,0xbfd4a51c9f4c5b8109bdd462c8a57a5d268be3d0,False,True,same template family as avalanche; single-key architecture
polygon,0x6fed1588eeaaa4f44ebf61d845b1b44d00ae658d,0xbfd4a51c9f4c5b8109bdd462c8a57a5d268be3d0,True,True,same template family as avalanche; single-key architecture
polygon,0x700081ca42b571c4bfc418a22d6248c67609b200,0xbfd4a51c9f4c5b8109bdd462c8a57a5d268be3d0,True,True,same template family as avalanche; single-key architecture
polygon,0x704727b3a5ab7ce7c909c7bb3ca18a206a09216b,0xbfd4a51c9f4c5b8109bdd462c8a57a5d268be3d0,False,True,same template family as avalanche; single-key architecture
polygon,0x70564398305902cd6a1d9b6acfd6376d0dfe5876,0xbfd4a51c9f4c5b8109bdd462c8a57a5d268be3d0,False,True,same template family as avalanche; single-key architecture
polygon,0x706d3f41a20d861095ee4ba2b0d520a77cf1c634,0xbfd4a51c9f4c5b8109bdd462c8a57a5d268be3d0,False,True,same template family as avalanche; single-key architecture
polygon,0x709a499b8010618587502d11eadf02ef203fb957,0xbfd4a51c9f4c5b8109bdd462c8a57a5d268be3d0,False,True,same template family as avalanche; single-key architecture
polygon,0x70fee390a46514cad34ba01f33e0c9b8ac9b4670,0xbfd4a51c9f4c5b8109bdd462c8a57a5d268be3d0,False,True,same template family as avalanche; single-key architecture
polygon,0x710531a864e4f6935cf662273dee31914f1ecf0e,0xbfd4a51c9f4c5b8109bdd462c8a57a5d268be3d0,False,True,same template family as avalanche; single-key architecture
polygon,0x71530ed9774bb311251c2a0f6834c111d35f0ef9,0xbfd4a51c9f4c5b8109bdd462c8a57a5d268be3d0,False,True,same template family as avalanche; single-key architecture
polygon,0x71f46b65ddff784af2fffce77ce1b108df2f2813,0xbfd4a51c9f4c5b8109bdd462c8a57a5d268be3d0,True,True,same template family as avalanche; single-key architecture
polygon,0x72382fa60fc45cfd81d75746c3fdb6b08297ed2b,0xbfd4a51c9f4c5b8109bdd462c8a57a5d268be3d0,False,True,same template family as avalanche; single-key architecture
polygon,0x7244d916153f0ed9a290f04b2f039dd1c5163da6,0xbfd4a51c9f4c5b8109bdd462c8a57a5d268be3d0,False,True,same template family as avalanche; single-key architecture
polygon,0x72ab5d2415be5e51c3be8314cba19c9f23cf25ed,0xbfd4a51c9f4c5b8109bdd462c8a57a5d268be3d0,False,True,same template family as avalanche; single-key architecture
polygon,0x741ea40cdbce1e2210ccc2410d1c804849f84add,0xbfd4a51c9f4c5b8109bdd462c8a57a5d268be3d0,False,True,same template family as avalanche; single-key architecture
polygon,0x743d443db52f8c7ad393f804a9e64a7aa2cfe63f,0xbfd4a51c9f4c5b8109bdd462c8a57a5d268be3d0,False,True,same template family as avalanche; single-key architecture
polygon,0x74f5d8aef7656476c52305eaa39e55eb4b438347,0xbfd4a51c9f4c5b8109bdd462c8a57a5d268be3d0,False,True,same template family as avalanche; single-key architecture
polygon,0x74f887ca937163af9b234f83a9c8662aa95ca61e,0xbfd4a51c9f4c5b8109bdd462c8a57a5d268be3d0,False,True,same template family as avalanche; single-key architecture
polygon,0x750a37443b1827abedc32bd17a0bb9082f52aecb,0xbfd4a51c9f4c5b8109bdd462c8a57a5d268be3d0,False,True,same template family as avalanche; single-key architecture
polygon,0x7695841ce1066dcdc7a8d0a7ce734da7cbb1fa9e,0xbfd4a51c9f4c5b8109bdd462c8a57a5d268be3d0,False,True,same template family as avalanche; single-key architecture
polygon,0x77b286594c91420ae5ca2b3761c8f7a1b48484b7,0xbfd4a51c9f4c5b8109bdd462c8a57a5d268be3d0,False,True,same template family as avalanche; single-key architecture
polygon,0x77f4462dbc8f784bb9206d0298d32bd0455eebd7,0xbfd4a51c9f4c5b8109bdd462c8a57a5d268be3d0,False,True,same template family as avalanche; single-key architecture
polygon,0x782a865fb50c5583f419a4f85fc132c12f1a95ca,0xbfd4a51c9f4c5b8109bdd462c8a57a5d268be3d0,False,True,same template family as avalanche; single-key architecture
polygon,0x78bfb3de877398e797e823334e96f31fd7069dfe,0xbfd4a51c9f4c5b8109bdd462c8a57a5d268be3d0,False,True,same template family as avalanche; single-key architecture
polygon,0x78d6c8dfa5f4f98545f95e9e3fe33587c32b6b15,0xbfd4a51c9f4c5b8109bdd462c8a57a5d268be3d0,False,True,same template family as avalanche; single-key architecture
polygon,0x791c3d1ee9edde7fe058e415f6af774db089587d,0xbfd4a51c9f4c5b8109bdd462c8a57a5d268be3d0,False,True,same template family as avalanche; single-key architecture
polygon,0x79205bd83f8d6c7b4ebc4778e1a47ab133896f6f,0xbfd4a51c9f4c5b8109bdd462c8a57a5d268be3d0,False,True,same template family as avalanche; single-key architecture
polygon,0x792250e885ffaf5216305e2013f08a717a77540f,0xbfd4a51c9f4c5b8109bdd462c8a57a5d268be3d0,False,True,same template family as avalanche; single-key architecture
polygon,0x7922be4c77e67649a486092a9b5ac279ca327d49,0xbfd4a51c9f4c5b8109bdd462c8a57a5d268be3d0,False,True,same template family as avalanche; single-key architecture
polygon,0x79bcb2a8d7b3af3d7e227ed3e6888835405f2444,0xbfd4a51c9f4c5b8109bdd462c8a57a5d268be3d0,False,True,same template family as avalanche; single-key architecture
polygon,0x79dc5e90d1712295515a990913591d31ceb4bfef,0xbfd4a51c9f4c5b8109bdd462c8a57a5d268be3d0,False,True,same template family as avalanche; single-key architecture
polygon,0x7a0d98991bdd1c0bff2d141a7f310ce876714b1e,0xbfd4a51c9f4c5b8109bdd462c8a57a5d268be3d0,False,True,same template family as avalanche; single-key architecture
polygon,0x7a1fdf12ced16f7c8f84118dc11e6d35caeb39d9,0xbfd4a51c9f4c5b8109bdd462c8a57a5d268be3d0,False,True,same template family as avalanche; single-key architecture
polygon,0x7af9c2ec519b60aba8504803c1876e2ab9492678,0xbfd4a51c9f4c5b8109bdd462c8a57a5d268be3d0,False,True,same template family as avalanche; single-key architecture
polygon,0x7b1bba2849243814ae97d686ce3c6c8268b36d43,0xbfd4a51c9f4c5b8109bdd462c8a57a5d268be3d0,False,True,same template family as avalanche; single-key architecture
polygon,0x7bc8adbfbd4e85422cc36578788e0d8944b027dd,0xbfd4a51c9f4c5b8109bdd462c8a57a5d268be3d0,False,True,same template family as avalanche; single-key architecture
polygon,0x7bd90353c314728c7f3bde2d4c3fa65767a12262,0xbfd4a51c9f4c5b8109bdd462c8a57a5d268be3d0,False,True,same template family as avalanche; single-key architecture
polygon,0x7cfda905d7a7ae30b0f6b23bd87ef80a29dccb9f,0xbfd4a51c9f4c5b8109bdd462c8a57a5d268be3d0,False,True,same template family as avalanche; single-key architecture
polygon,0x7d1e64f824ded3bbab4f38bda4de2a2034666e80,0xbfd4a51c9f4c5b8109bdd462c8a57a5d268be3d0,False,True,same template family as avalanche; single-key architecture
polygon,0x7d7a529ddf5aca235496893fbd9cfb251396b00f,0xbfd4a51c9f4c5b8109bdd462c8a57a5d268be3d0,False,True,same template family as avalanche; single-key architecture
polygon,0x7d95a6d91dd7b747dec5453b80bcae857f0650ed,0xbfd4a51c9f4c5b8109bdd462c8a57a5d268be3d0,False,True,same template family as avalanche; single-key architecture
polygon,0x7da83bd7994d04f40a891e0b6911957b007df3a6,0xbfd4a51c9f4c5b8109bdd462c8a57a5d268be3d0,False,True,same template family as avalanche; single-key architecture
polygon,0x7e44a2bb22dd8b03f62644ba91b83a6168aeaee9,0xbfd4a51c9f4c5b8109bdd462c8a57a5d268be3d0,False,True,same template family as avalanche; single-key architecture
polygon,0x7f7b7b5f674ab00002d7219caca438a916d4bc75,0xbfd4a51c9f4c5b8109bdd462c8a57a5d268be3d0,False,True,same template family as avalanche; single-key architecture
polygon,0x7f7d980b1a9cfb1a2e5f038fae30b04e73ba3907,0xbfd4a51c9f4c5b8109bdd462c8a57a5d268be3d0,False,True,same template family as avalanche; single-key architecture
polygon,0x7f7f2eb8da3f87b4acc2b0ac31f1e5aff0a061b3,0xbfd4a51c9f4c5b8109bdd462c8a57a5d268be3d0,False,True,same template family as avalanche; single-key architecture
polygon,0x7fbb747b2e2552d6da9f40db7b53c6069d2a60cc,0xbfd4a51c9f4c5b8109bdd462c8a57a5d268be3d0,False,True,same template family as avalanche; single-key architecture
polygon,0x7ff07ed43a28ceeefe48211976f22c0a113260e8,0xbfd4a51c9f4c5b8109bdd462c8a57a5d268be3d0,False,True,same template family as avalanche; single-key architecture
polygon,0x7ff92796e1a0e3c5c6226eac7ee89aac6bc28c9c,0xbfd4a51c9f4c5b8109bdd462c8a57a5d268be3d0,False,True,same template family as avalanche; single-key architecture
polygon,0x8005aa5d1f3267b0da6e153b4b4fda1457712474,0xbfd4a51c9f4c5b8109bdd462c8a57a5d268be3d0,False,True,same template family as avalanche; single-key architecture
polygon,0x8108845289856d55ebf5aed575cf026d876b32cf,0xbfd4a51c9f4c5b8109bdd462c8a57a5d268be3d0,False,True,same template family as avalanche; single-key architecture
polygon,0x8116c37681e0042b210032bf6b07fb09141f0bea,0xbfd4a51c9f4c5b8109bdd462c8a57a5d268be3d0,False,True,same template family as avalanche; single-key architecture
polygon,0x815919e7641f6c4089251590b3bde6724621320f,0xbfd4a51c9f4c5b8109bdd462c8a57a5d268be3d0,False,True,same template family as avalanche; single-key architecture
polygon,0x820af0acec7c1575aa297d8e9b0e7781a0da2725,0xbfd4a51c9f4c5b8109bdd462c8a57a5d268be3d0,False,True,same template family as avalanche; single-key architecture
polygon,0x82aaa47b07a405ca91c10b752dc3c0f0928678e3,0xbfd4a51c9f4c5b8109bdd462c8a57a5d268be3d0,False,True,same template family as avalanche; single-key architecture
polygon,0x836a06ecaf1b8dfe4a6575edc10be2796f4b124d,0xbfd4a51c9f4c5b8109bdd462c8a57a5d268be3d0,False,True,same template family as avalanche; single-key architecture
polygon,0x8395b265af5c8b3b3c27ecd1113b08d0d729fab8,0xbfd4a51c9f4c5b8109bdd462c8a57a5d268be3d0,False,True,same template family as avalanche; single-key architecture
polygon,0x83c878b5837862233800df18326cf9acf95f65ac,0xbfd4a51c9f4c5b8109bdd462c8a57a5d268be3d0,False,True,same template family as avalanche; single-key architecture
polygon,0x843b22c938e51412c162342801a4fd07f6b1c244,0xbfd4a51c9f4c5b8109bdd462c8a57a5d268be3d0,False,True,same template family as avalanche; single-key architecture
polygon,0x85376d1f856df48cc792a488afc3ffffa7c1d49b,0xbfd4a51c9f4c5b8109bdd462c8a57a5d268be3d0,False,True,same template family as avalanche; single-key architecture
polygon,0x8763acda361c5a0af6e5deb79f502efe775e655d,0xbfd4a51c9f4c5b8109bdd462c8a57a5d268be3d0,False,True,same template family as avalanche; single-key architecture
polygon,0x87842bc98b33dac26410ae5f97daa2b395e13bfd,0xbfd4a51c9f4c5b8109bdd462c8a57a5d268be3d0,False,True,same template family as avalanche; single-key architecture
polygon,0x8793d3c7610f947940e3cc623c2289fa2963919b,0xbfd4a51c9f4c5b8109bdd462c8a57a5d268be3d0,False,True,same template family as avalanche; single-key architecture
polygon,0x8867bfae816a8dc7d7415469b390e978867838e8,0xbfd4a51c9f4c5b8109bdd462c8a57a5d268be3d0,False,True,same template family as avalanche; single-key architecture
polygon,0x8886a3dd50d762df890f0400b51415bf0ab8d4e9,0xbfd4a51c9f4c5b8109bdd462c8a57a5d268be3d0,False,True,same template family as avalanche; single-key architecture
polygon,0x8a0934e6a418a49ecc45bb10557044cf9ea4adec,0xbfd4a51c9f4c5b8109bdd462c8a57a5d268be3d0,False,True,same template family as avalanche; single-key architecture
polygon,0x8a52ea105d6f9d08da2daaa34f8bef4dced07317,0xbfd4a51c9f4c5b8109bdd462c8a57a5d268be3d0,False,True,same template family as avalanche; single-key architecture
polygon,0x8a97bd743e5ec3f7739fc18c1fca9e5682eaa34a,0xbfd4a51c9f4c5b8109bdd462c8a57a5d268be3d0,False,True,same template family as avalanche; single-key architecture
polygon,0x8aa016b2ad20f106209ec70bb55b97f657c47ac2,0xbfd4a51c9f4c5b8109bdd462c8a57a5d268be3d0,False,True,same template family as avalanche; single-key architecture
polygon,0x8adaf970303a8c47859daf9af599e0f02030dfb5,0xbfd4a51c9f4c5b8109bdd462c8a57a5d268be3d0,False,True,same template family as avalanche; single-key architecture
polygon,0x8b11c2a66f302b3d64b60c87a38c4a6512a8a98a,0xbfd4a51c9f4c5b8109bdd462c8a57a5d268be3d0,False,True,same template family as avalanche; single-key architecture
polygon,0x8b2e36a3e467bf3c4890a143ec125d3966995f65,0xbfd4a51c9f4c5b8109bdd462c8a57a5d268be3d0,False,True,same template family as avalanche; single-key architecture
polygon,0x8c5bf14cf4bb23b6d4f862b1c966ded9276aa90c,0xbfd4a51c9f4c5b8109bdd462c8a57a5d268be3d0,True,True,same template family as avalanche; single-key architecture
polygon,0x8c86c5ff106a9ee72ebb3494f19e035aad85fb5e,0xbfd4a51c9f4c5b8109bdd462c8a57a5d268be3d0,False,True,same template family as avalanche; single-key architecture
polygon,0x8c94085fcd3f7e01c86695f5ad19fe73b1bed80c,0xbfd4a51c9f4c5b8109bdd462c8a57a5d268be3d0,False,True,same template family as avalanche; single-key architecture
polygon,0x8ca5a8c3ecf71918ff2e2632af7f6491e30dc98f,0xbfd4a51c9f4c5b8109bdd462c8a57a5d268be3d0,False,True,same template family as avalanche; single-key architecture
polygon,0x8d440a4644b1a3f1e6c8500f71c87cceb146fd5a,0xbfd4a51c9f4c5b8109bdd462c8a57a5d268be3d0,False,True,same template family as avalanche; single-key architecture
polygon,0x8da55a5cd4e63b51495d4bf91f16fb70262b7d5c,0xbfd4a51c9f4c5b8109bdd462c8a57a5d268be3d0,True,True,same template family as avalanche; single-key architecture
polygon,0x8df28c47bfe01032d2b81478f9c415d5f6b2ad9d,0xbfd4a51c9f4c5b8109bdd462c8a57a5d268be3d0,False,True,same template family as avalanche; single-key architecture
polygon,0x8e1aa974fd1f5884cbdfbcc0b6f118bacd7e485d,0xbfd4a51c9f4c5b8109bdd462c8a57a5d268be3d0,False,True,same template family as avalanche; single-key architecture
polygon,0x8e61d4d49b974831314430138b7a41480d38b6fa,0xbfd4a51c9f4c5b8109bdd462c8a57a5d268be3d0,True,True,same template family as avalanche; single-key architecture
polygon,0x8ea6b34e934b8abb4a5843c48f4ff9af5e670931,0xbfd4a51c9f4c5b8109bdd462c8a57a5d268be3d0,False,True,same template family as avalanche; single-key architecture
polygon,0x8f3dca2d246d3f5700c1ecdf1a667f8f4b9a80ed,0xbfd4a51c9f4c5b8109bdd462c8a57a5d268be3d0,False,True,same template family as avalanche; single-key architecture
polygon,0x8fd2be97dd145e8e02b938ae15a5a20f1dab9fb3,0xbfd4a51c9f4c5b8109bdd462c8a57a5d268be3d0,False,True,same template family as avalanche; single-key architecture
polygon,0x8fd47fac42a258c0e7c1b200c48e80e61c735a94,0xbfd4a51c9f4c5b8109bdd462c8a57a5d268be3d0,False,True,same template family as avalanche; single-key architecture
polygon,0x908de8f8b544ec9cf20a1ee49df3c92448fffd7f,0xbfd4a51c9f4c5b8109bdd462c8a57a5d268be3d0,False,True,same template family as avalanche; single-key architecture
polygon,0x90e95f6eb9f2f249c29e71aa0c3579745e17e571,0xbfd4a51c9f4c5b8109bdd462c8a57a5d268be3d0,False,True,same template family as avalanche; single-key architecture
polygon,0x91f4377ff10aaa0f6b2d2747497f0cf0bd1dd195,0xbfd4a51c9f4c5b8109bdd462c8a57a5d268be3d0,False,True,same template family as avalanche; single-key architecture
polygon,0x91f9c815495e9aa9ad8e8777256327a844ad8598,0xbfd4a51c9f4c5b8109bdd462c8a57a5d268be3d0,False,True,same template family as avalanche; single-key architecture
polygon,0x922a3ab0cb9da081ffd1f8c803775e989f8db0a0,0xbfd4a51c9f4c5b8109bdd462c8a57a5d268be3d0,False,True,same template family as avalanche; single-key architecture
polygon,0x92dda2668fd9a7f21c6f7dcfcf4a6e10ad3045d9,0xbfd4a51c9f4c5b8109bdd462c8a57a5d268be3d0,False,True,same template family as avalanche; single-key architecture
polygon,0x93e4c7d18326f9d0a755bc8838e2b449af603b1a,0xbfd4a51c9f4c5b8109bdd462c8a57a5d268be3d0,False,True,same template family as avalanche; single-key architecture
polygon,0x946fa320cbb434d81c1bc20b223b40979c93f567,0xbfd4a51c9f4c5b8109bdd462c8a57a5d268be3d0,True,True,same template family as avalanche; single-key architecture
polygon,0x95868b9a5ec5c7fb2cda3da41b0f95dc447e4b68,0xbfd4a51c9f4c5b8109bdd462c8a57a5d268be3d0,False,True,same template family as avalanche; single-key architecture
polygon,0x95c9b26cfcef5d28c2a8f39f66c530ddc6c6053e,0xbfd4a51c9f4c5b8109bdd462c8a57a5d268be3d0,False,True,same template family as avalanche; single-key architecture
polygon,0x9663b57459e41c4a52a38be9e6a66682abe9a675,0xbfd4a51c9f4c5b8109bdd462c8a57a5d268be3d0,False,True,same template family as avalanche; single-key architecture
polygon,0x9665146057c51ca972679986ea4d49b61233c924,0xbfd4a51c9f4c5b8109bdd462c8a57a5d268be3d0,False,True,same template family as avalanche; single-key architecture
polygon,0x97126531f0b4c149892b9c007d490451ea185582,0xbfd4a51c9f4c5b8109bdd462c8a57a5d268be3d0,False,True,same template family as avalanche; single-key architecture
polygon,0x982fe7c94a1503ee0325bd3a9fca5b8fea4c017c,0xbfd4a51c9f4c5b8109bdd462c8a57a5d268be3d0,False,True,same template family as avalanche; single-key architecture
polygon,0x98fddb0e43f648ae0c29537c34392f4634121716,0xbfd4a51c9f4c5b8109bdd462c8a57a5d268be3d0,False,True,same template family as avalanche; single-key architecture
polygon,0x990105e7d502e6c7b566f193f77aa7f912a6a3b9,0xbfd4a51c9f4c5b8109bdd462c8a57a5d268be3d0,False,True,same template family as avalanche; single-key architecture
polygon,0x996d7f52b822cf46fd541f28b250556bb65bcad0,0xbfd4a51c9f4c5b8109bdd462c8a57a5d268be3d0,False,True,same template family as avalanche; single-key architecture
polygon,0x9976903c9f66a663291b0f1e095a9ba79795f46e,0xbfd4a51c9f4c5b8109bdd462c8a57a5d268be3d0,False,True,same template family as avalanche; single-key architecture
polygon,0x9a0dacfe24ddd802f8c024799863fb58eb5c452b,0xbfd4a51c9f4c5b8109bdd462c8a57a5d268be3d0,False,True,same template family as avalanche; single-key architecture
polygon,0x9a190ecd23064cff2cf85231740cb89e16c52453,0xbfd4a51c9f4c5b8109bdd462c8a57a5d268be3d0,False,True,same template family as avalanche; single-key architecture
polygon,0x9a86c159fdd86de85f44c42a5d857c474f9a69d4,0xbfd4a51c9f4c5b8109bdd462c8a57a5d268be3d0,False,True,same template family as avalanche; single-key architecture
polygon,0x9ae935f3723f8ca588c8210ad88f983a62d69159,0xbfd4a51c9f4c5b8109bdd462c8a57a5d268be3d0,False,True,same template family as avalanche; single-key architecture
polygon,0x9bdb0ef7b059220c463c98af7e15e7f79ddfad64,0xbfd4a51c9f4c5b8109bdd462c8a57a5d268be3d0,False,True,same template family as avalanche; single-key architecture
polygon,0x9c27d0bd1fc9630640413c8308801caa6a9f08b1,0xbfd4a51c9f4c5b8109bdd462c8a57a5d268be3d0,False,True,same template family as avalanche; single-key architecture
polygon,0x9cf8e800d1a4e8c2e7d8f1cf2c3811f2d1287d74,0xbfd4a51c9f4c5b8109bdd462c8a57a5d268be3d0,False,True,same template family as avalanche; single-key architecture
polygon,0x9d0fd3ad2fe68d24c886045cbba22aa1e0d95ac6,0xbfd4a51c9f4c5b8109bdd462c8a57a5d268be3d0,False,True,same template family as avalanche; single-key architecture
polygon,0x9d58c1c35d78b3961836a8ce001f5b7990fad5ce,0xbfd4a51c9f4c5b8109bdd462c8a57a5d268be3d0,False,True,same template family as avalanche; single-key architecture
polygon,0x9dbc781959893b45307af5495fb481cf0b7a1143,0xbfd4a51c9f4c5b8109bdd462c8a57a5d268be3d0,False,True,same template family as avalanche; single-key architecture
polygon,0x9f468b111d3dc341ff52599a411d81fcf4ea4228,0xbfd4a51c9f4c5b8109bdd462c8a57a5d268be3d0,False,True,same template family as avalanche; single-key architecture
polygon,0x9f80d910c9eccc94570110d958a747dc9d3260dd,0xbfd4a51c9f4c5b8109bdd462c8a57a5d268be3d0,False,True,same template family as avalanche; single-key architecture
polygon,0x9fd031fddceae397d02dd0bde1f94dc9db118648,0xbfd4a51c9f4c5b8109bdd462c8a57a5d268be3d0,False,True,same template family as avalanche; single-key architecture
polygon,0x9fe6ca816fab412b116eda1cebd17dc3ec1d48f1,0xbfd4a51c9f4c5b8109bdd462c8a57a5d268be3d0,False,True,same template family as avalanche; single-key architecture
polygon,0x9fef29f909f3899ef12d1d48405eccaaac37fbcb,0xbfd4a51c9f4c5b8109bdd462c8a57a5d268be3d0,False,True,same template family as avalanche; single-key architecture
polygon,0xa080d5fe65bbcdd9ddfbbc96a06a3b309c7a14e7,0xbfd4a51c9f4c5b8109bdd462c8a57a5d268be3d0,False,True,same template family as avalanche; single-key architecture
polygon,0xa26760fc63761ded4ac50ccc28af8138185d411b,0xbfd4a51c9f4c5b8109bdd462c8a57a5d268be3d0,False,True,same template family as avalanche; single-key architecture
polygon,0xa3298c87dab9e20166e148c12ec3e4cf850bfa51,0xbfd4a51c9f4c5b8109bdd462c8a57a5d268be3d0,False,True,same template family as avalanche; single-key architecture
polygon,0xa3e06c44b94b37ff91765a9601d4f6c9e93a45b2,0xbfd4a51c9f4c5b8109bdd462c8a57a5d268be3d0,True,True,same template family as avalanche; single-key architecture
polygon,0xa4678d6b493c2c128a643f5f48bc2b81fbb6862e,0xbfd4a51c9f4c5b8109bdd462c8a57a5d268be3d0,False,True,same template family as avalanche; single-key architecture
polygon,0xa47ca8e81f58755ea2e95a67af2a6764cb76d343,0xbfd4a51c9f4c5b8109bdd462c8a57a5d268be3d0,False,True,same template family as avalanche; single-key architecture
polygon,0xa5094964dc6058843ab7cfd7f35095b3f1154431,0xbfd4a51c9f4c5b8109bdd462c8a57a5d268be3d0,False,True,same template family as avalanche; single-key architecture
polygon,0xa561c0a9a9420cdf5a776f8fe0b8306e155633e6,0xbfd4a51c9f4c5b8109bdd462c8a57a5d268be3d0,False,True,same template family as avalanche; single-key architecture
polygon,0xa58838ce6042acaff309c793bd5efe2a6bc5246d,0xbfd4a51c9f4c5b8109bdd462c8a57a5d268be3d0,False,True,same template family as avalanche; single-key architecture
polygon,0xa59349bf5529b77210d5ff55570431a4d5e6dc55,0xbfd4a51c9f4c5b8109bdd462c8a57a5d268be3d0,False,True,same template family as avalanche; single-key architecture
polygon,0xa5b099b1235723d71fd98d72caa591bed682830a,0xbfd4a51c9f4c5b8109bdd462c8a57a5d268be3d0,False,True,same template family as avalanche; single-key architecture
polygon,0xa6d42a984397b058d2dc90d30b5e18f8ccee4c4f,0xbfd4a51c9f4c5b8109bdd462c8a57a5d268be3d0,False,True,same template family as avalanche; single-key architecture
polygon,0xa6fd3216a815559b13bb4f5c3775332da1b33e40,0xbfd4a51c9f4c5b8109bdd462c8a57a5d268be3d0,False,True,same template family as avalanche; single-key architecture
polygon,0xa76515943731533a497ca830a68db4026fba8d8b,0xbfd4a51c9f4c5b8109bdd462c8a57a5d268be3d0,False,True,same template family as avalanche; single-key architecture
polygon,0xa77d00a79b85ce21ccfad27ae18e11cfe3658294,0xbfd4a51c9f4c5b8109bdd462c8a57a5d268be3d0,False,True,same template family as avalanche; single-key architecture
polygon,0xa7a9d077fd69f4326fee8b5ab83da117db829bde,0xbfd4a51c9f4c5b8109bdd462c8a57a5d268be3d0,False,True,same template family as avalanche; single-key architecture
polygon,0xa7cefcd38b848479fb2b62d717d375245a4447b6,0xbfd4a51c9f4c5b8109bdd462c8a57a5d268be3d0,False,True,same template family as avalanche; single-key architecture
polygon,0xa895956035fdcb5630bbce5ad304c1f1477bb2c0,0xbfd4a51c9f4c5b8109bdd462c8a57a5d268be3d0,False,True,same template family as avalanche; single-key architecture
polygon,0xa8c9489016c6e926f67f3f3062ecf8633c9ccd16,0xbfd4a51c9f4c5b8109bdd462c8a57a5d268be3d0,False,True,same template family as avalanche; single-key architecture
polygon,0xa9d58e85a43e843fc43ac8378315b328a2526319,0xbfd4a51c9f4c5b8109bdd462c8a57a5d268be3d0,False,True,same template family as avalanche; single-key architecture
polygon,0xaa47ec1e50fee02935111addb4f7dd145e178b2e,0xbfd4a51c9f4c5b8109bdd462c8a57a5d268be3d0,False,True,same template family as avalanche; single-key architecture
polygon,0xaa87352b849da7f2f097be1b0aa6b394df8ea82d,0xbfd4a51c9f4c5b8109bdd462c8a57a5d268be3d0,False,True,same template family as avalanche; single-key architecture
polygon,0xaaf667975e650948a846532a72aaec33976e188f,0xbfd4a51c9f4c5b8109bdd462c8a57a5d268be3d0,False,True,same template family as avalanche; single-key architecture
polygon,0xab274dfcc37d7f59713118736be381016b2c6915,0xbfd4a51c9f4c5b8109bdd462c8a57a5d268be3d0,False,True,same template family as avalanche; single-key architecture
polygon,0xac41129ea06de435408a12f8f26a9049bb3c42f3,0xbfd4a51c9f4c5b8109bdd462c8a57a5d268be3d0,False,True,same template family as avalanche; single-key architecture
polygon,0xac5846672a76dd41b7d2a83f9d1859f680851c7e,0xbfd4a51c9f4c5b8109bdd462c8a57a5d268be3d0,False,True,same template family as avalanche; single-key architecture
polygon,0xac6c942a8dc7cfc5af2e5c0016705c04923a70ec,0xbfd4a51c9f4c5b8109bdd462c8a57a5d268be3d0,False,True,same template family as avalanche; single-key architecture
polygon,0xac7355c6defd83062a2783fc8498d5ac8cdb1c2d,0xbfd4a51c9f4c5b8109bdd462c8a57a5d268be3d0,False,True,same template family as avalanche; single-key architecture
polygon,0xac7cc1695cea51b2a654df9065261233b6bad90a,0xbfd4a51c9f4c5b8109bdd462c8a57a5d268be3d0,False,True,same template family as avalanche; single-key architecture
polygon,0xac8cf7df1f7c561d5a877b5ca2ccb3f7ee2b1349,0xbfd4a51c9f4c5b8109bdd462c8a57a5d268be3d0,False,True,same template family as avalanche; single-key architecture
polygon,0xad1f6ab8048395ba7bb443b29c47a0ffd99bcd33,0xbfd4a51c9f4c5b8109bdd462c8a57a5d268be3d0,False,True,same template family as avalanche; single-key architecture
polygon,0xad4e84cba7bc2466dc5be3f14d25aba4ab07d18a,0xbfd4a51c9f4c5b8109bdd462c8a57a5d268be3d0,True,True,same template family as avalanche; single-key architecture
polygon,0xad63f26d03531b741ca414e040a176ac91a0a851,0xbfd4a51c9f4c5b8109bdd462c8a57a5d268be3d0,False,True,same template family as avalanche; single-key architecture
polygon,0xae7f84c909a1736319c96b4d51c7ab33ca60d1f3,0xbfd4a51c9f4c5b8109bdd462c8a57a5d268be3d0,False,True,same template family as avalanche; single-key architecture
polygon,0xaed470194fee2aefce158c31f94c8da796d0d8ec,0xbfd4a51c9f4c5b8109bdd462c8a57a5d268be3d0,False,True,same template family as avalanche; single-key architecture
polygon,0xafc2ebb3dcfb302015358a7d6d978da3ac7339fc,0xbfd4a51c9f4c5b8109bdd462c8a57a5d268be3d0,False,True,same template family as avalanche; single-key architecture
polygon,0xafd7d0dbdf3589632082c95604f01b9382092268,0xbfd4a51c9f4c5b8109bdd462c8a57a5d268be3d0,False,True,same template family as avalanche; single-key architecture
polygon,0xb0743207c523a559ee53d00c74de8dcd8abd9aa5,0xbfd4a51c9f4c5b8109bdd462c8a57a5d268be3d0,False,True,same template family as avalanche; single-key architecture
polygon,0xb0743b9ab480956c31be8d1df3b8188ee3bc78cd,0xbfd4a51c9f4c5b8109bdd462c8a57a5d268be3d0,False,True,same template family as avalanche; single-key architecture
polygon,0xb1d873e6861d2289d88c36bbfb74e1ac71a3049f,0xbfd4a51c9f4c5b8109bdd462c8a57a5d268be3d0,False,True,same template family as avalanche; single-key architecture
polygon,0xb204705fe9035d3fbbd07f043bfecc20fd94a6ca,0xbfd4a51c9f4c5b8109bdd462c8a57a5d268be3d0,True,True,same template family as avalanche; single-key architecture
polygon,0xb2084d683dfa0cadca6b02204f7e6be7283265dd,0xbfd4a51c9f4c5b8109bdd462c8a57a5d268be3d0,False,True,same template family as avalanche; single-key architecture
polygon,0xb2cbcd588243910594001d381faa3266e17378b0,0xbfd4a51c9f4c5b8109bdd462c8a57a5d268be3d0,False,True,same template family as avalanche; single-key architecture
polygon,0xb367cdfd43ac6d294ee23f0937e5b4273bf9d9bc,0xbfd4a51c9f4c5b8109bdd462c8a57a5d268be3d0,True,True,same template family as avalanche; single-key architecture
polygon,0xb38e8d7624dd64076d8d9d5f4cc5784d38ef6065,0xbfd4a51c9f4c5b8109bdd462c8a57a5d268be3d0,False,True,same template family as avalanche; single-key architecture
polygon,0xb409e1f55baca69593dd41fceeb0826363b14402,0xbfd4a51c9f4c5b8109bdd462c8a57a5d268be3d0,False,True,same template family as avalanche; single-key architecture
polygon,0xb47673bfae23e5f8a21090df53f076000707c749,0xbfd4a51c9f4c5b8109bdd462c8a57a5d268be3d0,False,True,same template family as avalanche; single-key architecture
polygon,0xb4afe9c3cb50aca7ce133a81aa59963838388abe,0xbfd4a51c9f4c5b8109bdd462c8a57a5d268be3d0,False,True,same template family as avalanche; single-key architecture
polygon,0xb4b681cd44c544aa66bc41e78e552895a95147f3,0xbfd4a51c9f4c5b8109bdd462c8a57a5d268be3d0,False,True,same template family as avalanche; single-key architecture
polygon,0xb4f0ff1534b92d52f4f88c87e60b30629171b0d5,0xbfd4a51c9f4c5b8109bdd462c8a57a5d268be3d0,False,True,same template family as avalanche; single-key architecture
polygon,0xb5035a0eef9e4a9511f0a7af4f2f951ecde81dce,0xbfd4a51c9f4c5b8109bdd462c8a57a5d268be3d0,False,True,same template family as avalanche; single-key architecture
polygon,0xb50dc96b89b8e4df532f71971da1fc6463115a8a,0xbfd4a51c9f4c5b8109bdd462c8a57a5d268be3d0,False,True,same template family as avalanche; single-key architecture
polygon,0xb54475bf393310f36c9454ee260ed78353ce7859,0xbfd4a51c9f4c5b8109bdd462c8a57a5d268be3d0,False,True,same template family as avalanche; single-key architecture
polygon,0xb59d5ee2c3f6ca4408e3e22670e236c808df6c27,0xbfd4a51c9f4c5b8109bdd462c8a57a5d268be3d0,False,True,same template family as avalanche; single-key architecture
polygon,0xb606a7dfb2cffaa09780bdca9a0deee52ca24080,0xbfd4a51c9f4c5b8109bdd462c8a57a5d268be3d0,False,True,same template family as avalanche; single-key architecture
polygon,0xb643ad285cd323e2daa586231010301ea54814d5,0xbfd4a51c9f4c5b8109bdd462c8a57a5d268be3d0,False,True,same template family as avalanche; single-key architecture
polygon,0xb677ee41cfbc442be136bcb1798cae7f3c0f41f7,0xbfd4a51c9f4c5b8109bdd462c8a57a5d268be3d0,False,True,same template family as avalanche; single-key architecture
polygon,0xb68148a7b564d42a22b81ab4598ded6537b897e9,0xbfd4a51c9f4c5b8109bdd462c8a57a5d268be3d0,False,True,same template family as avalanche; single-key architecture
polygon,0xb69d8d175e05fe1886529ce12c015c5b7174fc56,0xbfd4a51c9f4c5b8109bdd462c8a57a5d268be3d0,False,True,same template family as avalanche; single-key architecture
polygon,0xb6b0cf81384ad0ac93d8866e307d3059352c0674,0xbfd4a51c9f4c5b8109bdd462c8a57a5d268be3d0,False,True,same template family as avalanche; single-key architecture
polygon,0xb741ee8762a21fbd49b888d29be0ad9b380c2a1c,0xbfd4a51c9f4c5b8109bdd462c8a57a5d268be3d0,False,True,same template family as avalanche; single-key architecture
polygon,0xb807edc8a150d07a7a14745683fd0c85a5e824ae,0xbfd4a51c9f4c5b8109bdd462c8a57a5d268be3d0,False,True,same template family as avalanche; single-key architecture
polygon,0xb8fee05661950618c05cae14f668871c529e9c2e,0xbfd4a51c9f4c5b8109bdd462c8a57a5d268be3d0,False,True,same template family as avalanche; single-key architecture
polygon,0xb94e8f4d4cd7a197d082ac349b23936c8a50f855,0xbfd4a51c9f4c5b8109bdd462c8a57a5d268be3d0,False,True,same template family as avalanche; single-key architecture
polygon,0xb9c3a39d1eea1a3a8c2000d64c4c5313e636a7b6,0xbfd4a51c9f4c5b8109bdd462c8a57a5d268be3d0,False,True,same template family as avalanche; single-key architecture
polygon,0xba1318b2c0a3ccc94e5022b67b7b8c739c4d31cc,0xbfd4a51c9f4c5b8109bdd462c8a57a5d268be3d0,False,True,same template family as avalanche; single-key architecture
polygon,0xbbb1138dc1d4e75eb35fc1c0557b6c9d1446070a,0xbfd4a51c9f4c5b8109bdd462c8a57a5d268be3d0,False,True,same template family as avalanche; single-key architecture
polygon,0xbc391211b2571ebe176d22041c63768c47009900,0xbfd4a51c9f4c5b8109bdd462c8a57a5d268be3d0,False,True,same template family as avalanche; single-key architecture
polygon,0xbcc2fe547c2188dd3ea2b46b8daf2c533b02da7b,0xbfd4a51c9f4c5b8109bdd462c8a57a5d268be3d0,False,True,same template family as avalanche; single-key architecture
polygon,0xbd523aa71ad93fa3f461f38aed0b7343e70dd47c,0xbfd4a51c9f4c5b8109bdd462c8a57a5d268be3d0,False,True,same template family as avalanche; single-key architecture
polygon,0xbd6dc0225445bebe3809e54e493c3f888ebc0f37,0xbfd4a51c9f4c5b8109bdd462c8a57a5d268be3d0,False,True,same template family as avalanche; single-key architecture
polygon,0xbe098c3470a695990f041d0eb7c9798edff799ad,0xbfd4a51c9f4c5b8109bdd462c8a57a5d268be3d0,False,True,same template family as avalanche; single-key architecture
polygon,0xbe5011ff440f8267cc77751612ce075237f9ebb1,0xbfd4a51c9f4c5b8109bdd462c8a57a5d268be3d0,False,True,same template family as avalanche; single-key architecture
polygon,0xbe75074d739009461bf69433342e451420ff1d83,0xbfd4a51c9f4c5b8109bdd462c8a57a5d268be3d0,False,True,same template family as avalanche; single-key architecture
polygon,0xbe907366b73fa83ddf77e193c823ac50e58d7fd4,0xbfd4a51c9f4c5b8109bdd462c8a57a5d268be3d0,False,True,same template family as avalanche; single-key architecture
polygon,0xbec2654f98ea1dd3d35a26915231601c42acda86,0xbfd4a51c9f4c5b8109bdd462c8a57a5d268be3d0,False,True,same template family as avalanche; single-key architecture
polygon,0xbedef7013a424b66c101d6d61cc972f0c84a204e,0xbfd4a51c9f4c5b8109bdd462c8a57a5d268be3d0,False,True,same template family as avalanche; single-key architecture
polygon,0xbef6f257f402aac37224e8818b6e7d230c14f443,0xbfd4a51c9f4c5b8109bdd462c8a57a5d268be3d0,False,True,same template family as avalanche; single-key architecture
polygon,0xbfb4f5ca699ec2992485f30d032bfce597920c9f,0xbfd4a51c9f4c5b8109bdd462c8a57a5d268be3d0,False,True,same template family as avalanche; single-key architecture
polygon,0xc0b4c9013fb6c238a0222b883ac9ab127312c198,0xbfd4a51c9f4c5b8109bdd462c8a57a5d268be3d0,False,True,same template family as avalanche; single-key architecture
polygon,0xc0d6cca631ef73f06e7e47df7aa1b1a109107526,0xbfd4a51c9f4c5b8109bdd462c8a57a5d268be3d0,False,True,same template family as avalanche; single-key architecture
polygon,0xc1a9645c4d65fff7bf1d785fd2b3f2bccf69dc72,0xbfd4a51c9f4c5b8109bdd462c8a57a5d268be3d0,False,True,same template family as avalanche; single-key architecture
polygon,0xc1b5b432dea98340e0a4fdb4c6dfc541810edc1a,0xbfd4a51c9f4c5b8109bdd462c8a57a5d268be3d0,False,True,same template family as avalanche; single-key architecture
polygon,0xc291c72c2754697b63274f0455ff1bf930a563c4,0xbfd4a51c9f4c5b8109bdd462c8a57a5d268be3d0,False,True,same template family as avalanche; single-key architecture
polygon,0xc2be3e4cdc0c733428443e97192667b6ae19041b,0xbfd4a51c9f4c5b8109bdd462c8a57a5d268be3d0,True,True,same template family as avalanche; single-key architecture
polygon,0xc2dbdf927c88121c93a61fe7b9b1ee7a5678ff48,0xbfd4a51c9f4c5b8109bdd462c8a57a5d268be3d0,False,True,same template family as avalanche; single-key architecture
polygon,0xc306ab0a38e3e6db44708a1fd2a548a9695592d3,0xbfd4a51c9f4c5b8109bdd462c8a57a5d268be3d0,False,True,same template family as avalanche; single-key architecture
polygon,0xc31eb7b21e69d820dcd74a0ca434f45a4293638c,0xbfd4a51c9f4c5b8109bdd462c8a57a5d268be3d0,False,True,same template family as avalanche; single-key architecture
polygon,0xc3c4ed34135f4fb723d5bb51fc0c7720fc1d9451,0xbfd4a51c9f4c5b8109bdd462c8a57a5d268be3d0,False,True,same template family as avalanche; single-key architecture
polygon,0xc415af2d2ea63a46a7d046ab1ea89f53cf34414a,0xbfd4a51c9f4c5b8109bdd462c8a57a5d268be3d0,False,True,same template family as avalanche; single-key architecture
polygon,0xc4701e7c749d143a352eefc916a1cad5ea16ebbd,0xbfd4a51c9f4c5b8109bdd462c8a57a5d268be3d0,False,True,same template family as avalanche; single-key architecture
polygon,0xc4cbaefa75fa428839c92a2baaf1e52fe129e7ce,0xbfd4a51c9f4c5b8109bdd462c8a57a5d268be3d0,False,True,same template family as avalanche; single-key architecture
polygon,0xc58360c19bfb931c18a12e72bbcc20de402490c3,0xbfd4a51c9f4c5b8109bdd462c8a57a5d268be3d0,False,True,same template family as avalanche; single-key architecture
polygon,0xc59b55d19db441cbc145b329e4e8218c67503550,0xbfd4a51c9f4c5b8109bdd462c8a57a5d268be3d0,False,True,same template family as avalanche; single-key architecture
polygon,0xc5cbde5b0e014364b2a26eafdb823f336da070d8,0xbfd4a51c9f4c5b8109bdd462c8a57a5d268be3d0,False,True,same template family as avalanche; single-key architecture
polygon,0xc6fe89bf6c405b6175660d3fb63ce7caed9a2ce9,0xbfd4a51c9f4c5b8109bdd462c8a57a5d268be3d0,False,True,same template family as avalanche; single-key architecture
polygon,0xc71bd9a3c4843b9ed4c2a7b59d8e3ebbdd34e175,0xbfd4a51c9f4c5b8109bdd462c8a57a5d268be3d0,False,True,same template family as avalanche; single-key architecture
polygon,0xc7d1cedf1d459eb0d16122bd6d57b61cdc437f58,0xbfd4a51c9f4c5b8109bdd462c8a57a5d268be3d0,False,True,same template family as avalanche; single-key architecture
polygon,0xc80f8464a524c17c6f94e93451e8cc94a4086c48,0xbfd4a51c9f4c5b8109bdd462c8a57a5d268be3d0,False,True,same template family as avalanche; single-key architecture
polygon,0xc928bf7cd8eb516cdc2448137d3534382f308f49,0xbfd4a51c9f4c5b8109bdd462c8a57a5d268be3d0,False,True,same template family as avalanche; single-key architecture
polygon,0xca3a0a60f3d412da2bd24c0e722648d1740d2aac,0xbfd4a51c9f4c5b8109bdd462c8a57a5d268be3d0,False,True,same template family as avalanche; single-key architecture
polygon,0xca63f56468804bda7194469f104cd464d6ab3eb5,0xbfd4a51c9f4c5b8109bdd462c8a57a5d268be3d0,False,True,same template family as avalanche; single-key architecture
polygon,0xcabec482a7006bc3ecfb5e81c0785c2f65805691,0xbfd4a51c9f4c5b8109bdd462c8a57a5d268be3d0,False,True,same template family as avalanche; single-key architecture
polygon,0xcb08d4215ee0e73ca5917491fbad6c1737f7a269,0xbfd4a51c9f4c5b8109bdd462c8a57a5d268be3d0,False,True,same template family as avalanche; single-key architecture
polygon,0xcb1ad369935f60e7fdb103e2f638e676586d64e9,0xbfd4a51c9f4c5b8109bdd462c8a57a5d268be3d0,True,True,same template family as avalanche; single-key architecture
polygon,0xcb4c574ab651cd75b1262e9d64398a5822e8e959,0xbfd4a51c9f4c5b8109bdd462c8a57a5d268be3d0,False,True,same template family as avalanche; single-key architecture
polygon,0xcb77e2ebb0cd12aa70f6082d1ba06434fe9ed74d,0xbfd4a51c9f4c5b8109bdd462c8a57a5d268be3d0,False,True,same template family as avalanche; single-key architecture
polygon,0xcbe531ea0ed8ab0494f3a5b47a2948aa4ddadb42,0xbfd4a51c9f4c5b8109bdd462c8a57a5d268be3d0,False,True,same template family as avalanche; single-key architecture
polygon,0xcc1e315e290ecb1556c6ba25b1f8ca841b430164,0xbfd4a51c9f4c5b8109bdd462c8a57a5d268be3d0,False,True,same template family as avalanche; single-key architecture
polygon,0xcc8e10016ee15843521fd26237b0b34fe14bc7cf,0xbfd4a51c9f4c5b8109bdd462c8a57a5d268be3d0,False,True,same template family as avalanche; single-key architecture
polygon,0xcc95d5e0f77402f3c94abfaa25507ede0ffef1c1,0xbfd4a51c9f4c5b8109bdd462c8a57a5d268be3d0,False,True,same template family as avalanche; single-key architecture
polygon,0xccfeb9cf0579b9a2336e19ba5b504e48bb89a823,0xbfd4a51c9f4c5b8109bdd462c8a57a5d268be3d0,False,True,same template family as avalanche; single-key architecture
polygon,0xcd58f90da4137ab8e80fafce8638f5811f96dcb5,0xbfd4a51c9f4c5b8109bdd462c8a57a5d268be3d0,True,True,same template family as avalanche; single-key architecture
polygon,0xcd5ebf9acdfdafaad54ccc04cbf0577ac63cddd5,0xbfd4a51c9f4c5b8109bdd462c8a57a5d268be3d0,True,True,same template family as avalanche; single-key architecture
polygon,0xcd660f464a5e2428dec03e8fc2b7d00112379cba,0xbfd4a51c9f4c5b8109bdd462c8a57a5d268be3d0,False,True,same template family as avalanche; single-key architecture
polygon,0xcdffbc2b170b3471630620c14a2632a62d954ae5,0xbfd4a51c9f4c5b8109bdd462c8a57a5d268be3d0,False,True,same template family as avalanche; single-key architecture
polygon,0xced4efbb40f1490ba3b8344153d3e16bc2f483b3,0xbfd4a51c9f4c5b8109bdd462c8a57a5d268be3d0,False,True,same template family as avalanche; single-key architecture
polygon,0xcfad547a093284df201d24d67ff5bc621806b040,0xbfd4a51c9f4c5b8109bdd462c8a57a5d268be3d0,False,True,same template family as avalanche; single-key architecture
polygon,0xcfd49da48d0382d980b6e3073bd06e9e0d38b958,0xbfd4a51c9f4c5b8109bdd462c8a57a5d268be3d0,False,True,same template family as avalanche; single-key architecture
polygon,0xcff784c5184a6bd5845404cc57deffe9f06d644c,0xbfd4a51c9f4c5b8109bdd462c8a57a5d268be3d0,False,True,same template family as avalanche; single-key architecture
polygon,0xd0998bfd128c865048c6b0f394114c663b606d4d,0xbfd4a51c9f4c5b8109bdd462c8a57a5d268be3d0,False,True,same template family as avalanche; single-key architecture
polygon,0xd11a8bde462db5693205fb60956c746ca5c24ebe,0xbfd4a51c9f4c5b8109bdd462c8a57a5d268be3d0,False,True,same template family as avalanche; single-key architecture
polygon,0xd1510994fdfa02a87775040f87877806ddf3b50c,0xbfd4a51c9f4c5b8109bdd462c8a57a5d268be3d0,False,True,same template family as avalanche; single-key architecture
polygon,0xd2629700625cbac9797c27c06f1de9d3dd1ac2e1,0xbfd4a51c9f4c5b8109bdd462c8a57a5d268be3d0,False,True,same template family as avalanche; single-key architecture
polygon,0xd2b46201336891fdf020afc660e220bb7f603150,0xbfd4a51c9f4c5b8109bdd462c8a57a5d268be3d0,False,True,same template family as avalanche; single-key architecture
polygon,0xd2becc471d9f43420a3e9e62f985369bc0ccb003,0xbfd4a51c9f4c5b8109bdd462c8a57a5d268be3d0,False,True,same template family as avalanche; single-key architecture
polygon,0xd3234173de470a4458e501fdb44746905e439de8,0xbfd4a51c9f4c5b8109bdd462c8a57a5d268be3d0,False,True,same template family as avalanche; single-key architecture
polygon,0xd4563e9c1a1718ffa41517f8bb19477a33a0adc7,0xbfd4a51c9f4c5b8109bdd462c8a57a5d268be3d0,False,True,same template family as avalanche; single-key architecture
polygon,0xd55171b6573fb32a774a206ff279718c72236331,0xbfd4a51c9f4c5b8109bdd462c8a57a5d268be3d0,False,True,same template family as avalanche; single-key architecture
polygon,0xd5522e76aa2ffcaca12a3b48bc6b027b8077f115,0xbfd4a51c9f4c5b8109bdd462c8a57a5d268be3d0,False,True,same template family as avalanche; single-key architecture
polygon,0xd588b19e1930465ef6aca11da4e843f002ab2fe4,0xbfd4a51c9f4c5b8109bdd462c8a57a5d268be3d0,False,True,same template family as avalanche; single-key architecture
polygon,0xd645333c7ce9f4249591ddf6d9df12755cb095ec,0xbfd4a51c9f4c5b8109bdd462c8a57a5d268be3d0,False,True,same template family as avalanche; single-key architecture
polygon,0xd68a40cc9de3a047a628e732b2bdc2d2a1fab6ef,0xbfd4a51c9f4c5b8109bdd462c8a57a5d268be3d0,False,True,same template family as avalanche; single-key architecture
polygon,0xd71d0152e107f41d4fa34f2af86ba35e3836a251,0xbfd4a51c9f4c5b8109bdd462c8a57a5d268be3d0,False,True,same template family as avalanche; single-key architecture
polygon,0xd73144cbfdad6e83ccb5d59e20a340ee9cb16daf,0xbfd4a51c9f4c5b8109bdd462c8a57a5d268be3d0,False,True,same template family as avalanche; single-key architecture
polygon,0xd764bac5b8f6bb7bf2cdd78a4f8fd18d802589e6,0xbfd4a51c9f4c5b8109bdd462c8a57a5d268be3d0,False,True,same template family as avalanche; single-key architecture
polygon,0xd7cfb73066143f13c81847c26421301f91ef9fb4,0xbfd4a51c9f4c5b8109bdd462c8a57a5d268be3d0,False,True,same template family as avalanche; single-key architecture
polygon,0xd7fd61d80246cc18c7ef4a352f160410fd619531,0xbfd4a51c9f4c5b8109bdd462c8a57a5d268be3d0,False,True,same template family as avalanche; single-key architecture
polygon,0xd82fc1c36b75ef4b7ec6ab940ef7201dbb52aa80,0xbfd4a51c9f4c5b8109bdd462c8a57a5d268be3d0,False,True,same template family as avalanche; single-key architecture
polygon,0xd8aa367221e49653a8094ee6d988f91f133b6fa0,0xbfd4a51c9f4c5b8109bdd462c8a57a5d268be3d0,False,True,same template family as avalanche; single-key architecture
polygon,0xd93adefec8a4a432a4820be273bc1ca56ced62f6,0xbfd4a51c9f4c5b8109bdd462c8a57a5d268be3d0,False,True,same template family as avalanche; single-key architecture
polygon,0xd99f6ae3c7c7f3dece4497213cefa177e6232082,0xbfd4a51c9f4c5b8109bdd462c8a57a5d268be3d0,False,True,same template family as avalanche; single-key architecture
polygon,0xdab9d856cf67ecd9de536cfb3aa5475f6f708749,0xbfd4a51c9f4c5b8109bdd462c8a57a5d268be3d0,False,True,same template family as avalanche; single-key architecture
polygon,0xdb647d769bd8ef03aebbe391e0af440c210349e3,0xbfd4a51c9f4c5b8109bdd462c8a57a5d268be3d0,False,True,same template family as avalanche; single-key architecture
polygon,0xdc6cad889fbf9a8b63916bcb0256056bf660c6d2,0xbfd4a51c9f4c5b8109bdd462c8a57a5d268be3d0,False,True,same template family as avalanche; single-key architecture
polygon,0xdd79298d1a88c853d7e9377e4ef6e4363584d687,0xbfd4a51c9f4c5b8109bdd462c8a57a5d268be3d0,False,True,same template family as avalanche; single-key architecture
polygon,0xde4a52bb4bc3e25c07e215ef094a744b17ec7411,0xbfd4a51c9f4c5b8109bdd462c8a57a5d268be3d0,False,True,same template family as avalanche; single-key architecture
polygon,0xde8fa99766150c8ee37ac72b9d7d2337a0380a82,0xbfd4a51c9f4c5b8109bdd462c8a57a5d268be3d0,False,True,same template family as avalanche; single-key architecture
polygon,0xdecc09ac6bb0935cc9c3312cd32c2eda54e9eccf,0xbfd4a51c9f4c5b8109bdd462c8a57a5d268be3d0,False,True,same template family as avalanche; single-key architecture
polygon,0xdf04e04c80deeed812d6b1f71449e5fd6440f9a1,0xbfd4a51c9f4c5b8109bdd462c8a57a5d268be3d0,False,True,same template family as avalanche; single-key architecture
polygon,0xdfc197e0a75ccf1021adcac941e74c82b1fa51df,0xbfd4a51c9f4c5b8109bdd462c8a57a5d268be3d0,False,True,same template family as avalanche; single-key architecture
polygon,0xdfd125ca11e2e7b98b5a4d986600ffe31bf64e82,0xbfd4a51c9f4c5b8109bdd462c8a57a5d268be3d0,False,True,same template family as avalanche; single-key architecture
polygon,0xe112f73e8eeab5528497143ac8a68906fdb74322,0xbfd4a51c9f4c5b8109bdd462c8a57a5d268be3d0,False,True,same template family as avalanche; single-key architecture
polygon,0xe227c0337a15357ea3eba7bb870707acd733b664,0xbfd4a51c9f4c5b8109bdd462c8a57a5d268be3d0,False,True,same template family as avalanche; single-key architecture
polygon,0xe25ee0a571c8007d5034ac910d0f3faef0beb57e,0xbfd4a51c9f4c5b8109bdd462c8a57a5d268be3d0,False,True,same template family as avalanche; single-key architecture
polygon,0xe2af66ed3225d3cb509391a53dfa5db72e626bb8,0xbfd4a51c9f4c5b8109bdd462c8a57a5d268be3d0,True,True,same template family as avalanche; single-key architecture
polygon,0xe2b5b27cda595328149c44705ffd5dbccd51791a,0xbfd4a51c9f4c5b8109bdd462c8a57a5d268be3d0,False,True,same template family as avalanche; single-key architecture
polygon,0xe2cda791d52203e015c166fcae2a2721e4e7221b,0xbfd4a51c9f4c5b8109bdd462c8a57a5d268be3d0,False,True,same template family as avalanche; single-key architecture
polygon,0xe318c79e7a5599a839d5af0f9644e34907f8f87b,0xbfd4a51c9f4c5b8109bdd462c8a57a5d268be3d0,True,True,same template family as avalanche; single-key architecture
polygon,0xe32f74b0edc3edc984ea3a4e6affdba1743e53d8,0xbfd4a51c9f4c5b8109bdd462c8a57a5d268be3d0,False,True,same template family as avalanche; single-key architecture
polygon,0xe36463a6a949c9e6a18864679425c81d68ed67e2,0xbfd4a51c9f4c5b8109bdd462c8a57a5d268be3d0,False,True,same template family as avalanche; single-key architecture
polygon,0xe3fd012801b0f66249cd50c0b0ca1a4c0effe0f9,0xbfd4a51c9f4c5b8109bdd462c8a57a5d268be3d0,False,True,same template family as avalanche; single-key architecture
polygon,0xe45b933cc63babf6937b45613204cab68846b1ca,0xbfd4a51c9f4c5b8109bdd462c8a57a5d268be3d0,False,True,same template family as avalanche; single-key architecture
polygon,0xe4a88a9cf70b717e9fa19157d872788fd4be7bfd,0xbfd4a51c9f4c5b8109bdd462c8a57a5d268be3d0,False,True,same template family as avalanche; single-key architecture
polygon,0xe53338e60d89aaef061cfbf793fb12bbc8c6cb19,0xbfd4a51c9f4c5b8109bdd462c8a57a5d268be3d0,False,True,same template family as avalanche; single-key architecture
polygon,0xe5455c9b87c329769b76c8efd8a83abd9555dc8c,0xbfd4a51c9f4c5b8109bdd462c8a57a5d268be3d0,False,True,same template family as avalanche; single-key architecture
polygon,0xe55d80c5e12873d2a337fba279f163486ba4b558,0xbfd4a51c9f4c5b8109bdd462c8a57a5d268be3d0,False,True,same template family as avalanche; single-key architecture
polygon,0xe5bc4845bbe062025659b7480d0a76ac0ed24eb9,0xbfd4a51c9f4c5b8109bdd462c8a57a5d268be3d0,False,True,same template family as avalanche; single-key architecture
polygon,0xe62e62380b03da2a9ccb34c2e583e73a42fc2c5a,0xbfd4a51c9f4c5b8109bdd462c8a57a5d268be3d0,False,True,same template family as avalanche; single-key architecture
polygon,0xe63c06971cbda871c9731738fe79387c67e9633f,0xbfd4a51c9f4c5b8109bdd462c8a57a5d268be3d0,False,True,same template family as avalanche; single-key architecture
polygon,0xe6f5656f61594277cc2b8cc5d4dcb131bd69dc29,0xbfd4a51c9f4c5b8109bdd462c8a57a5d268be3d0,False,True,same template family as avalanche; single-key architecture
polygon,0xe6fe792b4b5afa2eee8cf97a6c84857dd4e1376b,0xbfd4a51c9f4c5b8109bdd462c8a57a5d268be3d0,True,True,same template family as avalanche; single-key architecture
polygon,0xe7921aa32d20e22f7a45c5b706500638eeaa988c,0xbfd4a51c9f4c5b8109bdd462c8a57a5d268be3d0,False,True,same template family as avalanche; single-key architecture
polygon,0xe8a15ad22686089f6999d344d1e0051e6e72d593,0xbfd4a51c9f4c5b8109bdd462c8a57a5d268be3d0,False,True,same template family as avalanche; single-key architecture
polygon,0xe9d7a69204f2e50b902084f38badf5e9b0db80cb,0xbfd4a51c9f4c5b8109bdd462c8a57a5d268be3d0,False,True,same template family as avalanche; single-key architecture
polygon,0xe9dc0f37f3fd44991be60177a932f8f7a6301cd5,0xbfd4a51c9f4c5b8109bdd462c8a57a5d268be3d0,False,True,same template family as avalanche; single-key architecture
polygon,0xe9e1c53a509df95a2c364af317c3ee84c989424e,0xbfd4a51c9f4c5b8109bdd462c8a57a5d268be3d0,False,True,same template family as avalanche; single-key architecture
polygon,0xea0ab76b3514841b190fb5f0e8b00c7f2fc77145,0xbfd4a51c9f4c5b8109bdd462c8a57a5d268be3d0,False,True,same template family as avalanche; single-key architecture
polygon,0xea9563f2a43e76aec131b3e3924f70d45055f46e,0xbfd4a51c9f4c5b8109bdd462c8a57a5d268be3d0,False,True,same template family as avalanche; single-key architecture
polygon,0xead6a7f373ad2f93c5b3428b1d70674872a2fdb7,0xbfd4a51c9f4c5b8109bdd462c8a57a5d268be3d0,False,True,same template family as avalanche; single-key architecture
polygon,0xeadbe94750b0c2bffcd51e47441c2a47d972f213,0xbfd4a51c9f4c5b8109bdd462c8a57a5d268be3d0,False,True,same template family as avalanche; single-key architecture
polygon,0xeb5e8ea99e9a795b010d3276f6362c8cf934a890,0xbfd4a51c9f4c5b8109bdd462c8a57a5d268be3d0,False,True,same template family as avalanche; single-key architecture
polygon,0xec080312753d63716f4adf4859023e4af92c0a5a,0xbfd4a51c9f4c5b8109bdd462c8a57a5d268be3d0,False,True,same template family as avalanche; single-key architecture
polygon,0xec4d228d4e5649591c872762a63bc53997e5de9f,0xbfd4a51c9f4c5b8109bdd462c8a57a5d268be3d0,False,True,same template family as avalanche; single-key architecture
polygon,0xecd27a8fa2188e75afb0f1df7a1e097398ab47a1,0xbfd4a51c9f4c5b8109bdd462c8a57a5d268be3d0,False,True,same template family as avalanche; single-key architecture
polygon,0xecf43c529f27be11f9cf3d2c3dd21fff9d3fb74f,0xbfd4a51c9f4c5b8109bdd462c8a57a5d268be3d0,False,True,same template family as avalanche; single-key architecture
polygon,0xed9f1bc83233a26e5ded001c296ee201273fca0f,0xbfd4a51c9f4c5b8109bdd462c8a57a5d268be3d0,False,True,same template family as avalanche; single-key architecture
polygon,0xee1d813ee41fbd3acd84cd9bf6e7e1722e249516,0xbfd4a51c9f4c5b8109bdd462c8a57a5d268be3d0,False,True,same template family as avalanche; single-key architecture
polygon,0xee65415cd207d1d5a27c4ef7f14eee2bc4cd85e7,0xbfd4a51c9f4c5b8109bdd462c8a57a5d268be3d0,False,True,same template family as avalanche; single-key architecture
polygon,0xee838c3b626a31dc1a95cf29012786efaa413f9b,0xbfd4a51c9f4c5b8109bdd462c8a57a5d268be3d0,False,True,same template family as avalanche; single-key architecture
polygon,0xeec51b4af883cadca569752f823c3a94da03af7a,0xbfd4a51c9f4c5b8109bdd462c8a57a5d268be3d0,False,True,same template family as avalanche; single-key architecture
polygon,0xefdab34b9c85843dd279850a16716dfb9839981d,0xbfd4a51c9f4c5b8109bdd462c8a57a5d268be3d0,False,True,same template family as avalanche; single-key architecture
polygon,0xefe4f388516c727f5dcfe0cebb9fa7c06720914c,0xbfd4a51c9f4c5b8109bdd462c8a57a5d268be3d0,False,True,same template family as avalanche; single-key architecture
polygon,0xf041626b708259ed642a5efeecb0db10b97866de,0xbfd4a51c9f4c5b8109bdd462c8a57a5d268be3d0,False,True,same template family as avalanche; single-key architecture
polygon,0xf0bb54ad12fbee9c879970e9f427c43b30072769,0xbfd4a51c9f4c5b8109bdd462c8a57a5d268be3d0,False,True,same template family as avalanche; single-key architecture
polygon,0xf0d57f528c6c2eb7fd41a4a91ec8ef7653a97321,0xbfd4a51c9f4c5b8109bdd462c8a57a5d268be3d0,True,True,same template family as avalanche; single-key architecture
polygon,0xf11ea2920491858316e63e54c9f65bd78bdae4ec,0xbfd4a51c9f4c5b8109bdd462c8a57a5d268be3d0,False,True,same template family as avalanche; single-key architecture
polygon,0xf41ce936dc1c9cfc62d25b36fa684c8eded09ff1,0xbfd4a51c9f4c5b8109bdd462c8a57a5d268be3d0,False,True,same template family as avalanche; single-key architecture
polygon,0xf4b0180dadd1ba77d572fbcdb66474f4ac458702,0xbfd4a51c9f4c5b8109bdd462c8a57a5d268be3d0,False,True,same template family as avalanche; single-key architecture
polygon,0xf4d9007ba8aa06f9546141846e10cd75ea6b70e7,0xbfd4a51c9f4c5b8109bdd462c8a57a5d268be3d0,False,True,same template family as avalanche; single-key architecture
polygon,0xf4e7ee9a2160110d97951095358394d6189595ba,0xbfd4a51c9f4c5b8109bdd462c8a57a5d268be3d0,False,True,same template family as avalanche; single-key architecture
polygon,0xf50202e3cc84ec2938a3f18c363a83f1f0167528,0xbfd4a51c9f4c5b8109bdd462c8a57a5d268be3d0,False,True,same template family as avalanche; single-key architecture
polygon,0xf637b2a4198217dcfcd53660e1bf448b1ea84b2e,0xbfd4a51c9f4c5b8109bdd462c8a57a5d268be3d0,False,True,same template family as avalanche; single-key architecture
polygon,0xf68dfd11919ffa1ec757d3d74b5387bf0cf47735,0xbfd4a51c9f4c5b8109bdd462c8a57a5d268be3d0,False,True,same template family as avalanche; single-key architecture
polygon,0xf6e7dc078eb7310b6ed5611127f51ce6d3c66ea6,0xbfd4a51c9f4c5b8109bdd462c8a57a5d268be3d0,False,True,same template family as avalanche; single-key architecture
polygon,0xf7ed0c245afcd6d276490abc649061536689c1f2,0xbfd4a51c9f4c5b8109bdd462c8a57a5d268be3d0,True,True,same template family as avalanche; single-key architecture
polygon,0xf8159e60c55191ea17a8e49e99f591795577116d,0xbfd4a51c9f4c5b8109bdd462c8a57a5d268be3d0,False,True,same template family as avalanche; single-key architecture
polygon,0xf85ec7bf22f08ac8a89d109dce16981914250f33,0xbfd4a51c9f4c5b8109bdd462c8a57a5d268be3d0,False,True,same template family as avalanche; single-key architecture
polygon,0xf89f35c0fc620e649e3919ed96d1279b5b0150df,0xbfd4a51c9f4c5b8109bdd462c8a57a5d268be3d0,False,True,same template family as avalanche; single-key architecture
polygon,0xfa967524b4a81d92d4f4a506b2dd45412de029e3,0xbfd4a51c9f4c5b8109bdd462c8a57a5d268be3d0,False,True,same template family as avalanche; single-key architecture
polygon,0xfaab08ae8bf247f34905836fec359015c3bda9e8,0xbfd4a51c9f4c5b8109bdd462c8a57a5d268be3d0,False,True,same template family as avalanche; single-key architecture
polygon,0xfab5be57ad2ff9c38154e60be0dbbdf2d819b8df,0xbfd4a51c9f4c5b8109bdd462c8a57a5d268be3d0,False,True,same template family as avalanche; single-key architecture
polygon,0xfad436e000aa046976236266db86de5d0f5207aa,0xbfd4a51c9f4c5b8109bdd462c8a57a5d268be3d0,False,True,same template family as avalanche; single-key architecture
polygon,0xfb0dad1fdb6b49ff07593f0ae7159b7efc71afe4,0xbfd4a51c9f4c5b8109bdd462c8a57a5d268be3d0,False,True,same template family as avalanche; single-key architecture
polygon,0xfc065cd1fb8e1d1c0aad0b12ef862f57c58922e9,0xbfd4a51c9f4c5b8109bdd462c8a57a5d268be3d0,False,True,same template family as avalanche; single-key architecture
polygon,0xfc811224809b4bc692c03f7cca81e73a6b6c6cd7,0xbfd4a51c9f4c5b8109bdd462c8a57a5d268be3d0,False,True,same template family as avalanche; single-key architecture
polygon,0xfd72395554843fbfee428a87ff9717229d2c3af6,0xbfd4a51c9f4c5b8109bdd462c8a57a5d268be3d0,False,True,same template family as avalanche; single-key architecture
polygon,0xfdada704c347dde2f02364bb6f5ff965d4aeddd4,0xbfd4a51c9f4c5b8109bdd462c8a57a5d268be3d0,True,True,same template family as avalanche; single-key architecture
polygon,0xfdaf3835e77eb93d48ff86d796e306edd615d48a,0xbfd4a51c9f4c5b8109bdd462c8a57a5d268be3d0,False,True,same template family as avalanche; single-key architecture
polygon,0xfdb29168877d76b8c9236aab5c35d20c7b4afb8a,0xbfd4a51c9f4c5b8109bdd462c8a57a5d268be3d0,False,True,same template family as avalanche; single-key architecture
polygon,0xfe77b05020d3494e0ec79a0ce3367422e598611f,0xbfd4a51c9f4c5b8109bdd462c8a57a5d268be3d0,False,True,same template family as avalanche; single-key architecture
polygon,0xfebcae6fd757f184cea1d26fdc50ff1b1210cce8,0xbfd4a51c9f4c5b8109bdd462c8a57a5d268be3d0,False,True,same template family as avalanche; single-key architecture
polygon,0xfecd997dc353a9bfa32d431e0bbac56611e54f31,0xbfd4a51c9f4c5b8109bdd462c8a57a5d268be3d0,False,True,same template family as avalanche; single-key architecture
polygon,0xff02c7d74f11ada0d4005c918c3e4a3f6e124227,0xbfd4a51c9f4c5b8109bdd462c8a57a5d268be3d0,False,True,same template family as avalanche; single-key architecture
polygon,0xff9e29c4789df2d39566e79514a51f03005b9f4f,0xbfd4a51c9f4c5b8109bdd462c8a57a5d268be3d0,False,True,same template family as avalanche; single-key architecture
polygon,0xffa4ebccccc26583707de1671f30c8ef2becdf89,0xbfd4a51c9f4c5b8109bdd462c8a57a5d268be3d0,False,True,same template family as avalanche; single-key architecture
polygon,0xffaa11905e61f5c54d65d9d902076b68c6bb9b82,0xbfd4a51c9f4c5b8109bdd462c8a57a5d268be3d0,False,True,same template family as avalanche; single-key architecture
